{
    "_horizontalLines": 15.0,
    "_verticalLines": 19.0,
    "_radius": 0.08896852284669876,
    "_petalColour": {
        "r": 0.44624537229537966,
        "g": 0.4668552279472351,
        "b": 0.8203917741775513,
        "a": 1.0
    },
    "_cylinderVertexCount": 10.0,
    "_stemRadius": 0.06248348206281662,
    "_leafCount": 8.0,
    "_edgeRingCount": 14.0,
    "startPos": {
        "x": 0.0,
        "y": 0.0,
        "z": 0.0
    },
    "tangent1": {
        "x": -0.23405461013317109,
        "y": 0.26862889528274538,
        "z": 0.23305010795593263
    },
    "tangent2": {
        "x": -0.43203458189964297,
        "y": 0.8073375225067139,
        "z": 0.15807028114795686
    },
    "endPos": {
        "x": -1.1501669883728028,
        "y": 4.0,
        "z": 0.7365366220474243
    }
}