{
    "_horizontalLines": 5,
    "_verticalLines": 5,
    "_radius": 0.08890001475811005,
    "_petalColour": {
        "r": 0.6956003904342651,
        "g": 0.5823823809623718,
        "b": 0.36241215467453005,
        "a": 1.0
    },
    "_cylinderVertexCount": 8,
    "_stemRadius": 0.04159032925963402,
    "_leafCount": 8,
    "_edgeRingCount": 63,
    "startPos": {
        "x": -0.02381112612783909,
        "y": 0.7376315593719482,
        "z": 0.13531899452209474
    },
    "tangent1": {
        "x": 0.14353223145008088,
        "y": 1.8185569047927857,
        "z": 0.038855358958244327
    },
    "tangent2": {
        "x": 0.42698460817337038,
        "y": 1.8747228384017945,
        "z": -0.0438084602355957
    },
    "endPos": {
        "x": 1.3874242305755616,
        "y": 2.671081304550171,
        "z": 0.8593451380729675
    }
}