{
    "_horizontalLines": 18.0,
    "_verticalLines": 18.0,
    "_radius": 0.041380636394023898,
    "_petalColour": {
        "r": 0.38652318716049197,
        "g": 0.25965362787246706,
        "b": 0.3395525813102722,
        "a": 1.0
    },
    "_cylinderVertexCount": 12.0,
    "_stemRadius": 0.037474460899829867,
    "_leafCount": 8.0,
    "_edgeRingCount": 9.0,
    "startPos": {
        "x": 0.0,
        "y": 0.0,
        "z": 0.0
    },
    "tangent1": {
        "x": 0.34008026123046877,
        "y": 0.9507030248641968,
        "z": 0.42142486572265627
    },
    "tangent2": {
        "x": 0.3344067931175232,
        "y": 2.1260764598846437,
        "z": -0.024783223867416383
    },
    "endPos": {
        "x": 0.05504259467124939,
        "y": 5.324505805969238,
        "z": 0.8254718780517578
    }
}