{
    "_horizontalLines": 5,
    "_verticalLines": 5,
    "_radius": 0.07732801139354706,
    "_petalColour": {
        "r": 0.42934030294418337,
        "g": 0.40453535318374636,
        "b": 0.1599050760269165,
        "a": 1.0
    },
    "_cylinderVertexCount": 14,
    "_stemRadius": 0.06384357810020447,
    "_leafCount": 8,
    "_edgeRingCount": 26,
    "startPos": {
        "x": 0.19957208633422852,
        "y": 0.6622524261474609,
        "z": 0.12225234508514404
    },
    "tangent1": {
        "x": 0.050173088908195499,
        "y": 0.8317144513130188,
        "z": 0.46000775694847109
    },
    "tangent2": {
        "x": 0.16395282745361329,
        "y": 2.4298009872436525,
        "z": 0.2899060845375061
    },
    "endPos": {
        "x": 0.2303237020969391,
        "y": 4.012192726135254,
        "z": -0.33181440830230715
    }
}