{
    "_horizontalLines": 16.0,
    "_verticalLines": 16.0,
    "_radius": 0.04207978397607803,
    "_petalColour": {
        "r": 0.2803881764411926,
        "g": 0.8608334064483643,
        "b": 0.9155000448226929,
        "a": 1.0
    },
    "_cylinderVertexCount": 8.0,
    "_stemRadius": 0.02077343687415123,
    "_leafCount": 8.0,
    "_edgeRingCount": 18.0,
    "startPos": {
        "x": 0.0,
        "y": 0.0,
        "z": 0.0
    },
    "tangent1": {
        "x": -0.1264515370130539,
        "y": 1.5282878875732422,
        "z": -0.043628644198179248
    },
    "tangent2": {
        "x": -0.06082439422607422,
        "y": 3.481245756149292,
        "z": 0.17913417518138886
    },
    "endPos": {
        "x": -0.36828896403312685,
        "y": 4.257505416870117,
        "z": 0.8857260942459106
    }
}