{
    "_horizontalLines": 16.0,
    "_verticalLines": 19.0,
    "_radius": 0.09120427817106247,
    "_petalColour": {
        "r": 0.6006667017936707,
        "g": 0.32770687341690066,
        "b": 0.3781060576438904,
        "a": 1.0
    },
    "_cylinderVertexCount": 11.0,
    "_stemRadius": 0.04930470883846283,
    "_leafCount": 8.0,
    "_edgeRingCount": 24.0,
    "startPos": {
        "x": 0.0,
        "y": 0.0,
        "z": 0.0
    },
    "tangent1": {
        "x": 0.22104525566101075,
        "y": 1.7942893505096436,
        "z": -0.08793453872203827
    },
    "tangent2": {
        "x": 0.6327931880950928,
        "y": 2.237492084503174,
        "z": 0.2792590260505676
    },
    "endPos": {
        "x": -0.13945728540420533,
        "y": 4.0,
        "z": -0.5547506809234619
    }
}