{
    "_horizontalLines": 19.0,
    "_verticalLines": 16.0,
    "_radius": 0.05821915715932846,
    "_petalColour": {
        "r": 0.2490248680114746,
        "g": 0.6608630418777466,
        "b": 0.9758819341659546,
        "a": 1.0
    },
    "_cylinderVertexCount": 6.0,
    "_stemRadius": 0.03643409162759781,
    "_leafCount": 8.0,
    "_edgeRingCount": 52.0,
    "startPos": {
        "x": 0.0,
        "y": 0.0,
        "z": 0.0
    },
    "tangent1": {
        "x": 0.3187914788722992,
        "y": 1.677145004272461,
        "z": 0.06350703537464142
    },
    "tangent2": {
        "x": 0.6636446714401245,
        "y": 3.6212337017059328,
        "z": -0.3120679259300232
    },
    "endPos": {
        "x": 0.9699118137359619,
        "y": 6.300000190734863,
        "z": -0.07142844796180725
    }
}