{
    "_horizontalLines": 15.0,
    "_verticalLines": 16.0,
    "_radius": 0.12719948589801789,
    "_petalColour": {
        "r": 0.06721317768096924,
        "g": 0.021889686584472657,
        "b": 0.43391209840774538,
        "a": 1.0
    },
    "_cylinderVertexCount": 10.0,
    "_stemRadius": 0.08806578069925308,
    "_leafCount": 8.0,
    "_edgeRingCount": 35.0,
    "startPos": {
        "x": 0.0,
        "y": 0.0,
        "z": 0.0
    },
    "tangent1": {
        "x": 0.17415007948875428,
        "y": 0.44405633211135867,
        "z": -0.2570780813694
    },
    "tangent2": {
        "x": 0.5812393426895142,
        "y": 1.3734619617462159,
        "z": -0.0009587407112121582
    },
    "endPos": {
        "x": 0.38341403007507326,
        "y": 4.115885257720947,
        "z": 0.11891891062259674
    }
}