{
    "_horizontalLines": 17.0,
    "_verticalLines": 17.0,
    "_radius": 0.1425434947013855,
    "_petalColour": {
        "r": 0.8757449388504028,
        "g": 0.2980507016181946,
        "b": 0.057193756103515628,
        "a": 1.0
    },
    "_cylinderVertexCount": 5.0,
    "_stemRadius": 0.10170695930719376,
    "_leafCount": 8.0,
    "_edgeRingCount": 14.0,
    "startPos": {
        "x": 0.0,
        "y": 0.0,
        "z": 0.0
    },
    "tangent1": {
        "x": 0.46387729048728945,
        "y": 1.3355377912521363,
        "z": -0.22554416954517365
    },
    "tangent2": {
        "x": 0.2889602780342102,
        "y": 2.250260353088379,
        "z": -0.08224484324455261
    },
    "endPos": {
        "x": 0.11388693749904633,
        "y": 4.958687782287598,
        "z": -0.44344043731689455
    }
}