{
    "_horizontalLines": 17.0,
    "_verticalLines": 16.0,
    "_radius": 0.06831520795822144,
    "_petalColour": {
        "r": 0.8911036252975464,
        "g": 0.1321566104888916,
        "b": 0.9997988939285278,
        "a": 1.0
    },
    "_cylinderVertexCount": 7.0,
    "_stemRadius": 0.04450547322630882,
    "_leafCount": 8.0,
    "_edgeRingCount": 16.0,
    "startPos": {
        "x": 0.0,
        "y": 0.0,
        "z": 0.0
    },
    "tangent1": {
        "x": -0.2628617286682129,
        "y": 0.6195262670516968,
        "z": 0.0246550552546978
    },
    "tangent2": {
        "x": -0.6583669185638428,
        "y": 1.9953917264938355,
        "z": 0.4610688090324402
    },
    "endPos": {
        "x": -1.0587255954742432,
        "y": 4.0,
        "z": 0.8308371305465698
    }
}