{
    "_horizontalLines": 17.0,
    "_verticalLines": 17.0,
    "_radius": 0.06340549141168595,
    "_petalColour": {
        "r": 0.49749213457107546,
        "g": 0.22790873050689698,
        "b": 0.7479878664016724,
        "a": 1.0
    },
    "_cylinderVertexCount": 10.0,
    "_stemRadius": 0.04527214169502258,
    "_leafCount": 8.0,
    "_edgeRingCount": 6.0,
    "startPos": {
        "x": 0.0,
        "y": 0.0,
        "z": 0.0
    },
    "tangent1": {
        "x": 0.38753053545951846,
        "y": 0.6583375334739685,
        "z": 0.153662770986557
    },
    "tangent2": {
        "x": 0.2964867949485779,
        "y": 1.991806983947754,
        "z": -0.040038302540779117
    },
    "endPos": {
        "x": 1.1012210845947266,
        "y": 4.0,
        "z": -0.20824259519577027
    }
}