{
    "_horizontalLines": 19.0,
    "_verticalLines": 16.0,
    "_radius": 0.15082964301109315,
    "_petalColour": {
        "r": 0.7655746936798096,
        "g": 0.03404891490936279,
        "b": 0.8266280889511108,
        "a": 1.0
    },
    "_cylinderVertexCount": 8.0,
    "_stemRadius": 0.10982997715473175,
    "_leafCount": 8.0,
    "_edgeRingCount": 3.0,
    "startPos": {
        "x": 0.0,
        "y": 0.0,
        "z": 0.0
    },
    "tangent1": {
        "x": -0.1211814433336258,
        "y": 0.5955056548118591,
        "z": 0.2849036157131195
    },
    "tangent2": {
        "x": 0.08147625625133515,
        "y": 1.3871006965637208,
        "z": 0.20267848670482636
    },
    "endPos": {
        "x": 0.15695437788963319,
        "y": 4.0,
        "z": 0.10744524747133255
    }
}