{
    "_horizontalLines": 19.0,
    "_verticalLines": 15.0,
    "_radius": 0.08057145774364472,
    "_petalColour": {
        "r": 0.7227194309234619,
        "g": 0.6761990785598755,
        "b": 0.7033858299255371,
        "a": 1.0
    },
    "_cylinderVertexCount": 5.0,
    "_stemRadius": 0.051009830087423328,
    "_leafCount": 8.0,
    "_edgeRingCount": 30.0,
    "startPos": {
        "x": 0.0,
        "y": 0.0,
        "z": 0.0
    },
    "tangent1": {
        "x": 0.4068531095981598,
        "y": 1.482469916343689,
        "z": 0.26004132628440859
    },
    "tangent2": {
        "x": 0.37991759181022646,
        "y": 2.5639286041259767,
        "z": 0.3715537190437317
    },
    "endPos": {
        "x": 0.03686702251434326,
        "y": 4.0,
        "z": -0.3136071562767029
    }
}