{
    "_horizontalLines": 15.0,
    "_verticalLines": 15.0,
    "_radius": 0.05419094115495682,
    "_petalColour": {
        "r": 0.1271207332611084,
        "g": 0.08089852333068848,
        "b": 0.223272442817688,
        "a": 1.0
    },
    "_cylinderVertexCount": 14.0,
    "_stemRadius": 0.0508817583322525,
    "_leafCount": 8.0,
    "_edgeRingCount": 42.0,
    "startPos": {
        "x": 0.0,
        "y": 0.0,
        "z": 0.0
    },
    "tangent1": {
        "x": -0.4763839840888977,
        "y": 0.03993969038128853,
        "z": 0.27048158645629885
    },
    "tangent2": {
        "x": -0.8765572309494019,
        "y": 0.18798351287841798,
        "z": 0.39855360984802248
    },
    "endPos": {
        "x": -1.703976035118103,
        "y": 4.0,
        "z": 0.22469691932201386
    }
}