{
    "_horizontalLines": 17.0,
    "_verticalLines": 19.0,
    "_radius": 0.055926673114299777,
    "_petalColour": {
        "r": 0.14927446842193604,
        "g": 0.5594921708106995,
        "b": 0.668197512626648,
        "a": 1.0
    },
    "_cylinderVertexCount": 12.0,
    "_stemRadius": 0.04456518962979317,
    "_leafCount": 8.0,
    "_edgeRingCount": 18.0,
    "startPos": {
        "x": 0.0,
        "y": 0.0,
        "z": 0.0
    },
    "tangent1": {
        "x": 0.4580965042114258,
        "y": 0.1425960510969162,
        "z": -0.47478532791137698
    },
    "tangent2": {
        "x": 0.21501441299915315,
        "y": 0.7394826412200928,
        "z": -0.7444518804550171
    },
    "endPos": {
        "x": -0.6199473142623901,
        "y": 4.0,
        "z": -1.0609768629074097
    }
}