{
    "_horizontalLines": 18.0,
    "_verticalLines": 15.0,
    "_radius": 0.11851444840431214,
    "_petalColour": {
        "r": 0.5796535611152649,
        "g": 0.5572494864463806,
        "b": 0.07432520389556885,
        "a": 1.0
    },
    "_cylinderVertexCount": 7.0,
    "_stemRadius": 0.07757992297410965,
    "_leafCount": 8.0,
    "_edgeRingCount": 3.0,
    "startPos": {
        "x": 0.0,
        "y": 0.0,
        "z": 0.0
    },
    "tangent1": {
        "x": 0.393795371055603,
        "y": 0.9924476742744446,
        "z": -0.20576219260692597
    },
    "tangent2": {
        "x": 0.022218972444534303,
        "y": 1.3767706155776978,
        "z": -0.2737703323364258
    },
    "endPos": {
        "x": 0.7152905464172363,
        "y": 4.0,
        "z": -0.3047374188899994
    }
}