{
    "_horizontalLines": 16.0,
    "_verticalLines": 17.0,
    "_radius": 0.03577129542827606,
    "_petalColour": {
        "r": 0.6317076683044434,
        "g": 0.17812633514404298,
        "b": 0.9617278575897217,
        "a": 1.0
    },
    "_cylinderVertexCount": 7.0,
    "_stemRadius": 0.020603464916348459,
    "_leafCount": 8.0,
    "_edgeRingCount": 21.0,
    "startPos": {
        "x": 0.0,
        "y": 0.0,
        "z": 0.0
    },
    "tangent1": {
        "x": -0.2958487570285797,
        "y": 1.1749334335327149,
        "z": -0.179242804646492
    },
    "tangent2": {
        "x": -0.47314631938934328,
        "y": 1.9905107021331788,
        "z": -0.18121814727783204
    },
    "endPos": {
        "x": -0.6790869235992432,
        "y": 4.0,
        "z": -0.9626297354698181
    }
}