{
    "_horizontalLines": 17.0,
    "_verticalLines": 19.0,
    "_radius": 0.11008401215076447,
    "_petalColour": {
        "r": 0.27921372652053835,
        "g": 0.962803840637207,
        "b": 0.8528860807418823,
        "a": 1.0
    },
    "_cylinderVertexCount": 14.0,
    "_stemRadius": 0.060914747416973117,
    "_leafCount": 8.0,
    "_edgeRingCount": 11.0,
    "startPos": {
        "x": 0.0,
        "y": 0.0,
        "z": 0.0
    },
    "tangent1": {
        "x": -0.0519748218357563,
        "y": 1.679457664489746,
        "z": -0.3454076945781708
    },
    "tangent2": {
        "x": -0.20322728157043458,
        "y": 3.070855140686035,
        "z": -0.2728404402732849
    },
    "endPos": {
        "x": -0.4131094813346863,
        "y": 6.300000190734863,
        "z": 0.21126589179039002
    }
}