{
    "_horizontalLines": 15.0,
    "_verticalLines": 17.0,
    "_radius": 0.06539187580347061,
    "_petalColour": {
        "r": 0.3518419861793518,
        "g": 0.9703671932220459,
        "b": 0.07766997814178467,
        "a": 1.0
    },
    "_cylinderVertexCount": 10.0,
    "_stemRadius": 0.04731634259223938,
    "_leafCount": 8.0,
    "_edgeRingCount": 30.0,
    "startPos": {
        "x": 0.0,
        "y": 0.0,
        "z": 0.0
    },
    "tangent1": {
        "x": 0.04208951070904732,
        "y": 0.8309219479560852,
        "z": 0.35651662945747378
    },
    "tangent2": {
        "x": -0.3790488541126251,
        "y": 1.1055084466934205,
        "z": -0.07661649584770203
    },
    "endPos": {
        "x": -1.1516565084457398,
        "y": 4.0,
        "z": 0.02848779410123825
    }
}