{
    "_horizontalLines": 15.0,
    "_verticalLines": 17.0,
    "_radius": 0.05524391308426857,
    "_petalColour": {
        "r": 0.29909414052963259,
        "g": 0.648552656173706,
        "b": 0.3219001889228821,
        "a": 1.0
    },
    "_cylinderVertexCount": 8.0,
    "_stemRadius": 0.022792529314756395,
    "_leafCount": 8.0,
    "_edgeRingCount": 45.0,
    "startPos": {
        "x": 0.0,
        "y": 0.0,
        "z": 0.0
    },
    "tangent1": {
        "x": 0.11951760947704315,
        "y": 1.3751788139343262,
        "z": 0.2681863307952881
    },
    "tangent2": {
        "x": 0.5463288426399231,
        "y": 2.5971641540527345,
        "z": 0.13736467063426972
    },
    "endPos": {
        "x": 0.49246421456336977,
        "y": 4.660094261169434,
        "z": 0.21257659792900086
    }
}