{
    "_horizontalLines": 19.0,
    "_verticalLines": 17.0,
    "_radius": 0.04603902995586395,
    "_petalColour": {
        "r": 0.14982056617736817,
        "g": 0.5923537611961365,
        "b": 0.9249051809310913,
        "a": 1.0
    },
    "_cylinderVertexCount": 14.0,
    "_stemRadius": 0.04038037359714508,
    "_leafCount": 8.0,
    "_edgeRingCount": 48.0,
    "startPos": {
        "x": 0.0,
        "y": 0.0,
        "z": 0.0
    },
    "tangent1": {
        "x": 0.42620009183883669,
        "y": 0.5533429980278015,
        "z": 0.3960753381252289
    },
    "tangent2": {
        "x": 0.19165204465389253,
        "y": 1.9052281379699708,
        "z": 0.04073607921600342
    },
    "endPos": {
        "x": -0.11495344340801239,
        "y": 4.0,
        "z": -0.38817569613456728
    }
}