{
    "_horizontalLines": 16.0,
    "_verticalLines": 15.0,
    "_radius": 0.10077175498008728,
    "_petalColour": {
        "r": 0.14709889888763429,
        "g": 0.6531667709350586,
        "b": 0.9262186288833618,
        "a": 1.0
    },
    "_cylinderVertexCount": 11.0,
    "_stemRadius": 0.10053061693906784,
    "_leafCount": 8.0,
    "_edgeRingCount": 22.0,
    "startPos": {
        "x": 0.0,
        "y": 0.0,
        "z": 0.0
    },
    "tangent1": {
        "x": -0.032244253903627399,
        "y": 1.7430458068847657,
        "z": 0.49546217918395998
    },
    "tangent2": {
        "x": -0.0005022063851356506,
        "y": 3.6878795623779299,
        "z": 0.6668579578399658
    },
    "endPos": {
        "x": -0.5703500509262085,
        "y": 6.154323101043701,
        "z": 1.2039265632629395
    }
}