{
    "_horizontalLines": 19.0,
    "_verticalLines": 18.0,
    "_radius": 0.10472626239061356,
    "_petalColour": {
        "r": 0.7212904691696167,
        "g": 0.45025962591171267,
        "b": 0.6099479794502258,
        "a": 1.0
    },
    "_cylinderVertexCount": 5.0,
    "_stemRadius": 0.059348512440919879,
    "_leafCount": 8.0,
    "_edgeRingCount": 4.0,
    "startPos": {
        "x": 0.0,
        "y": 0.0,
        "z": 0.0
    },
    "tangent1": {
        "x": 0.19767987728118897,
        "y": 0.395943820476532,
        "z": -0.10550646483898163
    },
    "tangent2": {
        "x": 0.6174900531768799,
        "y": 1.012436866760254,
        "z": 0.24916358292102815
    },
    "endPos": {
        "x": 1.3455934524536133,
        "y": 4.360391616821289,
        "z": 0.25612252950668337
    }
}