{
    "_horizontalLines": 15.0,
    "_verticalLines": 18.0,
    "_radius": 0.07877252250909805,
    "_petalColour": {
        "r": 0.6299550533294678,
        "g": 0.3209618926048279,
        "b": 0.06739890575408936,
        "a": 1.0
    },
    "_cylinderVertexCount": 12.0,
    "_stemRadius": 0.06671381741762161,
    "_leafCount": 8.0,
    "_edgeRingCount": 36.0,
    "startPos": {
        "x": 0.0,
        "y": 0.0,
        "z": 0.0
    },
    "tangent1": {
        "x": 0.17651185393333436,
        "y": 1.6479870080947877,
        "z": -0.3324997127056122
    },
    "tangent2": {
        "x": -0.16276246309280396,
        "y": 2.962442398071289,
        "z": -0.43662136793136599
    },
    "endPos": {
        "x": -0.5880684852600098,
        "y": 4.283477306365967,
        "z": -0.7588843107223511
    }
}