{
    "_horizontalLines": 18.0,
    "_verticalLines": 15.0,
    "_radius": 0.11093173921108246,
    "_petalColour": {
        "r": 0.8165069818496704,
        "g": 0.5666949152946472,
        "b": 0.057532668113708499,
        "a": 1.0
    },
    "_cylinderVertexCount": 13.0,
    "_stemRadius": 0.06424254179000855,
    "_leafCount": 8.0,
    "_edgeRingCount": 52.0,
    "startPos": {
        "x": 0.0,
        "y": 0.0,
        "z": 0.0
    },
    "tangent1": {
        "x": 0.0113516328856349,
        "y": 0.6084651350975037,
        "z": 0.04022364690899849
    },
    "tangent2": {
        "x": 0.4504740238189697,
        "y": 1.9150195121765137,
        "z": 0.2933416962623596
    },
    "endPos": {
        "x": 1.1105948686599732,
        "y": 4.0,
        "z": 0.9837694764137268
    }
}