{
    "_horizontalLines": 16.0,
    "_verticalLines": 15.0,
    "_radius": 0.13391250371932984,
    "_petalColour": {
        "r": 0.6084620356559753,
        "g": 0.7551244497299194,
        "b": 0.3070489764213562,
        "a": 1.0
    },
    "_cylinderVertexCount": 9.0,
    "_stemRadius": 0.09083284437656403,
    "_leafCount": 8.0,
    "_edgeRingCount": 29.0,
    "startPos": {
        "x": 0.0,
        "y": 0.0,
        "z": 0.0
    },
    "tangent1": {
        "x": 0.4373670518398285,
        "y": 0.44152623414993288,
        "z": 0.42368975281715395
    },
    "tangent2": {
        "x": 0.8074545860290527,
        "y": 1.795940637588501,
        "z": 0.3066631555557251
    },
    "endPos": {
        "x": 0.26329511404037478,
        "y": 5.112381935119629,
        "z": 0.5353567600250244
    }
}