{
    "_horizontalLines": 15.0,
    "_verticalLines": 19.0,
    "_radius": 0.055642805993556979,
    "_petalColour": {
        "r": 0.26565366983413699,
        "g": 0.8999942541122437,
        "b": 0.4847363829612732,
        "a": 1.0
    },
    "_cylinderVertexCount": 8.0,
    "_stemRadius": 0.030516326427459718,
    "_leafCount": 8.0,
    "_edgeRingCount": 51.0,
    "startPos": {
        "x": 0.0,
        "y": 0.0,
        "z": 0.0
    },
    "tangent1": {
        "x": -0.10872916877269745,
        "y": 0.5618847012519836,
        "z": -0.18535180389881135
    },
    "tangent2": {
        "x": -0.5053279995918274,
        "y": 2.0640506744384767,
        "z": -0.22702789306640626
    },
    "endPos": {
        "x": -0.2486344873905182,
        "y": 4.0,
        "z": -0.020670190453529359
    }
}