{
    "_horizontalLines": 16.0,
    "_verticalLines": 16.0,
    "_radius": 0.12216897308826447,
    "_petalColour": {
        "r": 0.2901957631111145,
        "g": 0.682878851890564,
        "b": 0.7804098129272461,
        "a": 1.0
    },
    "_cylinderVertexCount": 6.0,
    "_stemRadius": 0.08905303478240967,
    "_leafCount": 8.0,
    "_edgeRingCount": 6.0,
    "startPos": {
        "x": 0.0,
        "y": 0.0,
        "z": 0.0
    },
    "tangent1": {
        "x": 0.47913527488708498,
        "y": 0.6829507946968079,
        "z": -0.39838847517967226
    },
    "tangent2": {
        "x": 0.3563656210899353,
        "y": 2.3916022777557375,
        "z": -0.19001087546348573
    },
    "endPos": {
        "x": 0.9086788296699524,
        "y": 4.796969413757324,
        "z": -0.5876418948173523
    }
}