{
    "_horizontalLines": 18.0,
    "_verticalLines": 19.0,
    "_radius": 0.10862374305725098,
    "_petalColour": {
        "r": 0.29147952795028689,
        "g": 0.9750586748123169,
        "b": 0.7995578050613403,
        "a": 1.0
    },
    "_cylinderVertexCount": 5.0,
    "_stemRadius": 0.09629042446613312,
    "_leafCount": 8.0,
    "_edgeRingCount": 4.0,
    "startPos": {
        "x": 0.0,
        "y": 0.0,
        "z": 0.0
    },
    "tangent1": {
        "x": -0.06980590522289276,
        "y": 1.3527793884277344,
        "z": 0.07850722968578339
    },
    "tangent2": {
        "x": -0.3980177044868469,
        "y": 3.213472843170166,
        "z": 0.35436075925827029
    },
    "endPos": {
        "x": -0.44859054684638979,
        "y": 4.0,
        "z": 0.40023431181907656
    }
}