{
    "_horizontalLines": 18.0,
    "_verticalLines": 16.0,
    "_radius": 0.13823716342449189,
    "_petalColour": {
        "r": 0.4067069888114929,
        "g": 0.020527362823486329,
        "b": 0.31645137071609499,
        "a": 1.0
    },
    "_cylinderVertexCount": 8.0,
    "_stemRadius": 0.09457406401634217,
    "_leafCount": 8.0,
    "_edgeRingCount": 13.0,
    "startPos": {
        "x": 0.0,
        "y": 0.0,
        "z": 0.0
    },
    "tangent1": {
        "x": -0.16216544806957246,
        "y": 0.5906965136528015,
        "z": -0.1163361519575119
    },
    "tangent2": {
        "x": -0.26320385932922366,
        "y": 1.2834546566009522,
        "z": 0.16389508545398713
    },
    "endPos": {
        "x": 0.5302323698997498,
        "y": 4.0,
        "z": 0.4977543354034424
    }
}