{
    "_horizontalLines": 17.0,
    "_verticalLines": 16.0,
    "_radius": 0.0637093335390091,
    "_petalColour": {
        "r": 0.5846987366676331,
        "g": 0.43844205141067507,
        "b": 0.6069639325141907,
        "a": 1.0
    },
    "_cylinderVertexCount": 9.0,
    "_stemRadius": 0.03454480692744255,
    "_leafCount": 8.0,
    "_edgeRingCount": 24.0,
    "startPos": {
        "x": 0.0,
        "y": 0.0,
        "z": 0.0
    },
    "tangent1": {
        "x": 0.490426629781723,
        "y": 0.44052809476852419,
        "z": 0.1815405786037445
    },
    "tangent2": {
        "x": 0.24639062583446504,
        "y": 0.8389295339584351,
        "z": -0.08905354142189026
    },
    "endPos": {
        "x": 0.9519034624099731,
        "y": 4.0,
        "z": -0.16195398569107057
    }
}