{
    "_horizontalLines": 16.0,
    "_verticalLines": 15.0,
    "_radius": 0.10334933549165726,
    "_petalColour": {
        "r": 0.7586115598678589,
        "g": 0.5569867491722107,
        "b": 0.5619297623634338,
        "a": 1.0
    },
    "_cylinderVertexCount": 12.0,
    "_stemRadius": 0.07441429048776627,
    "_leafCount": 8.0,
    "_edgeRingCount": 34.0,
    "startPos": {
        "x": 0.0,
        "y": 0.0,
        "z": 0.0
    },
    "tangent1": {
        "x": -0.12789444625377656,
        "y": 0.8901464343070984,
        "z": 0.45673292875289919
    },
    "tangent2": {
        "x": -0.3705620765686035,
        "y": 1.0409765243530274,
        "z": 0.8410263657569885
    },
    "endPos": {
        "x": -0.06550320982933045,
        "y": 4.0,
        "z": 1.0583674907684327
    }
}