{
    "_horizontalLines": 19.0,
    "_verticalLines": 19.0,
    "_radius": 0.0925816223025322,
    "_petalColour": {
        "r": 0.4620749354362488,
        "g": 0.6820985078811646,
        "b": 0.23430752754211427,
        "a": 1.0
    },
    "_cylinderVertexCount": 8.0,
    "_stemRadius": 0.05985338240861893,
    "_leafCount": 8.0,
    "_edgeRingCount": 40.0,
    "startPos": {
        "x": 0.0,
        "y": 0.0,
        "z": 0.0
    },
    "tangent1": {
        "x": -0.22681255638599397,
        "y": 1.8259357213974,
        "z": 0.09693317115306854
    },
    "tangent2": {
        "x": -0.008364155888557434,
        "y": 2.7983896732330324,
        "z": 0.14055109024047852
    },
    "endPos": {
        "x": -0.013545265421271325,
        "y": 4.0,
        "z": 0.23502346873283387
    }
}