{
    "_horizontalLines": 19.0,
    "_verticalLines": 17.0,
    "_radius": 0.068340003490448,
    "_petalColour": {
        "r": 0.6956945657730103,
        "g": 0.6160547137260437,
        "b": 0.2669406533241272,
        "a": 1.0
    },
    "_cylinderVertexCount": 11.0,
    "_stemRadius": 0.03242980316281319,
    "_leafCount": 8.0,
    "_edgeRingCount": 55.0,
    "startPos": {
        "x": 0.0,
        "y": 0.0,
        "z": 0.0
    },
    "tangent1": {
        "x": -0.1984444111585617,
        "y": 0.6754180788993836,
        "z": 0.28306519985198977
    },
    "tangent2": {
        "x": -0.3970409333705902,
        "y": 1.3031260967254639,
        "z": 0.666785717010498
    },
    "endPos": {
        "x": -0.34540247917175295,
        "y": 4.0,
        "z": 0.3573390543460846
    }
}