{
    "_horizontalLines": 18.0,
    "_verticalLines": 18.0,
    "_radius": 0.06674166023731232,
    "_petalColour": {
        "r": 0.16522443294525147,
        "g": 0.6746790409088135,
        "b": 0.9854162931442261,
        "a": 1.0
    },
    "_cylinderVertexCount": 9.0,
    "_stemRadius": 0.03815264254808426,
    "_leafCount": 8.0,
    "_edgeRingCount": 6.0,
    "startPos": {
        "x": 0.0,
        "y": 0.0,
        "z": 0.0
    },
    "tangent1": {
        "x": -0.4238748550415039,
        "y": 0.6913852095603943,
        "z": -0.3325495719909668
    },
    "tangent2": {
        "x": -0.6447668671607971,
        "y": 0.7758170366287231,
        "z": 0.054716795682907107
    },
    "endPos": {
        "x": 0.16517239809036256,
        "y": 4.0,
        "z": 0.4131922721862793
    }
}