{
    "_horizontalLines": 15.0,
    "_verticalLines": 15.0,
    "_radius": 0.12267889827489853,
    "_petalColour": {
        "r": 0.6746780872344971,
        "g": 0.6516449451446533,
        "b": 0.6217655539512634,
        "a": 1.0
    },
    "_cylinderVertexCount": 8.0,
    "_stemRadius": 0.09107331931591034,
    "_leafCount": 8.0,
    "_edgeRingCount": 56.0,
    "startPos": {
        "x": 0.0,
        "y": 0.0,
        "z": 0.0
    },
    "tangent1": {
        "x": -0.20095805823802949,
        "y": 1.7277698516845704,
        "z": 0.42946600914001467
    },
    "tangent2": {
        "x": -0.07395239174365998,
        "y": 1.7887766361236573,
        "z": 0.8235301971435547
    },
    "endPos": {
        "x": 0.2584095597267151,
        "y": 4.0,
        "z": 1.1523020267486573
    }
}