{
    "_horizontalLines": 15.0,
    "_verticalLines": 18.0,
    "_radius": 0.09392483532428742,
    "_petalColour": {
        "r": 0.2487492561340332,
        "g": 0.22050058841705323,
        "b": 0.7306027412414551,
        "a": 1.0
    },
    "_cylinderVertexCount": 14.0,
    "_stemRadius": 0.07734300196170807,
    "_leafCount": 8.0,
    "_edgeRingCount": 21.0,
    "startPos": {
        "x": 0.0,
        "y": 0.0,
        "z": 0.0
    },
    "tangent1": {
        "x": -0.14740081131458283,
        "y": 1.8143612146377564,
        "z": -0.15182776749134065
    },
    "tangent2": {
        "x": -0.4378514885902405,
        "y": 2.676947593688965,
        "z": 0.2891269326210022
    },
    "endPos": {
        "x": -0.8611648082733154,
        "y": 4.854201316833496,
        "z": 0.4963025450706482
    }
}