{
    "_horizontalLines": 16.0,
    "_verticalLines": 19.0,
    "_radius": 0.14967507123947144,
    "_petalColour": {
        "r": 0.09039318561553955,
        "g": 0.31195276975631716,
        "b": 0.3303186297416687,
        "a": 1.0
    },
    "_cylinderVertexCount": 12.0,
    "_stemRadius": 0.11211004108190537,
    "_leafCount": 8.0,
    "_edgeRingCount": 56.0,
    "startPos": {
        "x": 0.0,
        "y": 0.0,
        "z": 0.0
    },
    "tangent1": {
        "x": 0.1798311173915863,
        "y": 0.2809150815010071,
        "z": 0.49864473938941958
    },
    "tangent2": {
        "x": 0.48524996638298037,
        "y": 2.133422613143921,
        "z": 0.03806018829345703
    },
    "endPos": {
        "x": 0.46535372734069826,
        "y": 4.0,
        "z": -0.23514315485954286
    }
}