{
    "_horizontalLines": 16.0,
    "_verticalLines": 17.0,
    "_radius": 0.12287168949842453,
    "_petalColour": {
        "r": 0.5393142104148865,
        "g": 0.3668147921562195,
        "b": 0.2421121597290039,
        "a": 1.0
    },
    "_cylinderVertexCount": 12.0,
    "_stemRadius": 0.11930826306343079,
    "_leafCount": 8.0,
    "_edgeRingCount": 13.0,
    "startPos": {
        "x": 0.0,
        "y": 0.0,
        "z": 0.0
    },
    "tangent1": {
        "x": 0.40035906434059145,
        "y": 1.1829562187194825,
        "z": -0.47723817825317385
    },
    "tangent2": {
        "x": 0.395906537771225,
        "y": 1.385479211807251,
        "z": -0.167089581489563
    },
    "endPos": {
        "x": 0.2851255536079407,
        "y": 4.0,
        "z": 0.10602429509162903
    }
}