{
    "_horizontalLines": 18.0,
    "_verticalLines": 17.0,
    "_radius": 0.1521783024072647,
    "_petalColour": {
        "r": 0.4563043713569641,
        "g": 0.9161893129348755,
        "b": 0.24289703369140626,
        "a": 1.0
    },
    "_cylinderVertexCount": 7.0,
    "_stemRadius": 0.1087314710021019,
    "_leafCount": 8.0,
    "_edgeRingCount": 64.0,
    "startPos": {
        "x": 0.0,
        "y": 0.0,
        "z": 0.0
    },
    "tangent1": {
        "x": -0.09790177643299103,
        "y": 1.2643195390701295,
        "z": -0.07810406386852265
    },
    "tangent2": {
        "x": -0.20750141143798829,
        "y": 2.50311279296875,
        "z": 0.1089213639497757
    },
    "endPos": {
        "x": -0.7239868640899658,
        "y": 4.434225559234619,
        "z": 0.11966059356927872
    }
}