{
    "_horizontalLines": 18.0,
    "_verticalLines": 19.0,
    "_radius": 0.05026509612798691,
    "_petalColour": {
        "r": 0.9862797260284424,
        "g": 0.171545147895813,
        "b": 0.4199816584587097,
        "a": 1.0
    },
    "_cylinderVertexCount": 7.0,
    "_stemRadius": 0.03748927265405655,
    "_leafCount": 8.0,
    "_edgeRingCount": 40.0,
    "startPos": {
        "x": 0.0,
        "y": 0.0,
        "z": 0.0
    },
    "tangent1": {
        "x": -0.29956531524658205,
        "y": 1.7565250396728516,
        "z": 0.4142564833164215
    },
    "tangent2": {
        "x": 0.14450663328170777,
        "y": 3.271479606628418,
        "z": 0.3123018145561218
    },
    "endPos": {
        "x": 0.3764970600605011,
        "y": 6.300000190734863,
        "z": 0.7076106071472168
    }
}