{
    "_horizontalLines": 16.0,
    "_verticalLines": 15.0,
    "_radius": 0.04337191954255104,
    "_petalColour": {
        "r": 0.30856531858444216,
        "g": 0.18783819675445558,
        "b": 0.04643428325653076,
        "a": 1.0
    },
    "_cylinderVertexCount": 11.0,
    "_stemRadius": 0.03463992848992348,
    "_leafCount": 8.0,
    "_edgeRingCount": 47.0,
    "startPos": {
        "x": 0.0,
        "y": 0.0,
        "z": 0.0
    },
    "tangent1": {
        "x": -0.47538965940475466,
        "y": 0.21269778907299043,
        "z": 0.062192391604185107
    },
    "tangent2": {
        "x": -0.005511462688446045,
        "y": 0.9578263759613037,
        "z": -0.1921306997537613
    },
    "endPos": {
        "x": 0.256021112203598,
        "y": 4.424704551696777,
        "z": 0.17786039412021638
    }
}