{
    "_horizontalLines": 17.0,
    "_verticalLines": 18.0,
    "_radius": 0.11968744546175003,
    "_petalColour": {
        "r": 0.11208128929138184,
        "g": 0.6694118976593018,
        "b": 0.9732092618942261,
        "a": 1.0
    },
    "_cylinderVertexCount": 7.0,
    "_stemRadius": 0.1054861843585968,
    "_leafCount": 8.0,
    "_edgeRingCount": 30.0,
    "startPos": {
        "x": 0.0,
        "y": 0.0,
        "z": 0.0
    },
    "tangent1": {
        "x": 0.4617037773132324,
        "y": 0.8142150640487671,
        "z": 0.17926572263240815
    },
    "tangent2": {
        "x": 0.6201765537261963,
        "y": 1.3394901752471924,
        "z": 0.05400469899177551
    },
    "endPos": {
        "x": 0.4926685690879822,
        "y": 4.0,
        "z": -0.3860245645046234
    }
}