{
    "_horizontalLines": 16.0,
    "_verticalLines": 19.0,
    "_radius": 0.09648793190717697,
    "_petalColour": {
        "r": 0.36743849515914919,
        "g": 0.9329084157943726,
        "b": 0.7897243499755859,
        "a": 1.0
    },
    "_cylinderVertexCount": 6.0,
    "_stemRadius": 0.0644155964255333,
    "_leafCount": 8.0,
    "_edgeRingCount": 58.0,
    "startPos": {
        "x": 0.0,
        "y": 0.0,
        "z": 0.0
    },
    "tangent1": {
        "x": -0.39690694212913515,
        "y": 1.802252173423767,
        "z": 0.27169203758239748
    },
    "tangent2": {
        "x": -0.19685658812522889,
        "y": 3.304502487182617,
        "z": -0.21776041388511659
    },
    "endPos": {
        "x": -0.36565977334976199,
        "y": 4.0,
        "z": -0.5273224115371704
    }
}