{
    "_horizontalLines": 15.0,
    "_verticalLines": 19.0,
    "_radius": 0.13184642791748048,
    "_petalColour": {
        "r": 0.948704719543457,
        "g": 0.6987330913543701,
        "b": 0.32255059480667117,
        "a": 1.0
    },
    "_cylinderVertexCount": 13.0,
    "_stemRadius": 0.09521321207284928,
    "_leafCount": 8.0,
    "_edgeRingCount": 34.0,
    "startPos": {
        "x": 0.0,
        "y": 0.0,
        "z": 0.0
    },
    "tangent1": {
        "x": -0.20598573982715608,
        "y": 1.0311886072158814,
        "z": 0.35630369186401369
    },
    "tangent2": {
        "x": -0.20334401726722718,
        "y": 1.2408751249313355,
        "z": 0.15980558097362519
    },
    "endPos": {
        "x": -0.056522056460380557,
        "y": 4.0,
        "z": 0.38223594427108767
    }
}