{
    "_horizontalLines": 17.0,
    "_verticalLines": 18.0,
    "_radius": 0.05589090660214424,
    "_petalColour": {
        "r": 0.21917486190795899,
        "g": 0.05559039115905762,
        "b": 0.44371622800827029,
        "a": 1.0
    },
    "_cylinderVertexCount": 10.0,
    "_stemRadius": 0.0395791120827198,
    "_leafCount": 8.0,
    "_edgeRingCount": 20.0,
    "startPos": {
        "x": 0.0,
        "y": 0.0,
        "z": 0.0
    },
    "tangent1": {
        "x": 0.49482861161231997,
        "y": 0.24630622565746308,
        "z": -0.3529091775417328
    },
    "tangent2": {
        "x": 0.7230445146560669,
        "y": 0.47900161147117617,
        "z": 0.015320569276809693
    },
    "endPos": {
        "x": 1.3114776611328126,
        "y": 4.0,
        "z": 0.2678425908088684
    }
}