{
    "_horizontalLines": 17.0,
    "_verticalLines": 16.0,
    "_radius": 0.07670003920793534,
    "_petalColour": {
        "r": 0.4861893057823181,
        "g": 0.42106932401657107,
        "b": 0.6919394731521606,
        "a": 1.0
    },
    "_cylinderVertexCount": 10.0,
    "_stemRadius": 0.02819712832570076,
    "_leafCount": 8.0,
    "_edgeRingCount": 42.0,
    "startPos": {
        "x": 0.0,
        "y": 0.0,
        "z": 0.0
    },
    "tangent1": {
        "x": 0.254182904958725,
        "y": 1.052597999572754,
        "z": -0.07283024489879608
    },
    "tangent2": {
        "x": 0.5878725051879883,
        "y": 1.5720100402832032,
        "z": -0.2430764138698578
    },
    "endPos": {
        "x": 0.508990466594696,
        "y": 4.0,
        "z": -0.9897983074188232
    }
}