{
    "_horizontalLines": 18.0,
    "_verticalLines": 19.0,
    "_radius": 0.12592196464538575,
    "_petalColour": {
        "r": 0.4237132668495178,
        "g": 0.01617729663848877,
        "b": 0.04493236541748047,
        "a": 1.0
    },
    "_cylinderVertexCount": 6.0,
    "_stemRadius": 0.0866692066192627,
    "_leafCount": 8.0,
    "_edgeRingCount": 46.0,
    "startPos": {
        "x": 0.0,
        "y": 0.0,
        "z": 0.0
    },
    "tangent1": {
        "x": -0.2251906841993332,
        "y": 1.7837371826171876,
        "z": 0.0898004025220871
    },
    "tangent2": {
        "x": -0.5544207692146301,
        "y": 2.2580530643463136,
        "z": 0.5165570378303528
    },
    "endPos": {
        "x": -0.35750240087509158,
        "y": 4.0,
        "z": 1.1712450981140137
    }
}