{
    "_horizontalLines": 16.0,
    "_verticalLines": 16.0,
    "_radius": 0.10074072331190109,
    "_petalColour": {
        "r": 0.03762078285217285,
        "g": 0.7789658308029175,
        "b": 0.31285732984542849,
        "a": 1.0
    },
    "_cylinderVertexCount": 9.0,
    "_stemRadius": 0.09049370139837265,
    "_leafCount": 8.0,
    "_edgeRingCount": 15.0,
    "startPos": {
        "x": 0.0,
        "y": 0.0,
        "z": 0.0
    },
    "tangent1": {
        "x": -0.39488115906715395,
        "y": 1.8042380809783936,
        "z": 0.17629121243953706
    },
    "tangent2": {
        "x": -0.04093936085700989,
        "y": 2.827366352081299,
        "z": 0.6644590497016907
    },
    "endPos": {
        "x": 0.4184165298938751,
        "y": 4.607850551605225,
        "z": 0.27354106307029726
    }
}