{
    "_horizontalLines": 15.0,
    "_verticalLines": 18.0,
    "_radius": 0.03872012719511986,
    "_petalColour": {
        "r": 0.05935382843017578,
        "g": 0.49175578355789187,
        "b": 0.023277640342712404,
        "a": 1.0
    },
    "_cylinderVertexCount": 7.0,
    "_stemRadius": 0.021732132881879808,
    "_leafCount": 8.0,
    "_edgeRingCount": 12.0,
    "startPos": {
        "x": 0.0,
        "y": 0.0,
        "z": 0.0
    },
    "tangent1": {
        "x": -0.38489922881126406,
        "y": 1.6569488048553467,
        "z": 0.2559293508529663
    },
    "tangent2": {
        "x": -0.7043944597244263,
        "y": 2.68796968460083,
        "z": 0.42007696628570559
    },
    "endPos": {
        "x": -1.169990062713623,
        "y": 5.531461715698242,
        "z": 0.7340219020843506
    }
}