{
    "_horizontalLines": 15.0,
    "_verticalLines": 18.0,
    "_radius": 0.03350897878408432,
    "_petalColour": {
        "r": 0.7635633945465088,
        "g": 0.28333956003189089,
        "b": 0.4271467328071594,
        "a": 1.0
    },
    "_cylinderVertexCount": 14.0,
    "_stemRadius": 0.011734205298125744,
    "_leafCount": 8.0,
    "_edgeRingCount": 41.0,
    "startPos": {
        "x": 0.0,
        "y": 0.0,
        "z": 0.0
    },
    "tangent1": {
        "x": 0.27264833450317385,
        "y": 1.8032833337783814,
        "z": -0.12330655753612519
    },
    "tangent2": {
        "x": 0.07617993652820587,
        "y": 2.6752095222473146,
        "z": 0.19640035927295686
    },
    "endPos": {
        "x": -0.756018877029419,
        "y": 5.549583435058594,
        "z": 0.6266999244689941
    }
}