{
    "_horizontalLines": 19.0,
    "_verticalLines": 15.0,
    "_radius": 0.11523864418268204,
    "_petalColour": {
        "r": 0.8910374641418457,
        "g": 0.9682787656784058,
        "b": 0.19799447059631349,
        "a": 1.0
    },
    "_cylinderVertexCount": 10.0,
    "_stemRadius": 0.09147734194993973,
    "_leafCount": 8.0,
    "_edgeRingCount": 64.0,
    "startPos": {
        "x": 0.0,
        "y": 0.0,
        "z": 0.0
    },
    "tangent1": {
        "x": -0.2764413356781006,
        "y": 0.32264405488967898,
        "z": 0.3312063217163086
    },
    "tangent2": {
        "x": -0.49542802572250368,
        "y": 1.5760939121246338,
        "z": 0.2988360524177551
    },
    "endPos": {
        "x": -0.14312314987182618,
        "y": 4.0,
        "z": 0.5950593948364258
    }
}