{
    "_horizontalLines": 17.0,
    "_verticalLines": 16.0,
    "_radius": 0.0966101586818695,
    "_petalColour": {
        "r": 0.02351248264312744,
        "g": 0.30606454610824587,
        "b": 0.9274446964263916,
        "a": 1.0
    },
    "_cylinderVertexCount": 14.0,
    "_stemRadius": 0.06704206019639969,
    "_leafCount": 8.0,
    "_edgeRingCount": 5.0,
    "startPos": {
        "x": 0.0,
        "y": 0.0,
        "z": 0.0
    },
    "tangent1": {
        "x": 0.3096855878829956,
        "y": 0.8048175573348999,
        "z": 0.15506228804588319
    },
    "tangent2": {
        "x": 0.24984686076641084,
        "y": 1.8140487670898438,
        "z": -0.03906141221523285
    },
    "endPos": {
        "x": 0.951140284538269,
        "y": 4.0,
        "z": -0.268696665763855
    }
}