{
    "_horizontalLines": 16.0,
    "_verticalLines": 17.0,
    "_radius": 0.0806041806936264,
    "_petalColour": {
        "r": 0.5345360636711121,
        "g": 0.9776387214660645,
        "b": 0.9354413747787476,
        "a": 1.0
    },
    "_cylinderVertexCount": 7.0,
    "_stemRadius": 0.03414430469274521,
    "_leafCount": 8.0,
    "_edgeRingCount": 6.0,
    "startPos": {
        "x": 0.0,
        "y": 0.0,
        "z": 0.0
    },
    "tangent1": {
        "x": -0.19399146735668183,
        "y": 0.891118049621582,
        "z": -0.30732461810112
    },
    "tangent2": {
        "x": -0.3345695436000824,
        "y": 1.1688272953033448,
        "z": -0.4073014259338379
    },
    "endPos": {
        "x": -0.20472435653209687,
        "y": 4.0,
        "z": -0.9502145648002625
    }
}