{
    "_horizontalLines": 19.0,
    "_verticalLines": 18.0,
    "_radius": 0.11165650933980942,
    "_petalColour": {
        "r": 0.8957648277282715,
        "g": 0.5373222231864929,
        "b": 0.8357014656066895,
        "a": 1.0
    },
    "_cylinderVertexCount": 10.0,
    "_stemRadius": 0.066309355199337,
    "_leafCount": 8.0,
    "_edgeRingCount": 33.0,
    "startPos": {
        "x": 0.0,
        "y": 0.0,
        "z": 0.0
    },
    "tangent1": {
        "x": -0.11671619117259979,
        "y": 0.10878200829029083,
        "z": -0.11741752922534943
    },
    "tangent2": {
        "x": -0.5324791669845581,
        "y": 0.36226463317871096,
        "z": 0.27962177991867068
    },
    "endPos": {
        "x": -1.2166485786437989,
        "y": 4.0,
        "z": 1.0357873439788819
    }
}