{
    "_horizontalLines": 15.0,
    "_verticalLines": 18.0,
    "_radius": 0.12813469767570496,
    "_petalColour": {
        "r": 0.7531042098999023,
        "g": 0.04665482044219971,
        "b": 0.5662075877189636,
        "a": 1.0
    },
    "_cylinderVertexCount": 5.0,
    "_stemRadius": 0.11744621396064758,
    "_leafCount": 8.0,
    "_edgeRingCount": 54.0,
    "startPos": {
        "x": 0.0,
        "y": 0.0,
        "z": 0.0
    },
    "tangent1": {
        "x": 0.131201833486557,
        "y": 0.16014938056468965,
        "z": -0.16844896972179414
    },
    "tangent2": {
        "x": 0.11068873107433319,
        "y": 1.9510356187820435,
        "z": 0.11601288616657257
    },
    "endPos": {
        "x": 0.8587630987167358,
        "y": 5.0591816902160648,
        "z": 0.4290330410003662
    }
}