{
    "_horizontalLines": 17.0,
    "_verticalLines": 19.0,
    "_radius": 0.138386070728302,
    "_petalColour": {
        "r": 0.4725949168205261,
        "g": 0.786044716835022,
        "b": 0.018983960151672365,
        "a": 1.0
    },
    "_cylinderVertexCount": 10.0,
    "_stemRadius": 0.0974041149020195,
    "_leafCount": 8.0,
    "_edgeRingCount": 50.0,
    "startPos": {
        "x": 0.0,
        "y": 0.0,
        "z": 0.0
    },
    "tangent1": {
        "x": 0.1617830991744995,
        "y": 1.6888443231582642,
        "z": 0.017603207379579545
    },
    "tangent2": {
        "x": 0.012967273592948914,
        "y": 2.2726666927337648,
        "z": -0.35431450605392458
    },
    "endPos": {
        "x": 0.2653545141220093,
        "y": 4.900561332702637,
        "z": -0.4770777225494385
    }
}