{
    "_horizontalLines": 18.0,
    "_verticalLines": 15.0,
    "_radius": 0.0961250513792038,
    "_petalColour": {
        "r": 0.273625910282135,
        "g": 0.21487605571746827,
        "b": 0.7264175415039063,
        "a": 1.0
    },
    "_cylinderVertexCount": 5.0,
    "_stemRadius": 0.06894110143184662,
    "_leafCount": 8.0,
    "_edgeRingCount": 47.0,
    "startPos": {
        "x": 0.0,
        "y": 0.0,
        "z": 0.0
    },
    "tangent1": {
        "x": -0.4401043951511383,
        "y": 1.4468975067138672,
        "z": 0.2862715721130371
    },
    "tangent2": {
        "x": -0.09808266162872315,
        "y": 3.1377105712890627,
        "z": 0.6533510684967041
    },
    "endPos": {
        "x": -0.5248963832855225,
        "y": 5.8549370765686039,
        "z": 1.5231025218963624
    }
}