{
    "_horizontalLines": 16.0,
    "_verticalLines": 18.0,
    "_radius": 0.09273574501276016,
    "_petalColour": {
        "r": 0.6363942623138428,
        "g": 0.9289482831954956,
        "b": 0.06384551525115967,
        "a": 1.0
    },
    "_cylinderVertexCount": 9.0,
    "_stemRadius": 0.0899682268500328,
    "_leafCount": 8.0,
    "_edgeRingCount": 10.0,
    "startPos": {
        "x": 0.0,
        "y": 0.0,
        "z": 0.0
    },
    "tangent1": {
        "x": 0.05109243467450142,
        "y": 1.1052440404891968,
        "z": -0.32070693373680117
    },
    "tangent2": {
        "x": 0.20730331540107728,
        "y": 1.4024460315704346,
        "z": -0.6261844635009766
    },
    "endPos": {
        "x": 0.6997249126434326,
        "y": 4.0,
        "z": -0.6150697469711304
    }
}