{
    "_horizontalLines": 19.0,
    "_verticalLines": 15.0,
    "_radius": 0.1338467001914978,
    "_petalColour": {
        "r": 0.0984417200088501,
        "g": 0.6263267993927002,
        "b": 0.9607497453689575,
        "a": 1.0
    },
    "_cylinderVertexCount": 5.0,
    "_stemRadius": 0.09960434585809708,
    "_leafCount": 8.0,
    "_edgeRingCount": 54.0,
    "startPos": {
        "x": 0.0,
        "y": 0.0,
        "z": 0.0
    },
    "tangent1": {
        "x": 0.024813462048768998,
        "y": 1.34991455078125,
        "z": 0.17132747173309327
    },
    "tangent2": {
        "x": 0.26290255784988406,
        "y": 3.2609920501708986,
        "z": 0.36629271507263186
    },
    "endPos": {
        "x": 0.635615348815918,
        "y": 4.0,
        "z": -0.13141575455665589
    }
}