{
    "_horizontalLines": 19.0,
    "_verticalLines": 17.0,
    "_radius": 0.11404462903738022,
    "_petalColour": {
        "r": 0.10428667068481446,
        "g": 0.1267307996749878,
        "b": 0.5248828530311585,
        "a": 1.0
    },
    "_cylinderVertexCount": 9.0,
    "_stemRadius": 0.06432157754898071,
    "_leafCount": 8.0,
    "_edgeRingCount": 20.0,
    "startPos": {
        "x": 0.0,
        "y": 0.0,
        "z": 0.0
    },
    "tangent1": {
        "x": 0.01412434596568346,
        "y": 0.5246707797050476,
        "z": 0.22340571880340577
    },
    "tangent2": {
        "x": 0.45422127842903139,
        "y": 1.1918052434921265,
        "z": 0.5453604459762573
    },
    "endPos": {
        "x": 0.007489442825317383,
        "y": 4.0,
        "z": 0.12273344397544861
    }
}