{
    "_horizontalLines": 19.0,
    "_verticalLines": 17.0,
    "_radius": 0.004777074791491032,
    "_petalColour": {
        "r": 0.12096452713012696,
        "g": 0.7456833124160767,
        "b": 0.570435106754303,
        "a": 1.0
    },
    "_cylinderVertexCount": 8.0,
    "_stemRadius": -0.00032338500022888184,
    "_leafCount": 8.0,
    "_edgeRingCount": 55.0,
    "startPos": {
        "x": 0.0,
        "y": 0.0,
        "z": 0.0
    },
    "tangent1": {
        "x": 0.4387001097202301,
        "y": 0.3476255536079407,
        "z": -0.1751977950334549
    },
    "tangent2": {
        "x": 0.38916048407554629,
        "y": 1.5580167770385743,
        "z": 0.2706114649772644
    },
    "endPos": {
        "x": -0.11255928874015808,
        "y": 4.0,
        "z": 0.17274990677833558
    }
}