{
    "_horizontalLines": 16.0,
    "_verticalLines": 15.0,
    "_radius": 0.14779889583587647,
    "_petalColour": {
        "r": 0.18372869491577149,
        "g": 0.14028024673461915,
        "b": 0.2865787148475647,
        "a": 1.0
    },
    "_cylinderVertexCount": 14.0,
    "_stemRadius": 0.10917070508003235,
    "_leafCount": 8.0,
    "_edgeRingCount": 50.0,
    "startPos": {
        "x": 0.0,
        "y": 0.0,
        "z": 0.0
    },
    "tangent1": {
        "x": 0.27683961391448977,
        "y": 0.7493783831596375,
        "z": 0.062400151044130328
    },
    "tangent2": {
        "x": -0.01707097887992859,
        "y": 2.2707245349884035,
        "z": -0.2424401491880417
    },
    "endPos": {
        "x": 0.3786082863807678,
        "y": 4.158066749572754,
        "z": 0.3834959864616394
    }
}