{
    "_horizontalLines": 16.0,
    "_verticalLines": 19.0,
    "_radius": 0.05713273584842682,
    "_petalColour": {
        "r": 0.20229291915893556,
        "g": 0.9214105606079102,
        "b": 0.2192448377609253,
        "a": 1.0
    },
    "_cylinderVertexCount": 13.0,
    "_stemRadius": 0.01238221861422062,
    "_leafCount": 8.0,
    "_edgeRingCount": 17.0,
    "startPos": {
        "x": 0.0,
        "y": 0.0,
        "z": 0.0
    },
    "tangent1": {
        "x": -0.26503029465675356,
        "y": 1.5750999450683594,
        "z": -0.43829458951950076
    },
    "tangent2": {
        "x": 0.044439494609832767,
        "y": 3.277916669845581,
        "z": -0.1617966592311859
    },
    "endPos": {
        "x": -0.2546393573284149,
        "y": 4.2256999015808109,
        "z": -0.4073854684829712
    }
}