{
    "_horizontalLines": 18.0,
    "_verticalLines": 18.0,
    "_radius": 0.09418553113937378,
    "_petalColour": {
        "r": 0.6955727338790894,
        "g": 0.24344229698181153,
        "b": 0.9105840921401978,
        "a": 1.0
    },
    "_cylinderVertexCount": 6.0,
    "_stemRadius": 0.04594801366329193,
    "_leafCount": 8.0,
    "_edgeRingCount": 45.0,
    "startPos": {
        "x": 0.0,
        "y": 0.0,
        "z": 0.0
    },
    "tangent1": {
        "x": 0.10944657027721405,
        "y": 0.7229594588279724,
        "z": 0.004471111111342907
    },
    "tangent2": {
        "x": 0.5917330980300903,
        "y": 2.3116884231567385,
        "z": 0.2046061009168625
    },
    "endPos": {
        "x": -0.14207690954208375,
        "y": 4.486014366149902,
        "z": 0.31043386459350588
    }
}