{
    "_horizontalLines": 13.0,
    "_verticalLines": 4.0,
    "_radius": 0.10517458617687226,
    "_petalColour": {
        "r": 0.4645377993583679,
        "g": 0.2486501932144165,
        "b": 0.5024192929267883,
        "a": 1.0
    },
    "_cylinderVertexCount": 12.0,
    "_stemRadius": 0.06678688526153565,
    "_leafCount": 8.0,
    "_edgeRingCount": 52.0,
    "startPos": {
        "x": 0.023781681433320047,
        "y": 0.33318033814430239,
        "z": -0.03166653960943222
    },
    "tangent1": {
        "x": 0.37560224533081057,
        "y": 0.3639313876628876,
        "z": -0.2697523236274719
    },
    "tangent2": {
        "x": 0.1021508276462555,
        "y": 1.3165090084075928,
        "z": -0.5402758121490479
    },
    "endPos": {
        "x": 1.023499608039856,
        "y": 2.614814281463623,
        "z": -0.03493356704711914
    }
}