{
    "_horizontalLines": 15.0,
    "_verticalLines": 16.0,
    "_radius": 0.06510742753744126,
    "_petalColour": {
        "r": 0.9600697755813599,
        "g": 0.2935332655906677,
        "b": 0.705130934715271,
        "a": 1.0
    },
    "_cylinderVertexCount": 12.0,
    "_stemRadius": 0.04942630976438522,
    "_leafCount": 8.0,
    "_edgeRingCount": 43.0,
    "startPos": {
        "x": 0.0,
        "y": 0.0,
        "z": 0.0
    },
    "tangent1": {
        "x": 0.2876802384853363,
        "y": 1.4399245977401734,
        "z": 0.054166603833436969
    },
    "tangent2": {
        "x": 0.6187506914138794,
        "y": 1.8904783725738526,
        "z": -0.23505254089832307
    },
    "endPos": {
        "x": 0.29501381516456606,
        "y": 4.060218334197998,
        "z": -0.5244595408439636
    }
}