{
    "_horizontalLines": 19.0,
    "_verticalLines": 16.0,
    "_radius": 0.0672607272863388,
    "_petalColour": {
        "r": 0.16974091529846192,
        "g": 0.21045470237731934,
        "b": 0.13231277465820313,
        "a": 1.0
    },
    "_cylinderVertexCount": 11.0,
    "_stemRadius": 0.029170546680688859,
    "_leafCount": 8.0,
    "_edgeRingCount": 27.0,
    "startPos": {
        "x": 0.0,
        "y": 0.0,
        "z": 0.0
    },
    "tangent1": {
        "x": -0.009463739581406117,
        "y": 1.2119719982147217,
        "z": 0.4367349147796631
    },
    "tangent2": {
        "x": -0.03667726367712021,
        "y": 2.243844747543335,
        "z": 0.23936958611011506
    },
    "endPos": {
        "x": 0.33856746554374697,
        "y": 4.0,
        "z": 0.4077950119972229
    }
}