{
    "_horizontalLines": 19.0,
    "_verticalLines": 18.0,
    "_radius": 0.0380731001496315,
    "_petalColour": {
        "r": 0.7216552495956421,
        "g": 0.5735860466957092,
        "b": 0.4618142247200012,
        "a": 1.0
    },
    "_cylinderVertexCount": 12.0,
    "_stemRadius": 0.014698805287480355,
    "_leafCount": 8.0,
    "_edgeRingCount": 62.0,
    "startPos": {
        "x": 0.0,
        "y": 0.0,
        "z": 0.0
    },
    "tangent1": {
        "x": -0.2673586905002594,
        "y": 0.47890740633010867,
        "z": -0.20809073746204377
    },
    "tangent2": {
        "x": 0.14426597952842713,
        "y": 0.4844719171524048,
        "z": -0.020735129714012147
    },
    "endPos": {
        "x": 0.18155580759048463,
        "y": 4.0,
        "z": -0.26356229186058047
    }
}