{
    "_horizontalLines": 15.0,
    "_verticalLines": 19.0,
    "_radius": 0.04685278981924057,
    "_petalColour": {
        "r": 0.22853994369506837,
        "g": 0.8867967128753662,
        "b": 0.6704521179199219,
        "a": 1.0
    },
    "_cylinderVertexCount": 5.0,
    "_stemRadius": 0.03157714754343033,
    "_leafCount": 8.0,
    "_edgeRingCount": 11.0,
    "startPos": {
        "x": 0.0,
        "y": 0.0,
        "z": 0.0
    },
    "tangent1": {
        "x": 0.32328176498413088,
        "y": 0.8207284808158875,
        "z": 0.23353156447410584
    },
    "tangent2": {
        "x": 0.7826519012451172,
        "y": 2.3805768489837648,
        "z": -0.08038035035133362
    },
    "endPos": {
        "x": 1.3321141004562379,
        "y": 5.600634574890137,
        "z": 0.42573288083076479
    }
}