{
    "_horizontalLines": 19.0,
    "_verticalLines": 18.0,
    "_radius": 0.10158027708530426,
    "_petalColour": {
        "r": 0.6248539090156555,
        "g": 0.5514922738075256,
        "b": 0.7356774806976318,
        "a": 1.0
    },
    "_cylinderVertexCount": 5.0,
    "_stemRadius": 0.08828262984752655,
    "_leafCount": 8.0,
    "_edgeRingCount": 49.0,
    "startPos": {
        "x": 0.0,
        "y": 0.0,
        "z": 0.0
    },
    "tangent1": {
        "x": -0.11343364417552948,
        "y": 1.940425157546997,
        "z": 0.21133077144622804
    },
    "tangent2": {
        "x": 0.24749605357646943,
        "y": 3.8998336791992189,
        "z": 0.49154365062713625
    },
    "endPos": {
        "x": 0.07497674226760864,
        "y": 5.396853446960449,
        "z": 0.740263819694519
    }
}