{
    "_horizontalLines": 17.0,
    "_verticalLines": 15.0,
    "_radius": 0.1221129447221756,
    "_petalColour": {
        "r": 0.47979432344436648,
        "g": 0.41237062215805056,
        "b": 0.7584090232849121,
        "a": 1.0
    },
    "_cylinderVertexCount": 7.0,
    "_stemRadius": 0.09228931367397309,
    "_leafCount": 8.0,
    "_edgeRingCount": 32.0,
    "startPos": {
        "x": 0.0,
        "y": 0.0,
        "z": 0.0
    },
    "tangent1": {
        "x": 0.4995826780796051,
        "y": 0.4992963671684265,
        "z": -0.034030865877866748
    },
    "tangent2": {
        "x": 0.06645640730857849,
        "y": 0.6900867223739624,
        "z": 0.404196560382843
    },
    "endPos": {
        "x": 0.22568102180957795,
        "y": 4.0,
        "z": 1.2779947519302369
    }
}