{
    "_horizontalLines": 16.0,
    "_verticalLines": 18.0,
    "_radius": 0.0719333365559578,
    "_petalColour": {
        "r": 0.9514745473861694,
        "g": 0.5908690094947815,
        "b": 0.32674843072891238,
        "a": 1.0
    },
    "_cylinderVertexCount": 9.0,
    "_stemRadius": 0.027932746335864068,
    "_leafCount": 8.0,
    "_edgeRingCount": 13.0,
    "startPos": {
        "x": 0.0,
        "y": 0.0,
        "z": 0.0
    },
    "tangent1": {
        "x": -0.20439095795154572,
        "y": 0.339921772480011,
        "z": -0.12727303802967072
    },
    "tangent2": {
        "x": -0.5227445363998413,
        "y": 0.8453724980354309,
        "z": -0.41209930181503298
    },
    "endPos": {
        "x": -0.10417896509170532,
        "y": 4.0,
        "z": -1.0624446868896485
    }
}