{
    "_horizontalLines": 19.0,
    "_verticalLines": 19.0,
    "_radius": 0.052034419029951099,
    "_petalColour": {
        "r": 0.859799861907959,
        "g": 0.5826054215431213,
        "b": 0.5362177491188049,
        "a": 1.0
    },
    "_cylinderVertexCount": 10.0,
    "_stemRadius": 0.012961333617568016,
    "_leafCount": 8.0,
    "_edgeRingCount": 33.0,
    "startPos": {
        "x": 0.0,
        "y": 0.0,
        "z": 0.0
    },
    "tangent1": {
        "x": 0.23626351356506349,
        "y": 0.6833328008651733,
        "z": -0.19986887276172639
    },
    "tangent2": {
        "x": 0.6676077246665955,
        "y": 2.0186851024627687,
        "z": -0.22226881980895997
    },
    "endPos": {
        "x": 1.2098414897918702,
        "y": 4.314122200012207,
        "z": 0.020223766565322877
    }
}