{
    "_horizontalLines": 16.0,
    "_verticalLines": 19.0,
    "_radius": 0.11945898830890656,
    "_petalColour": {
        "r": 0.26528841257095339,
        "g": 0.03987288475036621,
        "b": 0.5475566983222961,
        "a": 1.0
    },
    "_cylinderVertexCount": 9.0,
    "_stemRadius": 0.09696927666664124,
    "_leafCount": 8.0,
    "_edgeRingCount": 16.0,
    "startPos": {
        "x": 0.0,
        "y": 0.0,
        "z": 0.0
    },
    "tangent1": {
        "x": -0.41095075011253359,
        "y": 0.5359639525413513,
        "z": -0.262601763010025
    },
    "tangent2": {
        "x": -0.7175180315971375,
        "y": 1.718386173248291,
        "z": -0.125736266374588
    },
    "endPos": {
        "x": -0.17091476917266847,
        "y": 5.033548831939697,
        "z": -0.8478858470916748
    }
}