{
    "_horizontalLines": 15.0,
    "_verticalLines": 18.0,
    "_radius": 0.08748681843280792,
    "_petalColour": {
        "r": 0.6198906302452087,
        "g": 0.4550066590309143,
        "b": 0.6690824031829834,
        "a": 1.0
    },
    "_cylinderVertexCount": 6.0,
    "_stemRadius": 0.055811118334531787,
    "_leafCount": 8.0,
    "_edgeRingCount": 12.0,
    "startPos": {
        "x": 0.0,
        "y": 0.0,
        "z": 0.0
    },
    "tangent1": {
        "x": -0.39590761065483096,
        "y": 0.20928363502025605,
        "z": -0.4614690840244293
    },
    "tangent2": {
        "x": -0.3415727913379669,
        "y": 2.0559916496276857,
        "z": -0.6460179686546326
    },
    "endPos": {
        "x": -1.0478904247283936,
        "y": 4.0,
        "z": -1.1420884132385255
    }
}