{
    "_horizontalLines": 19.0,
    "_verticalLines": 16.0,
    "_radius": 0.05841675028204918,
    "_petalColour": {
        "r": 0.3290775418281555,
        "g": 0.8787177801132202,
        "b": 0.09015333652496338,
        "a": 1.0
    },
    "_cylinderVertexCount": 10.0,
    "_stemRadius": 0.03191728889942169,
    "_leafCount": 8.0,
    "_edgeRingCount": 63.0,
    "startPos": {
        "x": 0.0,
        "y": 0.0,
        "z": 0.0
    },
    "tangent1": {
        "x": 0.45469656586647036,
        "y": 1.3893119096755982,
        "z": 0.3931157886981964
    },
    "tangent2": {
        "x": 0.02180558443069458,
        "y": 1.851243019104004,
        "z": 0.34593722224235537
    },
    "endPos": {
        "x": -0.6454508304595947,
        "y": 4.0,
        "z": -0.010990500450134278
    }
}