{
    "_horizontalLines": 17.0,
    "_verticalLines": 18.0,
    "_radius": 0.025681836530566217,
    "_petalColour": {
        "r": 0.3542099595069885,
        "g": 0.9189542531967163,
        "b": 0.11596322059631348,
        "a": 1.0
    },
    "_cylinderVertexCount": 10.0,
    "_stemRadius": 0.014525535516440869,
    "_leafCount": 8.0,
    "_edgeRingCount": 12.0,
    "startPos": {
        "x": 0.0,
        "y": 0.0,
        "z": 0.0
    },
    "tangent1": {
        "x": 0.21969914436340333,
        "y": 1.121843695640564,
        "z": 0.23237204551696778
    },
    "tangent2": {
        "x": -0.04882955551147461,
        "y": 2.798433780670166,
        "z": 0.24999837577342988
    },
    "endPos": {
        "x": -0.4765128195285797,
        "y": 4.0,
        "z": 0.9923184514045715
    }
}