{
    "_horizontalLines": 17.0,
    "_verticalLines": 19.0,
    "_radius": 0.10841677337884903,
    "_petalColour": {
        "r": 0.05390214920043945,
        "g": 0.08019304275512696,
        "b": 0.46349018812179568,
        "a": 1.0
    },
    "_cylinderVertexCount": 9.0,
    "_stemRadius": 0.07943432778120041,
    "_leafCount": 8.0,
    "_edgeRingCount": 7.0,
    "startPos": {
        "x": 0.0,
        "y": 0.0,
        "z": 0.0
    },
    "tangent1": {
        "x": -0.23821000754833222,
        "y": 1.5956443548202515,
        "z": -0.46179723739624026
    },
    "tangent2": {
        "x": -0.6283282041549683,
        "y": 3.3139357566833498,
        "z": -0.8543792963027954
    },
    "endPos": {
        "x": -0.7379405498504639,
        "y": 4.88279390335083,
        "z": -1.2080786228179932
    }
}