{
    "_horizontalLines": 18.0,
    "_verticalLines": 19.0,
    "_radius": 0.1398346871137619,
    "_petalColour": {
        "r": 0.28368455171585085,
        "g": 0.9782282114028931,
        "b": 0.8956599235534668,
        "a": 1.0
    },
    "_cylinderVertexCount": 9.0,
    "_stemRadius": 0.0936875119805336,
    "_leafCount": 8.0,
    "_edgeRingCount": 9.0,
    "startPos": {
        "x": 0.0,
        "y": 0.0,
        "z": 0.0
    },
    "tangent1": {
        "x": 0.2753572463989258,
        "y": 0.5270240902900696,
        "z": 0.11701588332653046
    },
    "tangent2": {
        "x": 0.5240123271942139,
        "y": 0.8490686416625977,
        "z": 0.5952991843223572
    },
    "endPos": {
        "x": 0.7462571859359741,
        "y": 4.0,
        "z": -0.1870301365852356
    }
}