{
    "_horizontalLines": 19.0,
    "_verticalLines": 15.0,
    "_radius": 0.03981269523501396,
    "_petalColour": {
        "r": 0.3123721480369568,
        "g": 0.7254091501235962,
        "b": 0.6244212985038757,
        "a": 1.0
    },
    "_cylinderVertexCount": 5.0,
    "_stemRadius": 0.03431332856416702,
    "_leafCount": 8.0,
    "_edgeRingCount": 18.0,
    "startPos": {
        "x": 0.0,
        "y": 0.0,
        "z": 0.0
    },
    "tangent1": {
        "x": 0.3544607162475586,
        "y": 0.48114854097366335,
        "z": 0.050878096371889117
    },
    "tangent2": {
        "x": 0.8181846141815186,
        "y": 2.4560043811798097,
        "z": 0.10687599331140518
    },
    "endPos": {
        "x": 1.2221325635910035,
        "y": 4.0,
        "z": -0.13309061527252198
    }
}