{
    "_horizontalLines": 15.0,
    "_verticalLines": 15.0,
    "_radius": 0.05328927934169769,
    "_petalColour": {
        "r": 0.6773778200149536,
        "g": 0.4658249020576477,
        "b": 0.11636173725128174,
        "a": 1.0
    },
    "_cylinderVertexCount": 6.0,
    "_stemRadius": 0.05094562843441963,
    "_leafCount": 8.0,
    "_edgeRingCount": 52.0,
    "startPos": {
        "x": 0.0,
        "y": 0.0,
        "z": 0.0
    },
    "tangent1": {
        "x": 0.05918579176068306,
        "y": 1.3184051513671876,
        "z": 0.1785871833562851
    },
    "tangent2": {
        "x": 0.33540087938308718,
        "y": 2.171677827835083,
        "z": 0.5497040152549744
    },
    "endPos": {
        "x": -0.3033168315887451,
        "y": 4.0,
        "z": 0.18466320633888246
    }
}