{
    "_horizontalLines": 16.0,
    "_verticalLines": 18.0,
    "_radius": 0.06501373648643494,
    "_petalColour": {
        "r": 0.4962102770805359,
        "g": 0.3998120427131653,
        "b": 0.8181846141815186,
        "a": 1.0
    },
    "_cylinderVertexCount": 14.0,
    "_stemRadius": 0.04849770665168762,
    "_leafCount": 8.0,
    "_edgeRingCount": 64.0,
    "startPos": {
        "x": 0.0,
        "y": 0.0,
        "z": 0.0
    },
    "tangent1": {
        "x": -0.37445202469825747,
        "y": 0.369828999042511,
        "z": -0.04630870744585991
    },
    "tangent2": {
        "x": 0.044225871562957767,
        "y": 2.201986789703369,
        "z": -0.517989456653595
    },
    "endPos": {
        "x": 0.6835222244262695,
        "y": 4.0,
        "z": -0.6068658828735352
    }
}