{
    "_horizontalLines": 19.0,
    "_verticalLines": 17.0,
    "_radius": 0.039266835898160937,
    "_petalColour": {
        "r": 0.794701099395752,
        "g": 0.05060780048370361,
        "b": 0.3092370629310608,
        "a": 1.0
    },
    "_cylinderVertexCount": 10.0,
    "_stemRadius": 0.028448384255170823,
    "_leafCount": 8.0,
    "_edgeRingCount": 5.0,
    "startPos": {
        "x": 0.0,
        "y": 0.0,
        "z": 0.0
    },
    "tangent1": {
        "x": 0.0006659507635049522,
        "y": 0.549196183681488,
        "z": -0.4633750915527344
    },
    "tangent2": {
        "x": -0.3097936511039734,
        "y": 0.8676774501800537,
        "z": -0.5459983944892883
    },
    "endPos": {
        "x": -0.1764277070760727,
        "y": 4.0,
        "z": -0.9022495746612549
    }
}