{
    "_horizontalLines": 15.0,
    "_verticalLines": 19.0,
    "_radius": 0.11469925940036774,
    "_petalColour": {
        "r": 0.45868390798568728,
        "g": 0.9504083395004273,
        "b": 0.47291094064712527,
        "a": 1.0
    },
    "_cylinderVertexCount": 14.0,
    "_stemRadius": 0.08242538571357727,
    "_leafCount": 8.0,
    "_edgeRingCount": 25.0,
    "startPos": {
        "x": 0.0,
        "y": 0.0,
        "z": 0.0
    },
    "tangent1": {
        "x": 0.0712318867444992,
        "y": 1.8218040466308594,
        "z": -0.4227706789970398
    },
    "tangent2": {
        "x": 0.13164901733398438,
        "y": 2.037907361984253,
        "z": -0.2983365058898926
    },
    "endPos": {
        "x": 0.23666468262672425,
        "y": 4.0,
        "z": 0.502425491809845
    }
}