{
    "_horizontalLines": 16.0,
    "_verticalLines": 18.0,
    "_radius": 0.09944044053554535,
    "_petalColour": {
        "r": 0.10404741764068604,
        "g": 0.15209972858428956,
        "b": 0.3883252739906311,
        "a": 1.0
    },
    "_cylinderVertexCount": 11.0,
    "_stemRadius": 0.07209637761116028,
    "_leafCount": 8.0,
    "_edgeRingCount": 32.0,
    "startPos": {
        "x": 0.0,
        "y": 0.0,
        "z": 0.0
    },
    "tangent1": {
        "x": 0.0037550448905676605,
        "y": 1.4602683782577515,
        "z": -0.43133553862571719
    },
    "tangent2": {
        "x": 0.4806002974510193,
        "y": 2.1520273685455324,
        "z": -0.614321768283844
    },
    "endPos": {
        "x": 1.0332074165344239,
        "y": 4.958951473236084,
        "z": 0.09850096702575684
    }
}