{
    "_horizontalLines": 17.0,
    "_verticalLines": 19.0,
    "_radius": 0.03304878622293472,
    "_petalColour": {
        "r": 0.7736731767654419,
        "g": 0.11907482147216797,
        "b": 0.7657498121261597,
        "a": 1.0
    },
    "_cylinderVertexCount": 14.0,
    "_stemRadius": 0.03209725394845009,
    "_leafCount": 8.0,
    "_edgeRingCount": 48.0,
    "startPos": {
        "x": 0.0,
        "y": 0.0,
        "z": 0.0
    },
    "tangent1": {
        "x": 0.24395787715911866,
        "y": 0.47149962186813357,
        "z": -0.07825513184070587
    },
    "tangent2": {
        "x": 0.7288509011268616,
        "y": 0.8516845703125,
        "z": -0.5282006859779358
    },
    "endPos": {
        "x": 0.4147014319896698,
        "y": 4.0,
        "z": -0.039393603801727298
    }
}