{
    "_horizontalLines": 16.0,
    "_verticalLines": 15.0,
    "_radius": 0.08261191099882126,
    "_petalColour": {
        "r": 0.17030084133148194,
        "g": 0.3177803158760071,
        "b": 0.053801774978637698,
        "a": 1.0
    },
    "_cylinderVertexCount": 11.0,
    "_stemRadius": 0.07369448244571686,
    "_leafCount": 8.0,
    "_edgeRingCount": 61.0,
    "startPos": {
        "x": 0.0,
        "y": 0.0,
        "z": 0.0
    },
    "tangent1": {
        "x": 0.21316075325012208,
        "y": 1.9066877365112305,
        "z": -0.3531794548034668
    },
    "tangent2": {
        "x": 0.43952953815460207,
        "y": 3.856045722961426,
        "z": 0.10120129585266113
    },
    "endPos": {
        "x": -0.05830186605453491,
        "y": 6.300000190734863,
        "z": 0.41230419278144839
    }
}