{
    "_horizontalLines": 18.0,
    "_verticalLines": 19.0,
    "_radius": 0.1052900105714798,
    "_petalColour": {
        "r": 0.9515379667282105,
        "g": 0.4505234360694885,
        "b": 0.05661821365356445,
        "a": 1.0
    },
    "_cylinderVertexCount": 12.0,
    "_stemRadius": 0.09786314517259598,
    "_leafCount": 8.0,
    "_edgeRingCount": 50.0,
    "startPos": {
        "x": 0.0,
        "y": 0.0,
        "z": 0.0
    },
    "tangent1": {
        "x": -0.2544536590576172,
        "y": 1.7715495824813843,
        "z": 0.07495756447315216
    },
    "tangent2": {
        "x": 0.034783363342285159,
        "y": 3.540891647338867,
        "z": -0.3585892915725708
    },
    "endPos": {
        "x": 0.6122318506240845,
        "y": 5.550262451171875,
        "z": -0.47762036323547366
    }
}