{
    "_horizontalLines": 18.0,
    "_verticalLines": 19.0,
    "_radius": 0.07219894230365753,
    "_petalColour": {
        "r": 0.0032426118850708009,
        "g": 0.82220458984375,
        "b": 0.22239911556243897,
        "a": 1.0
    },
    "_cylinderVertexCount": 9.0,
    "_stemRadius": 0.05671717971563339,
    "_leafCount": 8.0,
    "_edgeRingCount": 8.0,
    "startPos": {
        "x": 0.0,
        "y": 0.0,
        "z": 0.0
    },
    "tangent1": {
        "x": -0.2818688452243805,
        "y": 0.05857868120074272,
        "z": -0.25882792472839358
    },
    "tangent2": {
        "x": -0.5092377066612244,
        "y": 0.7594327926635742,
        "z": -0.7202709913253784
    },
    "endPos": {
        "x": -0.11256375908851624,
        "y": 4.0,
        "z": 0.05260467529296875
    }
}