{
    "_horizontalLines": 19.0,
    "_verticalLines": 18.0,
    "_radius": 0.10984841734170914,
    "_petalColour": {
        "r": 0.3448489308357239,
        "g": 0.16848230361938477,
        "b": 0.8506635427474976,
        "a": 1.0
    },
    "_cylinderVertexCount": 14.0,
    "_stemRadius": 0.07956727594137192,
    "_leafCount": 8.0,
    "_edgeRingCount": 7.0,
    "startPos": {
        "x": 0.0,
        "y": 0.0,
        "z": 0.0
    },
    "tangent1": {
        "x": -0.0888548344373703,
        "y": 1.1809180974960328,
        "z": 0.08882932364940644
    },
    "tangent2": {
        "x": 0.35590660572052,
        "y": 2.2968668937683107,
        "z": 0.3935459852218628
    },
    "endPos": {
        "x": 0.4093598425388336,
        "y": 4.7811360359191898,
        "z": 1.038147211074829
    }
}