{
    "_horizontalLines": 15.0,
    "_verticalLines": 18.0,
    "_radius": 0.12889106571674348,
    "_petalColour": {
        "r": 0.7234690189361572,
        "g": 0.29518991708755495,
        "b": 0.5816686749458313,
        "a": 1.0
    },
    "_cylinderVertexCount": 8.0,
    "_stemRadius": 0.09138583391904831,
    "_leafCount": 8.0,
    "_edgeRingCount": 19.0,
    "startPos": {
        "x": 0.0,
        "y": 0.0,
        "z": 0.0
    },
    "tangent1": {
        "x": -0.4375993609428406,
        "y": 1.2170990705490113,
        "z": 0.0470154769718647
    },
    "tangent2": {
        "x": -0.40047895908355715,
        "y": 2.005460500717163,
        "z": 0.3939897418022156
    },
    "endPos": {
        "x": -1.0594689846038819,
        "y": 4.9223432540893559,
        "z": 0.6484076976776123
    }
}