{
    "_horizontalLines": 17.0,
    "_verticalLines": 15.0,
    "_radius": 0.1030350923538208,
    "_petalColour": {
        "r": 0.7047510147094727,
        "g": 0.6918866634368897,
        "b": 0.12131309509277344,
        "a": 1.0
    },
    "_cylinderVertexCount": 8.0,
    "_stemRadius": 0.0875430554151535,
    "_leafCount": 8.0,
    "_edgeRingCount": 61.0,
    "startPos": {
        "x": 0.0,
        "y": 0.0,
        "z": 0.0
    },
    "tangent1": {
        "x": 0.06301645934581757,
        "y": 0.9334583282470703,
        "z": -0.03814892843365669
    },
    "tangent2": {
        "x": -0.37176263332366946,
        "y": 1.5737571716308594,
        "z": 0.04464283213019371
    },
    "endPos": {
        "x": -1.0456132888793946,
        "y": 4.0630388259887699,
        "z": -0.7796047329902649
    }
}