{
    "_horizontalLines": 16.0,
    "_verticalLines": 16.0,
    "_radius": 0.13012218475341798,
    "_petalColour": {
        "r": 0.3520299792289734,
        "g": 0.7756862640380859,
        "b": 0.5647916197776794,
        "a": 1.0
    },
    "_cylinderVertexCount": 9.0,
    "_stemRadius": 0.11557228863239289,
    "_leafCount": 8.0,
    "_edgeRingCount": 41.0,
    "startPos": {
        "x": 0.0,
        "y": 0.0,
        "z": 0.0
    },
    "tangent1": {
        "x": -0.4271463453769684,
        "y": 1.6969153881072999,
        "z": 0.04081587865948677
    },
    "tangent2": {
        "x": -0.3734024465084076,
        "y": 2.2780416011810304,
        "z": -0.1910056173801422
    },
    "endPos": {
        "x": -0.4720457196235657,
        "y": 5.1060709953308109,
        "z": -0.13042587041854859
    }
}