{
    "_horizontalLines": 17.0,
    "_verticalLines": 19.0,
    "_radius": 0.07182423770427704,
    "_petalColour": {
        "r": 0.5589390397071838,
        "g": 0.8049231767654419,
        "b": 0.8417646884918213,
        "a": 1.0
    },
    "_cylinderVertexCount": 8.0,
    "_stemRadius": 0.0699358731508255,
    "_leafCount": 8.0,
    "_edgeRingCount": 25.0,
    "startPos": {
        "x": 0.0,
        "y": 0.0,
        "z": 0.0
    },
    "tangent1": {
        "x": -0.42962607741355898,
        "y": 0.9901628494262695,
        "z": -0.2294451743364334
    },
    "tangent2": {
        "x": -0.20510157942771913,
        "y": 1.827564001083374,
        "z": 0.14121370017528535
    },
    "endPos": {
        "x": 0.2967654764652252,
        "y": 4.0,
        "z": 0.9091191291809082
    }
}