{
    "_horizontalLines": 17.0,
    "_verticalLines": 15.0,
    "_radius": 0.13441291451454163,
    "_petalColour": {
        "r": 0.4609612822532654,
        "g": 0.7236652374267578,
        "b": 0.6934143304824829,
        "a": 1.0
    },
    "_cylinderVertexCount": 6.0,
    "_stemRadius": 0.10736587643623352,
    "_leafCount": 8.0,
    "_edgeRingCount": 22.0,
    "startPos": {
        "x": 0.0,
        "y": 0.0,
        "z": 0.0
    },
    "tangent1": {
        "x": 0.18828891217708589,
        "y": 0.3858272433280945,
        "z": 0.3916071653366089
    },
    "tangent2": {
        "x": 0.5116485953330994,
        "y": 1.7537341117858887,
        "z": 0.6174626350402832
    },
    "endPos": {
        "x": 0.6799948811531067,
        "y": 4.0,
        "z": 1.4671008586883546
    }
}