{
    "_horizontalLines": 15.0,
    "_verticalLines": 19.0,
    "_radius": 0.1637648344039917,
    "_petalColour": {
        "r": 0.9529649019241333,
        "g": 0.8928723335266113,
        "b": 0.6467097997665405,
        "a": 1.0
    },
    "_cylinderVertexCount": 10.0,
    "_stemRadius": 0.11669562757015228,
    "_leafCount": 8.0,
    "_edgeRingCount": 47.0,
    "startPos": {
        "x": 0.0,
        "y": 0.0,
        "z": 0.0
    },
    "tangent1": {
        "x": -0.13171644508838654,
        "y": 1.7775169610977173,
        "z": -0.24312587082386018
    },
    "tangent2": {
        "x": 0.176014706492424,
        "y": 1.8497246503829957,
        "z": 0.19023270905017854
    },
    "endPos": {
        "x": 0.7191419005393982,
        "y": 4.0,
        "z": -0.2514389157295227
    }
}