{
    "_horizontalLines": 19.0,
    "_verticalLines": 17.0,
    "_radius": 0.039585839956998828,
    "_petalColour": {
        "r": 0.6079426407814026,
        "g": 0.000012993812561035156,
        "b": 0.7311608791351318,
        "a": 1.0
    },
    "_cylinderVertexCount": 8.0,
    "_stemRadius": 0.0017936736112460495,
    "_leafCount": 8.0,
    "_edgeRingCount": 51.0,
    "startPos": {
        "x": 0.0,
        "y": 0.0,
        "z": 0.0
    },
    "tangent1": {
        "x": -0.10762925446033478,
        "y": 1.1086677312850953,
        "z": 0.443704217672348
    },
    "tangent2": {
        "x": -0.05997777357697487,
        "y": 2.044926166534424,
        "z": 0.23322848975658418
    },
    "endPos": {
        "x": 0.44660383462905886,
        "y": 4.233800411224365,
        "z": -0.1478828638792038
    }
}