{
    "_horizontalLines": 19.0,
    "_verticalLines": 18.0,
    "_radius": 0.0303299892693758,
    "_petalColour": {
        "r": 0.24118268489837647,
        "g": 0.0061380863189697269,
        "b": 0.005164742469787598,
        "a": 1.0
    },
    "_cylinderVertexCount": 10.0,
    "_stemRadius": 0.010171928443014622,
    "_leafCount": 8.0,
    "_edgeRingCount": 46.0,
    "startPos": {
        "x": 0.0,
        "y": 0.0,
        "z": 0.0
    },
    "tangent1": {
        "x": 0.2700909376144409,
        "y": 1.914215087890625,
        "z": -0.004836750216782093
    },
    "tangent2": {
        "x": 0.21480266749858857,
        "y": 3.3306026458740236,
        "z": 0.061542753130197528
    },
    "endPos": {
        "x": 0.39518779516220095,
        "y": 6.300000190734863,
        "z": 0.6415460109710693
    }
}