{
    "_horizontalLines": 19.0,
    "_verticalLines": 16.0,
    "_radius": 0.04839435592293739,
    "_petalColour": {
        "r": 0.6770154237747192,
        "g": 0.47922056913375857,
        "b": 0.39775973558425906,
        "a": 1.0
    },
    "_cylinderVertexCount": 9.0,
    "_stemRadius": 0.03469286113977432,
    "_leafCount": 8.0,
    "_edgeRingCount": 6.0,
    "startPos": {
        "x": 0.0,
        "y": 0.0,
        "z": 0.0
    },
    "tangent1": {
        "x": -0.10938028991222382,
        "y": 1.987358808517456,
        "z": 0.3132138252258301
    },
    "tangent2": {
        "x": -0.18359065055847169,
        "y": 2.2310781478881838,
        "z": 0.13826541602611543
    },
    "endPos": {
        "x": 0.15485265851020814,
        "y": 4.0,
        "z": 0.9496077299118042
    }
}