{
    "_horizontalLines": 19.0,
    "_verticalLines": 18.0,
    "_radius": 0.07974801957607269,
    "_petalColour": {
        "r": 0.11197292804718018,
        "g": 0.9289695024490356,
        "b": 0.6779074668884277,
        "a": 1.0
    },
    "_cylinderVertexCount": 11.0,
    "_stemRadius": 0.04881377890706062,
    "_leafCount": 8.0,
    "_edgeRingCount": 15.0,
    "startPos": {
        "x": 0.0,
        "y": 0.0,
        "z": 0.0
    },
    "tangent1": {
        "x": -0.24966411292552949,
        "y": 1.8197075128555298,
        "z": -0.3130126893520355
    },
    "tangent2": {
        "x": -0.6822898983955383,
        "y": 2.7448954582214357,
        "z": -0.42920953035354617
    },
    "endPos": {
        "x": -0.36499878764152529,
        "y": 4.19008731842041,
        "z": -0.81803297996521
    }
}