{
    "_horizontalLines": 18.0,
    "_verticalLines": 15.0,
    "_radius": 0.09125019609928131,
    "_petalColour": {
        "r": 0.2359405755996704,
        "g": 0.7604714632034302,
        "b": 0.1492370367050171,
        "a": 1.0
    },
    "_cylinderVertexCount": 8.0,
    "_stemRadius": 0.0891285166144371,
    "_leafCount": 8.0,
    "_edgeRingCount": 23.0,
    "startPos": {
        "x": 0.0,
        "y": 0.0,
        "z": 0.0
    },
    "tangent1": {
        "x": 0.22376000881195069,
        "y": 1.411786675453186,
        "z": 0.467646986246109
    },
    "tangent2": {
        "x": 0.19496209919452668,
        "y": 2.9988036155700685,
        "z": 0.5277858972549439
    },
    "endPos": {
        "x": 0.2990531921386719,
        "y": 4.0,
        "z": -0.20480865240097047
    }
}