{
    "_horizontalLines": 18.0,
    "_verticalLines": 18.0,
    "_radius": 0.09193667024374008,
    "_petalColour": {
        "r": 0.012177824974060059,
        "g": 0.09993875026702881,
        "b": 0.0031946897506713869,
        "a": 1.0
    },
    "_cylinderVertexCount": 6.0,
    "_stemRadius": 0.08872140944004059,
    "_leafCount": 8.0,
    "_edgeRingCount": 40.0,
    "startPos": {
        "x": 0.0,
        "y": 0.0,
        "z": 0.0
    },
    "tangent1": {
        "x": 0.42377081513404848,
        "y": 1.8639659881591797,
        "z": 0.45393189787864687
    },
    "tangent2": {
        "x": -0.03909271955490112,
        "y": 3.361156463623047,
        "z": 0.502500593662262
    },
    "endPos": {
        "x": -0.413691908121109,
        "y": 4.0,
        "z": 0.439171701669693
    }
}