{
    "_horizontalLines": 15.0,
    "_verticalLines": 15.0,
    "_radius": 0.07927829027175904,
    "_petalColour": {
        "r": 0.6887342929840088,
        "g": 0.4738549590110779,
        "b": 0.006352066993713379,
        "a": 1.0
    },
    "_cylinderVertexCount": 14.0,
    "_stemRadius": 0.07128968834877014,
    "_leafCount": 8.0,
    "_edgeRingCount": 44.0,
    "startPos": {
        "x": 0.0,
        "y": 0.0,
        "z": 0.0
    },
    "tangent1": {
        "x": 0.03203554078936577,
        "y": 1.5375761985778809,
        "z": 0.49904975295066836
    },
    "tangent2": {
        "x": -0.43872156739234927,
        "y": 2.9490904808044435,
        "z": 0.8977643847465515
    },
    "endPos": {
        "x": -0.5899363160133362,
        "y": 5.576789855957031,
        "z": 1.3427879810333253
    }
}