{
    "_horizontalLines": 19.0,
    "_verticalLines": 19.0,
    "_radius": 0.03102320432662964,
    "_petalColour": {
        "r": 0.8461095094680786,
        "g": 0.8042967319488525,
        "b": 0.5369352698326111,
        "a": 1.0
    },
    "_cylinderVertexCount": 14.0,
    "_stemRadius": 0.004940068814903498,
    "_leafCount": 8.0,
    "_edgeRingCount": 32.0,
    "startPos": {
        "x": 0.0,
        "y": 0.0,
        "z": 0.0
    },
    "tangent1": {
        "x": -0.12746720016002656,
        "y": 0.5030221343040466,
        "z": 0.357862263917923
    },
    "tangent2": {
        "x": 0.1469171792268753,
        "y": 2.1177544593811037,
        "z": 0.4188757836818695
    },
    "endPos": {
        "x": -0.47591787576675417,
        "y": 5.355690956115723,
        "z": 0.9489022493362427
    }
}