{
    "_horizontalLines": 16.0,
    "_verticalLines": 16.0,
    "_radius": 0.09725926071405411,
    "_petalColour": {
        "r": 0.8269363641738892,
        "g": 0.350857675075531,
        "b": 0.6232079863548279,
        "a": 1.0
    },
    "_cylinderVertexCount": 10.0,
    "_stemRadius": 0.05469856783747673,
    "_leafCount": 8.0,
    "_edgeRingCount": 22.0,
    "startPos": {
        "x": 0.0,
        "y": 0.0,
        "z": 0.0
    },
    "tangent1": {
        "x": -0.12100295722484589,
        "y": 0.6393882632255554,
        "z": 0.39328649640083315
    },
    "tangent2": {
        "x": 0.29953157901763918,
        "y": 0.9618864059448242,
        "z": 0.883945643901825
    },
    "endPos": {
        "x": -0.391520619392395,
        "y": 4.0,
        "z": 1.674566388130188
    }
}