{
    "_horizontalLines": 19.0,
    "_verticalLines": 15.0,
    "_radius": 0.01385973859578371,
    "_petalColour": {
        "r": 0.7167240381240845,
        "g": 0.3326520323753357,
        "b": 0.5027222037315369,
        "a": 1.0
    },
    "_cylinderVertexCount": 12.0,
    "_stemRadius": 0.007558116223663092,
    "_leafCount": 8.0,
    "_edgeRingCount": 9.0,
    "startPos": {
        "x": 0.0,
        "y": 0.0,
        "z": 0.0
    },
    "tangent1": {
        "x": 0.0014417648781090975,
        "y": 0.04914207383990288,
        "z": -0.44823750853538515
    },
    "tangent2": {
        "x": 0.5011304616928101,
        "y": 0.09776687622070313,
        "z": -0.4110153019428253
    },
    "endPos": {
        "x": -0.36300116777420046,
        "y": 4.0,
        "z": -0.985222339630127
    }
}