{
    "_horizontalLines": 15.0,
    "_verticalLines": 19.0,
    "_radius": 0.0678473562002182,
    "_petalColour": {
        "r": 0.8591923713684082,
        "g": 0.5459138751029968,
        "b": 0.0436098575592041,
        "a": 1.0
    },
    "_cylinderVertexCount": 14.0,
    "_stemRadius": 0.06150185316801071,
    "_leafCount": 8.0,
    "_edgeRingCount": 58.0,
    "startPos": {
        "x": 0.0,
        "y": 0.0,
        "z": 0.0
    },
    "tangent1": {
        "x": -0.27724209427833559,
        "y": 1.7308822870254517,
        "z": 0.29130125045776369
    },
    "tangent2": {
        "x": -0.6619933247566223,
        "y": 2.339418888092041,
        "z": 0.03735169768333435
    },
    "endPos": {
        "x": 0.1358378529548645,
        "y": 4.10575008392334,
        "z": 0.4094717800617218
    }
}