{
    "_horizontalLines": 16.0,
    "_verticalLines": 17.0,
    "_radius": 0.06555086374282837,
    "_petalColour": {
        "r": 0.32812732458114626,
        "g": 0.4139325022697449,
        "b": 0.8532909154891968,
        "a": 1.0
    },
    "_cylinderVertexCount": 5.0,
    "_stemRadius": 0.051448121666908267,
    "_leafCount": 8.0,
    "_edgeRingCount": 37.0,
    "startPos": {
        "x": 0.0,
        "y": 0.0,
        "z": 0.0
    },
    "tangent1": {
        "x": 0.10523219406604767,
        "y": 0.8153223991394043,
        "z": -0.2132275551557541
    },
    "tangent2": {
        "x": 0.10530772805213928,
        "y": 2.6778299808502199,
        "z": 0.24422626197338105
    },
    "endPos": {
        "x": 0.189039945602417,
        "y": 5.223461151123047,
        "z": 0.36633679270744326
    }
}