{
    "_horizontalLines": 17.0,
    "_verticalLines": 18.0,
    "_radius": 0.13990230858325959,
    "_petalColour": {
        "r": 0.4680432677268982,
        "g": 0.9032405614852905,
        "b": 0.3609209656715393,
        "a": 1.0
    },
    "_cylinderVertexCount": 7.0,
    "_stemRadius": 0.09682394564151764,
    "_leafCount": 8.0,
    "_edgeRingCount": 4.0,
    "startPos": {
        "x": 0.0,
        "y": 0.0,
        "z": 0.0
    },
    "tangent1": {
        "x": -0.27113795280456545,
        "y": 1.8579730987548829,
        "z": -0.31982317566871645
    },
    "tangent2": {
        "x": -0.7450301647186279,
        "y": 3.605299711227417,
        "z": -0.5452002882957459
    },
    "endPos": {
        "x": -0.47243592143058779,
        "y": 4.0,
        "z": -0.14018017053604127
    }
}