{
    "_horizontalLines": 18.0,
    "_verticalLines": 16.0,
    "_radius": 0.09117111563682556,
    "_petalColour": {
        "r": 0.18020415306091309,
        "g": 0.5307402014732361,
        "b": 0.40320807695388796,
        "a": 1.0
    },
    "_cylinderVertexCount": 5.0,
    "_stemRadius": 0.07948629558086395,
    "_leafCount": 8.0,
    "_edgeRingCount": 37.0,
    "startPos": {
        "x": 0.0,
        "y": 0.0,
        "z": 0.0
    },
    "tangent1": {
        "x": 0.12575995922088624,
        "y": 0.30875569581985476,
        "z": -0.3029881417751312
    },
    "tangent2": {
        "x": -0.3147317171096802,
        "y": 1.6895625591278077,
        "z": -0.4980696439743042
    },
    "endPos": {
        "x": -0.6634007692337036,
        "y": 4.0,
        "z": 0.36923640966415408
    }
}