{
    "_horizontalLines": 18.0,
    "_verticalLines": 16.0,
    "_radius": 0.06443043798208237,
    "_petalColour": {
        "r": 0.8096725940704346,
        "g": 0.8452578783035278,
        "b": 0.521020233631134,
        "a": 1.0
    },
    "_cylinderVertexCount": 14.0,
    "_stemRadius": 0.04812329262495041,
    "_leafCount": 8.0,
    "_edgeRingCount": 62.0,
    "startPos": {
        "x": 0.0,
        "y": 0.0,
        "z": 0.0
    },
    "tangent1": {
        "x": 0.20655226707458497,
        "y": 1.9419769048690797,
        "z": -0.2599063813686371
    },
    "tangent2": {
        "x": -0.009761765599250794,
        "y": 3.912743330001831,
        "z": -0.6031676530838013
    },
    "endPos": {
        "x": 0.16709843277931214,
        "y": 6.300000190734863,
        "z": -0.7585616707801819
    }
}