{
    "_horizontalLines": 19.0,
    "_verticalLines": 16.0,
    "_radius": 0.07677515596151352,
    "_petalColour": {
        "r": 0.6340981721878052,
        "g": 0.4500485062599182,
        "b": 0.8301526308059692,
        "a": 1.0
    },
    "_cylinderVertexCount": 8.0,
    "_stemRadius": 0.0476246252655983,
    "_leafCount": 8.0,
    "_edgeRingCount": 49.0,
    "startPos": {
        "x": 0.0,
        "y": 0.0,
        "z": 0.0
    },
    "tangent1": {
        "x": 0.08665041625499726,
        "y": 0.9101932644844055,
        "z": 0.32743263244628909
    },
    "tangent2": {
        "x": -0.20474548637866975,
        "y": 0.9643417596817017,
        "z": 0.0628003180027008
    },
    "endPos": {
        "x": 0.3229931592941284,
        "y": 4.44120454788208,
        "z": -0.5935401916503906
    }
}