{
    "_horizontalLines": 18.0,
    "_verticalLines": 18.0,
    "_radius": 0.05996470898389816,
    "_petalColour": {
        "r": 0.12751853466033936,
        "g": 0.24285173416137696,
        "b": 0.8349927663803101,
        "a": 1.0
    },
    "_cylinderVertexCount": 9.0,
    "_stemRadius": 0.02438613399863243,
    "_leafCount": 8.0,
    "_edgeRingCount": 3.0,
    "startPos": {
        "x": 0.0,
        "y": 0.0,
        "z": 0.0
    },
    "tangent1": {
        "x": -0.4767712652683258,
        "y": 0.12782935798168183,
        "z": -0.04537181928753853
    },
    "tangent2": {
        "x": -0.5488599538803101,
        "y": 2.090610980987549,
        "z": -0.10633063316345215
    },
    "endPos": {
        "x": -1.004980206489563,
        "y": 4.847986221313477,
        "z": -0.0583859421312809
    }
}