{
    "_horizontalLines": 19.0,
    "_verticalLines": 18.0,
    "_radius": 0.1070554107427597,
    "_petalColour": {
        "r": 0.8016922473907471,
        "g": 0.3018881678581238,
        "b": 0.4360044598579407,
        "a": 1.0
    },
    "_cylinderVertexCount": 10.0,
    "_stemRadius": 0.08563020080327988,
    "_leafCount": 8.0,
    "_edgeRingCount": 42.0,
    "startPos": {
        "x": 0.0,
        "y": 0.0,
        "z": 0.0
    },
    "tangent1": {
        "x": -0.11425919830799103,
        "y": 0.6813514828681946,
        "z": -0.30290937423706057
    },
    "tangent2": {
        "x": 0.19797967374324799,
        "y": 0.9680252075195313,
        "z": 0.05057916045188904
    },
    "endPos": {
        "x": -0.18546192348003388,
        "y": 4.0,
        "z": 0.09399420022964478
    }
}