{
    "_horizontalLines": 19.0,
    "_verticalLines": 15.0,
    "_radius": 0.08813492953777313,
    "_petalColour": {
        "r": 0.340750515460968,
        "g": 0.3161153197288513,
        "b": 0.5287098288536072,
        "a": 1.0
    },
    "_cylinderVertexCount": 11.0,
    "_stemRadius": 0.05819137021899223,
    "_leafCount": 8.0,
    "_edgeRingCount": 7.0,
    "startPos": {
        "x": 0.0,
        "y": 0.0,
        "z": 0.0
    },
    "tangent1": {
        "x": -0.23454852402210236,
        "y": 1.7707271575927735,
        "z": -0.34717199206352236
    },
    "tangent2": {
        "x": -0.24515867233276368,
        "y": 2.453690767288208,
        "z": -0.816208004951477
    },
    "endPos": {
        "x": -0.12364561855792999,
        "y": 4.025817394256592,
        "z": -1.4090352058410645
    }
}