{
    "_horizontalLines": 17.0,
    "_verticalLines": 16.0,
    "_radius": 0.06684928387403488,
    "_petalColour": {
        "r": 0.6756941080093384,
        "g": 0.3554695248603821,
        "b": 0.33163124322891238,
        "a": 1.0
    },
    "_cylinderVertexCount": 5.0,
    "_stemRadius": 0.043811824172735217,
    "_leafCount": 8.0,
    "_edgeRingCount": 19.0,
    "startPos": {
        "x": 0.0,
        "y": 0.0,
        "z": 0.0
    },
    "tangent1": {
        "x": -0.3538673222064972,
        "y": 0.3232477307319641,
        "z": -0.00699539203196764
    },
    "tangent2": {
        "x": -0.6486346125602722,
        "y": 1.882232904434204,
        "z": 0.39221638441085818
    },
    "endPos": {
        "x": -0.4941760301589966,
        "y": 4.6304192543029789,
        "z": -0.18104439973831178
    }
}