{
    "_horizontalLines": 17.0,
    "_verticalLines": 18.0,
    "_radius": 0.0570116825401783,
    "_petalColour": {
        "r": 0.18092668056488038,
        "g": 0.7483121156692505,
        "b": 0.11900806427001953,
        "a": 1.0
    },
    "_cylinderVertexCount": 7.0,
    "_stemRadius": 0.015619116835296154,
    "_leafCount": 8.0,
    "_edgeRingCount": 16.0,
    "startPos": {
        "x": 0.0,
        "y": 0.0,
        "z": 0.0
    },
    "tangent1": {
        "x": -0.28732070326805117,
        "y": 1.3904914855957032,
        "z": 0.46451815962791445
    },
    "tangent2": {
        "x": -0.25730422139167788,
        "y": 1.460625410079956,
        "z": 0.08528375625610352
    },
    "endPos": {
        "x": 0.02866208553314209,
        "y": 4.0,
        "z": 0.09398797899484635
    }
}