{
    "_horizontalLines": 15.0,
    "_verticalLines": 16.0,
    "_radius": 0.10266093909740448,
    "_petalColour": {
        "r": 0.1081080436706543,
        "g": 0.6096366047859192,
        "b": 0.49764806032180788,
        "a": 1.0
    },
    "_cylinderVertexCount": 14.0,
    "_stemRadius": 0.08471474796533585,
    "_leafCount": 8.0,
    "_edgeRingCount": 21.0,
    "startPos": {
        "x": 0.0,
        "y": 0.0,
        "z": 0.0
    },
    "tangent1": {
        "x": 0.3623391091823578,
        "y": 1.8937339782714844,
        "z": -0.17922468483448029
    },
    "tangent2": {
        "x": 0.3602663576602936,
        "y": 2.1687252521514894,
        "z": 0.07571761310100556
    },
    "endPos": {
        "x": 0.24696193635463715,
        "y": 4.032074928283691,
        "z": 0.7087695002555847
    }
}