{
    "_horizontalLines": 15.0,
    "_verticalLines": 17.0,
    "_radius": 0.06277232617139816,
    "_petalColour": {
        "r": 0.9916300773620606,
        "g": 0.3129783272743225,
        "b": 0.9554218053817749,
        "a": 1.0
    },
    "_cylinderVertexCount": 5.0,
    "_stemRadius": 0.03167501837015152,
    "_leafCount": 8.0,
    "_edgeRingCount": 13.0,
    "startPos": {
        "x": 0.0,
        "y": 0.0,
        "z": 0.0
    },
    "tangent1": {
        "x": -0.49882498383522036,
        "y": 1.8663959503173829,
        "z": -0.4707545340061188
    },
    "tangent2": {
        "x": -0.9472799301147461,
        "y": 2.4283010959625246,
        "z": -0.9041633605957031
    },
    "endPos": {
        "x": -1.8047797679901124,
        "y": 5.890316963195801,
        "z": -1.3447685241699219
    }
}