{
    "_horizontalLines": 17.0,
    "_verticalLines": 16.0,
    "_radius": 0.07018294930458069,
    "_petalColour": {
        "r": 0.05777108669281006,
        "g": 0.8950791358947754,
        "b": 0.9457880258560181,
        "a": 1.0
    },
    "_cylinderVertexCount": 12.0,
    "_stemRadius": 0.05026603862643242,
    "_leafCount": 8.0,
    "_edgeRingCount": 19.0,
    "startPos": {
        "x": 0.0,
        "y": 0.0,
        "z": 0.0
    },
    "tangent1": {
        "x": -0.24789218604564668,
        "y": 1.2850699424743653,
        "z": -0.47946032881736758
    },
    "tangent2": {
        "x": -0.09248954057693482,
        "y": 2.445376396179199,
        "z": -0.8624516725540161
    },
    "endPos": {
        "x": -0.4136817157268524,
        "y": 5.767157554626465,
        "z": -0.8850336074829102
    }
}