{
    "_horizontalLines": 18.0,
    "_verticalLines": 17.0,
    "_radius": 0.034514084458351138,
    "_petalColour": {
        "r": 0.7964862585067749,
        "g": 0.6905659437179565,
        "b": 0.4812430739402771,
        "a": 1.0
    },
    "_cylinderVertexCount": 12.0,
    "_stemRadius": 0.032640181481838229,
    "_leafCount": 8.0,
    "_edgeRingCount": 34.0,
    "startPos": {
        "x": 0.0,
        "y": 0.0,
        "z": 0.0
    },
    "tangent1": {
        "x": -0.4956468641757965,
        "y": 0.5096668004989624,
        "z": 0.1746750771999359
    },
    "tangent2": {
        "x": -0.38142621517181399,
        "y": 1.4545111656188965,
        "z": 0.3638985753059387
    },
    "endPos": {
        "x": -0.14917811751365663,
        "y": 4.0,
        "z": 0.25230926275253298
    }
}