{
    "_horizontalLines": 16.0,
    "_verticalLines": 17.0,
    "_radius": 0.07839132845401764,
    "_petalColour": {
        "r": 0.1288461685180664,
        "g": 0.5153900980949402,
        "b": 0.4075133204460144,
        "a": 1.0
    },
    "_cylinderVertexCount": 5.0,
    "_stemRadius": 0.05443385988473892,
    "_leafCount": 8.0,
    "_edgeRingCount": 24.0,
    "startPos": {
        "x": 0.0,
        "y": 0.0,
        "z": 0.0
    },
    "tangent1": {
        "x": -0.2458210438489914,
        "y": 0.33288782835006716,
        "z": 0.2929133176803589
    },
    "tangent2": {
        "x": 0.19666452705860139,
        "y": 0.8597993850708008,
        "z": 0.4906715154647827
    },
    "endPos": {
        "x": 0.04346001148223877,
        "y": 4.0,
        "z": 1.0540947914123536
    }
}