{
    "_horizontalLines": 15.0,
    "_verticalLines": 19.0,
    "_radius": 0.10605756938457489,
    "_petalColour": {
        "r": 0.6720379590988159,
        "g": 0.890618085861206,
        "b": 0.07784414291381836,
        "a": 1.0
    },
    "_cylinderVertexCount": 10.0,
    "_stemRadius": 0.062324848026037219,
    "_leafCount": 8.0,
    "_edgeRingCount": 32.0,
    "startPos": {
        "x": 0.0,
        "y": 0.0,
        "z": 0.0
    },
    "tangent1": {
        "x": 0.17992828786373139,
        "y": 1.030371069908142,
        "z": -0.008980321697890759
    },
    "tangent2": {
        "x": -0.22152338922023774,
        "y": 2.167876720428467,
        "z": 0.008701563812792302
    },
    "endPos": {
        "x": -0.7856277823448181,
        "y": 4.0,
        "z": 0.49729564785957339
    }
}