{
    "_horizontalLines": 18.0,
    "_verticalLines": 17.0,
    "_radius": 0.04696804657578468,
    "_petalColour": {
        "r": 0.581108033657074,
        "g": 0.48955339193344118,
        "b": 0.46835464239120486,
        "a": 1.0
    },
    "_cylinderVertexCount": 10.0,
    "_stemRadius": 0.03704065829515457,
    "_leafCount": 8.0,
    "_edgeRingCount": 32.0,
    "startPos": {
        "x": 0.0,
        "y": 0.0,
        "z": 0.0
    },
    "tangent1": {
        "x": 0.46738529205322268,
        "y": 1.6819007396697999,
        "z": 0.1370147466659546
    },
    "tangent2": {
        "x": 0.34808284044265749,
        "y": 2.077270984649658,
        "z": 0.3327348232269287
    },
    "endPos": {
        "x": -0.04051467776298523,
        "y": 4.0,
        "z": 0.35873475670814516
    }
}