{
    "_horizontalLines": 18.0,
    "_verticalLines": 16.0,
    "_radius": 0.07935322821140289,
    "_petalColour": {
        "r": 0.2599368691444397,
        "g": 0.02739846706390381,
        "b": 0.6835105419158936,
        "a": 1.0
    },
    "_cylinderVertexCount": 9.0,
    "_stemRadius": 0.07797810435295105,
    "_leafCount": 8.0,
    "_edgeRingCount": 43.0,
    "startPos": {
        "x": 0.0,
        "y": 0.0,
        "z": 0.0
    },
    "tangent1": {
        "x": 0.2618201971054077,
        "y": 0.032860565930604938,
        "z": 0.49785032868385317
    },
    "tangent2": {
        "x": -0.10082924365997315,
        "y": 1.6290137767791749,
        "z": 0.10217392444610596
    },
    "endPos": {
        "x": -0.25584369897842409,
        "y": 4.0,
        "z": 0.583411693572998
    }
}