{
    "_horizontalLines": 17.0,
    "_verticalLines": 19.0,
    "_radius": 0.079413041472435,
    "_petalColour": {
        "r": 0.6556556224822998,
        "g": 0.40418022871017458,
        "b": 0.3224477171897888,
        "a": 1.0
    },
    "_cylinderVertexCount": 6.0,
    "_stemRadius": 0.06223740428686142,
    "_leafCount": 8.0,
    "_edgeRingCount": 15.0,
    "startPos": {
        "x": 0.0,
        "y": 0.0,
        "z": 0.0
    },
    "tangent1": {
        "x": -0.38521918654441836,
        "y": 0.7638896703720093,
        "z": -0.027704428881406785
    },
    "tangent2": {
        "x": -0.4469994604587555,
        "y": 2.6796233654022219,
        "z": -0.1304492950439453
    },
    "endPos": {
        "x": 0.11698433756828308,
        "y": 4.0,
        "z": -0.7160571813583374
    }
}