{
    "_horizontalLines": 17.0,
    "_verticalLines": 19.0,
    "_radius": 0.12389716506004334,
    "_petalColour": {
        "r": 0.7204140424728394,
        "g": 0.020787835121154786,
        "b": 0.8074816465377808,
        "a": 1.0
    },
    "_cylinderVertexCount": 5.0,
    "_stemRadius": 0.10625985264778137,
    "_leafCount": 8.0,
    "_edgeRingCount": 9.0,
    "startPos": {
        "x": 0.0,
        "y": 0.0,
        "z": 0.0
    },
    "tangent1": {
        "x": -0.2703748643398285,
        "y": 0.13000087440013886,
        "z": -0.4815950393676758
    },
    "tangent2": {
        "x": -0.2229098230600357,
        "y": 0.2732721269130707,
        "z": -0.47367411851882937
    },
    "endPos": {
        "x": -0.5202494263648987,
        "y": 4.0,
        "z": -0.6082099676132202
    }
}