{
    "_horizontalLines": 16.0,
    "_verticalLines": 16.0,
    "_radius": 0.08173208683729172,
    "_petalColour": {
        "r": 0.5506287217140198,
        "g": 0.9914395809173584,
        "b": 0.3656763434410095,
        "a": 1.0
    },
    "_cylinderVertexCount": 14.0,
    "_stemRadius": 0.03476091846823692,
    "_leafCount": 8.0,
    "_edgeRingCount": 11.0,
    "startPos": {
        "x": 0.0,
        "y": 0.0,
        "z": 0.0
    },
    "tangent1": {
        "x": 0.2965226173400879,
        "y": 1.3579254150390626,
        "z": -0.1825883835554123
    },
    "tangent2": {
        "x": -0.071709543466568,
        "y": 3.02947998046875,
        "z": -0.6463376879692078
    },
    "endPos": {
        "x": 0.5673246383666992,
        "y": 6.300000190734863,
        "z": -1.4983689785003663
    }
}