{
    "_horizontalLines": 15.0,
    "_verticalLines": 18.0,
    "_radius": 0.046832527965307239,
    "_petalColour": {
        "r": 0.03035283088684082,
        "g": 0.13407015800476075,
        "b": 0.5985115170478821,
        "a": 1.0
    },
    "_cylinderVertexCount": 11.0,
    "_stemRadius": 0.028441835194826127,
    "_leafCount": 8.0,
    "_edgeRingCount": 22.0,
    "startPos": {
        "x": 0.0,
        "y": 0.0,
        "z": 0.0
    },
    "tangent1": {
        "x": -0.31215810775756838,
        "y": 1.0477924346923829,
        "z": 0.4030696749687195
    },
    "tangent2": {
        "x": -0.35377663373947146,
        "y": 1.6960995197296143,
        "z": 0.6422874331474304
    },
    "endPos": {
        "x": 0.03694450855255127,
        "y": 4.0,
        "z": 1.462423324584961
    }
}