{
    "_horizontalLines": 15.0,
    "_verticalLines": 17.0,
    "_radius": 0.1333228349685669,
    "_petalColour": {
        "r": 0.42698878049850466,
        "g": 0.31088560819625857,
        "b": 0.46742385625839236,
        "a": 1.0
    },
    "_cylinderVertexCount": 8.0,
    "_stemRadius": 0.08448906242847443,
    "_leafCount": 8.0,
    "_edgeRingCount": 58.0,
    "startPos": {
        "x": 0.0,
        "y": 0.0,
        "z": 0.0
    },
    "tangent1": {
        "x": 0.4724794328212738,
        "y": 1.0453805923461915,
        "z": 0.3146200180053711
    },
    "tangent2": {
        "x": 0.3316848874092102,
        "y": 2.531890869140625,
        "z": 0.16681738197803498
    },
    "endPos": {
        "x": -0.4862266778945923,
        "y": 4.0,
        "z": 0.6344859600067139
    }
}