{
    "_horizontalLines": 18.0,
    "_verticalLines": 18.0,
    "_radius": 0.13034214079380036,
    "_petalColour": {
        "r": 0.3690869212150574,
        "g": 0.8534375429153442,
        "b": 0.8508309125900269,
        "a": 1.0
    },
    "_cylinderVertexCount": 5.0,
    "_stemRadius": 0.10122054070234299,
    "_leafCount": 8.0,
    "_edgeRingCount": 35.0,
    "startPos": {
        "x": 0.0,
        "y": 0.0,
        "z": 0.0
    },
    "tangent1": {
        "x": 0.0006064891931600869,
        "y": 0.7452859282493591,
        "z": -0.05106635019183159
    },
    "tangent2": {
        "x": 0.3647613823413849,
        "y": 2.7207417488098146,
        "z": -0.25425735116004946
    },
    "endPos": {
        "x": 0.006357729434967041,
        "y": 4.539505481719971,
        "z": -0.6254558563232422
    }
}