{
    "_horizontalLines": 18.0,
    "_verticalLines": 18.0,
    "_radius": 0.11067787557840347,
    "_petalColour": {
        "r": 0.7811232805252075,
        "g": 0.6364012956619263,
        "b": 0.6458927392959595,
        "a": 1.0
    },
    "_cylinderVertexCount": 5.0,
    "_stemRadius": 0.0822451189160347,
    "_leafCount": 8.0,
    "_edgeRingCount": 60.0,
    "startPos": {
        "x": 0.0,
        "y": 0.0,
        "z": 0.0
    },
    "tangent1": {
        "x": 0.4035167694091797,
        "y": 0.19820480048656465,
        "z": 0.4900135099887848
    },
    "tangent2": {
        "x": 0.6034250259399414,
        "y": 1.0585615634918213,
        "z": 0.7567400932312012
    },
    "endPos": {
        "x": 0.2157178819179535,
        "y": 4.0,
        "z": -0.020551025867462159
    }
}