{
    "_horizontalLines": 17.0,
    "_verticalLines": 17.0,
    "_radius": 0.05948946624994278,
    "_petalColour": {
        "r": 0.510827362537384,
        "g": 0.2787112593650818,
        "b": 0.8542137145996094,
        "a": 1.0
    },
    "_cylinderVertexCount": 13.0,
    "_stemRadius": 0.04047530144453049,
    "_leafCount": 8.0,
    "_edgeRingCount": 30.0,
    "startPos": {
        "x": 0.0,
        "y": 0.0,
        "z": 0.0
    },
    "tangent1": {
        "x": -0.07135133445262909,
        "y": 1.0164299011230469,
        "z": -0.22482676804065705
    },
    "tangent2": {
        "x": 0.10893410444259644,
        "y": 2.2310476303100588,
        "z": -0.0661143958568573
    },
    "endPos": {
        "x": -0.443736732006073,
        "y": 4.0,
        "z": -0.32563185691833498
    }
}