{
    "_horizontalLines": 6,
    "_verticalLines": 12,
    "_radius": 0.1170935109257698,
    "_petalColour": {
        "r": 0.22655987739562989,
        "g": 0.9223264455795288,
        "b": 0.8533159494400024,
        "a": 1.0
    },
    "_cylinderVertexCount": 5,
    "_stemRadius": 0.07979483157396317,
    "_leafCount": 8,
    "_edgeRingCount": 41,
    "startPos": {
        "x": 0.22922630608081819,
        "y": 0.4078463613986969,
        "z": -0.21216030418872834
    },
    "tangent1": {
        "x": -0.21460427343845368,
        "y": 1.2642285823822022,
        "z": 0.07871739566326142
    },
    "tangent2": {
        "x": 0.13011227548122407,
        "y": 1.8853180408477784,
        "z": 0.07517063617706299
    },
    "endPos": {
        "x": 0.29831522703170779,
        "y": 3.4161367416381838,
        "z": -0.09223392605781555
    }
}