{
    "_horizontalLines": 17.0,
    "_verticalLines": 18.0,
    "_radius": 0.07452818751335144,
    "_petalColour": {
        "r": 0.2866820693016052,
        "g": 0.6966687440872192,
        "b": 0.003578782081604004,
        "a": 1.0
    },
    "_cylinderVertexCount": 12.0,
    "_stemRadius": 0.06571251153945923,
    "_leafCount": 8.0,
    "_edgeRingCount": 53.0,
    "startPos": {
        "x": 0.0,
        "y": 0.0,
        "z": 0.0
    },
    "tangent1": {
        "x": -0.12749285995960236,
        "y": 1.2059334516525269,
        "z": 0.4296541213989258
    },
    "tangent2": {
        "x": -0.25698843598365786,
        "y": 1.2959543466567994,
        "z": 0.6664794683456421
    },
    "endPos": {
        "x": 0.2014683187007904,
        "y": 4.0,
        "z": 0.6468241214752197
    }
}