{
    "_horizontalLines": 15.0,
    "_verticalLines": 7.0,
    "_radius": 0.0650118887424469,
    "_petalColour": {
        "r": 0.5979788899421692,
        "g": 0.30336207151412966,
        "b": 0.07649576663970947,
        "a": 1.0
    },
    "_cylinderVertexCount": 12.0,
    "_stemRadius": 0.062117576599121097,
    "_leafCount": 8.0,
    "_edgeRingCount": 59.0,
    "startPos": {
        "x": 0.05587758868932724,
        "y": 0.7663400769233704,
        "z": -0.008855843916535378
    },
    "tangent1": {
        "x": -0.06780510395765305,
        "y": 1.5373327732086182,
        "z": 0.12147542089223862
    },
    "tangent2": {
        "x": -0.4619300961494446,
        "y": 1.5717220306396485,
        "z": 0.48790714144706728
    },
    "endPos": {
        "x": -1.3464691638946534,
        "y": 5.167284965515137,
        "z": 0.19443923234939576
    }
}