{
    "_horizontalLines": 15.0,
    "_verticalLines": 19.0,
    "_radius": 0.1285984367132187,
    "_petalColour": {
        "r": 0.40371912717819216,
        "g": 0.3198462128639221,
        "b": 0.8772565126419067,
        "a": 1.0
    },
    "_cylinderVertexCount": 7.0,
    "_stemRadius": 0.09816455841064453,
    "_leafCount": 8.0,
    "_edgeRingCount": 64.0,
    "startPos": {
        "x": 0.0,
        "y": 0.0,
        "z": 0.0
    },
    "tangent1": {
        "x": 0.09189458191394806,
        "y": 1.1022257804870606,
        "z": -0.07915158569812775
    },
    "tangent2": {
        "x": 0.4184325337409973,
        "y": 3.0628981590270998,
        "z": -0.38260310888290408
    },
    "endPos": {
        "x": 0.12940189242362977,
        "y": 5.287421226501465,
        "z": 0.31395047903060915
    }
}