{
    "_horizontalLines": 19.0,
    "_verticalLines": 17.0,
    "_radius": 0.042172446846961978,
    "_petalColour": {
        "r": 0.6919982433319092,
        "g": 0.1511211395263672,
        "b": 0.7918186187744141,
        "a": 1.0
    },
    "_cylinderVertexCount": 6.0,
    "_stemRadius": 0.027155676856637,
    "_leafCount": 8.0,
    "_edgeRingCount": 40.0,
    "startPos": {
        "x": 0.0,
        "y": 0.0,
        "z": 0.0
    },
    "tangent1": {
        "x": -0.07462115585803986,
        "y": 0.8071948885917664,
        "z": 0.11802239716053009
    },
    "tangent2": {
        "x": 0.40071338415145876,
        "y": 2.790177583694458,
        "z": 0.3201891779899597
    },
    "endPos": {
        "x": 0.3695005476474762,
        "y": 4.0,
        "z": -0.1971806287765503
    }
}