{
    "_horizontalLines": 15.0,
    "_verticalLines": 15.0,
    "_radius": 0.07666103541851044,
    "_petalColour": {
        "r": 0.5230281949043274,
        "g": 0.8379195928573608,
        "b": 0.18143832683563233,
        "a": 1.0
    },
    "_cylinderVertexCount": 8.0,
    "_stemRadius": 0.038070421665906909,
    "_leafCount": 8.0,
    "_edgeRingCount": 63.0,
    "startPos": {
        "x": 0.0,
        "y": 0.0,
        "z": 0.0
    },
    "tangent1": {
        "x": 0.10137410461902619,
        "y": 0.5513336062431336,
        "z": 0.314266562461853
    },
    "tangent2": {
        "x": -0.0963045060634613,
        "y": 1.826979398727417,
        "z": 0.519303560256958
    },
    "endPos": {
        "x": 0.09012199938297272,
        "y": 4.258648872375488,
        "z": 0.5138936638832092
    }
}