{
    "_horizontalLines": 19.0,
    "_verticalLines": 15.0,
    "_radius": 0.09497435390949249,
    "_petalColour": {
        "r": 0.6717687845230103,
        "g": 0.6821056604385376,
        "b": 0.9388605356216431,
        "a": 1.0
    },
    "_cylinderVertexCount": 13.0,
    "_stemRadius": 0.08108023554086685,
    "_leafCount": 8.0,
    "_edgeRingCount": 9.0,
    "startPos": {
        "x": 0.0,
        "y": 0.0,
        "z": 0.0
    },
    "tangent1": {
        "x": -0.43894100189208987,
        "y": 0.629046618938446,
        "z": 0.4911577105522156
    },
    "tangent2": {
        "x": -0.1490306854248047,
        "y": 0.7066278457641602,
        "z": 0.1618858277797699
    },
    "endPos": {
        "x": -0.4961928427219391,
        "y": 4.090431213378906,
        "z": -0.29383373260498049
    }
}