{
    "_horizontalLines": 17.0,
    "_verticalLines": 17.0,
    "_radius": 0.09129662811756134,
    "_petalColour": {
        "r": 0.825238823890686,
        "g": 0.6808953285217285,
        "b": 0.9500067234039307,
        "a": 1.0
    },
    "_cylinderVertexCount": 10.0,
    "_stemRadius": 0.06858480721712113,
    "_leafCount": 8.0,
    "_edgeRingCount": 13.0,
    "startPos": {
        "x": 0.0,
        "y": 0.0,
        "z": 0.0
    },
    "tangent1": {
        "x": 0.2999018430709839,
        "y": 1.3244967460632325,
        "z": 0.04483609274029732
    },
    "tangent2": {
        "x": -0.13227102160453797,
        "y": 3.301656723022461,
        "z": 0.02120504528284073
    },
    "endPos": {
        "x": 0.2629629075527191,
        "y": 5.496980667114258,
        "z": 0.23187193274497987
    }
}