{
    "_horizontalLines": 19.0,
    "_verticalLines": 15.0,
    "_radius": 0.06400041282176972,
    "_petalColour": {
        "r": 0.6307307481765747,
        "g": 0.19923841953277589,
        "b": 0.91689133644104,
        "a": 1.0
    },
    "_cylinderVertexCount": 5.0,
    "_stemRadius": 0.035932306200265887,
    "_leafCount": 8.0,
    "_edgeRingCount": 53.0,
    "startPos": {
        "x": 0.0,
        "y": 0.0,
        "z": 0.0
    },
    "tangent1": {
        "x": 0.3333829641342163,
        "y": 0.5772041082382202,
        "z": 0.10568289458751679
    },
    "tangent2": {
        "x": 0.240422323346138,
        "y": 2.4239401817321779,
        "z": -0.3932260274887085
    },
    "endPos": {
        "x": -0.06814499199390412,
        "y": 4.413581848144531,
        "z": -0.1071384847164154
    }
}