{
    "_horizontalLines": 18.0,
    "_verticalLines": 17.0,
    "_radius": 0.11101794987916947,
    "_petalColour": {
        "r": 0.8594983816146851,
        "g": 0.15951824188232423,
        "b": 0.7765954732894898,
        "a": 1.0
    },
    "_cylinderVertexCount": 13.0,
    "_stemRadius": 0.08497127145528794,
    "_leafCount": 8.0,
    "_edgeRingCount": 59.0,
    "startPos": {
        "x": 0.0,
        "y": 0.0,
        "z": 0.0
    },
    "tangent1": {
        "x": 0.31711217761039736,
        "y": 1.9052749872207642,
        "z": 0.17956779897212983
    },
    "tangent2": {
        "x": 0.3721288740634918,
        "y": 2.775754928588867,
        "z": 0.28971317410469057
    },
    "endPos": {
        "x": -0.45025160908699038,
        "y": 4.606147766113281,
        "z": 0.14090754091739655
    }
}