{
    "_horizontalLines": 19.0,
    "_verticalLines": 17.0,
    "_radius": 0.10933861136436463,
    "_petalColour": {
        "r": 0.840461015701294,
        "g": 0.595894992351532,
        "b": 0.24524199962615968,
        "a": 1.0
    },
    "_cylinderVertexCount": 11.0,
    "_stemRadius": 0.07477659732103348,
    "_leafCount": 8.0,
    "_edgeRingCount": 52.0,
    "startPos": {
        "x": 0.0,
        "y": 0.0,
        "z": 0.0
    },
    "tangent1": {
        "x": 0.18370746076107026,
        "y": 1.7209594249725342,
        "z": -0.44165506958961489
    },
    "tangent2": {
        "x": 0.12491276860237122,
        "y": 3.093613624572754,
        "z": -0.708548367023468
    },
    "endPos": {
        "x": 0.4499009847640991,
        "y": 6.291940689086914,
        "z": -0.9728871583938599
    }
}