{
    "_horizontalLines": 16.0,
    "_verticalLines": 18.0,
    "_radius": 0.043001748621463779,
    "_petalColour": {
        "r": 0.031095266342163087,
        "g": 0.14042866230010987,
        "b": 0.13937389850616456,
        "a": 1.0
    },
    "_cylinderVertexCount": 13.0,
    "_stemRadius": 0.039450403302907947,
    "_leafCount": 8.0,
    "_edgeRingCount": 48.0,
    "startPos": {
        "x": 0.0,
        "y": 0.0,
        "z": 0.0
    },
    "tangent1": {
        "x": -0.07434578239917755,
        "y": 1.9812091588974,
        "z": 0.33960649371147158
    },
    "tangent2": {
        "x": -0.474373459815979,
        "y": 2.7307205200195314,
        "z": 0.8025140762329102
    },
    "endPos": {
        "x": 0.20681971311569215,
        "y": 4.672537803649902,
        "z": 0.8080253601074219
    }
}