{
    "_horizontalLines": 16.0,
    "_verticalLines": 15.0,
    "_radius": 0.08233185112476349,
    "_petalColour": {
        "r": 0.9619244337081909,
        "g": 0.6417437791824341,
        "b": 0.425605833530426,
        "a": 1.0
    },
    "_cylinderVertexCount": 12.0,
    "_stemRadius": 0.04585561901330948,
    "_leafCount": 8.0,
    "_edgeRingCount": 62.0,
    "startPos": {
        "x": 0.0,
        "y": 0.0,
        "z": 0.0
    },
    "tangent1": {
        "x": 0.07235531508922577,
        "y": 1.2956565618515015,
        "z": 0.27378785610198977
    },
    "tangent2": {
        "x": 0.37178242206573489,
        "y": 1.493430256843567,
        "z": 0.25666993856430056
    },
    "endPos": {
        "x": 1.2218198776245118,
        "y": 4.0,
        "z": -0.22212758660316468
    }
}