{
    "_horizontalLines": 19.0,
    "_verticalLines": 17.0,
    "_radius": 0.12144780904054642,
    "_petalColour": {
        "r": 0.45923739671707156,
        "g": 0.8041137456893921,
        "b": 0.9008123874664307,
        "a": 1.0
    },
    "_cylinderVertexCount": 6.0,
    "_stemRadius": 0.08051077276468277,
    "_leafCount": 8.0,
    "_edgeRingCount": 18.0,
    "startPos": {
        "x": 0.0,
        "y": 0.0,
        "z": 0.0
    },
    "tangent1": {
        "x": 0.26954054832458498,
        "y": 0.7335912585258484,
        "z": 0.37447699904441836
    },
    "tangent2": {
        "x": 0.46883106231689455,
        "y": 1.2514443397521973,
        "z": 0.5605856776237488
    },
    "endPos": {
        "x": -0.1359509825706482,
        "y": 4.0,
        "z": 0.4996677339076996
    }
}