{
    "_horizontalLines": 16.0,
    "_verticalLines": 15.0,
    "_radius": 0.07267219573259354,
    "_petalColour": {
        "r": 0.9989020824432373,
        "g": 0.040076494216918948,
        "b": 0.42512983083724978,
        "a": 1.0
    },
    "_cylinderVertexCount": 12.0,
    "_stemRadius": 0.03928867727518082,
    "_leafCount": 8.0,
    "_edgeRingCount": 15.0,
    "startPos": {
        "x": 0.0,
        "y": 0.0,
        "z": 0.0
    },
    "tangent1": {
        "x": -0.27092838287353518,
        "y": 1.827873945236206,
        "z": 0.4666404724121094
    },
    "tangent2": {
        "x": -0.6748347282409668,
        "y": 2.8356330394744875,
        "z": 0.8158074617385864
    },
    "endPos": {
        "x": -0.5131672024726868,
        "y": 5.294507026672363,
        "z": 0.7995546460151672
    }
}