{
    "_horizontalLines": 16.0,
    "_verticalLines": 19.0,
    "_radius": 0.12356431037187576,
    "_petalColour": {
        "r": 0.5112023949623108,
        "g": 0.3045167326927185,
        "b": 0.8664184808731079,
        "a": 1.0
    },
    "_cylinderVertexCount": 10.0,
    "_stemRadius": 0.10704204440116883,
    "_leafCount": 8.0,
    "_edgeRingCount": 53.0,
    "startPos": {
        "x": 0.0,
        "y": 0.0,
        "z": 0.0
    },
    "tangent1": {
        "x": 0.020558785647153856,
        "y": 0.3497207760810852,
        "z": -0.218539759516716
    },
    "tangent2": {
        "x": 0.1932477355003357,
        "y": 1.6855995655059815,
        "z": -0.21396026015281678
    },
    "endPos": {
        "x": -0.46160101890563967,
        "y": 4.762293338775635,
        "z": -0.8181025981903076
    }
}