{
    "_horizontalLines": 16.0,
    "_verticalLines": 16.0,
    "_radius": 0.11732299625873566,
    "_petalColour": {
        "r": 0.2816404700279236,
        "g": 0.12696266174316407,
        "b": 0.995576024055481,
        "a": 1.0
    },
    "_cylinderVertexCount": 5.0,
    "_stemRadius": 0.07640567421913147,
    "_leafCount": 8.0,
    "_edgeRingCount": 5.0,
    "startPos": {
        "x": 0.0,
        "y": 0.0,
        "z": 0.0
    },
    "tangent1": {
        "x": -0.25973740220069888,
        "y": 1.045519232749939,
        "z": 0.4098120629787445
    },
    "tangent2": {
        "x": -0.021702200174331666,
        "y": 2.806844711303711,
        "z": 0.6775121688842773
    },
    "endPos": {
        "x": -0.5112776756286621,
        "y": 4.67691707611084,
        "z": 1.2953442335128785
    }
}