{
    "_horizontalLines": 19.0,
    "_verticalLines": 17.0,
    "_radius": 0.06841768324375153,
    "_petalColour": {
        "r": 0.5922150015830994,
        "g": 0.4009717106819153,
        "b": 0.008504867553710938,
        "a": 1.0
    },
    "_cylinderVertexCount": 13.0,
    "_stemRadius": 0.061448369175195697,
    "_leafCount": 8.0,
    "_edgeRingCount": 25.0,
    "startPos": {
        "x": 0.0,
        "y": 0.0,
        "z": 0.0
    },
    "tangent1": {
        "x": -0.1487150639295578,
        "y": 1.6026359796524048,
        "z": 0.07734198868274689
    },
    "tangent2": {
        "x": -0.6357048749923706,
        "y": 2.240680694580078,
        "z": 0.4161056876182556
    },
    "endPos": {
        "x": -0.9242711067199707,
        "y": 4.344505786895752,
        "z": -0.08924633264541626
    }
}