{
    "_horizontalLines": 15.0,
    "_verticalLines": 18.0,
    "_radius": 0.10058479756116867,
    "_petalColour": {
        "r": 0.579724133014679,
        "g": 0.8455309867858887,
        "b": 0.23108530044555665,
        "a": 1.0
    },
    "_cylinderVertexCount": 5.0,
    "_stemRadius": 0.06608376652002335,
    "_leafCount": 8.0,
    "_edgeRingCount": 24.0,
    "startPos": {
        "x": 0.0,
        "y": 0.0,
        "z": 0.0
    },
    "tangent1": {
        "x": -0.33769360184669497,
        "y": 0.5534271001815796,
        "z": -0.04382352903485298
    },
    "tangent2": {
        "x": -0.17752745747566224,
        "y": 0.7985692620277405,
        "z": -0.2706718444824219
    },
    "endPos": {
        "x": 0.18969222903251649,
        "y": 4.0,
        "z": -0.6401365995407105
    }
}