{
    "_horizontalLines": 16.0,
    "_verticalLines": 15.0,
    "_radius": 0.10412576049566269,
    "_petalColour": {
        "r": 0.24973857402801515,
        "g": 0.28933244943618777,
        "b": 0.8120862245559692,
        "a": 1.0
    },
    "_cylinderVertexCount": 9.0,
    "_stemRadius": 0.09205145388841629,
    "_leafCount": 8.0,
    "_edgeRingCount": 18.0,
    "startPos": {
        "x": 0.0,
        "y": 0.0,
        "z": 0.0
    },
    "tangent1": {
        "x": -0.30863866209983828,
        "y": 1.2855510711669922,
        "z": -0.4223909378051758
    },
    "tangent2": {
        "x": -0.3578675091266632,
        "y": 1.691519021987915,
        "z": -0.2925368547439575
    },
    "endPos": {
        "x": 0.20640543103218079,
        "y": 4.0,
        "z": -0.013514310121536255
    }
}