{
    "_horizontalLines": 15.0,
    "_verticalLines": 19.0,
    "_radius": 0.0946725383400917,
    "_petalColour": {
        "r": 0.283836305141449,
        "g": 0.8052825927734375,
        "b": 0.9006352424621582,
        "a": 1.0
    },
    "_cylinderVertexCount": 12.0,
    "_stemRadius": 0.053656160831451419,
    "_leafCount": 8.0,
    "_edgeRingCount": 14.0,
    "startPos": {
        "x": 0.0,
        "y": 0.0,
        "z": 0.0
    },
    "tangent1": {
        "x": -0.33572474122047427,
        "y": 1.6099601984024048,
        "z": 0.20199370384216309
    },
    "tangent2": {
        "x": -0.3899620473384857,
        "y": 3.341081142425537,
        "z": -0.21211838722229005
    },
    "endPos": {
        "x": -1.1446369886398316,
        "y": 6.10330867767334,
        "z": -1.0181779861450196
    }
}