{
    "_horizontalLines": 16.0,
    "_verticalLines": 17.0,
    "_radius": 0.12438683211803436,
    "_petalColour": {
        "r": 0.10180294513702393,
        "g": 0.4168817400932312,
        "b": 0.27037733793258669,
        "a": 1.0
    },
    "_cylinderVertexCount": 12.0,
    "_stemRadius": 0.09893406927585602,
    "_leafCount": 8.0,
    "_edgeRingCount": 16.0,
    "startPos": {
        "x": 0.0,
        "y": 0.0,
        "z": 0.0
    },
    "tangent1": {
        "x": -0.04263706132769585,
        "y": 1.5206772089004517,
        "z": 0.31135308742523196
    },
    "tangent2": {
        "x": -0.49564245343208315,
        "y": 1.5835627317428589,
        "z": 0.7685508728027344
    },
    "endPos": {
        "x": 0.05425265431404114,
        "y": 4.0,
        "z": 0.37090417742729189
    }
}