{
    "_horizontalLines": 15.0,
    "_verticalLines": 15.0,
    "_radius": 0.10085318237543106,
    "_petalColour": {
        "r": 0.5710989832878113,
        "g": 0.9471341371536255,
        "b": 0.30250972509384158,
        "a": 1.0
    },
    "_cylinderVertexCount": 7.0,
    "_stemRadius": 0.07252005487680435,
    "_leafCount": 8.0,
    "_edgeRingCount": 16.0,
    "startPos": {
        "x": 0.0,
        "y": 0.0,
        "z": 0.0
    },
    "tangent1": {
        "x": -0.07061509788036347,
        "y": 0.08522681891918183,
        "z": -0.420833021402359
    },
    "tangent2": {
        "x": -0.010271165519952774,
        "y": 0.46250152587890627,
        "z": -0.18080320954322816
    },
    "endPos": {
        "x": 0.42240744829177859,
        "y": 4.0,
        "z": 0.19635725021362306
    }
}