{
    "_horizontalLines": 18.0,
    "_verticalLines": 15.0,
    "_radius": 0.06574127078056336,
    "_petalColour": {
        "r": 0.2974277138710022,
        "g": 0.0862119197845459,
        "b": 0.9377230405807495,
        "a": 1.0
    },
    "_cylinderVertexCount": 14.0,
    "_stemRadius": 0.0644761472940445,
    "_leafCount": 8.0,
    "_edgeRingCount": 25.0,
    "startPos": {
        "x": 0.0,
        "y": 0.0,
        "z": 0.0
    },
    "tangent1": {
        "x": -0.27142611145973208,
        "y": 1.240283489227295,
        "z": -0.08329419791698456
    },
    "tangent2": {
        "x": 0.06767433881759644,
        "y": 2.581301689147949,
        "z": -0.08638191223144531
    },
    "endPos": {
        "x": 0.5002847909927368,
        "y": 4.0,
        "z": -0.30445563793182375
    }
}