{
    "_horizontalLines": 18.0,
    "_verticalLines": 16.0,
    "_radius": 0.07833924889564514,
    "_petalColour": {
        "r": 0.3063189387321472,
        "g": 0.6239143013954163,
        "b": 0.7975894212722778,
        "a": 1.0
    },
    "_cylinderVertexCount": 12.0,
    "_stemRadius": 0.03831508010625839,
    "_leafCount": 8.0,
    "_edgeRingCount": 35.0,
    "startPos": {
        "x": 0.0,
        "y": 0.0,
        "z": 0.0
    },
    "tangent1": {
        "x": 0.4365041255950928,
        "y": 1.0096449851989747,
        "z": 0.40360069274902346
    },
    "tangent2": {
        "x": 0.17137828469276429,
        "y": 1.2821238040924073,
        "z": 0.37546616792678835
    },
    "endPos": {
        "x": -0.48438939452171328,
        "y": 4.0,
        "z": 0.974477231502533
    }
}