{
    "_horizontalLines": 19.0,
    "_verticalLines": 16.0,
    "_radius": 0.08800198137760163,
    "_petalColour": {
        "r": 0.591256320476532,
        "g": 0.7487510442733765,
        "b": 0.8890166282653809,
        "a": 1.0
    },
    "_cylinderVertexCount": 6.0,
    "_stemRadius": 0.04777713492512703,
    "_leafCount": 8.0,
    "_edgeRingCount": 43.0,
    "startPos": {
        "x": 0.0,
        "y": 0.0,
        "z": 0.0
    },
    "tangent1": {
        "x": 0.27612218260765078,
        "y": 0.8234046697616577,
        "z": 0.4434482455253601
    },
    "tangent2": {
        "x": 0.00016483664512634277,
        "y": 2.1374664306640627,
        "z": 0.7131356596946716
    },
    "endPos": {
        "x": -0.7798253297805786,
        "y": 5.5169172286987309,
        "z": 1.1796534061431885
    }
}