{
    "_horizontalLines": 16.0,
    "_verticalLines": 18.0,
    "_radius": 0.08573922514915467,
    "_petalColour": {
        "r": 0.7094138860702515,
        "g": 0.0005089044570922852,
        "b": 0.9255708456039429,
        "a": 1.0
    },
    "_cylinderVertexCount": 12.0,
    "_stemRadius": 0.08287185430526734,
    "_leafCount": 8.0,
    "_edgeRingCount": 53.0,
    "startPos": {
        "x": 0.0,
        "y": 0.0,
        "z": 0.0
    },
    "tangent1": {
        "x": 0.42406120896339419,
        "y": 0.06455497443675995,
        "z": 0.26735007762908938
    },
    "tangent2": {
        "x": 0.11715090274810791,
        "y": 1.965657353401184,
        "z": 0.07870109379291535
    },
    "endPos": {
        "x": 0.6428348422050476,
        "y": 4.0,
        "z": -0.44655025005340578
    }
}