{
    "_horizontalLines": 16.0,
    "_verticalLines": 16.0,
    "_radius": 0.08249924331903458,
    "_petalColour": {
        "r": 0.38873928785324099,
        "g": 0.9090561866760254,
        "b": 0.3515884280204773,
        "a": 1.0
    },
    "_cylinderVertexCount": 12.0,
    "_stemRadius": 0.07523936778306961,
    "_leafCount": 8.0,
    "_edgeRingCount": 56.0,
    "startPos": {
        "x": 0.0,
        "y": 0.0,
        "z": 0.0
    },
    "tangent1": {
        "x": -0.20806030929088593,
        "y": 1.9918063879013062,
        "z": 0.22418364882469178
    },
    "tangent2": {
        "x": -0.47108250856399538,
        "y": 2.993035078048706,
        "z": 0.4491935670375824
    },
    "endPos": {
        "x": -0.7272204160690308,
        "y": 4.311275959014893,
        "z": 1.1374874114990235
    }
}