{
    "_horizontalLines": 17.0,
    "_verticalLines": 16.0,
    "_radius": 0.13703490793704987,
    "_petalColour": {
        "r": 0.9614226818084717,
        "g": 0.9506720304489136,
        "b": 0.011392354965209961,
        "a": 1.0
    },
    "_cylinderVertexCount": 7.0,
    "_stemRadius": 0.09200264513492584,
    "_leafCount": 8.0,
    "_edgeRingCount": 15.0,
    "startPos": {
        "x": 0.0,
        "y": 0.0,
        "z": 0.0
    },
    "tangent1": {
        "x": 0.28235888481140139,
        "y": 0.43230992555618288,
        "z": 0.43153104186058047
    },
    "tangent2": {
        "x": 0.4049620032310486,
        "y": 1.209845781326294,
        "z": 0.5998966097831726
    },
    "endPos": {
        "x": 0.7113195657730103,
        "y": 4.609570503234863,
        "z": 0.3485364615917206
    }
}