{
    "_horizontalLines": 19.0,
    "_verticalLines": 18.0,
    "_radius": 0.06397528201341629,
    "_petalColour": {
        "r": 0.1498699188232422,
        "g": 0.27492231130599978,
        "b": 0.5568593144416809,
        "a": 1.0
    },
    "_cylinderVertexCount": 10.0,
    "_stemRadius": 0.05349302291870117,
    "_leafCount": 8.0,
    "_edgeRingCount": 26.0,
    "startPos": {
        "x": 0.0,
        "y": 0.0,
        "z": 0.0
    },
    "tangent1": {
        "x": -0.43624573945999148,
        "y": 1.6123615503311158,
        "z": 0.0826835185289383
    },
    "tangent2": {
        "x": -0.873355507850647,
        "y": 1.8975634574890137,
        "z": -0.169349804520607
    },
    "endPos": {
        "x": -1.7324421405792237,
        "y": 4.0,
        "z": -0.4352269768714905
    }
}