{
    "_horizontalLines": 18.0,
    "_verticalLines": 16.0,
    "_radius": 0.13563737273216248,
    "_petalColour": {
        "r": 0.7934294939041138,
        "g": 0.5209817290306091,
        "b": 0.020673751831054689,
        "a": 1.0
    },
    "_cylinderVertexCount": 7.0,
    "_stemRadius": 0.08792871981859207,
    "_leafCount": 8.0,
    "_edgeRingCount": 34.0,
    "startPos": {
        "x": 0.0,
        "y": 0.0,
        "z": 0.0
    },
    "tangent1": {
        "x": -0.294832706451416,
        "y": 1.0698928833007813,
        "z": 0.04276924207806587
    },
    "tangent2": {
        "x": -0.21135692298412324,
        "y": 2.9914069175720217,
        "z": -0.27128705382347109
    },
    "endPos": {
        "x": -0.8598073720932007,
        "y": 4.372936725616455,
        "z": -0.4689784049987793
    }
}