{
    "_horizontalLines": 18.0,
    "_verticalLines": 15.0,
    "_radius": 0.04642978310585022,
    "_petalColour": {
        "r": 0.8466503620147705,
        "g": 0.8950161933898926,
        "b": 0.7012829780578613,
        "a": 1.0
    },
    "_cylinderVertexCount": 13.0,
    "_stemRadius": 0.03135915473103523,
    "_leafCount": 8.0,
    "_edgeRingCount": 43.0,
    "startPos": {
        "x": 0.0,
        "y": 0.0,
        "z": 0.0
    },
    "tangent1": {
        "x": -0.15612773597240449,
        "y": 1.438991904258728,
        "z": 0.15146100521087647
    },
    "tangent2": {
        "x": -0.42757827043533327,
        "y": 1.9589552879333497,
        "z": -0.3054830729961395
    },
    "endPos": {
        "x": -1.020369529724121,
        "y": 4.0,
        "z": 0.1756085455417633
    }
}