{
    "_horizontalLines": 16.0,
    "_verticalLines": 18.0,
    "_radius": 0.06218765676021576,
    "_petalColour": {
        "r": 0.8425154685974121,
        "g": 0.30327099561691286,
        "b": 0.5614860653877258,
        "a": 1.0
    },
    "_cylinderVertexCount": 7.0,
    "_stemRadius": 0.04793165996670723,
    "_leafCount": 8.0,
    "_edgeRingCount": 14.0,
    "startPos": {
        "x": 0.0,
        "y": 0.0,
        "z": 0.0
    },
    "tangent1": {
        "x": 0.32722970843315127,
        "y": 1.9000251293182374,
        "z": 0.14386652410030366
    },
    "tangent2": {
        "x": -0.07780799269676209,
        "y": 2.3367466926574709,
        "z": 0.614088773727417
    },
    "endPos": {
        "x": 0.38676220178604128,
        "y": 4.0,
        "z": 1.0806503295898438
    }
}