{
    "_horizontalLines": 18.0,
    "_verticalLines": 16.0,
    "_radius": 0.14176826179027558,
    "_petalColour": {
        "r": 0.832512617111206,
        "g": 0.9766563177108765,
        "b": 0.6550235748291016,
        "a": 1.0
    },
    "_cylinderVertexCount": 5.0,
    "_stemRadius": 0.10375876724720001,
    "_leafCount": 8.0,
    "_edgeRingCount": 32.0,
    "startPos": {
        "x": 0.0,
        "y": 0.0,
        "z": 0.0
    },
    "tangent1": {
        "x": 0.20565533638000489,
        "y": 0.09943123161792755,
        "z": -0.4358711242675781
    },
    "tangent2": {
        "x": 0.6590486764907837,
        "y": 0.25127220153808596,
        "z": -0.9314973950386047
    },
    "endPos": {
        "x": 0.14709103107452393,
        "y": 4.0,
        "z": -1.0319199562072755
    }
}