{
    "_horizontalLines": 16.0,
    "_verticalLines": 15.0,
    "_radius": 0.03841631859540939,
    "_petalColour": {
        "r": 0.3104822039604187,
        "g": 0.5080408453941345,
        "b": 0.8120023012161255,
        "a": 1.0
    },
    "_cylinderVertexCount": 11.0,
    "_stemRadius": 0.01405196450650692,
    "_leafCount": 8.0,
    "_edgeRingCount": 16.0,
    "startPos": {
        "x": 0.0,
        "y": 0.0,
        "z": 0.0
    },
    "tangent1": {
        "x": -0.4071411192417145,
        "y": 1.2123374938964844,
        "z": 0.3948347270488739
    },
    "tangent2": {
        "x": -0.2762410044670105,
        "y": 2.1718103885650636,
        "z": 0.1606285721063614
    },
    "endPos": {
        "x": -0.8479573726654053,
        "y": 4.201111793518066,
        "z": 0.410438597202301
    }
}