{
    "_horizontalLines": 16.0,
    "_verticalLines": 16.0,
    "_radius": 0.09144049137830734,
    "_petalColour": {
        "r": 0.42822450399398806,
        "g": 0.9454944133758545,
        "b": 0.9034278392791748,
        "a": 1.0
    },
    "_cylinderVertexCount": 5.0,
    "_stemRadius": 0.04236726090312004,
    "_leafCount": 8.0,
    "_edgeRingCount": 12.0,
    "startPos": {
        "x": 0.0,
        "y": 0.0,
        "z": 0.0
    },
    "tangent1": {
        "x": 0.09236793220043183,
        "y": 0.5403217077255249,
        "z": 0.25330114364624026
    },
    "tangent2": {
        "x": 0.22712935507297517,
        "y": 1.490537166595459,
        "z": -0.1305074691772461
    },
    "endPos": {
        "x": -0.28562837839126589,
        "y": 4.0,
        "z": -0.9822350740432739
    }
}