{
    "_horizontalLines": 18.0,
    "_verticalLines": 17.0,
    "_radius": 0.0401577353477478,
    "_petalColour": {
        "r": 0.981602668762207,
        "g": 0.8724281787872315,
        "b": 0.38406580686569216,
        "a": 1.0
    },
    "_cylinderVertexCount": 7.0,
    "_stemRadius": 0.02578989788889885,
    "_leafCount": 8.0,
    "_edgeRingCount": 41.0,
    "startPos": {
        "x": 0.0,
        "y": 0.0,
        "z": 0.0
    },
    "tangent1": {
        "x": -0.464791864156723,
        "y": 1.135373592376709,
        "z": 0.05953378602862358
    },
    "tangent2": {
        "x": -0.5702624917030335,
        "y": 2.8263397216796877,
        "z": -0.3101424276828766
    },
    "endPos": {
        "x": -1.3234679698944092,
        "y": 5.498861312866211,
        "z": -0.33136504888534548
    }
}