{
    "_horizontalLines": 16.0,
    "_verticalLines": 19.0,
    "_radius": 0.10978956520557404,
    "_petalColour": {
        "r": 0.9899996519088745,
        "g": 0.20147013664245606,
        "b": 0.17045199871063233,
        "a": 1.0
    },
    "_cylinderVertexCount": 13.0,
    "_stemRadius": 0.06742601096630097,
    "_leafCount": 8.0,
    "_edgeRingCount": 55.0,
    "startPos": {
        "x": 0.0,
        "y": 0.0,
        "z": 0.0
    },
    "tangent1": {
        "x": 0.2614471912384033,
        "y": 0.8056365847587586,
        "z": -0.28383341431617739
    },
    "tangent2": {
        "x": 0.639018177986145,
        "y": 1.5635703802108765,
        "z": -0.39160484075546267
    },
    "endPos": {
        "x": 0.537580668926239,
        "y": 4.0,
        "z": -1.1702468395233155
    }
}