{
    "_horizontalLines": 16.0,
    "_verticalLines": 17.0,
    "_radius": 0.09585519134998322,
    "_petalColour": {
        "r": 0.8972971439361572,
        "g": 0.4181264042854309,
        "b": 0.006514906883239746,
        "a": 1.0
    },
    "_cylinderVertexCount": 5.0,
    "_stemRadius": 0.05164774879813194,
    "_leafCount": 8.0,
    "_edgeRingCount": 62.0,
    "startPos": {
        "x": 0.0,
        "y": 0.0,
        "z": 0.0
    },
    "tangent1": {
        "x": -0.4103121757507324,
        "y": 0.48703116178512576,
        "z": -0.28559455275535586
    },
    "tangent2": {
        "x": -0.40480881929397585,
        "y": 1.61732816696167,
        "z": 0.04477834701538086
    },
    "endPos": {
        "x": 0.22736036777496339,
        "y": 4.800649642944336,
        "z": 0.7004951238632202
    }
}