{
    "_horizontalLines": 18.0,
    "_verticalLines": 17.0,
    "_radius": 0.05433773249387741,
    "_petalColour": {
        "r": 0.5634716153144836,
        "g": 0.0878133773803711,
        "b": 0.2192937135696411,
        "a": 1.0
    },
    "_cylinderVertexCount": 7.0,
    "_stemRadius": 0.035670697689056399,
    "_leafCount": 8.0,
    "_edgeRingCount": 37.0,
    "startPos": {
        "x": 0.0,
        "y": 0.0,
        "z": 0.0
    },
    "tangent1": {
        "x": -0.29455041885375979,
        "y": 1.9901100397109986,
        "z": 0.19994471967220307
    },
    "tangent2": {
        "x": -0.2278330773115158,
        "y": 3.228750228881836,
        "z": 0.22481077909469605
    },
    "endPos": {
        "x": 0.012811407446861267,
        "y": 4.0,
        "z": -0.35243624448776247
    }
}