{
    "_horizontalLines": 18.0,
    "_verticalLines": 19.0,
    "_radius": 0.06112993508577347,
    "_petalColour": {
        "r": 0.16117453575134278,
        "g": 0.495971143245697,
        "b": 0.2256176471710205,
        "a": 1.0
    },
    "_cylinderVertexCount": 9.0,
    "_stemRadius": 0.02597576193511486,
    "_leafCount": 8.0,
    "_edgeRingCount": 36.0,
    "startPos": {
        "x": 0.0,
        "y": 0.0,
        "z": 0.0
    },
    "tangent1": {
        "x": -0.07900495827198029,
        "y": 0.36773282289505007,
        "z": -0.35379257798194888
    },
    "tangent2": {
        "x": 0.33372753858566286,
        "y": 1.2654558420181275,
        "z": 0.1096038818359375
    },
    "endPos": {
        "x": -0.4218052625656128,
        "y": 4.0,
        "z": -0.47200489044189455
    }
}