{
    "_horizontalLines": 18.0,
    "_verticalLines": 16.0,
    "_radius": 0.14711856842041017,
    "_petalColour": {
        "r": 0.3020854592323303,
        "g": 0.26348286867141726,
        "b": 0.32446545362472536,
        "a": 1.0
    },
    "_cylinderVertexCount": 5.0,
    "_stemRadius": 0.12331563979387284,
    "_leafCount": 8.0,
    "_edgeRingCount": 18.0,
    "startPos": {
        "x": 0.0,
        "y": 0.0,
        "z": 0.0
    },
    "tangent1": {
        "x": -0.4403875470161438,
        "y": 1.2332019805908204,
        "z": 0.052664805203676227
    },
    "tangent2": {
        "x": -0.3683520555496216,
        "y": 3.093306064605713,
        "z": -0.3399260938167572
    },
    "endPos": {
        "x": -0.38914892077445986,
        "y": 4.0,
        "z": -0.1843688040971756
    }
}