{
    "_horizontalLines": 16.0,
    "_verticalLines": 17.0,
    "_radius": 0.13081227242946626,
    "_petalColour": {
        "r": 0.22719037532806397,
        "g": 0.9611753225326538,
        "b": 0.04878425598144531,
        "a": 1.0
    },
    "_cylinderVertexCount": 5.0,
    "_stemRadius": 0.0869775116443634,
    "_leafCount": 8.0,
    "_edgeRingCount": 29.0,
    "startPos": {
        "x": 0.0,
        "y": 0.0,
        "z": 0.0
    },
    "tangent1": {
        "x": -0.44117775559425356,
        "y": 0.4645997881889343,
        "z": -0.03926558420062065
    },
    "tangent2": {
        "x": -0.8383558988571167,
        "y": 2.090728998184204,
        "z": 0.22276414930820466
    },
    "endPos": {
        "x": -0.8348289728164673,
        "y": 4.0,
        "z": 0.0911090075969696
    }
}