{
    "_horizontalLines": 18.0,
    "_verticalLines": 17.0,
    "_radius": 0.034503765404224399,
    "_petalColour": {
        "r": 0.08407795429229737,
        "g": 0.6263583898544312,
        "b": 0.5074657797813416,
        "a": 1.0
    },
    "_cylinderVertexCount": 6.0,
    "_stemRadius": 0.010338800959289074,
    "_leafCount": 8.0,
    "_edgeRingCount": 47.0,
    "startPos": {
        "x": 0.0,
        "y": 0.0,
        "z": 0.0
    },
    "tangent1": {
        "x": 0.2517085075378418,
        "y": 1.8861534595489503,
        "z": -0.28893184661865237
    },
    "tangent2": {
        "x": -0.21525096893310548,
        "y": 3.822570323944092,
        "z": 0.04320800304412842
    },
    "endPos": {
        "x": 0.11875048279762268,
        "y": 6.300000190734863,
        "z": -0.3216823637485504
    }
}