{
    "_horizontalLines": 17.0,
    "_verticalLines": 15.0,
    "_radius": 0.1446170061826706,
    "_petalColour": {
        "r": 0.322035014629364,
        "g": 0.759090781211853,
        "b": 0.8519198894500732,
        "a": 1.0
    },
    "_cylinderVertexCount": 14.0,
    "_stemRadius": 0.09721201658248902,
    "_leafCount": 8.0,
    "_edgeRingCount": 32.0,
    "startPos": {
        "x": 0.0,
        "y": 0.0,
        "z": 0.0
    },
    "tangent1": {
        "x": 0.33229467272758486,
        "y": 1.482984185218811,
        "z": -0.027242470532655717
    },
    "tangent2": {
        "x": 0.7083984613418579,
        "y": 1.9375674724578858,
        "z": -0.28597313165664675
    },
    "endPos": {
        "x": -0.13514137268066407,
        "y": 4.23813009262085,
        "z": -0.6357572078704834
    }
}