{
    "_horizontalLines": 18.0,
    "_verticalLines": 16.0,
    "_radius": 0.11881519109010697,
    "_petalColour": {
        "r": 0.2436046600341797,
        "g": 0.7571579217910767,
        "b": 0.36835581064224245,
        "a": 1.0
    },
    "_cylinderVertexCount": 9.0,
    "_stemRadius": 0.09304448962211609,
    "_leafCount": 8.0,
    "_edgeRingCount": 16.0,
    "startPos": {
        "x": 0.0,
        "y": 0.0,
        "z": 0.0
    },
    "tangent1": {
        "x": 0.3325977325439453,
        "y": 1.3090766668319703,
        "z": -0.4265209138393402
    },
    "tangent2": {
        "x": -0.08359900116920471,
        "y": 2.753734588623047,
        "z": -0.8364140391349793
    },
    "endPos": {
        "x": 0.741294264793396,
        "y": 5.095031261444092,
        "z": -1.2238186597824097
    }
}