{
    "_horizontalLines": 15.0,
    "_verticalLines": 19.0,
    "_radius": 0.0797397792339325,
    "_petalColour": {
        "r": 0.7388439178466797,
        "g": 0.6685734987258911,
        "b": 0.7844191789627075,
        "a": 1.0
    },
    "_cylinderVertexCount": 6.0,
    "_stemRadius": 0.07189382612705231,
    "_leafCount": 8.0,
    "_edgeRingCount": 24.0,
    "startPos": {
        "x": 0.0,
        "y": 0.0,
        "z": 0.0
    },
    "tangent1": {
        "x": 0.2999797761440277,
        "y": 0.09927769005298615,
        "z": 0.258439302444458
    },
    "tangent2": {
        "x": 0.08771185576915741,
        "y": 0.31554165482521059,
        "z": 0.4128783643245697
    },
    "endPos": {
        "x": 0.4808751940727234,
        "y": 4.0,
        "z": 1.1835887432098389
    }
}