{
    "_horizontalLines": 16.0,
    "_verticalLines": 17.0,
    "_radius": 0.06647878140211106,
    "_petalColour": {
        "r": 0.4557569622993469,
        "g": 0.028157711029052736,
        "b": 0.4144877791404724,
        "a": 1.0
    },
    "_cylinderVertexCount": 5.0,
    "_stemRadius": 0.04673074930906296,
    "_leafCount": 8.0,
    "_edgeRingCount": 57.0,
    "startPos": {
        "x": 0.0,
        "y": 0.0,
        "z": 0.0
    },
    "tangent1": {
        "x": -0.29558420181274416,
        "y": 1.2102727890014649,
        "z": 0.3302026689052582
    },
    "tangent2": {
        "x": -0.40682655572891238,
        "y": 2.1237361431121828,
        "z": 0.05420026183128357
    },
    "endPos": {
        "x": -0.4190163314342499,
        "y": 5.163450241088867,
        "z": 0.4649007320404053
    }
}