{
    "_horizontalLines": 18.0,
    "_verticalLines": 19.0,
    "_radius": 0.07470574229955673,
    "_petalColour": {
        "r": 0.3832297921180725,
        "g": 0.262195885181427,
        "b": 0.6500366926193237,
        "a": 1.0
    },
    "_cylinderVertexCount": 13.0,
    "_stemRadius": 0.07219359278678894,
    "_leafCount": 8.0,
    "_edgeRingCount": 52.0,
    "startPos": {
        "x": 0.0,
        "y": 0.0,
        "z": 0.0
    },
    "tangent1": {
        "x": 0.32143744826316836,
        "y": 0.22007103264331819,
        "z": 0.16649530827999116
    },
    "tangent2": {
        "x": -0.17434808611869813,
        "y": 1.470974326133728,
        "z": 0.23318761587142945
    },
    "endPos": {
        "x": -0.23829114437103272,
        "y": 4.0,
        "z": 0.605442464351654
    }
}