{
    "_horizontalLines": 17.0,
    "_verticalLines": 19.0,
    "_radius": 0.11397646367549896,
    "_petalColour": {
        "r": 0.10483109951019287,
        "g": 0.5310894846916199,
        "b": 0.279191792011261,
        "a": 1.0
    },
    "_cylinderVertexCount": 11.0,
    "_stemRadius": 0.0831390991806984,
    "_leafCount": 8.0,
    "_edgeRingCount": 24.0,
    "startPos": {
        "x": 0.0,
        "y": 0.0,
        "z": 0.0
    },
    "tangent1": {
        "x": -0.26954421401023867,
        "y": 0.864113986492157,
        "z": -0.12753267586231233
    },
    "tangent2": {
        "x": -0.1767951399087906,
        "y": 2.3246123790740969,
        "z": 0.14206542074680329
    },
    "endPos": {
        "x": -0.23965948820114137,
        "y": 4.0,
        "z": 0.7314810752868652
    }
}