{
    "_horizontalLines": 15.0,
    "_verticalLines": 15.0,
    "_radius": 0.11032312363386154,
    "_petalColour": {
        "r": 0.2744773030281067,
        "g": 0.699489951133728,
        "b": 0.0812445878982544,
        "a": 1.0
    },
    "_cylinderVertexCount": 9.0,
    "_stemRadius": 0.08534839749336243,
    "_leafCount": 8.0,
    "_edgeRingCount": 41.0,
    "startPos": {
        "x": 0.0,
        "y": 0.0,
        "z": 0.0
    },
    "tangent1": {
        "x": -0.49815741181373598,
        "y": 1.2635527849197388,
        "z": -0.16921620070934297
    },
    "tangent2": {
        "x": -0.33770039677619936,
        "y": 2.2250561714172365,
        "z": -0.09441709518432617
    },
    "endPos": {
        "x": 0.342120498418808,
        "y": 4.0,
        "z": -0.3711068332195282
    }
}