{
    "_horizontalLines": 15.0,
    "_verticalLines": 18.0,
    "_radius": 0.07477367669343949,
    "_petalColour": {
        "r": 0.4694344401359558,
        "g": 0.05875205993652344,
        "b": 0.017271757125854493,
        "a": 1.0
    },
    "_cylinderVertexCount": 8.0,
    "_stemRadius": 0.06951580196619034,
    "_leafCount": 8.0,
    "_edgeRingCount": 12.0,
    "startPos": {
        "x": 0.0,
        "y": 0.0,
        "z": 0.0
    },
    "tangent1": {
        "x": -0.23106031119823457,
        "y": 1.1671314239501954,
        "z": 0.0346345417201519
    },
    "tangent2": {
        "x": -0.046746447682380679,
        "y": 1.5190279483795167,
        "z": -0.37443262338638308
    },
    "endPos": {
        "x": 0.1903700977563858,
        "y": 4.986535549163818,
        "z": -0.038643091917037967
    }
}