{
    "_horizontalLines": 18.0,
    "_verticalLines": 17.0,
    "_radius": 0.12936918437480927,
    "_petalColour": {
        "r": 0.3557639718055725,
        "g": 0.17556393146514893,
        "b": 0.6292150020599365,
        "a": 1.0
    },
    "_cylinderVertexCount": 9.0,
    "_stemRadius": 0.08665691316127777,
    "_leafCount": 8.0,
    "_edgeRingCount": 41.0,
    "startPos": {
        "x": 0.0,
        "y": 0.0,
        "z": 0.0
    },
    "tangent1": {
        "x": 0.34621885418891909,
        "y": 1.9320709705352784,
        "z": 0.4932335913181305
    },
    "tangent2": {
        "x": 0.4798349142074585,
        "y": 3.1680426597595217,
        "z": 0.4629593789577484
    },
    "endPos": {
        "x": 1.0801453590393067,
        "y": 6.300000190734863,
        "z": -0.2138737142086029
    }
}