{
    "_horizontalLines": 16.0,
    "_verticalLines": 15.0,
    "_radius": 0.0564812608063221,
    "_petalColour": {
        "r": 0.11368405818939209,
        "g": 0.10831522941589356,
        "b": 0.7147787809371948,
        "a": 1.0
    },
    "_cylinderVertexCount": 14.0,
    "_stemRadius": 0.023836838081479074,
    "_leafCount": 8.0,
    "_edgeRingCount": 59.0,
    "startPos": {
        "x": 0.0,
        "y": 0.0,
        "z": 0.0
    },
    "tangent1": {
        "x": -0.12804003059864045,
        "y": 0.28676337003707888,
        "z": -0.43392887711524966
    },
    "tangent2": {
        "x": 0.31388330459594729,
        "y": 1.6697323322296143,
        "z": -0.4571743905544281
    },
    "endPos": {
        "x": 0.29334595799446108,
        "y": 4.0,
        "z": -0.10734081268310547
    }
}