{
    "_horizontalLines": 16.0,
    "_verticalLines": 15.0,
    "_radius": 0.03804260492324829,
    "_petalColour": {
        "r": 0.2548956274986267,
        "g": 0.9244863986968994,
        "b": 0.16674268245697022,
        "a": 1.0
    },
    "_cylinderVertexCount": 10.0,
    "_stemRadius": 0.02682076208293438,
    "_leafCount": 8.0,
    "_edgeRingCount": 28.0,
    "startPos": {
        "x": 0.0,
        "y": 0.0,
        "z": 0.0
    },
    "tangent1": {
        "x": -0.15386538207530976,
        "y": 1.8396015167236329,
        "z": -0.16206912696361543
    },
    "tangent2": {
        "x": 0.13062672317028047,
        "y": 3.19612455368042,
        "z": -0.5002080798149109
    },
    "endPos": {
        "x": 0.8245980739593506,
        "y": 5.573348522186279,
        "z": -0.4490087330341339
    }
}