{
    "_horizontalLines": 15.0,
    "_verticalLines": 16.0,
    "_radius": 0.1453455239534378,
    "_petalColour": {
        "r": 0.15992975234985352,
        "g": 0.34778541326522829,
        "b": 0.9401310682296753,
        "a": 1.0
    },
    "_cylinderVertexCount": 11.0,
    "_stemRadius": 0.11088859289884567,
    "_leafCount": 8.0,
    "_edgeRingCount": 42.0,
    "startPos": {
        "x": 0.0,
        "y": 0.0,
        "z": 0.0
    },
    "tangent1": {
        "x": 0.022824812680482866,
        "y": 1.4567770957946778,
        "z": 0.31834936141967776
    },
    "tangent2": {
        "x": 0.33756500482559206,
        "y": 2.638735771179199,
        "z": -0.12253350019454956
    },
    "endPos": {
        "x": 0.5760012865066528,
        "y": 4.571378707885742,
        "z": 0.7497351169586182
    }
}