{
    "_horizontalLines": 17.0,
    "_verticalLines": 17.0,
    "_radius": 0.10216475278139115,
    "_petalColour": {
        "r": 0.5781195759773254,
        "g": 0.2831677794456482,
        "b": 0.4079440236091614,
        "a": 1.0
    },
    "_cylinderVertexCount": 5.0,
    "_stemRadius": 0.08363896608352661,
    "_leafCount": 8.0,
    "_edgeRingCount": 4.0,
    "startPos": {
        "x": 0.0,
        "y": 0.0,
        "z": 0.0
    },
    "tangent1": {
        "x": 0.49471259117126467,
        "y": 0.8168830871582031,
        "z": -0.4562673568725586
    },
    "tangent2": {
        "x": 0.4284009337425232,
        "y": 1.8416404724121094,
        "z": -0.5921840071678162
    },
    "endPos": {
        "x": 0.02516314387321472,
        "y": 4.0,
        "z": -0.6404678821563721
    }
}