{
    "_horizontalLines": 17.0,
    "_verticalLines": 17.0,
    "_radius": 0.14598281681537629,
    "_petalColour": {
        "r": 0.2423943281173706,
        "g": 0.29180628061294558,
        "b": 0.8992189168930054,
        "a": 1.0
    },
    "_cylinderVertexCount": 14.0,
    "_stemRadius": 0.10863404721021652,
    "_leafCount": 8.0,
    "_edgeRingCount": 46.0,
    "startPos": {
        "x": 0.0,
        "y": 0.0,
        "z": 0.0
    },
    "tangent1": {
        "x": -0.05587572976946831,
        "y": 1.3441420793533326,
        "z": -0.4679862856864929
    },
    "tangent2": {
        "x": -0.2928919792175293,
        "y": 2.1870481967926027,
        "z": -0.6061455011367798
    },
    "endPos": {
        "x": -0.7080413103103638,
        "y": 4.0,
        "z": -1.3686716556549073
    }
}