{
    "_horizontalLines": 16.0,
    "_verticalLines": 19.0,
    "_radius": 0.08449017256498337,
    "_petalColour": {
        "r": 0.4735162854194641,
        "g": 0.549389660358429,
        "b": 0.9147275686264038,
        "a": 1.0
    },
    "_cylinderVertexCount": 10.0,
    "_stemRadius": 0.03924769163131714,
    "_leafCount": 8.0,
    "_edgeRingCount": 5.0,
    "startPos": {
        "x": 0.0,
        "y": 0.0,
        "z": 0.0
    },
    "tangent1": {
        "x": 0.21274542808532716,
        "y": 0.02273101732134819,
        "z": -0.33670511841773989
    },
    "tangent2": {
        "x": 0.6256451606750488,
        "y": 1.2118194103240967,
        "z": -0.6802456974983215
    },
    "endPos": {
        "x": 0.2702464163303375,
        "y": 4.0,
        "z": -1.2569425106048585
    }
}