{
    "_horizontalLines": 18.0,
    "_verticalLines": 18.0,
    "_radius": 0.022645538672804834,
    "_petalColour": {
        "r": 0.14422345161437989,
        "g": 0.10922443866729737,
        "b": 0.2502163052558899,
        "a": 1.0
    },
    "_cylinderVertexCount": 9.0,
    "_stemRadius": 0.00879785604774952,
    "_leafCount": 8.0,
    "_edgeRingCount": 7.0,
    "startPos": {
        "x": 0.0,
        "y": 0.0,
        "z": 0.0
    },
    "tangent1": {
        "x": 0.44932547211647036,
        "y": 1.8488041162490845,
        "z": -0.447361558675766
    },
    "tangent2": {
        "x": 0.3846244215965271,
        "y": 1.9200338125228882,
        "z": -0.8647653460502625
    },
    "endPos": {
        "x": -0.0038836300373077394,
        "y": 4.0,
        "z": -0.24114090204238892
    }
}