{
    "_horizontalLines": 19.0,
    "_verticalLines": 17.0,
    "_radius": 0.1311686933040619,
    "_petalColour": {
        "r": 0.7224596738815308,
        "g": 0.7564666271209717,
        "b": 0.14630043506622315,
        "a": 1.0
    },
    "_cylinderVertexCount": 13.0,
    "_stemRadius": 0.10945684462785721,
    "_leafCount": 8.0,
    "_edgeRingCount": 25.0,
    "startPos": {
        "x": 0.0,
        "y": 0.0,
        "z": 0.0
    },
    "tangent1": {
        "x": -0.35136929154396059,
        "y": 0.9336543083190918,
        "z": -0.20597048103809358
    },
    "tangent2": {
        "x": -0.051292091608047488,
        "y": 2.4320130348205568,
        "z": -0.001001790165901184
    },
    "endPos": {
        "x": 0.08035095036029816,
        "y": 4.0,
        "z": 0.7567160129547119
    }
}