{
    "_horizontalLines": 15.0,
    "_verticalLines": 17.0,
    "_radius": 0.10010914504528046,
    "_petalColour": {
        "r": 0.9854751825332642,
        "g": 0.4589013457298279,
        "b": 0.20077478885650636,
        "a": 1.0
    },
    "_cylinderVertexCount": 12.0,
    "_stemRadius": 0.08897081762552262,
    "_leafCount": 8.0,
    "_edgeRingCount": 34.0,
    "startPos": {
        "x": 0.0,
        "y": 0.0,
        "z": 0.0
    },
    "tangent1": {
        "x": -0.4648819863796234,
        "y": 1.8464504480361939,
        "z": -0.07455559074878693
    },
    "tangent2": {
        "x": -0.7152824401855469,
        "y": 1.9056180715560914,
        "z": -0.1316172182559967
    },
    "endPos": {
        "x": -0.5865665674209595,
        "y": 4.829473972320557,
        "z": 0.6629776954650879
    }
}