{
    "_horizontalLines": 17.0,
    "_verticalLines": 16.0,
    "_radius": 0.07802023738622666,
    "_petalColour": {
        "r": 0.510026752948761,
        "g": 0.38365036249160769,
        "b": 0.041901588439941409,
        "a": 1.0
    },
    "_cylinderVertexCount": 14.0,
    "_stemRadius": 0.04291699081659317,
    "_leafCount": 8.0,
    "_edgeRingCount": 28.0,
    "startPos": {
        "x": 0.0,
        "y": 0.0,
        "z": 0.0
    },
    "tangent1": {
        "x": -0.3025071918964386,
        "y": 1.1975593566894532,
        "z": 0.35719621181488039
    },
    "tangent2": {
        "x": -0.03319481015205383,
        "y": 2.9157614707946779,
        "z": 0.7286770343780518
    },
    "endPos": {
        "x": 0.7776696681976318,
        "y": 4.0,
        "z": 1.2737804651260377
    }
}