{
    "_horizontalLines": 17.0,
    "_verticalLines": 17.0,
    "_radius": 0.10524830222129822,
    "_petalColour": {
        "r": 0.6560373306274414,
        "g": 0.5250861048698425,
        "b": 0.791618824005127,
        "a": 1.0
    },
    "_cylinderVertexCount": 12.0,
    "_stemRadius": 0.08075767010450363,
    "_leafCount": 8.0,
    "_edgeRingCount": 31.0,
    "startPos": {
        "x": 0.0,
        "y": 0.0,
        "z": 0.0
    },
    "tangent1": {
        "x": 0.17419776320457459,
        "y": 0.6484111547470093,
        "z": -0.3195739686489105
    },
    "tangent2": {
        "x": 0.16709260642528535,
        "y": 1.5694098472595215,
        "z": 0.15985068678855897
    },
    "endPos": {
        "x": 0.35903340578079226,
        "y": 4.0,
        "z": -0.4411645829677582
    }
}