{
    "_horizontalLines": 5.0,
    "_verticalLines": 14.0,
    "_radius": 0.1552123725414276,
    "_petalColour": {
        "r": 0.42821115255355837,
        "g": 0.07021129131317139,
        "b": 0.25924211740493777,
        "a": 1.0
    },
    "_cylinderVertexCount": 9.0,
    "_stemRadius": 0.1394154280424118,
    "_leafCount": 8.0,
    "_edgeRingCount": 53.0,
    "startPos": {
        "x": -0.09736035019159317,
        "y": 0.6315578818321228,
        "z": 0.03327431529760361
    },
    "tangent1": {
        "x": -0.14015524089336396,
        "y": 1.3042367696762086,
        "z": -0.1674061417579651
    },
    "tangent2": {
        "x": 0.15255124866962434,
        "y": 3.1189210414886476,
        "z": -0.22830305993556977
    },
    "endPos": {
        "x": -0.40917515754699709,
        "y": 6.557246208190918,
        "z": -0.1604306399822235
    }
}