{
    "_horizontalLines": 12,
    "_verticalLines": 15,
    "_radius": 0.0729195699095726,
    "_petalColour": {
        "r": 0.4751301407814026,
        "g": 0.6923561096191406,
        "b": 0.233953595161438,
        "a": 1.0
    },
    "_cylinderVertexCount": 13,
    "_stemRadius": 0.06660138070583344,
    "_leafCount": 8,
    "_edgeRingCount": 60,
    "startPos": {
        "x": -0.047342635691165927,
        "y": 0.18393191695213319,
        "z": -0.1255672425031662
    },
    "tangent1": {
        "x": 0.21887269616127015,
        "y": 0.20092619955539704,
        "z": -0.36440739035606387
    },
    "tangent2": {
        "x": 0.3665050268173218,
        "y": 2.035229444503784,
        "z": -0.3949725925922394
    },
    "endPos": {
        "x": -0.03517630696296692,
        "y": 3.494570732116699,
        "z": -0.8317655324935913
    }
}