{
    "_horizontalLines": 18.0,
    "_verticalLines": 18.0,
    "_radius": 0.10442402213811875,
    "_petalColour": {
        "r": 0.6638435125350952,
        "g": 0.5025308728218079,
        "b": 0.697767972946167,
        "a": 1.0
    },
    "_cylinderVertexCount": 5.0,
    "_stemRadius": 0.10171191394329071,
    "_leafCount": 8.0,
    "_edgeRingCount": 19.0,
    "startPos": {
        "x": 0.0,
        "y": 0.0,
        "z": 0.0
    },
    "tangent1": {
        "x": 0.36233949661254885,
        "y": 0.5709354281425476,
        "z": -0.3138999044895172
    },
    "tangent2": {
        "x": -0.09429177641868592,
        "y": 1.0209217071533204,
        "z": 0.0523492693901062
    },
    "endPos": {
        "x": 0.35226091742515566,
        "y": 4.0,
        "z": -0.7840263843536377
    }
}