{
    "_horizontalLines": 16.0,
    "_verticalLines": 15.0,
    "_radius": 0.053933415561914447,
    "_petalColour": {
        "r": 0.015760302543640138,
        "g": 0.49055010080337527,
        "b": 0.6326780319213867,
        "a": 1.0
    },
    "_cylinderVertexCount": 5.0,
    "_stemRadius": 0.023880133405327798,
    "_leafCount": 8.0,
    "_edgeRingCount": 37.0,
    "startPos": {
        "x": 0.0,
        "y": 0.0,
        "z": 0.0
    },
    "tangent1": {
        "x": -0.41763582825660708,
        "y": 1.2301273345947266,
        "z": 0.36205101013183596
    },
    "tangent2": {
        "x": -0.454427570104599,
        "y": 1.5819966793060303,
        "z": -0.12193068861961365
    },
    "endPos": {
        "x": -1.0912971496582032,
        "y": 4.0,
        "z": -0.8451634645462036
    }
}