{
    "_horizontalLines": 19.0,
    "_verticalLines": 16.0,
    "_radius": 0.13218694925308228,
    "_petalColour": {
        "r": 0.3275638222694397,
        "g": 0.6703019142150879,
        "b": 0.3836737275123596,
        "a": 1.0
    },
    "_cylinderVertexCount": 10.0,
    "_stemRadius": 0.0945650190114975,
    "_leafCount": 8.0,
    "_edgeRingCount": 39.0,
    "startPos": {
        "x": 0.0,
        "y": 0.0,
        "z": 0.0
    },
    "tangent1": {
        "x": 0.4254327714443207,
        "y": 0.24714545905590058,
        "z": 0.24874138832092286
    },
    "tangent2": {
        "x": 0.26010143756866457,
        "y": 0.2842632234096527,
        "z": 0.07965536415576935
    },
    "endPos": {
        "x": 0.02648092806339264,
        "y": 4.0,
        "z": -0.5669225454330444
    }
}