{
    "_horizontalLines": 16.0,
    "_verticalLines": 16.0,
    "_radius": 0.06305836141109467,
    "_petalColour": {
        "r": 0.9128116369247437,
        "g": 0.7086026668548584,
        "b": 0.7283083200454712,
        "a": 1.0
    },
    "_cylinderVertexCount": 14.0,
    "_stemRadius": 0.03476230800151825,
    "_leafCount": 8.0,
    "_edgeRingCount": 42.0,
    "startPos": {
        "x": 0.0,
        "y": 0.0,
        "z": 0.0
    },
    "tangent1": {
        "x": 0.11946196854114533,
        "y": 0.3901674151420593,
        "z": -0.02176385000348091
    },
    "tangent2": {
        "x": 0.26253587007522585,
        "y": 0.9427372813224793,
        "z": -0.21368512511253358
    },
    "endPos": {
        "x": -0.395145058631897,
        "y": 4.0,
        "z": 0.6571335792541504
    }
}