{
    "_horizontalLines": 17.0,
    "_verticalLines": 18.0,
    "_radius": 0.11713169515132904,
    "_petalColour": {
        "r": 0.26609843969345095,
        "g": 0.5575430989265442,
        "b": 0.046024441719055179,
        "a": 1.0
    },
    "_cylinderVertexCount": 12.0,
    "_stemRadius": 0.0839066356420517,
    "_leafCount": 8.0,
    "_edgeRingCount": 18.0,
    "startPos": {
        "x": 0.0,
        "y": 0.0,
        "z": 0.0
    },
    "tangent1": {
        "x": -0.1753397434949875,
        "y": 1.5316208600997925,
        "z": 0.3489682972431183
    },
    "tangent2": {
        "x": -0.35430678725242617,
        "y": 2.703660011291504,
        "z": 0.7729393839836121
    },
    "endPos": {
        "x": 0.33900198340415957,
        "y": 4.0,
        "z": 1.5750064849853516
    }
}