{
    "_horizontalLines": 16.0,
    "_verticalLines": 16.0,
    "_radius": 0.025264674797654153,
    "_petalColour": {
        "r": 0.6668634414672852,
        "g": 0.21333801746368409,
        "b": 0.7349743843078613,
        "a": 1.0
    },
    "_cylinderVertexCount": 10.0,
    "_stemRadius": 0.009498011320829392,
    "_leafCount": 8.0,
    "_edgeRingCount": 16.0,
    "startPos": {
        "x": 0.0,
        "y": 0.0,
        "z": 0.0
    },
    "tangent1": {
        "x": 0.4115990698337555,
        "y": 1.847238540649414,
        "z": -0.44633445143699648
    },
    "tangent2": {
        "x": 0.6372179985046387,
        "y": 2.6133739948272707,
        "z": -0.02926430106163025
    },
    "endPos": {
        "x": -0.0073493123054504398,
        "y": 4.0,
        "z": -0.6200248003005981
    }
}