{
    "_horizontalLines": 18.0,
    "_verticalLines": 15.0,
    "_radius": 0.06974844634532929,
    "_petalColour": {
        "r": 0.45974189043045046,
        "g": 0.3265417218208313,
        "b": 0.6028019785881043,
        "a": 1.0
    },
    "_cylinderVertexCount": 8.0,
    "_stemRadius": 0.05363140255212784,
    "_leafCount": 8.0,
    "_edgeRingCount": 54.0,
    "startPos": {
        "x": 0.0,
        "y": 0.0,
        "z": 0.0
    },
    "tangent1": {
        "x": 0.4994521141052246,
        "y": 0.8749194145202637,
        "z": -0.10575990378856659
    },
    "tangent2": {
        "x": 0.41746896505355837,
        "y": 2.7128639221191408,
        "z": -0.5100032687187195
    },
    "endPos": {
        "x": -0.19716876745224,
        "y": 5.949069499969482,
        "z": 0.05904930830001831
    }
}