{
    "_horizontalLines": 19.0,
    "_verticalLines": 17.0,
    "_radius": 0.0749235600233078,
    "_petalColour": {
        "r": 0.5098227858543396,
        "g": 0.9073563814163208,
        "b": 0.34450763463974,
        "a": 1.0
    },
    "_cylinderVertexCount": 6.0,
    "_stemRadius": 0.06400270760059357,
    "_leafCount": 8.0,
    "_edgeRingCount": 18.0,
    "startPos": {
        "x": 0.0,
        "y": 0.0,
        "z": 0.0
    },
    "tangent1": {
        "x": 0.22024258971214295,
        "y": 0.38596898317337038,
        "z": 0.4902563989162445
    },
    "tangent2": {
        "x": 0.4807223975658417,
        "y": 1.9459466934204102,
        "z": 0.02056780457496643
    },
    "endPos": {
        "x": 0.5641592144966126,
        "y": 4.331768989562988,
        "z": 0.8102095127105713
    }
}