{
    "_horizontalLines": 15.0,
    "_verticalLines": 18.0,
    "_radius": 0.11986751109361649,
    "_petalColour": {
        "r": 0.39640527963638308,
        "g": 0.8229304552078247,
        "b": 0.9661247730255127,
        "a": 1.0
    },
    "_cylinderVertexCount": 8.0,
    "_stemRadius": 0.08729980140924454,
    "_leafCount": 8.0,
    "_edgeRingCount": 36.0,
    "startPos": {
        "x": 0.0,
        "y": 0.0,
        "z": 0.0
    },
    "tangent1": {
        "x": 0.26371249556541445,
        "y": 0.16809730231761933,
        "z": 0.1898944228887558
    },
    "tangent2": {
        "x": 0.7370618581771851,
        "y": 0.8993021249771118,
        "z": -0.2331833392381668
    },
    "endPos": {
        "x": -0.11603778600692749,
        "y": 4.0,
        "z": -0.44067439436912539
    }
}