{
    "_horizontalLines": 18.0,
    "_verticalLines": 16.0,
    "_radius": 0.07856447249650955,
    "_petalColour": {
        "r": 0.5977385640144348,
        "g": 0.4348812699317932,
        "b": 0.43674129247665408,
        "a": 1.0
    },
    "_cylinderVertexCount": 8.0,
    "_stemRadius": 0.05471714213490486,
    "_leafCount": 8.0,
    "_edgeRingCount": 53.0,
    "startPos": {
        "x": 0.0,
        "y": 0.0,
        "z": 0.0
    },
    "tangent1": {
        "x": 0.3414832055568695,
        "y": 0.09796829521656037,
        "z": -0.1255207508802414
    },
    "tangent2": {
        "x": -0.09222957491874695,
        "y": 1.5894612073898316,
        "z": -0.576017439365387
    },
    "endPos": {
        "x": -0.6449862718582153,
        "y": 4.0,
        "z": -0.16932839155197144
    }
}