{
    "_horizontalLines": 16.0,
    "_verticalLines": 18.0,
    "_radius": 0.062133342027664188,
    "_petalColour": {
        "r": 0.5566306710243225,
        "g": 0.7147291898727417,
        "b": 0.27098649740219118,
        "a": 1.0
    },
    "_cylinderVertexCount": 5.0,
    "_stemRadius": 0.024814443662762643,
    "_leafCount": 8.0,
    "_edgeRingCount": 38.0,
    "startPos": {
        "x": 0.0,
        "y": 0.0,
        "z": 0.0
    },
    "tangent1": {
        "x": -0.10236282646656037,
        "y": 1.6812747716903687,
        "z": 0.4384573996067047
    },
    "tangent2": {
        "x": -0.20428824424743653,
        "y": 1.9739336967468262,
        "z": 0.4379335343837738
    },
    "endPos": {
        "x": -0.12068728357553482,
        "y": 5.457322120666504,
        "z": 0.61557936668396
    }
}