{
    "_horizontalLines": 15.0,
    "_verticalLines": 16.0,
    "_radius": 0.028259864076972009,
    "_petalColour": {
        "r": 0.6482548713684082,
        "g": 0.7738990783691406,
        "b": 0.37448233366012576,
        "a": 1.0
    },
    "_cylinderVertexCount": 10.0,
    "_stemRadius": 0.004772943910211325,
    "_leafCount": 8.0,
    "_edgeRingCount": 40.0,
    "startPos": {
        "x": 0.0,
        "y": 0.0,
        "z": 0.0
    },
    "tangent1": {
        "x": 0.295626163482666,
        "y": 0.7919647097587586,
        "z": 0.14735673367977143
    },
    "tangent2": {
        "x": 0.4888228178024292,
        "y": 2.6753602027893068,
        "z": -0.1949470192193985
    },
    "endPos": {
        "x": -0.2511407136917114,
        "y": 4.4459428787231449,
        "z": -1.0679203271865845
    }
}