{
    "_horizontalLines": 18.0,
    "_verticalLines": 19.0,
    "_radius": 0.08488991856575012,
    "_petalColour": {
        "r": 0.11814296245574951,
        "g": 0.42544132471084597,
        "b": 0.5464323163032532,
        "a": 1.0
    },
    "_cylinderVertexCount": 11.0,
    "_stemRadius": 0.0733138918876648,
    "_leafCount": 8.0,
    "_edgeRingCount": 14.0,
    "startPos": {
        "x": 0.0,
        "y": 0.0,
        "z": 0.0
    },
    "tangent1": {
        "x": 0.17072761058807374,
        "y": 0.00893325824290514,
        "z": -0.18659396469593049
    },
    "tangent2": {
        "x": -0.20118963718414308,
        "y": 1.932546854019165,
        "z": -0.2557808458805084
    },
    "endPos": {
        "x": -0.030374988913536073,
        "y": 4.853574275970459,
        "z": 0.5768510103225708
    }
}