{
    "_horizontalLines": 17.0,
    "_verticalLines": 18.0,
    "_radius": 0.15229745209217072,
    "_petalColour": {
        "r": 0.6101164221763611,
        "g": 0.19820904731750489,
        "b": 0.7628690004348755,
        "a": 1.0
    },
    "_cylinderVertexCount": 7.0,
    "_stemRadius": 0.120176762342453,
    "_leafCount": 8.0,
    "_edgeRingCount": 11.0,
    "startPos": {
        "x": 0.0,
        "y": 0.0,
        "z": 0.0
    },
    "tangent1": {
        "x": 0.08631710708141327,
        "y": 0.08613796532154083,
        "z": 0.2721707820892334
    },
    "tangent2": {
        "x": -0.3369811773300171,
        "y": 0.2738327085971832,
        "z": 0.30564504861831667
    },
    "endPos": {
        "x": 0.4932212233543396,
        "y": 4.0,
        "z": 0.03337612748146057
    }
}