{
    "_horizontalLines": 18.0,
    "_verticalLines": 17.0,
    "_radius": 0.10806729644536972,
    "_petalColour": {
        "r": 0.6114272475242615,
        "g": 0.7444900274276733,
        "b": 0.04592311382293701,
        "a": 1.0
    },
    "_cylinderVertexCount": 5.0,
    "_stemRadius": 0.08083835989236832,
    "_leafCount": 8.0,
    "_edgeRingCount": 63.0,
    "startPos": {
        "x": 0.0,
        "y": 0.0,
        "z": 0.0
    },
    "tangent1": {
        "x": 0.03875083848834038,
        "y": 1.653601050376892,
        "z": -0.05077190324664116
    },
    "tangent2": {
        "x": -0.007945157587528229,
        "y": 2.254464626312256,
        "z": 0.19049982726573945
    },
    "endPos": {
        "x": -0.3604065775871277,
        "y": 4.316557884216309,
        "z": 0.9745391607284546
    }
}