{
    "_horizontalLines": 16.0,
    "_verticalLines": 15.0,
    "_radius": 0.025046514347195627,
    "_petalColour": {
        "r": 0.05544710159301758,
        "g": 0.8986234664916992,
        "b": 0.4345291256904602,
        "a": 1.0
    },
    "_cylinderVertexCount": 8.0,
    "_stemRadius": 0.022420734167099,
    "_leafCount": 8.0,
    "_edgeRingCount": 55.0,
    "startPos": {
        "x": 0.0,
        "y": 0.0,
        "z": 0.0
    },
    "tangent1": {
        "x": -0.030509423464536668,
        "y": 1.630528211593628,
        "z": 0.09195919334888458
    },
    "tangent2": {
        "x": -0.24988651275634767,
        "y": 3.2152814865112306,
        "z": -0.13594016432762147
    },
    "endPos": {
        "x": 0.296954870223999,
        "y": 5.240504264831543,
        "z": 0.6691207885742188
    }
}