{
    "_horizontalLines": 15.0,
    "_verticalLines": 17.0,
    "_radius": 0.1033548042178154,
    "_petalColour": {
        "r": 0.12510693073272706,
        "g": 0.24148821830749513,
        "b": 0.4841156601905823,
        "a": 1.0
    },
    "_cylinderVertexCount": 5.0,
    "_stemRadius": 0.05671747773885727,
    "_leafCount": 8.0,
    "_edgeRingCount": 30.0,
    "startPos": {
        "x": 0.0,
        "y": 0.0,
        "z": 0.0
    },
    "tangent1": {
        "x": 0.45482081174850466,
        "y": 0.5463461875915527,
        "z": 0.2819511890411377
    },
    "tangent2": {
        "x": 0.2906367778778076,
        "y": 2.043321132659912,
        "z": 0.6934860944747925
    },
    "endPos": {
        "x": 0.9092596769332886,
        "y": 4.0,
        "z": 1.0579363107681275
    }
}