{
    "_horizontalLines": 19.0,
    "_verticalLines": 15.0,
    "_radius": 0.09484564512968064,
    "_petalColour": {
        "r": 0.7984734773635864,
        "g": 0.34058302640914919,
        "b": 0.10925459861755371,
        "a": 1.0
    },
    "_cylinderVertexCount": 10.0,
    "_stemRadius": 0.07114630192518234,
    "_leafCount": 8.0,
    "_edgeRingCount": 16.0,
    "startPos": {
        "x": 0.0,
        "y": 0.0,
        "z": 0.0
    },
    "tangent1": {
        "x": -0.011755895800888539,
        "y": 1.7275562286376954,
        "z": 0.1703643649816513
    },
    "tangent2": {
        "x": -0.09753623604774475,
        "y": 2.473696708679199,
        "z": -0.09846411645412445
    },
    "endPos": {
        "x": 0.23219990730285645,
        "y": 4.0,
        "z": -0.35710203647613528
    }
}