{
    "_horizontalLines": 19.0,
    "_verticalLines": 15.0,
    "_radius": 0.10287211835384369,
    "_petalColour": {
        "r": 0.5580161213874817,
        "g": 0.8618361949920654,
        "b": 0.991158127784729,
        "a": 1.0
    },
    "_cylinderVertexCount": 6.0,
    "_stemRadius": 0.07618750631809235,
    "_leafCount": 8.0,
    "_edgeRingCount": 41.0,
    "startPos": {
        "x": 0.0,
        "y": 0.0,
        "z": 0.0
    },
    "tangent1": {
        "x": 0.4398331642150879,
        "y": 0.8937168121337891,
        "z": 0.21970471739768983
    },
    "tangent2": {
        "x": 0.2800946831703186,
        "y": 2.869941234588623,
        "z": -0.11759653687477112
    },
    "endPos": {
        "x": -0.21568059921264649,
        "y": 4.0,
        "z": -0.5333045721054077
    }
}