{
    "_horizontalLines": 17.0,
    "_verticalLines": 16.0,
    "_radius": 0.11475182324647904,
    "_petalColour": {
        "r": 0.9494178295135498,
        "g": 0.35452431440353396,
        "b": 0.11281120777130127,
        "a": 1.0
    },
    "_cylinderVertexCount": 13.0,
    "_stemRadius": 0.10737504065036774,
    "_leafCount": 8.0,
    "_edgeRingCount": 9.0,
    "startPos": {
        "x": 0.0,
        "y": 0.0,
        "z": 0.0
    },
    "tangent1": {
        "x": -0.16066031157970429,
        "y": 0.5413171648979187,
        "z": -0.4416601061820984
    },
    "tangent2": {
        "x": -0.6378835439682007,
        "y": 0.7426713705062866,
        "z": -0.7827260494232178
    },
    "endPos": {
        "x": -0.7416042685508728,
        "y": 4.0,
        "z": -1.366271734237671
    }
}