{
    "_horizontalLines": 17.0,
    "_verticalLines": 18.0,
    "_radius": 0.11149212718009949,
    "_petalColour": {
        "r": 0.06953084468841553,
        "g": 0.5480391383171082,
        "b": 0.1068648099899292,
        "a": 1.0
    },
    "_cylinderVertexCount": 11.0,
    "_stemRadius": 0.10115434229373932,
    "_leafCount": 8.0,
    "_edgeRingCount": 16.0,
    "startPos": {
        "x": 0.0,
        "y": 0.0,
        "z": 0.0
    },
    "tangent1": {
        "x": 0.45380210876464846,
        "y": 1.5221885442733765,
        "z": 0.4217562675476074
    },
    "tangent2": {
        "x": -0.029711633920669557,
        "y": 2.683504581451416,
        "z": 0.5540916919708252
    },
    "endPos": {
        "x": -0.7632099390029907,
        "y": 4.0,
        "z": 0.8085089921951294
    }
}