{
    "_horizontalLines": 18.0,
    "_verticalLines": 18.0,
    "_radius": 0.07631116360425949,
    "_petalColour": {
        "r": 0.1635439395904541,
        "g": 0.5013013482093811,
        "b": 0.9672380685806274,
        "a": 1.0
    },
    "_cylinderVertexCount": 8.0,
    "_stemRadius": 0.053492508828639987,
    "_leafCount": 8.0,
    "_edgeRingCount": 62.0,
    "startPos": {
        "x": 0.0,
        "y": 0.0,
        "z": 0.0
    },
    "tangent1": {
        "x": 0.3514528274536133,
        "y": 1.7461494207382203,
        "z": 0.16878937184810639
    },
    "tangent2": {
        "x": 0.673224925994873,
        "y": 2.5156757831573488,
        "z": -0.11003200709819794
    },
    "endPos": {
        "x": 0.7455530762672424,
        "y": 5.603166580200195,
        "z": -0.015595264732837677
    }
}