{
    "_horizontalLines": 19.0,
    "_verticalLines": 18.0,
    "_radius": 0.09399610012769699,
    "_petalColour": {
        "r": 0.09638309478759766,
        "g": 0.30381304025650027,
        "b": 0.0495152473449707,
        "a": 1.0
    },
    "_cylinderVertexCount": 8.0,
    "_stemRadius": 0.08473034203052521,
    "_leafCount": 8.0,
    "_edgeRingCount": 17.0,
    "startPos": {
        "x": 0.0,
        "y": 0.0,
        "z": 0.0
    },
    "tangent1": {
        "x": 0.3024458885192871,
        "y": 1.7938659191131592,
        "z": 0.08445172011852265
    },
    "tangent2": {
        "x": 0.460693359375,
        "y": 2.432612180709839,
        "z": -0.3873414397239685
    },
    "endPos": {
        "x": 1.0198519229888917,
        "y": 4.0,
        "z": -0.5432153940200806
    }
}