{
    "_horizontalLines": 16.0,
    "_verticalLines": 15.0,
    "_radius": 0.06823163479566574,
    "_petalColour": {
        "r": 0.2104477882385254,
        "g": 0.5173476338386536,
        "b": 0.3310982584953308,
        "a": 1.0
    },
    "_cylinderVertexCount": 7.0,
    "_stemRadius": 0.033063314855098727,
    "_leafCount": 8.0,
    "_edgeRingCount": 47.0,
    "startPos": {
        "x": 0.0,
        "y": 0.0,
        "z": 0.0
    },
    "tangent1": {
        "x": 0.40649041533470156,
        "y": 0.290200412273407,
        "z": 0.45238780975341799
    },
    "tangent2": {
        "x": 0.21095527708530427,
        "y": 2.1118862628936769,
        "z": 0.6351314783096314
    },
    "endPos": {
        "x": 0.8669419288635254,
        "y": 5.603481292724609,
        "z": 1.035567045211792
    }
}