{
    "_horizontalLines": 17.0,
    "_verticalLines": 16.0,
    "_radius": 0.055430006235837939,
    "_petalColour": {
        "r": 0.6822828054428101,
        "g": 0.3598397374153137,
        "b": 0.04631221294403076,
        "a": 1.0
    },
    "_cylinderVertexCount": 13.0,
    "_stemRadius": 0.03917936608195305,
    "_leafCount": 8.0,
    "_edgeRingCount": 25.0,
    "startPos": {
        "x": 0.0,
        "y": 0.0,
        "z": 0.0
    },
    "tangent1": {
        "x": 0.44577711820602419,
        "y": 1.0275201797485352,
        "z": -0.2930121421813965
    },
    "tangent2": {
        "x": 0.2599477767944336,
        "y": 1.5250113010406495,
        "z": -0.10623350739479065
    },
    "endPos": {
        "x": -0.07753750681877136,
        "y": 4.0,
        "z": 0.6584711074829102
    }
}