{
    "_horizontalLines": 15.0,
    "_verticalLines": 19.0,
    "_radius": 0.016360405832529069,
    "_petalColour": {
        "r": 0.19872260093688966,
        "g": 0.09790325164794922,
        "b": 0.004884123802185059,
        "a": 1.0
    },
    "_cylinderVertexCount": 14.0,
    "_stemRadius": -0.0011227845679968596,
    "_leafCount": 8.0,
    "_edgeRingCount": 37.0,
    "startPos": {
        "x": 0.0,
        "y": 0.0,
        "z": 0.0
    },
    "tangent1": {
        "x": 0.4918079376220703,
        "y": 0.6549322009086609,
        "z": -0.06914539635181427
    },
    "tangent2": {
        "x": 0.6492242813110352,
        "y": 0.7867155075073242,
        "z": -0.003194093704223633
    },
    "endPos": {
        "x": 1.4451172351837159,
        "y": 4.0,
        "z": -0.583886444568634
    }
}