{
    "_horizontalLines": 17.0,
    "_verticalLines": 17.0,
    "_radius": 0.142846018075943,
    "_petalColour": {
        "r": 0.4353329539299011,
        "g": 0.2161121368408203,
        "b": 0.741849422454834,
        "a": 1.0
    },
    "_cylinderVertexCount": 8.0,
    "_stemRadius": 0.09552691131830216,
    "_leafCount": 8.0,
    "_edgeRingCount": 40.0,
    "startPos": {
        "x": 0.0,
        "y": 0.0,
        "z": 0.0
    },
    "tangent1": {
        "x": 0.36591455340385439,
        "y": 0.8485433459281921,
        "z": -0.13447408378124238
    },
    "tangent2": {
        "x": 0.11875893175601959,
        "y": 1.7235589027404786,
        "z": -0.2874787747859955
    },
    "endPos": {
        "x": 0.40077346563339236,
        "y": 4.0,
        "z": -1.1240836381912232
    }
}