{
    "_horizontalLines": 17.0,
    "_verticalLines": 15.0,
    "_radius": 0.10153163224458695,
    "_petalColour": {
        "r": 0.30865997076034548,
        "g": 0.44421905279159548,
        "b": 0.4774656891822815,
        "a": 1.0
    },
    "_cylinderVertexCount": 13.0,
    "_stemRadius": 0.054009582847356799,
    "_leafCount": 8.0,
    "_edgeRingCount": 55.0,
    "startPos": {
        "x": 0.0,
        "y": 0.0,
        "z": 0.0
    },
    "tangent1": {
        "x": 0.19415734708309174,
        "y": 1.5610092878341675,
        "z": 0.09937973320484162
    },
    "tangent2": {
        "x": -0.25695109367370608,
        "y": 2.99003529548645,
        "z": -0.00651860237121582
    },
    "endPos": {
        "x": -0.7965654134750366,
        "y": 5.122559547424316,
        "z": -0.7406602501869202
    }
}