{
    "_horizontalLines": 16.0,
    "_verticalLines": 19.0,
    "_radius": 0.08437182009220123,
    "_petalColour": {
        "r": 0.13103342056274415,
        "g": 0.6888865232467651,
        "b": 0.5474521517753601,
        "a": 1.0
    },
    "_cylinderVertexCount": 6.0,
    "_stemRadius": 0.06990322470664978,
    "_leafCount": 8.0,
    "_edgeRingCount": 52.0,
    "startPos": {
        "x": 0.0,
        "y": 0.0,
        "z": 0.0
    },
    "tangent1": {
        "x": 0.3095413148403168,
        "y": 1.503251552581787,
        "z": 0.19909833371639253
    },
    "tangent2": {
        "x": -0.07744446396827698,
        "y": 3.0956029891967775,
        "z": 0.24779051542282105
    },
    "endPos": {
        "x": 0.09452827274799347,
        "y": 4.1201887130737309,
        "z": -0.0645129382610321
    }
}