{
    "_horizontalLines": 19.0,
    "_verticalLines": 19.0,
    "_radius": 0.10187224298715592,
    "_petalColour": {
        "r": 0.261263906955719,
        "g": 0.5415884852409363,
        "b": 0.09184372425079346,
        "a": 1.0
    },
    "_cylinderVertexCount": 14.0,
    "_stemRadius": 0.06436824053525925,
    "_leafCount": 8.0,
    "_edgeRingCount": 39.0,
    "startPos": {
        "x": 0.0,
        "y": 0.0,
        "z": 0.0
    },
    "tangent1": {
        "x": 0.07440833747386933,
        "y": 1.331485390663147,
        "z": -0.1794256716966629
    },
    "tangent2": {
        "x": -0.002925395965576172,
        "y": 1.77988600730896,
        "z": -0.34894418716430666
    },
    "endPos": {
        "x": 0.3130718767642975,
        "y": 4.0,
        "z": 0.20016050338745118
    }
}