{
    "_horizontalLines": 18.0,
    "_verticalLines": 19.0,
    "_radius": 0.10453376173973084,
    "_petalColour": {
        "r": 0.19964325428009034,
        "g": 0.4972139000892639,
        "b": 0.3439651131629944,
        "a": 1.0
    },
    "_cylinderVertexCount": 12.0,
    "_stemRadius": 0.09140653163194657,
    "_leafCount": 8.0,
    "_edgeRingCount": 14.0,
    "startPos": {
        "x": 0.0,
        "y": 0.0,
        "z": 0.0
    },
    "tangent1": {
        "x": 0.3557356595993042,
        "y": 0.8305902481079102,
        "z": 0.4964994490146637
    },
    "tangent2": {
        "x": 0.3803197741508484,
        "y": 1.2214691638946534,
        "z": 0.11837035417556763
    },
    "endPos": {
        "x": 1.0824267864227296,
        "y": 4.716562271118164,
        "z": -0.3954596519470215
    }
}