{
    "_horizontalLines": 16.0,
    "_verticalLines": 19.0,
    "_radius": 0.04631347954273224,
    "_petalColour": {
        "r": 0.23964810371398927,
        "g": 0.4661586880683899,
        "b": 0.8052206039428711,
        "a": 1.0
    },
    "_cylinderVertexCount": 11.0,
    "_stemRadius": 0.012773687951266766,
    "_leafCount": 8.0,
    "_edgeRingCount": 27.0,
    "startPos": {
        "x": 0.0,
        "y": 0.0,
        "z": 0.0
    },
    "tangent1": {
        "x": -0.435333251953125,
        "y": 0.44866257905960085,
        "z": 0.46802815794944765
    },
    "tangent2": {
        "x": -0.2171800136566162,
        "y": 2.336284637451172,
        "z": 0.9589768648147583
    },
    "endPos": {
        "x": -0.20576462149620057,
        "y": 5.537844657897949,
        "z": 0.35774797201156618
    }
}