{
    "_horizontalLines": 19.0,
    "_verticalLines": 16.0,
    "_radius": 0.12087005376815796,
    "_petalColour": {
        "r": 0.04554486274719238,
        "g": 0.2037336826324463,
        "b": 0.131494402885437,
        "a": 1.0
    },
    "_cylinderVertexCount": 10.0,
    "_stemRadius": 0.1070016548037529,
    "_leafCount": 8.0,
    "_edgeRingCount": 63.0,
    "startPos": {
        "x": 0.0,
        "y": 0.0,
        "z": 0.0
    },
    "tangent1": {
        "x": 0.2313528060913086,
        "y": 0.15825386345386506,
        "z": 0.03984708711504936
    },
    "tangent2": {
        "x": 0.6867012977600098,
        "y": 0.19670581817626954,
        "z": 0.04277610778808594
    },
    "endPos": {
        "x": 1.0411624908447266,
        "y": 4.0,
        "z": -0.2714647352695465
    }
}