{
    "_horizontalLines": 18.0,
    "_verticalLines": 15.0,
    "_radius": 0.13030314445495606,
    "_petalColour": {
        "r": 0.011408448219299317,
        "g": 0.1170952320098877,
        "b": 0.89988112449646,
        "a": 1.0
    },
    "_cylinderVertexCount": 9.0,
    "_stemRadius": 0.10224823653697968,
    "_leafCount": 8.0,
    "_edgeRingCount": 51.0,
    "startPos": {
        "x": 0.0,
        "y": 0.0,
        "z": 0.0
    },
    "tangent1": {
        "x": 0.4378229081630707,
        "y": 1.4055976867675782,
        "z": -0.18209056556224824
    },
    "tangent2": {
        "x": 0.06033658981323242,
        "y": 2.1195948123931886,
        "z": -0.12137770652770996
    },
    "endPos": {
        "x": -0.23641762137413026,
        "y": 4.0,
        "z": 0.5553337335586548
    }
}