{
    "_horizontalLines": 16.0,
    "_verticalLines": 18.0,
    "_radius": 0.10375507175922394,
    "_petalColour": {
        "r": 0.45136743783950808,
        "g": 0.244218111038208,
        "b": 0.7167316675186157,
        "a": 1.0
    },
    "_cylinderVertexCount": 10.0,
    "_stemRadius": 0.05462125688791275,
    "_leafCount": 8.0,
    "_edgeRingCount": 45.0,
    "startPos": {
        "x": 0.0,
        "y": 0.0,
        "z": 0.0
    },
    "tangent1": {
        "x": 0.14199864864349366,
        "y": 1.894849419593811,
        "z": 0.058863211423158649
    },
    "tangent2": {
        "x": 0.292883038520813,
        "y": 3.1691794395446779,
        "z": -0.4070223271846771
    },
    "endPos": {
        "x": -0.001661747694015503,
        "y": 4.916667938232422,
        "z": 0.35049566626548769
    }
}