{
    "_horizontalLines": 19.0,
    "_verticalLines": 19.0,
    "_radius": 0.0880732610821724,
    "_petalColour": {
        "r": 0.8071871995925903,
        "g": 0.8336772918701172,
        "b": 0.6679598093032837,
        "a": 1.0
    },
    "_cylinderVertexCount": 14.0,
    "_stemRadius": 0.07654958963394165,
    "_leafCount": 8.0,
    "_edgeRingCount": 44.0,
    "startPos": {
        "x": 0.0,
        "y": 0.0,
        "z": 0.0
    },
    "tangent1": {
        "x": 0.4659806191921234,
        "y": 0.267595112323761,
        "z": -0.40783795714378359
    },
    "tangent2": {
        "x": 0.6365612149238586,
        "y": 0.5568723678588867,
        "z": -0.6465636491775513
    },
    "endPos": {
        "x": 0.1625400185585022,
        "y": 4.0,
        "z": -1.3804042339324952
    }
}