{
    "_horizontalLines": 17.0,
    "_verticalLines": 16.0,
    "_radius": 0.052179448306560519,
    "_petalColour": {
        "r": 0.4400232434272766,
        "g": 0.002675294876098633,
        "b": 0.4416695237159729,
        "a": 1.0
    },
    "_cylinderVertexCount": 9.0,
    "_stemRadius": 0.03253800421953201,
    "_leafCount": 8.0,
    "_edgeRingCount": 18.0,
    "startPos": {
        "x": 0.0,
        "y": 0.0,
        "z": 0.0
    },
    "tangent1": {
        "x": 0.1732320636510849,
        "y": 1.049822211265564,
        "z": 0.36614036560058596
    },
    "tangent2": {
        "x": 0.11727160215377808,
        "y": 1.9902317523956299,
        "z": 0.5726029872894287
    },
    "endPos": {
        "x": -0.02915455400943756,
        "y": 4.0,
        "z": 0.4919169843196869
    }
}