{
    "_horizontalLines": 15.0,
    "_verticalLines": 17.0,
    "_radius": 0.15290018916130067,
    "_petalColour": {
        "r": 0.5624248385429382,
        "g": 0.1930023431777954,
        "b": 0.47619372606277468,
        "a": 1.0
    },
    "_cylinderVertexCount": 10.0,
    "_stemRadius": 0.11802028864622116,
    "_leafCount": 8.0,
    "_edgeRingCount": 15.0,
    "startPos": {
        "x": 0.0,
        "y": 0.0,
        "z": 0.0
    },
    "tangent1": {
        "x": 0.2372032105922699,
        "y": 0.3272678256034851,
        "z": -0.3482762277126312
    },
    "tangent2": {
        "x": 0.5100440979003906,
        "y": 1.7931995391845704,
        "z": -0.478657603263855
    },
    "endPos": {
        "x": -0.30864137411117556,
        "y": 4.0,
        "z": 0.3410026431083679
    }
}