{
    "_horizontalLines": 19.0,
    "_verticalLines": 19.0,
    "_radius": 0.027132883667945863,
    "_petalColour": {
        "r": 0.3584511876106262,
        "g": 0.008870124816894532,
        "b": 0.6411130428314209,
        "a": 1.0
    },
    "_cylinderVertexCount": 14.0,
    "_stemRadius": 0.0201366376131773,
    "_leafCount": 8.0,
    "_edgeRingCount": 42.0,
    "startPos": {
        "x": 0.0,
        "y": 0.0,
        "z": 0.0
    },
    "tangent1": {
        "x": -0.03090948984026909,
        "y": 1.6738440990447999,
        "z": -0.4363408088684082
    },
    "tangent2": {
        "x": -0.3933549225330353,
        "y": 2.118762493133545,
        "z": -0.8169243335723877
    },
    "endPos": {
        "x": -0.2607472538948059,
        "y": 5.513023376464844,
        "z": -0.2116004228591919
    }
}