{
    "_horizontalLines": 18.0,
    "_verticalLines": 19.0,
    "_radius": 0.10321749746799469,
    "_petalColour": {
        "r": 0.5428512692451477,
        "g": 0.11227738857269287,
        "b": 0.8631236553192139,
        "a": 1.0
    },
    "_cylinderVertexCount": 8.0,
    "_stemRadius": 0.08269602060317993,
    "_leafCount": 8.0,
    "_edgeRingCount": 64.0,
    "startPos": {
        "x": 0.0,
        "y": 0.0,
        "z": 0.0
    },
    "tangent1": {
        "x": 0.0018574714194983245,
        "y": 0.25383108854293826,
        "z": 0.4680093824863434
    },
    "tangent2": {
        "x": 0.3252522349357605,
        "y": 0.5786237716674805,
        "z": 0.4846768081188202
    },
    "endPos": {
        "x": 0.18564172089099885,
        "y": 4.0,
        "z": -0.26621922850608828
    }
}