{
    "_horizontalLines": 18.0,
    "_verticalLines": 15.0,
    "_radius": 0.09198286384344101,
    "_petalColour": {
        "r": 0.8039463758468628,
        "g": 0.2944985032081604,
        "b": 0.19331073760986329,
        "a": 1.0
    },
    "_cylinderVertexCount": 9.0,
    "_stemRadius": 0.09014628082513809,
    "_leafCount": 8.0,
    "_edgeRingCount": 43.0,
    "startPos": {
        "x": 0.0,
        "y": 0.0,
        "z": 0.0
    },
    "tangent1": {
        "x": -0.3464789390563965,
        "y": 0.3330022692680359,
        "z": -0.25286683440208437
    },
    "tangent2": {
        "x": -0.2539859414100647,
        "y": 0.6020587682723999,
        "z": -0.0020969808101654054
    },
    "endPos": {
        "x": 0.02326837182044983,
        "y": 4.0,
        "z": -0.012302822433412075
    }
}