{
    "_horizontalLines": 19.0,
    "_verticalLines": 15.0,
    "_radius": 0.060205694288015369,
    "_petalColour": {
        "r": 0.23409366607666017,
        "g": 0.46624594926834109,
        "b": 0.3636952042579651,
        "a": 1.0
    },
    "_cylinderVertexCount": 12.0,
    "_stemRadius": 0.037885043770074847,
    "_leafCount": 8.0,
    "_edgeRingCount": 48.0,
    "startPos": {
        "x": 0.0,
        "y": 0.0,
        "z": 0.0
    },
    "tangent1": {
        "x": -0.2716089189052582,
        "y": 0.37562161684036257,
        "z": -0.1706262081861496
    },
    "tangent2": {
        "x": -0.3274776041507721,
        "y": 0.9871921539306641,
        "z": -0.2469101846218109
    },
    "endPos": {
        "x": 0.07766392827033997,
        "y": 4.0,
        "z": -1.109216570854187
    }
}