{
    "_horizontalLines": 19.0,
    "_verticalLines": 16.0,
    "_radius": 0.1336391568183899,
    "_petalColour": {
        "r": 0.44446831941604617,
        "g": 0.5958252549171448,
        "b": 0.41194993257522585,
        "a": 1.0
    },
    "_cylinderVertexCount": 6.0,
    "_stemRadius": 0.10411263257265091,
    "_leafCount": 8.0,
    "_edgeRingCount": 32.0,
    "startPos": {
        "x": 0.0,
        "y": 0.0,
        "z": 0.0
    },
    "tangent1": {
        "x": 0.11003212630748749,
        "y": 0.3938552737236023,
        "z": -0.06993027031421662
    },
    "tangent2": {
        "x": 0.1385255753993988,
        "y": 1.7370491027832032,
        "z": -0.27153992652893069
    },
    "endPos": {
        "x": 0.6561306715011597,
        "y": 4.0,
        "z": -0.336899071931839
    }
}