{
    "_horizontalLines": 15.0,
    "_verticalLines": 15.0,
    "_radius": 0.10756722092628479,
    "_petalColour": {
        "r": 0.4476514458656311,
        "g": 0.8234995603561401,
        "b": 0.19675636291503907,
        "a": 1.0
    },
    "_cylinderVertexCount": 11.0,
    "_stemRadius": 0.09021817147731781,
    "_leafCount": 8.0,
    "_edgeRingCount": 11.0,
    "startPos": {
        "x": 0.0,
        "y": 0.0,
        "z": 0.0
    },
    "tangent1": {
        "x": -0.1505287140607834,
        "y": 1.6267669200897217,
        "z": -0.1657133549451828
    },
    "tangent2": {
        "x": -0.19840845465660096,
        "y": 1.9440689086914063,
        "z": -0.5205174684524536
    },
    "endPos": {
        "x": 0.048170268535614017,
        "y": 5.443390846252441,
        "z": 0.2577688694000244
    }
}