{
    "_horizontalLines": 19.0,
    "_verticalLines": 19.0,
    "_radius": 0.07823289930820465,
    "_petalColour": {
        "r": 0.25992268323898318,
        "g": 0.9103814363479614,
        "b": 0.19280576705932618,
        "a": 1.0
    },
    "_cylinderVertexCount": 11.0,
    "_stemRadius": 0.06884998083114624,
    "_leafCount": 8.0,
    "_edgeRingCount": 31.0,
    "startPos": {
        "x": 0.0,
        "y": 0.0,
        "z": 0.0
    },
    "tangent1": {
        "x": 0.09321828186511994,
        "y": 1.865285873413086,
        "z": -0.45630091428756716
    },
    "tangent2": {
        "x": 0.48210757970809939,
        "y": 2.5843734741210939,
        "z": -0.842694878578186
    },
    "endPos": {
        "x": 0.11705800890922547,
        "y": 4.0,
        "z": -1.6849772930145264
    }
}