{
    "_horizontalLines": 15.0,
    "_verticalLines": 17.0,
    "_radius": 0.0699932873249054,
    "_petalColour": {
        "r": 0.0683145523071289,
        "g": 0.5826177000999451,
        "b": 0.6918044090270996,
        "a": 1.0
    },
    "_cylinderVertexCount": 14.0,
    "_stemRadius": 0.062016356736421588,
    "_leafCount": 8.0,
    "_edgeRingCount": 49.0,
    "startPos": {
        "x": 0.0,
        "y": 0.0,
        "z": 0.0
    },
    "tangent1": {
        "x": -0.08785752952098847,
        "y": 1.668561577796936,
        "z": 0.22488296031951905
    },
    "tangent2": {
        "x": -0.010461658239364624,
        "y": 3.3629555702209474,
        "z": 0.21601836383342744
    },
    "endPos": {
        "x": -0.5141798257827759,
        "y": 4.0,
        "z": 0.5817610621452332
    }
}