{
    "_horizontalLines": 17.0,
    "_verticalLines": 19.0,
    "_radius": 0.10974368453025818,
    "_petalColour": {
        "r": 0.11646926403045654,
        "g": 0.7438045740127564,
        "b": 0.28951960802078249,
        "a": 1.0
    },
    "_cylinderVertexCount": 5.0,
    "_stemRadius": 0.06799326092004776,
    "_leafCount": 8.0,
    "_edgeRingCount": 63.0,
    "startPos": {
        "x": 0.0,
        "y": 0.0,
        "z": 0.0
    },
    "tangent1": {
        "x": -0.05067949369549751,
        "y": 1.9974285364151,
        "z": 0.3527892827987671
    },
    "tangent2": {
        "x": -0.3270079791545868,
        "y": 3.274505615234375,
        "z": 0.7907259464263916
    },
    "endPos": {
        "x": -1.1740142107009888,
        "y": 5.523482322692871,
        "z": 1.3205196857452393
    }
}