{
    "_horizontalLines": 16.0,
    "_verticalLines": 15.0,
    "_radius": 0.06030266731977463,
    "_petalColour": {
        "r": 0.23341894149780274,
        "g": 0.8347998857498169,
        "b": 0.8497601747512817,
        "a": 1.0
    },
    "_cylinderVertexCount": 5.0,
    "_stemRadius": 0.018407469615340234,
    "_leafCount": 8.0,
    "_edgeRingCount": 44.0,
    "startPos": {
        "x": 0.0,
        "y": 0.0,
        "z": 0.0
    },
    "tangent1": {
        "x": -0.44417428970336916,
        "y": 0.5806205868721008,
        "z": -0.2008102387189865
    },
    "tangent2": {
        "x": -0.8608477711677551,
        "y": 1.601595401763916,
        "z": -0.44104695320129397
    },
    "endPos": {
        "x": -1.122531533241272,
        "y": 4.0,
        "z": -0.0551527738571167
    }
}