{
    "_horizontalLines": 17.0,
    "_verticalLines": 19.0,
    "_radius": 0.0709717869758606,
    "_petalColour": {
        "r": 0.6739739179611206,
        "g": 0.8170386552810669,
        "b": 0.6754958629608154,
        "a": 1.0
    },
    "_cylinderVertexCount": 5.0,
    "_stemRadius": 0.022727318108081819,
    "_leafCount": 8.0,
    "_edgeRingCount": 7.0,
    "startPos": {
        "x": 0.0,
        "y": 0.0,
        "z": 0.0
    },
    "tangent1": {
        "x": 0.3246384561061859,
        "y": 0.6365218162536621,
        "z": -0.27523136138916018
    },
    "tangent2": {
        "x": 0.6952508091926575,
        "y": 1.5239648818969727,
        "z": -0.6539585590362549
    },
    "endPos": {
        "x": 0.8338099122047424,
        "y": 4.0,
        "z": 0.15411967039108277
    }
}