{
    "_horizontalLines": 15.0,
    "_verticalLines": 18.0,
    "_radius": 0.05444929003715515,
    "_petalColour": {
        "r": 0.33114415407180788,
        "g": 0.6174853444099426,
        "b": 0.23859798908233643,
        "a": 1.0
    },
    "_cylinderVertexCount": 14.0,
    "_stemRadius": 0.013886582106351853,
    "_leafCount": 8.0,
    "_edgeRingCount": 52.0,
    "startPos": {
        "x": 0.0,
        "y": 0.0,
        "z": 0.0
    },
    "tangent1": {
        "x": 0.3580746650695801,
        "y": 0.5455455183982849,
        "z": 0.18153655529022218
    },
    "tangent2": {
        "x": -0.008640199899673462,
        "y": 0.9500072002410889,
        "z": -0.2418985664844513
    },
    "endPos": {
        "x": 0.47657743096351626,
        "y": 4.0,
        "z": -0.3028342127799988
    }
}