{
    "_horizontalLines": 19.0,
    "_verticalLines": 17.0,
    "_radius": 0.1269347220659256,
    "_petalColour": {
        "r": 0.6584506034851074,
        "g": 0.39670127630233767,
        "b": 0.07495713233947754,
        "a": 1.0
    },
    "_cylinderVertexCount": 9.0,
    "_stemRadius": 0.08451069891452789,
    "_leafCount": 8.0,
    "_edgeRingCount": 57.0,
    "startPos": {
        "x": 0.0,
        "y": 0.0,
        "z": 0.0
    },
    "tangent1": {
        "x": -0.22149471938610078,
        "y": 0.5273029208183289,
        "z": -0.18078584969043733
    },
    "tangent2": {
        "x": -0.10129770636558533,
        "y": 0.8787063360214233,
        "z": -0.11363363265991211
    },
    "endPos": {
        "x": 0.26840075850486758,
        "y": 4.0,
        "z": -0.8272466063499451
    }
}