{
    "_horizontalLines": 16.0,
    "_verticalLines": 18.0,
    "_radius": 0.1348889321088791,
    "_petalColour": {
        "r": 0.11595475673675537,
        "g": 0.8526581525802612,
        "b": 0.9416770935058594,
        "a": 1.0
    },
    "_cylinderVertexCount": 14.0,
    "_stemRadius": 0.11640191823244095,
    "_leafCount": 8.0,
    "_edgeRingCount": 7.0,
    "startPos": {
        "x": 0.0,
        "y": 0.0,
        "z": 0.0
    },
    "tangent1": {
        "x": -0.0008835315820761025,
        "y": 0.5578907132148743,
        "z": -0.4812431335449219
    },
    "tangent2": {
        "x": 0.2518523335456848,
        "y": 1.7933259010314942,
        "z": -0.6081005930900574
    },
    "endPos": {
        "x": 1.1066397428512574,
        "y": 4.0,
        "z": 0.042530953884124759
    }
}