{
    "_horizontalLines": 15.0,
    "_verticalLines": 15.0,
    "_radius": 0.023188557475805284,
    "_petalColour": {
        "r": 0.027594923973083497,
        "g": 0.5489076972007752,
        "b": 0.6356463432312012,
        "a": 1.0
    },
    "_cylinderVertexCount": 14.0,
    "_stemRadius": -0.004994711838662624,
    "_leafCount": 8.0,
    "_edgeRingCount": 14.0,
    "startPos": {
        "x": 0.0,
        "y": 0.0,
        "z": 0.0
    },
    "tangent1": {
        "x": -0.32037392258644106,
        "y": 1.9576526880264283,
        "z": 0.18745087087154389
    },
    "tangent2": {
        "x": -0.657892107963562,
        "y": 2.4789586067199709,
        "z": 0.09332317113876343
    },
    "endPos": {
        "x": 0.05637240409851074,
        "y": 4.792020797729492,
        "z": 0.03051140159368515
    }
}