{
    "_horizontalLines": 19.0,
    "_verticalLines": 18.0,
    "_radius": 0.05114508792757988,
    "_petalColour": {
        "r": 0.5867943167686462,
        "g": 0.42005497217178347,
        "b": 0.07998168468475342,
        "a": 1.0
    },
    "_cylinderVertexCount": 7.0,
    "_stemRadius": 0.02155819907784462,
    "_leafCount": 8.0,
    "_edgeRingCount": 12.0,
    "startPos": {
        "x": 0.0,
        "y": 0.0,
        "z": 0.0
    },
    "tangent1": {
        "x": 0.0856953114271164,
        "y": 1.972405195236206,
        "z": -0.18038897216320039
    },
    "tangent2": {
        "x": 0.36831074953079226,
        "y": 2.134103298187256,
        "z": -0.42791199684143069
    },
    "endPos": {
        "x": -0.009876400232315064,
        "y": 4.0,
        "z": -0.7764817476272583
    }
}