{
    "_horizontalLines": 18.0,
    "_verticalLines": 19.0,
    "_radius": 0.13344381749629975,
    "_petalColour": {
        "r": 0.29658466577529909,
        "g": 0.08699297904968262,
        "b": 0.18185782432556153,
        "a": 1.0
    },
    "_cylinderVertexCount": 5.0,
    "_stemRadius": 0.11334418505430222,
    "_leafCount": 8.0,
    "_edgeRingCount": 18.0,
    "startPos": {
        "x": 0.0,
        "y": 0.0,
        "z": 0.0
    },
    "tangent1": {
        "x": 0.2975558042526245,
        "y": 0.1491868942975998,
        "z": -0.4665223956108093
    },
    "tangent2": {
        "x": -0.16014665365219117,
        "y": 0.934565544128418,
        "z": -0.03357571363449097
    },
    "endPos": {
        "x": -0.6370626091957092,
        "y": 4.0,
        "z": 0.694900393486023
    }
}