{
    "_horizontalLines": 19.0,
    "_verticalLines": 17.0,
    "_radius": 0.09377899020910263,
    "_petalColour": {
        "r": 0.5899021029472351,
        "g": 0.4195861220359802,
        "b": 0.9140942096710205,
        "a": 1.0
    },
    "_cylinderVertexCount": 5.0,
    "_stemRadius": 0.047053251415491107,
    "_leafCount": 8.0,
    "_edgeRingCount": 31.0,
    "startPos": {
        "x": 0.0,
        "y": 0.0,
        "z": 0.0
    },
    "tangent1": {
        "x": 0.14323757588863374,
        "y": 0.3903959393501282,
        "z": 0.27661752700805666
    },
    "tangent2": {
        "x": -0.32599925994873049,
        "y": 1.5639407634735108,
        "z": 0.46541643142700198
    },
    "endPos": {
        "x": 0.5074378848075867,
        "y": 4.0,
        "z": 0.8498448729515076
    }
}