{
    "_horizontalLines": 18.0,
    "_verticalLines": 19.0,
    "_radius": 0.0639679878950119,
    "_petalColour": {
        "r": 0.0304490327835083,
        "g": 0.6477899551391602,
        "b": 0.10013985633850098,
        "a": 1.0
    },
    "_cylinderVertexCount": 9.0,
    "_stemRadius": 0.026258477941155435,
    "_leafCount": 8.0,
    "_edgeRingCount": 52.0,
    "startPos": {
        "x": 0.0,
        "y": 0.0,
        "z": 0.0
    },
    "tangent1": {
        "x": -0.08966107666492462,
        "y": 1.4039287567138672,
        "z": 0.13720425963401795
    },
    "tangent2": {
        "x": 0.2385421246290207,
        "y": 3.0467071533203127,
        "z": 0.5853403806686401
    },
    "endPos": {
        "x": -0.4826706647872925,
        "y": 6.06196403503418,
        "z": 1.4234342575073243
    }
}