{
    "_horizontalLines": 16.0,
    "_verticalLines": 16.0,
    "_radius": 0.11156193166971207,
    "_petalColour": {
        "r": 0.18004798889160157,
        "g": 0.030514955520629884,
        "b": 0.31406348943710329,
        "a": 1.0
    },
    "_cylinderVertexCount": 10.0,
    "_stemRadius": 0.06268826127052307,
    "_leafCount": 8.0,
    "_edgeRingCount": 24.0,
    "startPos": {
        "x": 0.0,
        "y": 0.0,
        "z": 0.0
    },
    "tangent1": {
        "x": -0.31136980652809145,
        "y": 1.7715164422988892,
        "z": -0.32936784625053408
    },
    "tangent2": {
        "x": -0.3260044753551483,
        "y": 3.3326468467712404,
        "z": -0.023458123207092286
    },
    "endPos": {
        "x": -0.5997043251991272,
        "y": 5.628053188323975,
        "z": -0.010951495729386807
    }
}