{
    "_horizontalLines": 15.0,
    "_verticalLines": 17.0,
    "_radius": 0.12390009313821793,
    "_petalColour": {
        "r": 0.29159706830978396,
        "g": 0.10843813419342041,
        "b": 0.11372184753417969,
        "a": 1.0
    },
    "_cylinderVertexCount": 7.0,
    "_stemRadius": 0.11128944158554077,
    "_leafCount": 8.0,
    "_edgeRingCount": 40.0,
    "startPos": {
        "x": 0.0,
        "y": 0.0,
        "z": 0.0
    },
    "tangent1": {
        "x": 0.2706938683986664,
        "y": 1.6545196771621705,
        "z": 0.13264630734920503
    },
    "tangent2": {
        "x": 0.08507265150547028,
        "y": 2.65631103515625,
        "z": -0.023082464933395387
    },
    "endPos": {
        "x": -0.33844637870788576,
        "y": 4.32065486907959,
        "z": -0.3093219995498657
    }
}