{
    "_horizontalLines": 15.0,
    "_verticalLines": 18.0,
    "_radius": 0.10417115688323975,
    "_petalColour": {
        "r": 0.523069441318512,
        "g": 0.8568319082260132,
        "b": 0.2536551356315613,
        "a": 1.0
    },
    "_cylinderVertexCount": 5.0,
    "_stemRadius": 0.07032021135091782,
    "_leafCount": 8.0,
    "_edgeRingCount": 11.0,
    "startPos": {
        "x": 0.0,
        "y": 0.0,
        "z": 0.0
    },
    "tangent1": {
        "x": 0.2020728588104248,
        "y": 0.7819781303405762,
        "z": 0.020740319043397905
    },
    "tangent2": {
        "x": -0.26775115728378298,
        "y": 0.8251025080680847,
        "z": -0.07792559266090393
    },
    "endPos": {
        "x": -0.3850697875022888,
        "y": 4.0,
        "z": 0.7307467460632324
    }
}