{
    "_horizontalLines": 16.0,
    "_verticalLines": 16.0,
    "_radius": 0.08256399631500244,
    "_petalColour": {
        "r": 0.11612021923065186,
        "g": 0.6403566598892212,
        "b": 0.9598581790924072,
        "a": 1.0
    },
    "_cylinderVertexCount": 5.0,
    "_stemRadius": 0.053044404834508899,
    "_leafCount": 8.0,
    "_edgeRingCount": 37.0,
    "startPos": {
        "x": 0.0,
        "y": 0.0,
        "z": 0.0
    },
    "tangent1": {
        "x": -0.022353697568178178,
        "y": 0.9681658744812012,
        "z": 0.2629142701625824
    },
    "tangent2": {
        "x": 0.14103692770004273,
        "y": 2.126537799835205,
        "z": 0.7254034280776978
    },
    "endPos": {
        "x": -0.24595031142234803,
        "y": 4.0,
        "z": 0.8618410229682922
    }
}