{
    "_horizontalLines": 19.0,
    "_verticalLines": 15.0,
    "_radius": 0.09544743597507477,
    "_petalColour": {
        "r": 0.00027191638946533203,
        "g": 0.7309741973876953,
        "b": 0.012550592422485352,
        "a": 1.0
    },
    "_cylinderVertexCount": 5.0,
    "_stemRadius": 0.05702589452266693,
    "_leafCount": 8.0,
    "_edgeRingCount": 26.0,
    "startPos": {
        "x": 0.0,
        "y": 0.0,
        "z": 0.0
    },
    "tangent1": {
        "x": -0.3389831483364105,
        "y": 0.2447240799665451,
        "z": 0.3507266938686371
    },
    "tangent2": {
        "x": -0.0847930908203125,
        "y": 0.5105243921279907,
        "z": 0.10417641699314118
    },
    "endPos": {
        "x": 0.362210214138031,
        "y": 4.0,
        "z": -0.48621076345443728
    }
}