{
    "_horizontalLines": 17.0,
    "_verticalLines": 18.0,
    "_radius": 0.016195639967918397,
    "_petalColour": {
        "r": 0.9254677295684815,
        "g": 0.20256447792053224,
        "b": 0.2230592966079712,
        "a": 1.0
    },
    "_cylinderVertexCount": 5.0,
    "_stemRadius": 0.001899290131404996,
    "_leafCount": 8.0,
    "_edgeRingCount": 17.0,
    "startPos": {
        "x": 0.0,
        "y": 0.0,
        "z": 0.0
    },
    "tangent1": {
        "x": 0.004614782519638538,
        "y": 0.8485231399536133,
        "z": 0.3731878101825714
    },
    "tangent2": {
        "x": 0.2062869518995285,
        "y": 1.5378621816635132,
        "z": 0.8576958179473877
    },
    "endPos": {
        "x": -0.5458160638809204,
        "y": 4.0,
        "z": 1.5822274684906006
    }
}