{
    "_horizontalLines": 16.0,
    "_verticalLines": 18.0,
    "_radius": 0.08335205912590027,
    "_petalColour": {
        "r": 0.6622200012207031,
        "g": 0.04992985725402832,
        "b": 0.16734278202056886,
        "a": 1.0
    },
    "_cylinderVertexCount": 14.0,
    "_stemRadius": 0.08004700392484665,
    "_leafCount": 8.0,
    "_edgeRingCount": 20.0,
    "startPos": {
        "x": 0.0,
        "y": 0.0,
        "z": 0.0
    },
    "tangent1": {
        "x": 0.07219843566417694,
        "y": 1.5753288269042969,
        "z": 0.24501490592956544
    },
    "tangent2": {
        "x": 0.0038078725337982179,
        "y": 2.116799831390381,
        "z": 0.35608571767807009
    },
    "endPos": {
        "x": 0.1602930873632431,
        "y": 4.0,
        "z": 0.21315930783748628
    }
}