{
    "_horizontalLines": 8.0,
    "_verticalLines": 10.0,
    "_radius": 0.09076640754938126,
    "_petalColour": {
        "r": 0.8755964040756226,
        "g": 0.31727689504623415,
        "b": 0.44194430112838747,
        "a": 1.0
    },
    "_cylinderVertexCount": 7.0,
    "_stemRadius": 0.04337724298238754,
    "_leafCount": 8.0,
    "_edgeRingCount": 23.0,
    "startPos": {
        "x": -0.053757213056087497,
        "y": 0.9940059781074524,
        "z": 0.13439397513866425
    },
    "tangent1": {
        "x": 0.26850828528404238,
        "y": 2.556830644607544,
        "z": 0.05787572264671326
    },
    "tangent2": {
        "x": 0.5003470778465271,
        "y": 3.4440348148345949,
        "z": 0.021411936730146409
    },
    "endPos": {
        "x": 0.9509252905845642,
        "y": 7.098928451538086,
        "z": -0.03157144412398338
    }
}