{
    "_horizontalLines": 16.0,
    "_verticalLines": 18.0,
    "_radius": 0.05901654064655304,
    "_petalColour": {
        "r": 0.6973007917404175,
        "g": 0.5104427933692932,
        "b": 0.19866788387298585,
        "a": 1.0
    },
    "_cylinderVertexCount": 7.0,
    "_stemRadius": 0.0455930233001709,
    "_leafCount": 8.0,
    "_edgeRingCount": 22.0,
    "startPos": {
        "x": 0.0,
        "y": 0.0,
        "z": 0.0
    },
    "tangent1": {
        "x": -0.06611065566539765,
        "y": 1.8129421472549439,
        "z": 0.4242972433567047
    },
    "tangent2": {
        "x": -0.03396019712090492,
        "y": 2.46990966796875,
        "z": 0.15180006623268128
    },
    "endPos": {
        "x": 0.83028644323349,
        "y": 4.0,
        "z": 0.35666424036026
    }
}