{
    "_horizontalLines": 15.0,
    "_verticalLines": 16.0,
    "_radius": 0.09937957674264908,
    "_petalColour": {
        "r": 0.426058828830719,
        "g": 0.11489987373352051,
        "b": 0.2840753197669983,
        "a": 1.0
    },
    "_cylinderVertexCount": 11.0,
    "_stemRadius": 0.05252455919981003,
    "_leafCount": 8.0,
    "_edgeRingCount": 44.0,
    "startPos": {
        "x": 0.0,
        "y": 0.0,
        "z": 0.0
    },
    "tangent1": {
        "x": -0.3639654219150543,
        "y": 1.2743712663650513,
        "z": -0.2821783125400543
    },
    "tangent2": {
        "x": -0.838217556476593,
        "y": 2.111593723297119,
        "z": -0.3643687963485718
    },
    "endPos": {
        "x": -1.5466639995574952,
        "y": 4.055688858032227,
        "z": -0.9538812637329102
    }
}