{
    "_horizontalLines": 17.0,
    "_verticalLines": 15.0,
    "_radius": 0.009723978117108345,
    "_petalColour": {
        "r": 0.4894781708717346,
        "g": 0.15148866176605225,
        "b": 0.028455018997192384,
        "a": 1.0
    },
    "_cylinderVertexCount": 11.0,
    "_stemRadius": 0.008176898583769799,
    "_leafCount": 8.0,
    "_edgeRingCount": 22.0,
    "startPos": {
        "x": 0.0,
        "y": 0.0,
        "z": 0.0
    },
    "tangent1": {
        "x": -0.2062503844499588,
        "y": 0.5228216052055359,
        "z": -0.17145685851573945
    },
    "tangent2": {
        "x": 0.17194803059101106,
        "y": 2.3135952949523927,
        "z": -0.15041184425354005
    },
    "endPos": {
        "x": -0.6636545658111572,
        "y": 4.0,
        "z": -0.7431033253669739
    }
}