{
    "_horizontalLines": 17.0,
    "_verticalLines": 18.0,
    "_radius": 0.13120408356189729,
    "_petalColour": {
        "r": 0.12425458431243897,
        "g": 0.527288019657135,
        "b": 0.8640134334564209,
        "a": 1.0
    },
    "_cylinderVertexCount": 14.0,
    "_stemRadius": 0.09335548430681229,
    "_leafCount": 8.0,
    "_edgeRingCount": 5.0,
    "startPos": {
        "x": 0.0,
        "y": 0.0,
        "z": 0.0
    },
    "tangent1": {
        "x": -0.3464200794696808,
        "y": 1.697199821472168,
        "z": 0.2694898545742035
    },
    "tangent2": {
        "x": -0.678516149520874,
        "y": 2.414233446121216,
        "z": 0.7340055704116821
    },
    "endPos": {
        "x": -0.012516617774963379,
        "y": 5.495351314544678,
        "z": 1.1108282804489136
    }
}