{
    "_horizontalLines": 17.0,
    "_verticalLines": 17.0,
    "_radius": 0.07135070860385895,
    "_petalColour": {
        "r": 0.2689071297645569,
        "g": 0.09562575817108154,
        "b": 0.6074704527854919,
        "a": 1.0
    },
    "_cylinderVertexCount": 14.0,
    "_stemRadius": 0.03470967710018158,
    "_leafCount": 8.0,
    "_edgeRingCount": 7.0,
    "startPos": {
        "x": 0.0,
        "y": 0.0,
        "z": 0.0
    },
    "tangent1": {
        "x": 0.06234102323651314,
        "y": 1.509806752204895,
        "z": -0.13119645416736604
    },
    "tangent2": {
        "x": 0.3667006492614746,
        "y": 1.9901278018951417,
        "z": 0.14430217444896699
    },
    "endPos": {
        "x": 0.8770333528518677,
        "y": 4.0,
        "z": 0.6618937253952026
    }
}