{
    "_horizontalLines": 18.0,
    "_verticalLines": 17.0,
    "_radius": 0.07305780053138733,
    "_petalColour": {
        "r": 0.26142269372940066,
        "g": 0.981184720993042,
        "b": 0.9110966920852661,
        "a": 1.0
    },
    "_cylinderVertexCount": 10.0,
    "_stemRadius": 0.053351812064647678,
    "_leafCount": 8.0,
    "_edgeRingCount": 5.0,
    "startPos": {
        "x": 0.0,
        "y": 0.0,
        "z": 0.0
    },
    "tangent1": {
        "x": 0.38888823986053469,
        "y": 1.6355568170547486,
        "z": -0.08186574280261994
    },
    "tangent2": {
        "x": 0.02479901909828186,
        "y": 2.113325834274292,
        "z": -0.288626104593277
    },
    "endPos": {
        "x": -0.04494006186723709,
        "y": 4.0,
        "z": 0.166617751121521
    }
}