{
    "_horizontalLines": 15.0,
    "_verticalLines": 19.0,
    "_radius": 0.12260353565216065,
    "_petalColour": {
        "r": 0.010698556900024414,
        "g": 0.005926728248596191,
        "b": 0.5401217341423035,
        "a": 1.0
    },
    "_cylinderVertexCount": 5.0,
    "_stemRadius": 0.07770496606826782,
    "_leafCount": 8.0,
    "_edgeRingCount": 9.0,
    "startPos": {
        "x": 0.0,
        "y": 0.0,
        "z": 0.0
    },
    "tangent1": {
        "x": -0.3735480308532715,
        "y": 1.2081618309020997,
        "z": -0.30884894728660586
    },
    "tangent2": {
        "x": -0.09338676929473877,
        "y": 1.5110270977020264,
        "z": -0.7213713526725769
    },
    "endPos": {
        "x": 0.12472186982631684,
        "y": 4.0,
        "z": -1.2300468683242798
    }
}