{
    "_horizontalLines": 17.0,
    "_verticalLines": 15.0,
    "_radius": 0.13839498162269593,
    "_petalColour": {
        "r": 0.5203874707221985,
        "g": 0.6811234951019287,
        "b": 0.6191219687461853,
        "a": 1.0
    },
    "_cylinderVertexCount": 5.0,
    "_stemRadius": 0.10318037122488022,
    "_leafCount": 8.0,
    "_edgeRingCount": 8.0,
    "startPos": {
        "x": 0.0,
        "y": 0.0,
        "z": 0.0
    },
    "tangent1": {
        "x": -0.18051190674304963,
        "y": 0.9455177187919617,
        "z": -0.28468379378318789
    },
    "tangent2": {
        "x": 0.05744136869907379,
        "y": 2.150853395462036,
        "z": -0.7255150675773621
    },
    "endPos": {
        "x": 0.6277140974998474,
        "y": 4.0,
        "z": -1.2300002574920655
    }
}