{
    "_horizontalLines": 18.0,
    "_verticalLines": 19.0,
    "_radius": 0.11024856567382813,
    "_petalColour": {
        "r": 0.4450882077217102,
        "g": 0.5598703026771545,
        "b": 0.9341738224029541,
        "a": 1.0
    },
    "_cylinderVertexCount": 10.0,
    "_stemRadius": 0.09916169941425324,
    "_leafCount": 8.0,
    "_edgeRingCount": 18.0,
    "startPos": {
        "x": 0.0,
        "y": 0.0,
        "z": 0.0
    },
    "tangent1": {
        "x": -0.17487187683582307,
        "y": 1.4874534606933594,
        "z": 0.015319299884140492
    },
    "tangent2": {
        "x": 0.14213307201862336,
        "y": 3.0602121353149416,
        "z": -0.1703174114227295
    },
    "endPos": {
        "x": -0.03599300980567932,
        "y": 4.0,
        "z": -0.6191134452819824
    }
}