{
    "_horizontalLines": 16.0,
    "_verticalLines": 15.0,
    "_radius": 0.016373250633478166,
    "_petalColour": {
        "r": 0.27645987272262576,
        "g": 0.797985315322876,
        "b": 0.5457157492637634,
        "a": 1.0
    },
    "_cylinderVertexCount": 6.0,
    "_stemRadius": 0.01085446123033762,
    "_leafCount": 8.0,
    "_edgeRingCount": 11.0,
    "startPos": {
        "x": 0.0,
        "y": 0.0,
        "z": 0.0
    },
    "tangent1": {
        "x": 0.2858949601650238,
        "y": 0.19744472205638886,
        "z": -0.49557486176490786
    },
    "tangent2": {
        "x": 0.4740150570869446,
        "y": 1.2579225301742554,
        "z": -0.9006552696228027
    },
    "endPos": {
        "x": 0.7163466215133667,
        "y": 4.0,
        "z": -0.42531394958496096
    }
}