{
    "_horizontalLines": 19.0,
    "_verticalLines": 15.0,
    "_radius": 0.02749548852443695,
    "_petalColour": {
        "r": 0.5705592036247253,
        "g": 0.9882655143737793,
        "b": 0.4231939911842346,
        "a": 1.0
    },
    "_cylinderVertexCount": 5.0,
    "_stemRadius": 0.02072058990597725,
    "_leafCount": 8.0,
    "_edgeRingCount": 61.0,
    "startPos": {
        "x": 0.0,
        "y": 0.0,
        "z": 0.0
    },
    "tangent1": {
        "x": 0.04683976247906685,
        "y": 0.2272651642560959,
        "z": 0.3336120545864105
    },
    "tangent2": {
        "x": -0.2887698709964752,
        "y": 0.9948499202728272,
        "z": 0.6674712896347046
    },
    "endPos": {
        "x": -0.7041063904762268,
        "y": 4.0,
        "z": 0.38206830620765688
    }
}