{
    "_horizontalLines": 15.0,
    "_verticalLines": 18.0,
    "_radius": 0.05705355852842331,
    "_petalColour": {
        "r": 0.03545272350311279,
        "g": 0.16970205307006837,
        "b": 0.18867087364196778,
        "a": 1.0
    },
    "_cylinderVertexCount": 12.0,
    "_stemRadius": 0.036818068474531177,
    "_leafCount": 8.0,
    "_edgeRingCount": 48.0,
    "startPos": {
        "x": 0.0,
        "y": 0.0,
        "z": 0.0
    },
    "tangent1": {
        "x": 0.020271968096494676,
        "y": 0.5637443661689758,
        "z": -0.21807722747325898
    },
    "tangent2": {
        "x": -0.023832082748413087,
        "y": 1.546018362045288,
        "z": -0.44949793815612795
    },
    "endPos": {
        "x": 0.2178308069705963,
        "y": 4.5605573654174809,
        "z": -0.10840973258018494
    }
}