{
    "_horizontalLines": 17.0,
    "_verticalLines": 17.0,
    "_radius": 0.11256545782089234,
    "_petalColour": {
        "r": 0.4396819472312927,
        "g": 0.9839732646942139,
        "b": 0.9036473035812378,
        "a": 1.0
    },
    "_cylinderVertexCount": 9.0,
    "_stemRadius": 0.08637946099042893,
    "_leafCount": 8.0,
    "_edgeRingCount": 17.0,
    "startPos": {
        "x": 0.0,
        "y": 0.0,
        "z": 0.0
    },
    "tangent1": {
        "x": 0.2247633934020996,
        "y": 0.7085931897163391,
        "z": 0.29766082763671877
    },
    "tangent2": {
        "x": 0.4456091821193695,
        "y": 0.7320184707641602,
        "z": 0.5863550901412964
    },
    "endPos": {
        "x": 0.3527323007583618,
        "y": 4.0,
        "z": 1.2536876201629639
    }
}