{
    "_horizontalLines": 19.0,
    "_verticalLines": 16.0,
    "_radius": 0.04388006031513214,
    "_petalColour": {
        "r": 0.7010806798934937,
        "g": 0.3503463864326477,
        "b": 0.6519109010696411,
        "a": 1.0
    },
    "_cylinderVertexCount": 8.0,
    "_stemRadius": 0.016010351479053499,
    "_leafCount": 8.0,
    "_edgeRingCount": 13.0,
    "startPos": {
        "x": 0.0,
        "y": 0.0,
        "z": 0.0
    },
    "tangent1": {
        "x": 0.23704230785369874,
        "y": 1.2565951347351075,
        "z": -0.47846299409866335
    },
    "tangent2": {
        "x": 0.5548335313796997,
        "y": 1.6569807529449463,
        "z": -0.2097046971321106
    },
    "endPos": {
        "x": 0.8411710262298584,
        "y": 4.0,
        "z": -0.9952013492584229
    }
}