{
    "_horizontalLines": 17.0,
    "_verticalLines": 16.0,
    "_radius": 0.05838494002819061,
    "_petalColour": {
        "r": 0.6167394518852234,
        "g": 0.7865263223648071,
        "b": 0.18842363357543946,
        "a": 1.0
    },
    "_cylinderVertexCount": 14.0,
    "_stemRadius": 0.03230634704232216,
    "_leafCount": 8.0,
    "_edgeRingCount": 27.0,
    "startPos": {
        "x": 0.0,
        "y": 0.0,
        "z": 0.0
    },
    "tangent1": {
        "x": 0.33410653471946719,
        "y": 0.857801616191864,
        "z": 0.26993775367736819
    },
    "tangent2": {
        "x": 0.6408650279045105,
        "y": 2.462364435195923,
        "z": -0.042020946741104129
    },
    "endPos": {
        "x": 0.6002594828605652,
        "y": 4.936291694641113,
        "z": -0.7375633716583252
    }
}