{
    "_horizontalLines": 16.0,
    "_verticalLines": 16.0,
    "_radius": 0.08336883038282395,
    "_petalColour": {
        "r": 0.8391666412353516,
        "g": 0.35472196340560915,
        "b": 0.9979000091552734,
        "a": 1.0
    },
    "_cylinderVertexCount": 8.0,
    "_stemRadius": 0.07172346860170365,
    "_leafCount": 8.0,
    "_edgeRingCount": 42.0,
    "startPos": {
        "x": 0.0,
        "y": 0.0,
        "z": 0.0
    },
    "tangent1": {
        "x": 0.4880943298339844,
        "y": 1.8217017650604249,
        "z": -0.11795301735401154
    },
    "tangent2": {
        "x": 0.9413936138153076,
        "y": 2.6264257431030275,
        "z": 0.25596874952316286
    },
    "endPos": {
        "x": 1.1117706298828126,
        "y": 4.0,
        "z": 0.4401860237121582
    }
}