{
    "_horizontalLines": 16.0,
    "_verticalLines": 16.0,
    "_radius": 0.024776307865977289,
    "_petalColour": {
        "r": 0.9880475997924805,
        "g": 0.16237783432006837,
        "b": 0.7104898691177368,
        "a": 1.0
    },
    "_cylinderVertexCount": 5.0,
    "_stemRadius": 0.01832808181643486,
    "_leafCount": 8.0,
    "_edgeRingCount": 61.0,
    "startPos": {
        "x": 0.0,
        "y": 0.0,
        "z": 0.0
    },
    "tangent1": {
        "x": 0.003591251326724887,
        "y": 0.7337924838066101,
        "z": -0.21106486022472382
    },
    "tangent2": {
        "x": 0.3646549880504608,
        "y": 2.0062918663024904,
        "z": 0.003016427159309387
    },
    "endPos": {
        "x": -0.25121042132377627,
        "y": 4.939563751220703,
        "z": -0.16467231512069703
    }
}