{
    "_horizontalLines": 18.0,
    "_verticalLines": 19.0,
    "_radius": 0.13389185070991517,
    "_petalColour": {
        "r": 0.33700233697891238,
        "g": 0.6986407041549683,
        "b": 0.7234731912612915,
        "a": 1.0
    },
    "_cylinderVertexCount": 12.0,
    "_stemRadius": 0.12328939884901047,
    "_leafCount": 8.0,
    "_edgeRingCount": 6.0,
    "startPos": {
        "x": 0.0,
        "y": 0.0,
        "z": 0.0
    },
    "tangent1": {
        "x": 0.3535657823085785,
        "y": 1.2949761152267457,
        "z": -0.26553845405578616
    },
    "tangent2": {
        "x": 0.2460583597421646,
        "y": 2.237987995147705,
        "z": -0.12759758532047273
    },
    "endPos": {
        "x": -0.5316093564033508,
        "y": 5.522821426391602,
        "z": -0.9020965695381165
    }
}