{
    "_horizontalLines": 19.0,
    "_verticalLines": 18.0,
    "_radius": 0.06726118177175522,
    "_petalColour": {
        "r": 0.8157329559326172,
        "g": 0.635633111000061,
        "b": 0.11627364158630371,
        "a": 1.0
    },
    "_cylinderVertexCount": 10.0,
    "_stemRadius": 0.06571982800960541,
    "_leafCount": 8.0,
    "_edgeRingCount": 15.0,
    "startPos": {
        "x": 0.0,
        "y": 0.0,
        "z": 0.0
    },
    "tangent1": {
        "x": -0.31613466143608096,
        "y": 0.5601179003715515,
        "z": -0.38006094098091128
    },
    "tangent2": {
        "x": -0.5235354900360107,
        "y": 1.433974266052246,
        "z": -0.11272433400154114
    },
    "endPos": {
        "x": 0.2956286072731018,
        "y": 4.0,
        "z": 0.6206321716308594
    }
}