{
    "_horizontalLines": 18.0,
    "_verticalLines": 17.0,
    "_radius": 0.04757022112607956,
    "_petalColour": {
        "r": 0.7652069330215454,
        "g": 0.13589131832122804,
        "b": 0.3813636898994446,
        "a": 1.0
    },
    "_cylinderVertexCount": 10.0,
    "_stemRadius": 0.0386408194899559,
    "_leafCount": 8.0,
    "_edgeRingCount": 38.0,
    "startPos": {
        "x": 0.0,
        "y": 0.0,
        "z": 0.0
    },
    "tangent1": {
        "x": -0.18009157478809358,
        "y": 0.9145889282226563,
        "z": -0.04469161108136177
    },
    "tangent2": {
        "x": -0.5897296071052551,
        "y": 1.7168209552764893,
        "z": 0.319501131772995
    },
    "endPos": {
        "x": -0.47309064865112307,
        "y": 4.0,
        "z": 0.31935667991638186
    }
}