{
    "_horizontalLines": 17.0,
    "_verticalLines": 16.0,
    "_radius": 0.12159287929534912,
    "_petalColour": {
        "r": 0.6732379198074341,
        "g": 0.012580394744873047,
        "b": 0.7966887950897217,
        "a": 1.0
    },
    "_cylinderVertexCount": 14.0,
    "_stemRadius": 0.09800335764884949,
    "_leafCount": 8.0,
    "_edgeRingCount": 8.0,
    "startPos": {
        "x": 0.0,
        "y": 0.0,
        "z": 0.0
    },
    "tangent1": {
        "x": -0.08602328598499298,
        "y": 0.35071104764938357,
        "z": -0.1447741538286209
    },
    "tangent2": {
        "x": 0.33103734254837038,
        "y": 1.3558642864227296,
        "z": -0.4081568121910095
    },
    "endPos": {
        "x": 1.0025240182876588,
        "y": 4.0,
        "z": -0.32241854071617129
    }
}