{
    "_horizontalLines": 19.0,
    "_verticalLines": 17.0,
    "_radius": 0.05606156587600708,
    "_petalColour": {
        "r": 0.2032376527786255,
        "g": 0.9190951585769653,
        "b": 0.8833521604537964,
        "a": 1.0
    },
    "_cylinderVertexCount": 9.0,
    "_stemRadius": 0.05521616339683533,
    "_leafCount": 8.0,
    "_edgeRingCount": 27.0,
    "startPos": {
        "x": 0.0,
        "y": 0.0,
        "z": 0.0
    },
    "tangent1": {
        "x": -0.36322537064552309,
        "y": 0.5576743483543396,
        "z": -0.2364916354417801
    },
    "tangent2": {
        "x": -0.7150079607963562,
        "y": 1.7211477756500245,
        "z": -0.19551411271095277
    },
    "endPos": {
        "x": -0.7926996350288391,
        "y": 4.246576309204102,
        "z": -1.01167631149292
    }
}