{
    "_horizontalLines": 17.0,
    "_verticalLines": 19.0,
    "_radius": 0.08234244585037232,
    "_petalColour": {
        "r": 0.6374735832214356,
        "g": 0.6085886359214783,
        "b": 0.5808356404304504,
        "a": 1.0
    },
    "_cylinderVertexCount": 11.0,
    "_stemRadius": 0.04588467627763748,
    "_leafCount": 8.0,
    "_edgeRingCount": 14.0,
    "startPos": {
        "x": 0.0,
        "y": 0.0,
        "z": 0.0
    },
    "tangent1": {
        "x": 0.06297974288463593,
        "y": 0.3781593441963196,
        "z": 0.38517332077026369
    },
    "tangent2": {
        "x": 0.3319348692893982,
        "y": 2.3750762939453127,
        "z": 0.3781101107597351
    },
    "endPos": {
        "x": 0.523608922958374,
        "y": 4.486645698547363,
        "z": 0.5185468792915344
    }
}