{
    "_horizontalLines": 17.0,
    "_verticalLines": 19.0,
    "_radius": 0.09900693595409394,
    "_petalColour": {
        "r": 0.6719471216201782,
        "g": 0.32631081342697146,
        "b": 0.39728063344955447,
        "a": 1.0
    },
    "_cylinderVertexCount": 14.0,
    "_stemRadius": 0.0561429001390934,
    "_leafCount": 8.0,
    "_edgeRingCount": 4.0,
    "startPos": {
        "x": 0.0,
        "y": 0.0,
        "z": 0.0
    },
    "tangent1": {
        "x": -0.22611527144908906,
        "y": 1.6413501501083375,
        "z": -0.45716649293899538
    },
    "tangent2": {
        "x": 0.18761058151721955,
        "y": 2.6438450813293459,
        "z": -0.4507328271865845
    },
    "endPos": {
        "x": 0.6921631693840027,
        "y": 4.0,
        "z": -1.081573247909546
    }
}