{
    "_horizontalLines": 15.0,
    "_verticalLines": 19.0,
    "_radius": 0.11087783426046372,
    "_petalColour": {
        "r": 0.19162976741790772,
        "g": 0.8914511203765869,
        "b": 0.7773778438568115,
        "a": 1.0
    },
    "_cylinderVertexCount": 8.0,
    "_stemRadius": 0.08414851129055023,
    "_leafCount": 8.0,
    "_edgeRingCount": 29.0,
    "startPos": {
        "x": 0.0,
        "y": 0.0,
        "z": 0.0
    },
    "tangent1": {
        "x": 0.12595818936824799,
        "y": 1.4184017181396485,
        "z": 0.2974395751953125
    },
    "tangent2": {
        "x": 0.458845853805542,
        "y": 2.421060562133789,
        "z": 0.04252004623413086
    },
    "endPos": {
        "x": 0.7904517650604248,
        "y": 4.757665157318115,
        "z": 0.6139172315597534
    }
}