{
    "_horizontalLines": 15.0,
    "_verticalLines": 15.0,
    "_radius": 0.14771784842014314,
    "_petalColour": {
        "r": 0.029493212699890138,
        "g": 0.12681138515472413,
        "b": 0.009505510330200196,
        "a": 1.0
    },
    "_cylinderVertexCount": 14.0,
    "_stemRadius": 0.10924765467643738,
    "_leafCount": 8.0,
    "_edgeRingCount": 25.0,
    "startPos": {
        "x": 0.0,
        "y": 0.0,
        "z": 0.0
    },
    "tangent1": {
        "x": 0.3958587646484375,
        "y": 0.968924343585968,
        "z": 0.35912248492240908
    },
    "tangent2": {
        "x": -0.0184972882270813,
        "y": 2.4094955921173097,
        "z": 0.35665419697761538
    },
    "endPos": {
        "x": -0.1570868343114853,
        "y": 4.0,
        "z": 0.3768744468688965
    }
}