{
    "_horizontalLines": 18.0,
    "_verticalLines": 17.0,
    "_radius": 0.010738660581409932,
    "_petalColour": {
        "r": 0.5720205903053284,
        "g": 0.785171389579773,
        "b": 0.1540597677230835,
        "a": 1.0
    },
    "_cylinderVertexCount": 14.0,
    "_stemRadius": -0.0013284474844112993,
    "_leafCount": 8.0,
    "_edgeRingCount": 45.0,
    "startPos": {
        "x": 0.0,
        "y": 0.0,
        "z": 0.0
    },
    "tangent1": {
        "x": 0.46711254119873049,
        "y": 0.23654384911060334,
        "z": -0.273759126663208
    },
    "tangent2": {
        "x": 0.8360668420791626,
        "y": 1.4274641275405884,
        "z": -0.2927626967430115
    },
    "endPos": {
        "x": 0.13816553354263307,
        "y": 4.0,
        "z": -0.23945239186286927
    }
}