{
    "_horizontalLines": 17.0,
    "_verticalLines": 15.0,
    "_radius": 0.14861781895160676,
    "_petalColour": {
        "r": 0.16775751113891602,
        "g": 0.28491121530532839,
        "b": 0.2760234475135803,
        "a": 1.0
    },
    "_cylinderVertexCount": 9.0,
    "_stemRadius": 0.1048358827829361,
    "_leafCount": 8.0,
    "_edgeRingCount": 11.0,
    "startPos": {
        "x": 0.0,
        "y": 0.0,
        "z": 0.0
    },
    "tangent1": {
        "x": -0.4634369909763336,
        "y": 1.4666481018066407,
        "z": 0.2584831714630127
    },
    "tangent2": {
        "x": -0.9342145919799805,
        "y": 3.3154373168945314,
        "z": 0.5433827638626099
    },
    "endPos": {
        "x": -0.2589834928512573,
        "y": 6.300000190734863,
        "z": 1.0828022956848145
    }
}