{
    "_horizontalLines": 18.0,
    "_verticalLines": 18.0,
    "_radius": 0.10730023682117462,
    "_petalColour": {
        "r": 0.5671374201774597,
        "g": 0.03515183925628662,
        "b": 0.8091236352920532,
        "a": 1.0
    },
    "_cylinderVertexCount": 9.0,
    "_stemRadius": 0.0880199447274208,
    "_leafCount": 8.0,
    "_edgeRingCount": 7.0,
    "startPos": {
        "x": 0.0,
        "y": 0.0,
        "z": 0.0
    },
    "tangent1": {
        "x": 0.4550464153289795,
        "y": 1.2185981273651124,
        "z": -0.21662740409374238
    },
    "tangent2": {
        "x": 0.7974787950515747,
        "y": 2.1151838302612306,
        "z": -0.2703021466732025
    },
    "endPos": {
        "x": 0.6418543457984924,
        "y": 4.059507846832275,
        "z": -0.6765031218528748
    }
}