{
    "_horizontalLines": 16.0,
    "_verticalLines": 18.0,
    "_radius": 0.11889071762561798,
    "_petalColour": {
        "r": 0.9776304960250855,
        "g": 0.3844678997993469,
        "b": 0.7401586771011353,
        "a": 1.0
    },
    "_cylinderVertexCount": 7.0,
    "_stemRadius": 0.08204899728298187,
    "_leafCount": 8.0,
    "_edgeRingCount": 52.0,
    "startPos": {
        "x": 0.0,
        "y": 0.0,
        "z": 0.0
    },
    "tangent1": {
        "x": 0.03301377221941948,
        "y": 1.8236099481582642,
        "z": -0.3305521011352539
    },
    "tangent2": {
        "x": 0.11637210845947266,
        "y": 3.817800521850586,
        "z": -0.5206916928291321
    },
    "endPos": {
        "x": 0.2851130962371826,
        "y": 4.558234214782715,
        "z": -0.6657806038856506
    }
}