{
    "_horizontalLines": 19.0,
    "_verticalLines": 19.0,
    "_radius": 0.06722133606672287,
    "_petalColour": {
        "r": 0.32948023080825808,
        "g": 0.7020366191864014,
        "b": 0.7869608402252197,
        "a": 1.0
    },
    "_cylinderVertexCount": 13.0,
    "_stemRadius": 0.0305254515260458,
    "_leafCount": 8.0,
    "_edgeRingCount": 14.0,
    "startPos": {
        "x": 0.0,
        "y": 0.0,
        "z": 0.0
    },
    "tangent1": {
        "x": 0.08326081931591034,
        "y": 0.4257887005805969,
        "z": 0.3183711767196655
    },
    "tangent2": {
        "x": 0.10467514395713806,
        "y": 1.0720014572143555,
        "z": 0.5005922317504883
    },
    "endPos": {
        "x": 0.09001768380403519,
        "y": 4.0,
        "z": -0.2995327115058899
    }
}