{
    "_horizontalLines": 15.0,
    "_verticalLines": 18.0,
    "_radius": 0.10004711151123047,
    "_petalColour": {
        "r": 0.6555336713790894,
        "g": 0.30273133516311648,
        "b": 0.4893905520439148,
        "a": 1.0
    },
    "_cylinderVertexCount": 5.0,
    "_stemRadius": 0.08942940831184387,
    "_leafCount": 8.0,
    "_edgeRingCount": 32.0,
    "startPos": {
        "x": 0.0,
        "y": 0.0,
        "z": 0.0
    },
    "tangent1": {
        "x": 0.45432424545288088,
        "y": 1.6880604028701783,
        "z": -0.31594714522361758
    },
    "tangent2": {
        "x": 0.8754706382751465,
        "y": 2.1314568519592287,
        "z": 0.09571990370750427
    },
    "endPos": {
        "x": 1.2935152053833008,
        "y": 4.0,
        "z": -0.7425259351730347
    }
}