{
    "_horizontalLines": 18.0,
    "_verticalLines": 18.0,
    "_radius": 0.04162032529711723,
    "_petalColour": {
        "r": 0.6670410633087158,
        "g": 0.5975822806358337,
        "b": 0.8648217916488648,
        "a": 1.0
    },
    "_cylinderVertexCount": 7.0,
    "_stemRadius": 0.022597527131438257,
    "_leafCount": 8.0,
    "_edgeRingCount": 21.0,
    "startPos": {
        "x": 0.0,
        "y": 0.0,
        "z": 0.0
    },
    "tangent1": {
        "x": -0.4317689836025238,
        "y": 1.4231315851211548,
        "z": -0.48341092467308047
    },
    "tangent2": {
        "x": -0.5890906453132629,
        "y": 1.5336164236068726,
        "z": -0.9012728929519653
    },
    "endPos": {
        "x": -1.2480864524841309,
        "y": 4.0,
        "z": -1.0586289167404175
    }
}