{
    "_horizontalLines": 15.0,
    "_verticalLines": 19.0,
    "_radius": 0.12071393430233002,
    "_petalColour": {
        "r": 0.46347910165786745,
        "g": 0.5836184620857239,
        "b": 0.9401842355728149,
        "a": 1.0
    },
    "_cylinderVertexCount": 5.0,
    "_stemRadius": 0.09964938461780548,
    "_leafCount": 8.0,
    "_edgeRingCount": 56.0,
    "startPos": {
        "x": 0.0,
        "y": 0.0,
        "z": 0.0
    },
    "tangent1": {
        "x": -0.45454129576683047,
        "y": 0.49794691801071169,
        "z": 0.05682568624615669
    },
    "tangent2": {
        "x": -0.2002309262752533,
        "y": 0.5634489059448242,
        "z": -0.12795615196228028
    },
    "endPos": {
        "x": -0.10471021384000778,
        "y": 4.0,
        "z": 0.6190405488014221
    }
}