{
    "_horizontalLines": 16.0,
    "_verticalLines": 15.0,
    "_radius": 0.1324097365140915,
    "_petalColour": {
        "r": 0.005610823631286621,
        "g": 0.41215163469314577,
        "b": 0.8763836622238159,
        "a": 1.0
    },
    "_cylinderVertexCount": 11.0,
    "_stemRadius": 0.08962277323007584,
    "_leafCount": 8.0,
    "_edgeRingCount": 34.0,
    "startPos": {
        "x": 0.0,
        "y": 0.0,
        "z": 0.0
    },
    "tangent1": {
        "x": 0.060466814786195758,
        "y": 1.083216667175293,
        "z": 0.3482046127319336
    },
    "tangent2": {
        "x": 0.38954856991767886,
        "y": 1.2565405368804932,
        "z": 0.12285299599170685
    },
    "endPos": {
        "x": 0.5177992582321167,
        "y": 4.0,
        "z": 0.08616624772548676
    }
}