{
    "_horizontalLines": 16.0,
    "_verticalLines": 18.0,
    "_radius": 0.09682931751012802,
    "_petalColour": {
        "r": 0.23951184749603272,
        "g": 0.5857405066490173,
        "b": 0.66197669506073,
        "a": 1.0
    },
    "_cylinderVertexCount": 7.0,
    "_stemRadius": 0.05774965137243271,
    "_leafCount": 8.0,
    "_edgeRingCount": 42.0,
    "startPos": {
        "x": 0.0,
        "y": 0.0,
        "z": 0.0
    },
    "tangent1": {
        "x": -0.48819684982299807,
        "y": 0.11939792335033417,
        "z": -0.03053145483136177
    },
    "tangent2": {
        "x": -0.42025643587112429,
        "y": 1.8240325450897217,
        "z": 0.10115259885787964
    },
    "endPos": {
        "x": -0.6524521112442017,
        "y": 4.0,
        "z": 0.014797650277614594
    }
}