{
    "_horizontalLines": 19.0,
    "_verticalLines": 15.0,
    "_radius": 0.12806293368339539,
    "_petalColour": {
        "r": 0.30792564153671267,
        "g": 0.22228336334228517,
        "b": 0.6121994853019714,
        "a": 1.0
    },
    "_cylinderVertexCount": 5.0,
    "_stemRadius": 0.11525093019008637,
    "_leafCount": 8.0,
    "_edgeRingCount": 49.0,
    "startPos": {
        "x": 0.0,
        "y": 0.0,
        "z": 0.0
    },
    "tangent1": {
        "x": 0.12016578018665314,
        "y": 1.4739947319030762,
        "z": -0.20302100479602815
    },
    "tangent2": {
        "x": 0.23507538437843324,
        "y": 3.407255172729492,
        "z": -0.6787137389183044
    },
    "endPos": {
        "x": 0.596197783946991,
        "y": 5.534746170043945,
        "z": -0.6433231830596924
    }
}