{
    "_horizontalLines": 17.0,
    "_verticalLines": 16.0,
    "_radius": 0.07560151815414429,
    "_petalColour": {
        "r": 0.993912935256958,
        "g": 0.1726701259613037,
        "b": 0.21006524562835694,
        "a": 1.0
    },
    "_cylinderVertexCount": 7.0,
    "_stemRadius": 0.058652523905038837,
    "_leafCount": 8.0,
    "_edgeRingCount": 22.0,
    "startPos": {
        "x": 0.0,
        "y": 0.0,
        "z": 0.0
    },
    "tangent1": {
        "x": 0.13100527226924897,
        "y": 0.35179978609085085,
        "z": -0.24230794608592988
    },
    "tangent2": {
        "x": 0.16035550832748414,
        "y": 1.5903503894805909,
        "z": -0.029266640543937684
    },
    "endPos": {
        "x": 0.06569262593984604,
        "y": 4.0,
        "z": 0.6352459788322449
    }
}