{
    "_horizontalLines": 17.0,
    "_verticalLines": 16.0,
    "_radius": 0.08769822865724564,
    "_petalColour": {
        "r": 0.7991713285446167,
        "g": 0.927454948425293,
        "b": 0.9556616544723511,
        "a": 1.0
    },
    "_cylinderVertexCount": 10.0,
    "_stemRadius": 0.06448882073163986,
    "_leafCount": 8.0,
    "_edgeRingCount": 40.0,
    "startPos": {
        "x": 0.0,
        "y": 0.0,
        "z": 0.0
    },
    "tangent1": {
        "x": -0.3396815359592438,
        "y": 0.7780134081840515,
        "z": 0.1944253295660019
    },
    "tangent2": {
        "x": 0.0998862087726593,
        "y": 2.6025936603546144,
        "z": 0.581832230091095
    },
    "endPos": {
        "x": 0.03542929142713547,
        "y": 4.0,
        "z": 0.10767433047294617
    }
}