{
    "_horizontalLines": 18.0,
    "_verticalLines": 15.0,
    "_radius": 0.07856893539428711,
    "_petalColour": {
        "r": 0.6195958256721497,
        "g": 0.9720790386199951,
        "b": 0.2459629774093628,
        "a": 1.0
    },
    "_cylinderVertexCount": 13.0,
    "_stemRadius": 0.05381353199481964,
    "_leafCount": 8.0,
    "_edgeRingCount": 19.0,
    "startPos": {
        "x": 0.0,
        "y": 0.0,
        "z": 0.0
    },
    "tangent1": {
        "x": -0.038283299654722217,
        "y": 1.2116092443466187,
        "z": 0.1343369334936142
    },
    "tangent2": {
        "x": 0.20835651457309724,
        "y": 1.8775362968444825,
        "z": 0.08453777432441712
    },
    "endPos": {
        "x": -0.16315974295139314,
        "y": 4.0,
        "z": 0.7534455060958862
    }
}