{
    "_horizontalLines": 19.0,
    "_verticalLines": 19.0,
    "_radius": 0.10522439330816269,
    "_petalColour": {
        "r": 0.11496615409851074,
        "g": 0.18079066276550294,
        "b": 0.29589802026748659,
        "a": 1.0
    },
    "_cylinderVertexCount": 12.0,
    "_stemRadius": 0.09263735264539719,
    "_leafCount": 8.0,
    "_edgeRingCount": 58.0,
    "startPos": {
        "x": 0.0,
        "y": 0.0,
        "z": 0.0
    },
    "tangent1": {
        "x": 0.022464562207460405,
        "y": 0.014523697085678578,
        "z": 0.4924403131008148
    },
    "tangent2": {
        "x": -0.045323606580495837,
        "y": 0.9540954232215881,
        "z": 0.20986375212669373
    },
    "endPos": {
        "x": 0.20348981022834779,
        "y": 4.0,
        "z": 0.3250371217727661
    }
}