{
    "_horizontalLines": 16.0,
    "_verticalLines": 16.0,
    "_radius": 0.07351302355527878,
    "_petalColour": {
        "r": 0.6623679399490356,
        "g": 0.29819005727767947,
        "b": 0.6061797738075256,
        "a": 1.0
    },
    "_cylinderVertexCount": 6.0,
    "_stemRadius": 0.0680815652012825,
    "_leafCount": 8.0,
    "_edgeRingCount": 20.0,
    "startPos": {
        "x": 0.0,
        "y": 0.0,
        "z": 0.0
    },
    "tangent1": {
        "x": -0.2409837692975998,
        "y": 1.309587836265564,
        "z": -0.4798906445503235
    },
    "tangent2": {
        "x": 0.019955351948738099,
        "y": 2.5074901580810549,
        "z": -0.27947860956192019
    },
    "endPos": {
        "x": -0.18986469507217408,
        "y": 4.389955997467041,
        "z": -1.0280908346176148
    }
}