{
    "_horizontalLines": 17.0,
    "_verticalLines": 18.0,
    "_radius": 0.03359638527035713,
    "_petalColour": {
        "r": 0.185477614402771,
        "g": 0.6627453565597534,
        "b": 0.029554367065429689,
        "a": 1.0
    },
    "_cylinderVertexCount": 8.0,
    "_stemRadius": 0.031904466450214389,
    "_leafCount": 8.0,
    "_edgeRingCount": 16.0,
    "startPos": {
        "x": 0.0,
        "y": 0.0,
        "z": 0.0
    },
    "tangent1": {
        "x": -0.07857318222522736,
        "y": 1.6562103033065797,
        "z": -0.09580497443675995
    },
    "tangent2": {
        "x": -0.2553977966308594,
        "y": 2.5307085514068605,
        "z": 0.2324541062116623
    },
    "endPos": {
        "x": 0.5537737607955933,
        "y": 5.522258281707764,
        "z": 0.6722972989082336
    }
}