{
    "_horizontalLines": 16.0,
    "_verticalLines": 17.0,
    "_radius": 0.13111011683940888,
    "_petalColour": {
        "r": 0.547735869884491,
        "g": 0.6041001677513123,
        "b": 0.39183729887008669,
        "a": 1.0
    },
    "_cylinderVertexCount": 14.0,
    "_stemRadius": 0.10201005637645722,
    "_leafCount": 8.0,
    "_edgeRingCount": 11.0,
    "startPos": {
        "x": 0.0,
        "y": 0.0,
        "z": 0.0
    },
    "tangent1": {
        "x": 0.2617116868495941,
        "y": 0.0004570007440634072,
        "z": 0.22949481010437013
    },
    "tangent2": {
        "x": 0.4169909358024597,
        "y": 1.7444572448730469,
        "z": 0.7178225517272949
    },
    "endPos": {
        "x": 1.1702359914779664,
        "y": 4.710527420043945,
        "z": 0.6930539011955261
    }
}