{
    "_horizontalLines": 17.0,
    "_verticalLines": 15.0,
    "_radius": 0.09499241411685944,
    "_petalColour": {
        "r": 0.5615325570106506,
        "g": 0.7320929765701294,
        "b": 0.17274725437164308,
        "a": 1.0
    },
    "_cylinderVertexCount": 9.0,
    "_stemRadius": 0.07330697774887085,
    "_leafCount": 8.0,
    "_edgeRingCount": 45.0,
    "startPos": {
        "x": 0.0,
        "y": 0.0,
        "z": 0.0
    },
    "tangent1": {
        "x": -0.4518767297267914,
        "y": 0.7125099301338196,
        "z": 0.3817959725856781
    },
    "tangent2": {
        "x": 0.0031952857971191408,
        "y": 1.6173884868621827,
        "z": 0.010702431201934815
    },
    "endPos": {
        "x": -0.3205350935459137,
        "y": 4.0,
        "z": -0.7613753080368042
    }
}