{
    "_horizontalLines": 19.0,
    "_verticalLines": 17.0,
    "_radius": 0.005668715573847294,
    "_petalColour": {
        "r": 0.18858635425567628,
        "g": 0.009699702262878418,
        "b": 0.6336206197738648,
        "a": 1.0
    },
    "_cylinderVertexCount": 6.0,
    "_stemRadius": -0.00014158785052131861,
    "_leafCount": 8.0,
    "_edgeRingCount": 3.0,
    "startPos": {
        "x": 0.0,
        "y": 0.0,
        "z": 0.0
    },
    "tangent1": {
        "x": 0.3746598958969116,
        "y": 1.5546207427978516,
        "z": 0.2902277708053589
    },
    "tangent2": {
        "x": 0.43255895376205447,
        "y": 1.5839645862579346,
        "z": -0.17267325520515443
    },
    "endPos": {
        "x": 1.2284431457519532,
        "y": 4.0,
        "z": -0.09739858657121659
    }
}