{
    "_horizontalLines": 15.0,
    "_verticalLines": 15.0,
    "_radius": 0.13000065088272096,
    "_petalColour": {
        "r": 0.6258722543716431,
        "g": 0.5739286541938782,
        "b": 0.02143120765686035,
        "a": 1.0
    },
    "_cylinderVertexCount": 7.0,
    "_stemRadius": 0.0890752449631691,
    "_leafCount": 8.0,
    "_edgeRingCount": 60.0,
    "startPos": {
        "x": 0.0,
        "y": 0.0,
        "z": 0.0
    },
    "tangent1": {
        "x": 0.010789346881210804,
        "y": 1.3522224426269532,
        "z": -0.39221706986427309
    },
    "tangent2": {
        "x": -0.2039230763912201,
        "y": 2.789217472076416,
        "z": -0.6476668119430542
    },
    "endPos": {
        "x": 0.26007598638534548,
        "y": 4.211697101593018,
        "z": -1.1446609497070313
    }
}