{
    "_horizontalLines": 19.0,
    "_verticalLines": 18.0,
    "_radius": 0.05858262628316879,
    "_petalColour": {
        "r": 0.6813751459121704,
        "g": 0.9323347806930542,
        "b": 0.7496639490127564,
        "a": 1.0
    },
    "_cylinderVertexCount": 13.0,
    "_stemRadius": 0.053059495985507968,
    "_leafCount": 8.0,
    "_edgeRingCount": 5.0,
    "startPos": {
        "x": 0.0,
        "y": 0.0,
        "z": 0.0
    },
    "tangent1": {
        "x": 0.37533262372016909,
        "y": 1.9123961925506592,
        "z": 0.2451988160610199
    },
    "tangent2": {
        "x": -0.10094320774078369,
        "y": 3.2995400428771974,
        "z": 0.3164864182472229
    },
    "endPos": {
        "x": -0.4175752103328705,
        "y": 4.0,
        "z": -0.06000325083732605
    }
}