{
    "_horizontalLines": 18.0,
    "_verticalLines": 18.0,
    "_radius": 0.08849144726991654,
    "_petalColour": {
        "r": 0.7527550458908081,
        "g": 0.47738367319107058,
        "b": 0.9995055198669434,
        "a": 1.0
    },
    "_cylinderVertexCount": 5.0,
    "_stemRadius": 0.07149054855108261,
    "_leafCount": 8.0,
    "_edgeRingCount": 51.0,
    "startPos": {
        "x": 0.0,
        "y": 0.0,
        "z": 0.0
    },
    "tangent1": {
        "x": -0.21877069771289826,
        "y": 1.3305869102478028,
        "z": 0.05051474645733833
    },
    "tangent2": {
        "x": 0.12994305789470673,
        "y": 2.3950867652893068,
        "z": -0.03928079828619957
    },
    "endPos": {
        "x": -0.4413270354270935,
        "y": 4.875350475311279,
        "z": -0.30987685918807986
    }
}