{
    "_horizontalLines": 16.0,
    "_verticalLines": 16.0,
    "_radius": 0.12497887760400772,
    "_petalColour": {
        "r": 0.5066394209861755,
        "g": 0.6828594207763672,
        "b": 0.2286747694015503,
        "a": 1.0
    },
    "_cylinderVertexCount": 5.0,
    "_stemRadius": 0.10902149975299835,
    "_leafCount": 8.0,
    "_edgeRingCount": 57.0,
    "startPos": {
        "x": 0.0,
        "y": 0.0,
        "z": 0.0
    },
    "tangent1": {
        "x": -0.30259600281715395,
        "y": 1.5309292078018189,
        "z": -0.34921932220458987
    },
    "tangent2": {
        "x": -0.3507409989833832,
        "y": 3.2817649841308595,
        "z": -0.0804438591003418
    },
    "endPos": {
        "x": -1.1625244617462159,
        "y": 6.279356956481934,
        "z": -0.26822012662887576
    }
}