{
    "_horizontalLines": 17.0,
    "_verticalLines": 18.0,
    "_radius": 0.09740186482667923,
    "_petalColour": {
        "r": 0.04037296772003174,
        "g": 0.5713627934455872,
        "b": 0.6698651313781738,
        "a": 1.0
    },
    "_cylinderVertexCount": 14.0,
    "_stemRadius": 0.059589337557554248,
    "_leafCount": 8.0,
    "_edgeRingCount": 17.0,
    "startPos": {
        "x": 0.0,
        "y": 0.0,
        "z": 0.0
    },
    "tangent1": {
        "x": 0.2115398347377777,
        "y": 0.8880588412284851,
        "z": -0.056592416018247607
    },
    "tangent2": {
        "x": 0.23531560599803925,
        "y": 1.488662838935852,
        "z": -0.4115080237388611
    },
    "endPos": {
        "x": -0.020063981413841249,
        "y": 4.0,
        "z": 0.2920490503311157
    }
}