{
    "_horizontalLines": 19.0,
    "_verticalLines": 18.0,
    "_radius": 0.0774824246764183,
    "_petalColour": {
        "r": 0.37657123804092409,
        "g": 0.7511883974075317,
        "b": 0.20719218254089356,
        "a": 1.0
    },
    "_cylinderVertexCount": 13.0,
    "_stemRadius": 0.047272562980651858,
    "_leafCount": 8.0,
    "_edgeRingCount": 49.0,
    "startPos": {
        "x": 0.0,
        "y": 0.0,
        "z": 0.0
    },
    "tangent1": {
        "x": -0.4375723898410797,
        "y": 0.5276893377304077,
        "z": -0.24730567634105683
    },
    "tangent2": {
        "x": -0.8413046598434448,
        "y": 1.0549200773239136,
        "z": -0.6355034708976746
    },
    "endPos": {
        "x": -1.3098421096801758,
        "y": 4.0,
        "z": 0.23361122608184815
    }
}