{
    "_horizontalLines": 17.0,
    "_verticalLines": 15.0,
    "_radius": 0.10039234906435013,
    "_petalColour": {
        "r": 0.56183260679245,
        "g": 0.1665858030319214,
        "b": 0.11679768562316895,
        "a": 1.0
    },
    "_cylinderVertexCount": 7.0,
    "_stemRadius": 0.051629405468702319,
    "_leafCount": 8.0,
    "_edgeRingCount": 35.0,
    "startPos": {
        "x": 0.0,
        "y": 0.0,
        "z": 0.0
    },
    "tangent1": {
        "x": 0.3594897985458374,
        "y": 1.2650642395019532,
        "z": -0.003837156342342496
    },
    "tangent2": {
        "x": 0.20098154246807099,
        "y": 1.4775216579437256,
        "z": -0.2606235146522522
    },
    "endPos": {
        "x": -0.37317442893981936,
        "y": 4.0,
        "z": 0.15421366691589356
    }
}