{
    "_horizontalLines": 15.0,
    "_verticalLines": 17.0,
    "_radius": 0.05060919001698494,
    "_petalColour": {
        "r": 0.13271808624267579,
        "g": 0.783825159072876,
        "b": 0.5533673167228699,
        "a": 1.0
    },
    "_cylinderVertexCount": 6.0,
    "_stemRadius": 0.049316417425870898,
    "_leafCount": 8.0,
    "_edgeRingCount": 31.0,
    "startPos": {
        "x": 0.0,
        "y": 0.0,
        "z": 0.0
    },
    "tangent1": {
        "x": -0.049527358263731,
        "y": 1.0073308944702149,
        "z": -0.18294186890125276
    },
    "tangent2": {
        "x": -0.44807690382003786,
        "y": 1.7923412322998047,
        "z": -0.2511982023715973
    },
    "endPos": {
        "x": 0.10091280937194824,
        "y": 4.697183609008789,
        "z": -0.6501207947731018
    }
}