{
    "_horizontalLines": 18.0,
    "_verticalLines": 19.0,
    "_radius": 0.10628802329301834,
    "_petalColour": {
        "r": 0.6861581802368164,
        "g": 0.8412503004074097,
        "b": 0.5143525004386902,
        "a": 1.0
    },
    "_cylinderVertexCount": 7.0,
    "_stemRadius": 0.07904814928770066,
    "_leafCount": 8.0,
    "_edgeRingCount": 44.0,
    "startPos": {
        "x": 0.0,
        "y": 0.0,
        "z": 0.0
    },
    "tangent1": {
        "x": 0.2736869752407074,
        "y": 0.06294746696949005,
        "z": -0.33940744400024416
    },
    "tangent2": {
        "x": 0.21028031408786775,
        "y": 1.605695366859436,
        "z": 0.048300355672836307
    },
    "endPos": {
        "x": -0.4909133315086365,
        "y": 4.0,
        "z": 0.8275305032730103
    }
}