{
    "_horizontalLines": 16.0,
    "_verticalLines": 16.0,
    "_radius": 0.0718148872256279,
    "_petalColour": {
        "r": 0.9534090757369995,
        "g": 0.9307328462600708,
        "b": 0.7644731998443604,
        "a": 1.0
    },
    "_cylinderVertexCount": 11.0,
    "_stemRadius": 0.0424891896545887,
    "_leafCount": 8.0,
    "_edgeRingCount": 9.0,
    "startPos": {
        "x": 0.0,
        "y": 0.0,
        "z": 0.0
    },
    "tangent1": {
        "x": -0.05091257020831108,
        "y": 1.6877151727676392,
        "z": 0.3693515956401825
    },
    "tangent2": {
        "x": -0.5426958799362183,
        "y": 1.7470945119857789,
        "z": 0.24730460345745088
    },
    "endPos": {
        "x": -0.8541337251663208,
        "y": 4.0,
        "z": -0.40530043840408327
    }
}