{
    "_horizontalLines": 18.0,
    "_verticalLines": 18.0,
    "_radius": 0.13104455173015595,
    "_petalColour": {
        "r": 0.4275549054145813,
        "g": 0.5621975064277649,
        "b": 0.7090575695037842,
        "a": 1.0
    },
    "_cylinderVertexCount": 12.0,
    "_stemRadius": 0.08482358604669571,
    "_leafCount": 8.0,
    "_edgeRingCount": 48.0,
    "startPos": {
        "x": 0.0,
        "y": 0.0,
        "z": 0.0
    },
    "tangent1": {
        "x": -0.42292967438697817,
        "y": 0.11306877434253693,
        "z": -0.25247088074684145
    },
    "tangent2": {
        "x": -0.9157599210739136,
        "y": 0.7311736345291138,
        "z": -0.7494256496429443
    },
    "endPos": {
        "x": -1.4428174495697022,
        "y": 4.0,
        "z": -1.4878978729248047
    }
}