{
    "_horizontalLines": 19.0,
    "_verticalLines": 16.0,
    "_radius": 0.11325979232788086,
    "_petalColour": {
        "r": 0.6993485689163208,
        "g": 0.807616114616394,
        "b": 0.15199780464172364,
        "a": 1.0
    },
    "_cylinderVertexCount": 9.0,
    "_stemRadius": 0.09142091870307923,
    "_leafCount": 8.0,
    "_edgeRingCount": 16.0,
    "startPos": {
        "x": 0.0,
        "y": 0.0,
        "z": 0.0
    },
    "tangent1": {
        "x": -0.13295383751392365,
        "y": 1.4098411798477173,
        "z": 0.2350447177886963
    },
    "tangent2": {
        "x": -0.36267319321632388,
        "y": 3.0515761375427248,
        "z": -0.12284627556800842
    },
    "endPos": {
        "x": 0.4553814232349396,
        "y": 4.0,
        "z": -0.29573917388916018
    }
}