{
    "_horizontalLines": 16.0,
    "_verticalLines": 19.0,
    "_radius": 0.09280387312173844,
    "_petalColour": {
        "r": 0.479128897190094,
        "g": 0.367343008518219,
        "b": 0.1361314058303833,
        "a": 1.0
    },
    "_cylinderVertexCount": 10.0,
    "_stemRadius": 0.05287288501858711,
    "_leafCount": 8.0,
    "_edgeRingCount": 12.0,
    "startPos": {
        "x": 0.0,
        "y": 0.0,
        "z": 0.0
    },
    "tangent1": {
        "x": -0.485375314950943,
        "y": 0.9475944638252258,
        "z": 0.2816218137741089
    },
    "tangent2": {
        "x": -0.20703917741775514,
        "y": 1.123687744140625,
        "z": 0.46414780616760256
    },
    "endPos": {
        "x": 0.6084930896759033,
        "y": 4.0,
        "z": 0.07859334349632263
    }
}