{
    "_horizontalLines": 18.0,
    "_verticalLines": 17.0,
    "_radius": 0.08657864481210709,
    "_petalColour": {
        "r": 0.7011696100234985,
        "g": 0.6981860399246216,
        "b": 0.6041414141654968,
        "a": 1.0
    },
    "_cylinderVertexCount": 13.0,
    "_stemRadius": 0.06245504692196846,
    "_leafCount": 8.0,
    "_edgeRingCount": 30.0,
    "startPos": {
        "x": 0.0,
        "y": 0.0,
        "z": 0.0
    },
    "tangent1": {
        "x": 0.33582961559295657,
        "y": 0.12379284203052521,
        "z": 0.14280328154563905
    },
    "tangent2": {
        "x": -0.16043084859848023,
        "y": 1.758867859840393,
        "z": 0.493234246969223
    },
    "endPos": {
        "x": -0.1140299141407013,
        "y": 4.0,
        "z": 0.211553156375885
    }
}