{
    "_horizontalLines": 15.0,
    "_verticalLines": 15.0,
    "_radius": 0.12793457508087159,
    "_petalColour": {
        "r": 0.10828304290771485,
        "g": 0.7472196817398071,
        "b": 0.2232654094696045,
        "a": 1.0
    },
    "_cylinderVertexCount": 14.0,
    "_stemRadius": 0.11369102448225022,
    "_leafCount": 8.0,
    "_edgeRingCount": 37.0,
    "startPos": {
        "x": 0.0,
        "y": 0.0,
        "z": 0.0
    },
    "tangent1": {
        "x": 0.4552365243434906,
        "y": 1.2842670679092408,
        "z": -0.2297629863023758
    },
    "tangent2": {
        "x": 0.23415593802928925,
        "y": 2.823699951171875,
        "z": -0.13035297393798829
    },
    "endPos": {
        "x": 0.6339779496192932,
        "y": 5.619926452636719,
        "z": -0.6111913323402405
    }
}