{
    "_horizontalLines": 19.0,
    "_verticalLines": 18.0,
    "_radius": 0.10003982484340668,
    "_petalColour": {
        "r": 0.4808616042137146,
        "g": 0.15293455123901368,
        "b": 0.7411447763442993,
        "a": 1.0
    },
    "_cylinderVertexCount": 6.0,
    "_stemRadius": 0.08333324640989304,
    "_leafCount": 8.0,
    "_edgeRingCount": 61.0,
    "startPos": {
        "x": 0.0,
        "y": 0.0,
        "z": 0.0
    },
    "tangent1": {
        "x": -0.3621903359889984,
        "y": 1.7034835815429688,
        "z": 0.4393187463283539
    },
    "tangent2": {
        "x": -0.5637480020523071,
        "y": 2.750833511352539,
        "z": 0.5169180035591126
    },
    "endPos": {
        "x": -0.868302583694458,
        "y": 4.395188331604004,
        "z": 0.038988322019577029
    }
}