{
    "_horizontalLines": 15.0,
    "_verticalLines": 17.0,
    "_radius": 0.09972464293241501,
    "_petalColour": {
        "r": 0.7734695672988892,
        "g": 0.17746877670288087,
        "b": 0.18115687370300294,
        "a": 1.0
    },
    "_cylinderVertexCount": 9.0,
    "_stemRadius": 0.06567936390638352,
    "_leafCount": 8.0,
    "_edgeRingCount": 11.0,
    "startPos": {
        "x": 0.0,
        "y": 0.0,
        "z": 0.0
    },
    "tangent1": {
        "x": 0.4847317636013031,
        "y": 1.4979556798934937,
        "z": 0.38157060742378237
    },
    "tangent2": {
        "x": 0.8010126352310181,
        "y": 1.7214804887771607,
        "z": 0.5393147468566895
    },
    "endPos": {
        "x": 0.8052572011947632,
        "y": 4.0,
        "z": 1.3899378776550294
    }
}