{
    "_horizontalLines": 15.0,
    "_verticalLines": 19.0,
    "_radius": 0.10055281966924668,
    "_petalColour": {
        "r": 0.4015938639640808,
        "g": 0.2129349708557129,
        "b": 0.977049708366394,
        "a": 1.0
    },
    "_cylinderVertexCount": 13.0,
    "_stemRadius": 0.08307398855686188,
    "_leafCount": 8.0,
    "_edgeRingCount": 38.0,
    "startPos": {
        "x": 0.0,
        "y": 0.0,
        "z": 0.0
    },
    "tangent1": {
        "x": -0.2660996913909912,
        "y": 0.012481880374252797,
        "z": 0.05929284170269966
    },
    "tangent2": {
        "x": 0.10190880298614502,
        "y": 1.356873631477356,
        "z": 0.43760380148887637
    },
    "endPos": {
        "x": -0.15387925505638123,
        "y": 4.0,
        "z": 1.0679179430007935
    }
}