{
    "_horizontalLines": 16.0,
    "_verticalLines": 19.0,
    "_radius": 0.07761923223733902,
    "_petalColour": {
        "r": 0.2486323118209839,
        "g": 0.20575714111328126,
        "b": 0.8319978713989258,
        "a": 1.0
    },
    "_cylinderVertexCount": 9.0,
    "_stemRadius": 0.056680209934711459,
    "_leafCount": 8.0,
    "_edgeRingCount": 29.0,
    "startPos": {
        "x": 0.0,
        "y": 0.0,
        "z": 0.0
    },
    "tangent1": {
        "x": -0.19959993660449983,
        "y": 1.2083278894424439,
        "z": 0.3811652958393097
    },
    "tangent2": {
        "x": -0.6681914329528809,
        "y": 1.5140550136566163,
        "z": 0.6364456415176392
    },
    "endPos": {
        "x": -1.3181308507919312,
        "y": 4.975890636444092,
        "z": 0.3239010274410248
    }
}