{
    "_horizontalLines": 16.0,
    "_verticalLines": 17.0,
    "_radius": 0.07432837039232254,
    "_petalColour": {
        "r": 0.991752028465271,
        "g": 0.9763883352279663,
        "b": 0.32918792963027956,
        "a": 1.0
    },
    "_cylinderVertexCount": 12.0,
    "_stemRadius": 0.06156155839562416,
    "_leafCount": 8.0,
    "_edgeRingCount": 22.0,
    "startPos": {
        "x": 0.0,
        "y": 0.0,
        "z": 0.0
    },
    "tangent1": {
        "x": 0.3218950033187866,
        "y": 0.226307675242424,
        "z": -0.25666379928588869
    },
    "tangent2": {
        "x": 0.7276488542556763,
        "y": 0.8356990814208984,
        "z": -0.08756829798221588
    },
    "endPos": {
        "x": 0.2504231631755829,
        "y": 4.0,
        "z": -0.6705771088600159
    }
}