{
    "_horizontalLines": 18.0,
    "_verticalLines": 17.0,
    "_radius": 0.03213348239660263,
    "_petalColour": {
        "r": 0.3575562834739685,
        "g": 0.14924275875091554,
        "b": 0.4727638363838196,
        "a": 1.0
    },
    "_cylinderVertexCount": 14.0,
    "_stemRadius": 0.015027754008769989,
    "_leafCount": 8.0,
    "_edgeRingCount": 53.0,
    "startPos": {
        "x": 0.0,
        "y": 0.0,
        "z": 0.0
    },
    "tangent1": {
        "x": -0.2468121498823166,
        "y": 0.6020916104316711,
        "z": -0.025503206998109819
    },
    "tangent2": {
        "x": -0.36778101325035097,
        "y": 0.9829984903335571,
        "z": 0.038403984159231189
    },
    "endPos": {
        "x": 0.1268652379512787,
        "y": 4.0,
        "z": 0.05860229581594467
    }
}