{
    "_horizontalLines": 15.0,
    "_verticalLines": 17.0,
    "_radius": 0.05539947375655174,
    "_petalColour": {
        "r": 0.14439177513122559,
        "g": 0.13540685176849366,
        "b": 0.6700456142425537,
        "a": 1.0
    },
    "_cylinderVertexCount": 9.0,
    "_stemRadius": 0.04758685827255249,
    "_leafCount": 8.0,
    "_edgeRingCount": 38.0,
    "startPos": {
        "x": 0.0,
        "y": 0.0,
        "z": 0.0
    },
    "tangent1": {
        "x": -0.06996802985668183,
        "y": 0.986528217792511,
        "z": -0.29336175322532656
    },
    "tangent2": {
        "x": -0.040686603635549548,
        "y": 2.628486394882202,
        "z": -0.43133360147476199
    },
    "endPos": {
        "x": -0.31675633788108828,
        "y": 5.1046671867370609,
        "z": -0.16769066452980042
    }
}