{
    "_horizontalLines": 17.0,
    "_verticalLines": 15.0,
    "_radius": 0.10971539467573166,
    "_petalColour": {
        "r": 0.28013402223587038,
        "g": 0.8966152667999268,
        "b": 0.6093000769615173,
        "a": 1.0
    },
    "_cylinderVertexCount": 7.0,
    "_stemRadius": 0.06549685448408127,
    "_leafCount": 8.0,
    "_edgeRingCount": 17.0,
    "startPos": {
        "x": 0.0,
        "y": 0.0,
        "z": 0.0
    },
    "tangent1": {
        "x": 0.24228668212890626,
        "y": 1.7750275135040284,
        "z": -0.059685658663511279
    },
    "tangent2": {
        "x": -0.11079064011573792,
        "y": 2.0739641189575197,
        "z": 0.1521623581647873
    },
    "endPos": {
        "x": 0.02288682758808136,
        "y": 4.068462371826172,
        "z": -0.2738688588142395
    }
}