{
    "_horizontalLines": 16.0,
    "_verticalLines": 18.0,
    "_radius": 0.13636235892772675,
    "_petalColour": {
        "r": 0.5251702666282654,
        "g": 0.8783019781112671,
        "b": 0.575651228427887,
        "a": 1.0
    },
    "_cylinderVertexCount": 6.0,
    "_stemRadius": 0.0958668440580368,
    "_leafCount": 8.0,
    "_edgeRingCount": 37.0,
    "startPos": {
        "x": 0.0,
        "y": 0.0,
        "z": 0.0
    },
    "tangent1": {
        "x": 0.09247823059558869,
        "y": 1.9402004480361939,
        "z": -0.116580531001091
    },
    "tangent2": {
        "x": 0.5579506158828735,
        "y": 2.7469496726989748,
        "z": 0.3646225333213806
    },
    "endPos": {
        "x": 0.5130529999732971,
        "y": 4.731980323791504,
        "z": 1.0846586227416993
    }
}