{
    "_horizontalLines": 16.0,
    "_verticalLines": 15.0,
    "_radius": 0.07450968027114868,
    "_petalColour": {
        "r": 0.8261007070541382,
        "g": 0.0521392822265625,
        "b": 0.644271731376648,
        "a": 1.0
    },
    "_cylinderVertexCount": 8.0,
    "_stemRadius": 0.04907635599374771,
    "_leafCount": 8.0,
    "_edgeRingCount": 29.0,
    "startPos": {
        "x": 0.0,
        "y": 0.0,
        "z": 0.0
    },
    "tangent1": {
        "x": 0.25360751152038576,
        "y": 0.6811830401420593,
        "z": 0.4219996929168701
    },
    "tangent2": {
        "x": 0.5446587800979614,
        "y": 2.125788927078247,
        "z": 0.07599464058876038
    },
    "endPos": {
        "x": 1.137123942375183,
        "y": 4.0,
        "z": -0.01177264004945755
    }
}