{
    "_horizontalLines": 15.0,
    "_verticalLines": 19.0,
    "_radius": 0.10119892656803131,
    "_petalColour": {
        "r": 0.16566932201385499,
        "g": 0.43763619661331179,
        "b": 0.13798928260803224,
        "a": 1.0
    },
    "_cylinderVertexCount": 9.0,
    "_stemRadius": 0.07915540039539337,
    "_leafCount": 8.0,
    "_edgeRingCount": 23.0,
    "startPos": {
        "x": 0.0,
        "y": 0.0,
        "z": 0.0
    },
    "tangent1": {
        "x": -0.4120557904243469,
        "y": 1.4496101140975953,
        "z": 0.12118907272815705
    },
    "tangent2": {
        "x": -0.31779396533966067,
        "y": 2.894514560699463,
        "z": 0.16402745246887208
    },
    "endPos": {
        "x": -1.1611943244934083,
        "y": 4.0,
        "z": 0.890672504901886
    }
}