{
    "_horizontalLines": 15.0,
    "_verticalLines": 17.0,
    "_radius": 0.11762117594480515,
    "_petalColour": {
        "r": 0.7588108777999878,
        "g": 0.020116806030273439,
        "b": 0.7819403409957886,
        "a": 1.0
    },
    "_cylinderVertexCount": 8.0,
    "_stemRadius": 0.09822671115398407,
    "_leafCount": 8.0,
    "_edgeRingCount": 58.0,
    "startPos": {
        "x": 0.0,
        "y": 0.0,
        "z": 0.0
    },
    "tangent1": {
        "x": -0.24358491599559785,
        "y": 0.4169284701347351,
        "z": 0.3370910584926605
    },
    "tangent2": {
        "x": -0.04126672446727753,
        "y": 1.753882646560669,
        "z": 0.1131984144449234
    },
    "endPos": {
        "x": -0.6115755438804627,
        "y": 4.0,
        "z": 0.34253817796707156
    }
}