{
    "_horizontalLines": 19.0,
    "_verticalLines": 16.0,
    "_radius": 0.05493147298693657,
    "_petalColour": {
        "r": 0.8922820091247559,
        "g": 0.3532983660697937,
        "b": 0.3213813900947571,
        "a": 1.0
    },
    "_cylinderVertexCount": 11.0,
    "_stemRadius": 0.04730810597538948,
    "_leafCount": 8.0,
    "_edgeRingCount": 12.0,
    "startPos": {
        "x": 0.0,
        "y": 0.0,
        "z": 0.0
    },
    "tangent1": {
        "x": -0.1368383914232254,
        "y": 0.18556194007396699,
        "z": -0.2089257687330246
    },
    "tangent2": {
        "x": 0.3622639775276184,
        "y": 2.0137152671813967,
        "z": 0.14838145673274995
    },
    "endPos": {
        "x": 0.1436953991651535,
        "y": 4.163408279418945,
        "z": 0.15555734932422639
    }
}