{
    "_horizontalLines": 15.0,
    "_verticalLines": 16.0,
    "_radius": 0.07478808611631394,
    "_petalColour": {
        "r": 0.9912731647491455,
        "g": 0.7660893201828003,
        "b": 0.6646682024002075,
        "a": 1.0
    },
    "_cylinderVertexCount": 7.0,
    "_stemRadius": 0.047561485320329669,
    "_leafCount": 8.0,
    "_edgeRingCount": 54.0,
    "startPos": {
        "x": 0.0,
        "y": 0.0,
        "z": 0.0
    },
    "tangent1": {
        "x": -0.3608570098876953,
        "y": 1.0586810111999512,
        "z": -0.2945021688938141
    },
    "tangent2": {
        "x": -0.4656042456626892,
        "y": 1.7889235019683838,
        "z": -0.6336003541946411
    },
    "endPos": {
        "x": -0.7638354301452637,
        "y": 4.1423540115356449,
        "z": -1.0321242809295655
    }
}