{
    "_horizontalLines": 16.0,
    "_verticalLines": 16.0,
    "_radius": 0.025690648704767228,
    "_petalColour": {
        "r": 0.05242657661437988,
        "g": 0.3211764693260193,
        "b": 0.45112282037734988,
        "a": 1.0
    },
    "_cylinderVertexCount": 14.0,
    "_stemRadius": 0.009892234578728676,
    "_leafCount": 8.0,
    "_edgeRingCount": 31.0,
    "startPos": {
        "x": 0.0,
        "y": 0.0,
        "z": 0.0
    },
    "tangent1": {
        "x": -0.05205507203936577,
        "y": 1.4609943628311158,
        "z": 0.42940425872802737
    },
    "tangent2": {
        "x": -0.07794704288244248,
        "y": 1.7605900764465333,
        "z": 0.4677430987358093
    },
    "endPos": {
        "x": 0.5636364221572876,
        "y": 4.0,
        "z": -0.3765432834625244
    }
}