{
    "_horizontalLines": 17.0,
    "_verticalLines": 16.0,
    "_radius": 0.12855646014213563,
    "_petalColour": {
        "r": 0.6431201696395874,
        "g": 0.08203864097595215,
        "b": 0.14524435997009278,
        "a": 1.0
    },
    "_cylinderVertexCount": 10.0,
    "_stemRadius": 0.0796603336930275,
    "_leafCount": 8.0,
    "_edgeRingCount": 28.0,
    "startPos": {
        "x": 0.0,
        "y": 0.0,
        "z": 0.0
    },
    "tangent1": {
        "x": -0.07502837479114533,
        "y": 0.05809802934527397,
        "z": -0.2660510540008545
    },
    "tangent2": {
        "x": -0.37885957956314089,
        "y": 1.9745912551879883,
        "z": -0.7200999855995178
    },
    "endPos": {
        "x": -0.5392258763313294,
        "y": 5.268459320068359,
        "z": 0.00021088123321533203
    }
}