{
    "_horizontalLines": 17.0,
    "_verticalLines": 18.0,
    "_radius": 0.06960199773311615,
    "_petalColour": {
        "r": 0.5920179486274719,
        "g": 0.0455167293548584,
        "b": 0.5750588774681091,
        "a": 1.0
    },
    "_cylinderVertexCount": 13.0,
    "_stemRadius": 0.06848831474781037,
    "_leafCount": 8.0,
    "_edgeRingCount": 11.0,
    "startPos": {
        "x": 0.0,
        "y": 0.0,
        "z": 0.0
    },
    "tangent1": {
        "x": 0.16025708615779878,
        "y": 0.40474051237106326,
        "z": -0.23448018729686738
    },
    "tangent2": {
        "x": 0.6480463147163391,
        "y": 0.41185951232910159,
        "z": 0.13594217598438264
    },
    "endPos": {
        "x": 0.10324662923812866,
        "y": 4.0,
        "z": -0.6105233430862427
    }
}