{
    "_horizontalLines": 15.0,
    "_verticalLines": 15.0,
    "_radius": 0.05581992492079735,
    "_petalColour": {
        "r": 0.5041815638542175,
        "g": 0.4399171471595764,
        "b": 0.22942578792572022,
        "a": 1.0
    },
    "_cylinderVertexCount": 11.0,
    "_stemRadius": 0.024522194638848306,
    "_leafCount": 8.0,
    "_edgeRingCount": 36.0,
    "startPos": {
        "x": 0.0,
        "y": 0.0,
        "z": 0.0
    },
    "tangent1": {
        "x": 0.282002329826355,
        "y": 1.5447368621826172,
        "z": 0.3013286590576172
    },
    "tangent2": {
        "x": 0.4139930009841919,
        "y": 2.2932887077331545,
        "z": 0.16300706565380097
    },
    "endPos": {
        "x": -0.1349952220916748,
        "y": 4.768772602081299,
        "z": -0.6120383739471436
    }
}