{
    "_horizontalLines": 19.0,
    "_verticalLines": 15.0,
    "_radius": 0.06133367121219635,
    "_petalColour": {
        "r": 0.47070735692977908,
        "g": 0.028284192085266115,
        "b": 0.5494813323020935,
        "a": 1.0
    },
    "_cylinderVertexCount": 11.0,
    "_stemRadius": 0.02222611755132675,
    "_leafCount": 8.0,
    "_edgeRingCount": 20.0,
    "startPos": {
        "x": 0.0,
        "y": 0.0,
        "z": 0.0
    },
    "tangent1": {
        "x": -0.16727332770824433,
        "y": 0.3577774167060852,
        "z": -0.2951829433441162
    },
    "tangent2": {
        "x": -0.2867696285247803,
        "y": 1.8458688259124756,
        "z": 0.09224066138267517
    },
    "endPos": {
        "x": -0.4496496319770813,
        "y": 4.0,
        "z": -0.7706376314163208
    }
}