{
    "_horizontalLines": 15.0,
    "_verticalLines": 15.0,
    "_radius": 0.04832018166780472,
    "_petalColour": {
        "r": 0.6244902014732361,
        "g": 0.15746593475341798,
        "b": 0.789290189743042,
        "a": 1.0
    },
    "_cylinderVertexCount": 14.0,
    "_stemRadius": 0.0393674261868,
    "_leafCount": 8.0,
    "_edgeRingCount": 11.0,
    "startPos": {
        "x": 0.0,
        "y": 0.0,
        "z": 0.0
    },
    "tangent1": {
        "x": -0.3074984550476074,
        "y": 0.7627294659614563,
        "z": 0.1595531404018402
    },
    "tangent2": {
        "x": -0.7323068380355835,
        "y": 1.0000267028808594,
        "z": 0.5960556864738464
    },
    "endPos": {
        "x": -0.34314030408859255,
        "y": 4.0,
        "z": 1.1893727779388428
    }
}