{
    "_horizontalLines": 18.0,
    "_verticalLines": 19.0,
    "_radius": 0.12881965935230256,
    "_petalColour": {
        "r": 0.8702725172042847,
        "g": 0.30692368745803835,
        "b": 0.9983696937561035,
        "a": 1.0
    },
    "_cylinderVertexCount": 13.0,
    "_stemRadius": 0.08362402766942978,
    "_leafCount": 8.0,
    "_edgeRingCount": 56.0,
    "startPos": {
        "x": 0.0,
        "y": 0.0,
        "z": 0.0
    },
    "tangent1": {
        "x": 0.33766496181488039,
        "y": 0.13068751990795136,
        "z": 0.31136712431907656
    },
    "tangent2": {
        "x": -0.1459755301475525,
        "y": 1.0294110774993897,
        "z": -0.11146518588066101
    },
    "endPos": {
        "x": -0.9583175182342529,
        "y": 4.4900407791137699,
        "z": -0.7755845785140991
    }
}