{
    "_horizontalLines": 19.0,
    "_verticalLines": 17.0,
    "_radius": 0.08781339228153229,
    "_petalColour": {
        "r": 0.9125010967254639,
        "g": 0.43032878637313845,
        "b": 0.26211029291152956,
        "a": 1.0
    },
    "_cylinderVertexCount": 7.0,
    "_stemRadius": 0.058290544897317889,
    "_leafCount": 8.0,
    "_edgeRingCount": 7.0,
    "startPos": {
        "x": 0.0,
        "y": 0.0,
        "z": 0.0
    },
    "tangent1": {
        "x": -0.4057430326938629,
        "y": 0.8224306106567383,
        "z": -0.41825780272483828
    },
    "tangent2": {
        "x": -0.04726523160934448,
        "y": 1.8253560066223145,
        "z": 0.052797943353652957
    },
    "endPos": {
        "x": 0.030893348157405855,
        "y": 4.0,
        "z": -0.6984940767288208
    }
}