{
    "_horizontalLines": 17.0,
    "_verticalLines": 19.0,
    "_radius": 0.13504643738269807,
    "_petalColour": {
        "r": 0.31045204401016238,
        "g": 0.8237271308898926,
        "b": 0.8780499696731567,
        "a": 1.0
    },
    "_cylinderVertexCount": 14.0,
    "_stemRadius": 0.1055775135755539,
    "_leafCount": 8.0,
    "_edgeRingCount": 29.0,
    "startPos": {
        "x": 0.0,
        "y": 0.0,
        "z": 0.0
    },
    "tangent1": {
        "x": 0.27050408720970156,
        "y": 1.9758598804473878,
        "z": 0.3621557950973511
    },
    "tangent2": {
        "x": 0.7338692545890808,
        "y": 2.965707302093506,
        "z": 0.07840898633003235
    },
    "endPos": {
        "x": -0.05615246295928955,
        "y": 5.46047306060791,
        "z": -0.26765358448028567
    }
}