{
    "_horizontalLines": 19.0,
    "_verticalLines": 18.0,
    "_radius": 0.08390270173549652,
    "_petalColour": {
        "r": 0.66087806224823,
        "g": 0.3388591408729553,
        "b": 0.6742817163467407,
        "a": 1.0
    },
    "_cylinderVertexCount": 5.0,
    "_stemRadius": 0.04186885058879852,
    "_leafCount": 8.0,
    "_edgeRingCount": 20.0,
    "startPos": {
        "x": 0.0,
        "y": 0.0,
        "z": 0.0
    },
    "tangent1": {
        "x": -0.23120279610157014,
        "y": 1.5140666961669922,
        "z": -0.4781918525695801
    },
    "tangent2": {
        "x": 0.0236748605966568,
        "y": 2.108261823654175,
        "z": 0.0074821412563323978
    },
    "endPos": {
        "x": -0.33505529165267947,
        "y": 4.0,
        "z": 0.11089939624071121
    }
}