{
    "_horizontalLines": 19.0,
    "_verticalLines": 15.0,
    "_radius": 0.05742046236991882,
    "_petalColour": {
        "r": 0.36956554651260378,
        "g": 0.8075494766235352,
        "b": 0.48619014024734499,
        "a": 1.0
    },
    "_cylinderVertexCount": 11.0,
    "_stemRadius": 0.02104092575609684,
    "_leafCount": 8.0,
    "_edgeRingCount": 48.0,
    "startPos": {
        "x": 0.0,
        "y": 0.0,
        "z": 0.0
    },
    "tangent1": {
        "x": 0.06198148801922798,
        "y": 0.837195873260498,
        "z": -0.49388018250465395
    },
    "tangent2": {
        "x": -0.0509428046643734,
        "y": 1.7322161197662354,
        "z": -0.9002493023872376
    },
    "endPos": {
        "x": -0.9092220664024353,
        "y": 4.0,
        "z": -1.200987458229065
    }
}