{
    "_horizontalLines": 19.0,
    "_verticalLines": 15.0,
    "_radius": 0.0062957582995295528,
    "_petalColour": {
        "r": 0.38730674982070925,
        "g": 0.06859397888183594,
        "b": 0.22227084636688233,
        "a": 1.0
    },
    "_cylinderVertexCount": 14.0,
    "_stemRadius": -0.003915070090442896,
    "_leafCount": 8.0,
    "_edgeRingCount": 61.0,
    "startPos": {
        "x": 0.0,
        "y": 0.0,
        "z": 0.0
    },
    "tangent1": {
        "x": 0.4579646587371826,
        "y": 0.8704139590263367,
        "z": -0.138172909617424
    },
    "tangent2": {
        "x": -0.00011295080184936523,
        "y": 0.9915927648544312,
        "z": 0.11015458405017853
    },
    "endPos": {
        "x": -0.3434159457683563,
        "y": 4.0,
        "z": 0.8386460542678833
    }
}