{
    "_horizontalLines": 16.0,
    "_verticalLines": 15.0,
    "_radius": 0.12558043003082276,
    "_petalColour": {
        "r": 0.7606035470962524,
        "g": 0.5160053372383118,
        "b": 0.8461105823516846,
        "a": 1.0
    },
    "_cylinderVertexCount": 12.0,
    "_stemRadius": 0.10433322191238404,
    "_leafCount": 8.0,
    "_edgeRingCount": 18.0,
    "startPos": {
        "x": 0.0,
        "y": 0.0,
        "z": 0.0
    },
    "tangent1": {
        "x": 0.253326416015625,
        "y": 1.8084783554077149,
        "z": -0.2361641377210617
    },
    "tangent2": {
        "x": 0.5103343725204468,
        "y": 2.057090997695923,
        "z": -0.4171801507472992
    },
    "endPos": {
        "x": 0.7287455201148987,
        "y": 4.0,
        "z": 0.3534195125102997
    }
}