{
    "_horizontalLines": 17.0,
    "_verticalLines": 17.0,
    "_radius": 0.0898391455411911,
    "_petalColour": {
        "r": 0.48829370737075808,
        "g": 0.5713843703269959,
        "b": 0.24405431747436524,
        "a": 1.0
    },
    "_cylinderVertexCount": 9.0,
    "_stemRadius": 0.07595666497945786,
    "_leafCount": 8.0,
    "_edgeRingCount": 12.0,
    "startPos": {
        "x": 0.0,
        "y": 0.0,
        "z": 0.0
    },
    "tangent1": {
        "x": 0.27137288451194765,
        "y": 1.7900234460830689,
        "z": -0.47178640961647036
    },
    "tangent2": {
        "x": 0.6288121342658997,
        "y": 2.783263921737671,
        "z": -0.8056061863899231
    },
    "endPos": {
        "x": 0.3029513657093048,
        "y": 4.0,
        "z": -0.016048729419708253
    }
}