{
    "_horizontalLines": 19.0,
    "_verticalLines": 15.0,
    "_radius": 0.11477826535701752,
    "_petalColour": {
        "r": 0.8713033199310303,
        "g": 0.7895911931991577,
        "b": 0.9970020055770874,
        "a": 1.0
    },
    "_cylinderVertexCount": 12.0,
    "_stemRadius": 0.06574813276529312,
    "_leafCount": 8.0,
    "_edgeRingCount": 31.0,
    "startPos": {
        "x": 0.0,
        "y": 0.0,
        "z": 0.0
    },
    "tangent1": {
        "x": 0.06899528205394745,
        "y": 1.3480257987976075,
        "z": 0.3226412534713745
    },
    "tangent2": {
        "x": 0.3363115191459656,
        "y": 2.698483943939209,
        "z": 0.12199346721172333
    },
    "endPos": {
        "x": 0.10337178409099579,
        "y": 6.159219741821289,
        "z": -0.6960177421569824
    }
}