{
    "_horizontalLines": 16.0,
    "_verticalLines": 16.0,
    "_radius": 0.06353947520256043,
    "_petalColour": {
        "r": 0.8316917419433594,
        "g": 0.5600897669792175,
        "b": 0.9096006155014038,
        "a": 1.0
    },
    "_cylinderVertexCount": 9.0,
    "_stemRadius": 0.06141723692417145,
    "_leafCount": 8.0,
    "_edgeRingCount": 33.0,
    "startPos": {
        "x": 0.0,
        "y": 0.0,
        "z": 0.0
    },
    "tangent1": {
        "x": -0.2747441232204437,
        "y": 0.0659305602312088,
        "z": -0.37740230560302737
    },
    "tangent2": {
        "x": -0.3328217566013336,
        "y": 0.984549880027771,
        "z": -0.8704225420951843
    },
    "endPos": {
        "x": -0.16068322956562043,
        "y": 4.0,
        "z": -0.05912768840789795
    }
}