{
    "_horizontalLines": 17.0,
    "_verticalLines": 16.0,
    "_radius": 0.07782331109046936,
    "_petalColour": {
        "r": 0.9315057992935181,
        "g": 0.2517227530479431,
        "b": 0.562066376209259,
        "a": 1.0
    },
    "_cylinderVertexCount": 6.0,
    "_stemRadius": 0.036005742847919467,
    "_leafCount": 8.0,
    "_edgeRingCount": 24.0,
    "startPos": {
        "x": 0.0,
        "y": 0.0,
        "z": 0.0
    },
    "tangent1": {
        "x": -0.4150782525539398,
        "y": 1.4241164922714234,
        "z": -0.4402197003364563
    },
    "tangent2": {
        "x": 0.031644731760025027,
        "y": 1.8066306114196778,
        "z": -0.18520253896713258
    },
    "endPos": {
        "x": -0.0813898891210556,
        "y": 4.0,
        "z": 0.6523770093917847
    }
}