{
    "_horizontalLines": 19.0,
    "_verticalLines": 15.0,
    "_radius": 0.14018845558166505,
    "_petalColour": {
        "r": 0.2540002465248108,
        "g": 0.6273170709609985,
        "b": 0.9967789649963379,
        "a": 1.0
    },
    "_cylinderVertexCount": 12.0,
    "_stemRadius": 0.09682677686214447,
    "_leafCount": 8.0,
    "_edgeRingCount": 42.0,
    "startPos": {
        "x": 0.0,
        "y": 0.0,
        "z": 0.0
    },
    "tangent1": {
        "x": 0.06907244026660919,
        "y": 1.8225479125976563,
        "z": 0.2768296003341675
    },
    "tangent2": {
        "x": 0.5184194445610046,
        "y": 3.7219817638397219,
        "z": 0.1484798640012741
    },
    "endPos": {
        "x": -0.3377969264984131,
        "y": 5.391219139099121,
        "z": 0.054848380386829379
    }
}