{
    "_horizontalLines": 17.0,
    "_verticalLines": 17.0,
    "_radius": 0.03430422022938728,
    "_petalColour": {
        "r": 0.857345461845398,
        "g": 0.6323186159133911,
        "b": 0.7379269599914551,
        "a": 1.0
    },
    "_cylinderVertexCount": 8.0,
    "_stemRadius": 0.027564384043216707,
    "_leafCount": 8.0,
    "_edgeRingCount": 45.0,
    "startPos": {
        "x": 0.0,
        "y": 0.0,
        "z": 0.0
    },
    "tangent1": {
        "x": 0.48911523818969729,
        "y": 0.4418953061103821,
        "z": 0.07371540367603302
    },
    "tangent2": {
        "x": 0.0607246458530426,
        "y": 0.929822564125061,
        "z": 0.45077091455459597
    },
    "endPos": {
        "x": 0.2123948484659195,
        "y": 4.0,
        "z": 0.914549708366394
    }
}