{
    "_horizontalLines": 17.0,
    "_verticalLines": 15.0,
    "_radius": 0.10588791221380234,
    "_petalColour": {
        "r": 0.23059964179992677,
        "g": 0.8177089691162109,
        "b": 0.43406468629837038,
        "a": 1.0
    },
    "_cylinderVertexCount": 11.0,
    "_stemRadius": 0.06266935914754868,
    "_leafCount": 8.0,
    "_edgeRingCount": 23.0,
    "startPos": {
        "x": 0.0,
        "y": 0.0,
        "z": 0.0
    },
    "tangent1": {
        "x": 0.21056565642356873,
        "y": 1.3197025060653687,
        "z": -0.1898302584886551
    },
    "tangent2": {
        "x": -0.03755246102809906,
        "y": 2.398374557495117,
        "z": -0.2517205774784088
    },
    "endPos": {
        "x": -0.06866182386875153,
        "y": 4.0,
        "z": -0.6604458093643189
    }
}