{
    "_horizontalLines": 15.0,
    "_verticalLines": 19.0,
    "_radius": 0.11681734770536423,
    "_petalColour": {
        "r": 0.03533530235290527,
        "g": 0.30263811349868777,
        "b": 0.8887892961502075,
        "a": 1.0
    },
    "_cylinderVertexCount": 13.0,
    "_stemRadius": 0.07080977410078049,
    "_leafCount": 8.0,
    "_edgeRingCount": 20.0,
    "startPos": {
        "x": 0.0,
        "y": 0.0,
        "z": 0.0
    },
    "tangent1": {
        "x": 0.4635886251926422,
        "y": 1.865814208984375,
        "z": -0.3440498411655426
    },
    "tangent2": {
        "x": -0.01057213544845581,
        "y": 3.015756607055664,
        "z": -0.18259994685649873
    },
    "endPos": {
        "x": 0.19494609534740449,
        "y": 4.0,
        "z": -0.49104398488998415
    }
}