{
    "_horizontalLines": 15.0,
    "_verticalLines": 17.0,
    "_radius": 0.1210903525352478,
    "_petalColour": {
        "r": 0.11425662040710449,
        "g": 0.6435955762863159,
        "b": 0.6418101787567139,
        "a": 1.0
    },
    "_cylinderVertexCount": 6.0,
    "_stemRadius": 0.08634505420923233,
    "_leafCount": 8.0,
    "_edgeRingCount": 14.0,
    "startPos": {
        "x": 0.0,
        "y": 0.0,
        "z": 0.0
    },
    "tangent1": {
        "x": 0.48364266753196719,
        "y": 0.855892539024353,
        "z": -0.45087671279907229
    },
    "tangent2": {
        "x": 0.6990070343017578,
        "y": 1.1111366748809815,
        "z": -0.8982319831848145
    },
    "endPos": {
        "x": 0.6824750900268555,
        "y": 4.553683757781982,
        "z": -0.8717172145843506
    }
}