{
    "_horizontalLines": 15.0,
    "_verticalLines": 19.0,
    "_radius": 0.08241387456655503,
    "_petalColour": {
        "r": 0.6300022602081299,
        "g": 0.28294044733047488,
        "b": 0.8774572610855103,
        "a": 1.0
    },
    "_cylinderVertexCount": 6.0,
    "_stemRadius": 0.05161038786172867,
    "_leafCount": 8.0,
    "_edgeRingCount": 9.0,
    "startPos": {
        "x": 0.0,
        "y": 0.0,
        "z": 0.0
    },
    "tangent1": {
        "x": 0.2226148545742035,
        "y": 1.2416563034057618,
        "z": -0.09168796241283417
    },
    "tangent2": {
        "x": -0.27621862292289736,
        "y": 2.484084129333496,
        "z": 0.3253418207168579
    },
    "endPos": {
        "x": -0.7881343364715576,
        "y": 4.8794941902160648,
        "z": 0.1382492631673813
    }
}