{
    "_horizontalLines": 19.0,
    "_verticalLines": 17.0,
    "_radius": 0.14758014678955079,
    "_petalColour": {
        "r": 0.19157183170318604,
        "g": 0.8964217901229858,
        "b": 0.4782866835594177,
        "a": 1.0
    },
    "_cylinderVertexCount": 13.0,
    "_stemRadius": 0.10965089499950409,
    "_leafCount": 8.0,
    "_edgeRingCount": 59.0,
    "startPos": {
        "x": 0.0,
        "y": 0.0,
        "z": 0.0
    },
    "tangent1": {
        "x": 0.015409422107040882,
        "y": 1.8189929723739625,
        "z": 0.25567078590393069
    },
    "tangent2": {
        "x": 0.06986751407384873,
        "y": 2.566877603530884,
        "z": 0.09592790901660919
    },
    "endPos": {
        "x": 0.1257185935974121,
        "y": 4.0,
        "z": 0.9185237884521484
    }
}