{
    "_horizontalLines": 16.0,
    "_verticalLines": 16.0,
    "_radius": 0.09557390958070755,
    "_petalColour": {
        "r": 0.5734036564826965,
        "g": 0.07198667526245117,
        "b": 0.2518288493156433,
        "a": 1.0
    },
    "_cylinderVertexCount": 5.0,
    "_stemRadius": 0.06866081804037094,
    "_leafCount": 8.0,
    "_edgeRingCount": 29.0,
    "startPos": {
        "x": 0.0,
        "y": 0.0,
        "z": 0.0
    },
    "tangent1": {
        "x": 0.1124088317155838,
        "y": 1.789149284362793,
        "z": -0.38638925552368166
    },
    "tangent2": {
        "x": -0.020725727081298829,
        "y": 3.3233914375305177,
        "z": -0.21359217166900636
    },
    "endPos": {
        "x": 0.5768610239028931,
        "y": 4.0,
        "z": -0.45384681224823
    }
}