{
    "_horizontalLines": 18.0,
    "_verticalLines": 18.0,
    "_radius": 0.02743164449930191,
    "_petalColour": {
        "r": 0.9901005029678345,
        "g": 0.749431848526001,
        "b": 0.8110467195510864,
        "a": 1.0
    },
    "_cylinderVertexCount": 6.0,
    "_stemRadius": 0.027273673564195634,
    "_leafCount": 8.0,
    "_edgeRingCount": 32.0,
    "startPos": {
        "x": 0.0,
        "y": 0.0,
        "z": 0.0
    },
    "tangent1": {
        "x": 0.1646614968776703,
        "y": 1.1520217657089234,
        "z": -0.4123651385307312
    },
    "tangent2": {
        "x": 0.027426615357398988,
        "y": 1.5989937782287598,
        "z": -0.16928786039352418
    },
    "endPos": {
        "x": 0.7236948013305664,
        "y": 4.0,
        "z": -0.39675378799438479
    }
}