{
    "_horizontalLines": 18.0,
    "_verticalLines": 15.0,
    "_radius": 0.13054199516773225,
    "_petalColour": {
        "r": 0.11811947822570801,
        "g": 0.7765008211135864,
        "b": 0.22358739376068116,
        "a": 1.0
    },
    "_cylinderVertexCount": 10.0,
    "_stemRadius": 0.12429675459861756,
    "_leafCount": 8.0,
    "_edgeRingCount": 23.0,
    "startPos": {
        "x": 0.0,
        "y": 0.0,
        "z": 0.0
    },
    "tangent1": {
        "x": -0.36310502886772158,
        "y": 0.668012797832489,
        "z": 0.0811886340379715
    },
    "tangent2": {
        "x": -0.3854101002216339,
        "y": 1.017382025718689,
        "z": 0.18245959281921388
    },
    "endPos": {
        "x": -1.0706487894058228,
        "y": 4.0,
        "z": 0.5495153069496155
    }
}