{
    "_horizontalLines": 18.0,
    "_verticalLines": 19.0,
    "_radius": 0.07465709745883942,
    "_petalColour": {
        "r": 0.6552402973175049,
        "g": 0.03365516662597656,
        "b": 0.31385523080825808,
        "a": 1.0
    },
    "_cylinderVertexCount": 6.0,
    "_stemRadius": 0.05005642771720886,
    "_leafCount": 8.0,
    "_edgeRingCount": 20.0,
    "startPos": {
        "x": 0.0,
        "y": 0.0,
        "z": 0.0
    },
    "tangent1": {
        "x": 0.27057015895843508,
        "y": 0.9939517974853516,
        "z": -0.2256815880537033
    },
    "tangent2": {
        "x": 0.2209671288728714,
        "y": 2.5666356086730959,
        "z": 0.06937770545482636
    },
    "endPos": {
        "x": -0.48403871059417727,
        "y": 4.074775695800781,
        "z": -0.6102619767189026
    }
}