{
    "_horizontalLines": 16.0,
    "_verticalLines": 15.0,
    "_radius": 0.09764468669891358,
    "_petalColour": {
        "r": 0.5350052714347839,
        "g": 0.07265186309814453,
        "b": 0.8569716215133667,
        "a": 1.0
    },
    "_cylinderVertexCount": 8.0,
    "_stemRadius": 0.05946487560868263,
    "_leafCount": 8.0,
    "_edgeRingCount": 61.0,
    "startPos": {
        "x": 0.0,
        "y": 0.0,
        "z": 0.0
    },
    "tangent1": {
        "x": 0.1431313455104828,
        "y": 0.727668285369873,
        "z": 0.3344323933124542
    },
    "tangent2": {
        "x": 0.3047725558280945,
        "y": 1.9985308647155762,
        "z": -0.12576964497566224
    },
    "endPos": {
        "x": 0.4643269181251526,
        "y": 4.0,
        "z": -0.19924461841583253
    }
}