{
    "_horizontalLines": 15.0,
    "_verticalLines": 17.0,
    "_radius": 0.05285104364156723,
    "_petalColour": {
        "r": 0.4515543580055237,
        "g": 0.37759000062942507,
        "b": 0.9857162237167358,
        "a": 1.0
    },
    "_cylinderVertexCount": 11.0,
    "_stemRadius": 0.025682102888822557,
    "_leafCount": 8.0,
    "_edgeRingCount": 61.0,
    "startPos": {
        "x": 0.0,
        "y": 0.0,
        "z": 0.0
    },
    "tangent1": {
        "x": -0.26531219482421877,
        "y": 1.7089420557022095,
        "z": 0.4085679054260254
    },
    "tangent2": {
        "x": 0.16065120697021485,
        "y": 1.8297251462936402,
        "z": 0.606099009513855
    },
    "endPos": {
        "x": -0.49285876750946047,
        "y": 4.0,
        "z": 0.415698766708374
    }
}