{
    "_horizontalLines": 17.0,
    "_verticalLines": 18.0,
    "_radius": 0.09611886739730835,
    "_petalColour": {
        "r": 0.5907499194145203,
        "g": 0.8029394149780273,
        "b": 0.77281653881073,
        "a": 1.0
    },
    "_cylinderVertexCount": 10.0,
    "_stemRadius": 0.08195125311613083,
    "_leafCount": 8.0,
    "_edgeRingCount": 31.0,
    "startPos": {
        "x": 0.0,
        "y": 0.0,
        "z": 0.0
    },
    "tangent1": {
        "x": -0.4491356909275055,
        "y": 0.9501544833183289,
        "z": -0.1607554405927658
    },
    "tangent2": {
        "x": -0.9442756175994873,
        "y": 1.2208271026611329,
        "z": 0.1049099713563919
    },
    "endPos": {
        "x": -0.4128480553627014,
        "y": 4.0,
        "z": -0.7115954160690308
    }
}