{
    "_horizontalLines": 18.0,
    "_verticalLines": 19.0,
    "_radius": 0.07407860457897186,
    "_petalColour": {
        "r": 0.15611255168914796,
        "g": 0.6655126810073853,
        "b": 0.15821146965026856,
        "a": 1.0
    },
    "_cylinderVertexCount": 7.0,
    "_stemRadius": 0.061963558197021487,
    "_leafCount": 8.0,
    "_edgeRingCount": 25.0,
    "startPos": {
        "x": 0.0,
        "y": 0.0,
        "z": 0.0
    },
    "tangent1": {
        "x": -0.02081580087542534,
        "y": 0.22299079596996308,
        "z": -0.01369862537831068
    },
    "tangent2": {
        "x": 0.0223236083984375,
        "y": 0.5062652826309204,
        "z": -0.016817569732666017
    },
    "endPos": {
        "x": 0.8920708298683167,
        "y": 4.0,
        "z": -0.4379049837589264
    }
}