{
    "_horizontalLines": 18.0,
    "_verticalLines": 16.0,
    "_radius": 0.07240916788578034,
    "_petalColour": {
        "r": 0.8856104612350464,
        "g": 0.11674213409423828,
        "b": 0.09644854068756104,
        "a": 1.0
    },
    "_cylinderVertexCount": 10.0,
    "_stemRadius": 0.05130511522293091,
    "_leafCount": 8.0,
    "_edgeRingCount": 27.0,
    "startPos": {
        "x": 0.0,
        "y": 0.0,
        "z": 0.0
    },
    "tangent1": {
        "x": -0.3748418986797333,
        "y": 1.959726333618164,
        "z": -0.3235742747783661
    },
    "tangent2": {
        "x": -0.1208861768245697,
        "y": 3.4695982933044435,
        "z": -0.36920443177223208
    },
    "endPos": {
        "x": -0.4629497528076172,
        "y": 5.570379257202148,
        "z": -0.9816066026687622
    }
}