{
    "_horizontalLines": 16.0,
    "_verticalLines": 18.0,
    "_radius": 0.07111851871013642,
    "_petalColour": {
        "r": 0.9825601577758789,
        "g": 0.34182220697402956,
        "b": 0.9731249809265137,
        "a": 1.0
    },
    "_cylinderVertexCount": 11.0,
    "_stemRadius": 0.06884214282035828,
    "_leafCount": 8.0,
    "_edgeRingCount": 25.0,
    "startPos": {
        "x": 0.0,
        "y": 0.0,
        "z": 0.0
    },
    "tangent1": {
        "x": 0.37980708479881289,
        "y": 1.7036091089248658,
        "z": -0.3668879568576813
    },
    "tangent2": {
        "x": 0.760216236114502,
        "y": 2.8004941940307619,
        "z": -0.31327518820762637
    },
    "endPos": {
        "x": 0.1049991250038147,
        "y": 4.64530086517334,
        "z": -0.013458192348480225
    }
}