{
    "_horizontalLines": 19.0,
    "_verticalLines": 18.0,
    "_radius": 0.1081085354089737,
    "_petalColour": {
        "r": 0.6738529205322266,
        "g": 0.4973260760307312,
        "b": 0.8834673166275024,
        "a": 1.0
    },
    "_cylinderVertexCount": 14.0,
    "_stemRadius": 0.07930896431207657,
    "_leafCount": 8.0,
    "_edgeRingCount": 17.0,
    "startPos": {
        "x": 0.0,
        "y": 0.0,
        "z": 0.0
    },
    "tangent1": {
        "x": 0.005125808529555798,
        "y": 0.45401209592819216,
        "z": -0.23882298171520234
    },
    "tangent2": {
        "x": 0.04138946533203125,
        "y": 1.293325662612915,
        "z": -0.7265120148658752
    },
    "endPos": {
        "x": 0.10777416080236435,
        "y": 4.7586894035339359,
        "z": -0.8462343215942383
    }
}