{
    "_horizontalLines": 19.0,
    "_verticalLines": 19.0,
    "_radius": 0.11501376330852509,
    "_petalColour": {
        "r": 0.08954739570617676,
        "g": 0.9906789064407349,
        "b": 0.8352590799331665,
        "a": 1.0
    },
    "_cylinderVertexCount": 10.0,
    "_stemRadius": 0.08045472204685211,
    "_leafCount": 8.0,
    "_edgeRingCount": 55.0,
    "startPos": {
        "x": 0.0,
        "y": 0.0,
        "z": 0.0
    },
    "tangent1": {
        "x": -0.2628878653049469,
        "y": 1.4578857421875,
        "z": -0.3606323301792145
    },
    "tangent2": {
        "x": 0.16650009155273438,
        "y": 2.988536834716797,
        "z": -0.025387197732925416
    },
    "endPos": {
        "x": -0.2514720857143402,
        "y": 5.380285739898682,
        "z": -0.3018714189529419
    }
}