{
    "_horizontalLines": 19.0,
    "_verticalLines": 15.0,
    "_radius": -0.00012207729741930962,
    "_petalColour": {
        "r": 0.05433380603790283,
        "g": 0.29706770181655886,
        "b": 0.966938853263855,
        "a": 1.0
    },
    "_cylinderVertexCount": 12.0,
    "_stemRadius": -0.0029583475552499296,
    "_leafCount": 8.0,
    "_edgeRingCount": 49.0,
    "startPos": {
        "x": 0.0,
        "y": 0.0,
        "z": 0.0
    },
    "tangent1": {
        "x": 0.0785791426897049,
        "y": 0.31933194398880007,
        "z": -0.49174413084983828
    },
    "tangent2": {
        "x": 0.18901443481445313,
        "y": 1.5839006900787354,
        "z": -0.6599472165107727
    },
    "endPos": {
        "x": 0.6632313132286072,
        "y": 4.665808200836182,
        "z": -0.6221813559532166
    }
}