{
    "_horizontalLines": 19.0,
    "_verticalLines": 16.0,
    "_radius": 0.09852562099695206,
    "_petalColour": {
        "r": 0.6860684156417847,
        "g": 0.41564029455184939,
        "b": 0.8238687515258789,
        "a": 1.0
    },
    "_cylinderVertexCount": 5.0,
    "_stemRadius": 0.05457846075296402,
    "_leafCount": 8.0,
    "_edgeRingCount": 13.0,
    "startPos": {
        "x": 0.0,
        "y": 0.0,
        "z": 0.0
    },
    "tangent1": {
        "x": 0.21959790587425233,
        "y": 0.7262008786201477,
        "z": 0.4411270022392273
    },
    "tangent2": {
        "x": 0.6026495695114136,
        "y": 0.7985426187515259,
        "z": 0.37538886070251467
    },
    "endPos": {
        "x": 0.34908953309059145,
        "y": 4.0,
        "z": -0.28098779916763308
    }
}