{
    "_horizontalLines": 19.0,
    "_verticalLines": 16.0,
    "_radius": 0.11243793368339539,
    "_petalColour": {
        "r": 0.6487995386123657,
        "g": 0.6626633405685425,
        "b": 0.3468133807182312,
        "a": 1.0
    },
    "_cylinderVertexCount": 12.0,
    "_stemRadius": 0.06762433797121048,
    "_leafCount": 8.0,
    "_edgeRingCount": 36.0,
    "startPos": {
        "x": 0.0,
        "y": 0.0,
        "z": 0.0
    },
    "tangent1": {
        "x": 0.2622242867946625,
        "y": 1.8330799341201783,
        "z": 0.39005935192108157
    },
    "tangent2": {
        "x": -0.051033973693847659,
        "y": 3.2690227031707765,
        "z": -0.10799506306648255
    },
    "endPos": {
        "x": -0.7073346972465515,
        "y": 4.305598735809326,
        "z": -0.614295244216919
    }
}