{
    "_horizontalLines": 16.0,
    "_verticalLines": 19.0,
    "_radius": 0.03207546845078468,
    "_petalColour": {
        "r": 0.9075722694396973,
        "g": 0.19205868244171143,
        "b": 0.19039368629455567,
        "a": 1.0
    },
    "_cylinderVertexCount": 14.0,
    "_stemRadius": 0.03160052001476288,
    "_leafCount": 8.0,
    "_edgeRingCount": 56.0,
    "startPos": {
        "x": 0.0,
        "y": 0.0,
        "z": 0.0
    },
    "tangent1": {
        "x": 0.3685349225997925,
        "y": 1.1935676336288453,
        "z": -0.27971839904785159
    },
    "tangent2": {
        "x": 0.011598378419876099,
        "y": 2.8397583961486818,
        "z": -0.7513099908828735
    },
    "endPos": {
        "x": 0.4907696843147278,
        "y": 4.505512714385986,
        "z": -0.620074450969696
    }
}