{
    "_horizontalLines": 15.0,
    "_verticalLines": 19.0,
    "_radius": 0.09479455649852753,
    "_petalColour": {
        "r": 0.4613659977912903,
        "g": 0.1482478380203247,
        "b": 0.1376563310623169,
        "a": 1.0
    },
    "_cylinderVertexCount": 10.0,
    "_stemRadius": 0.06291181594133377,
    "_leafCount": 8.0,
    "_edgeRingCount": 34.0,
    "startPos": {
        "x": 0.0,
        "y": 0.0,
        "z": 0.0
    },
    "tangent1": {
        "x": -0.1719398945569992,
        "y": 0.04706935957074165,
        "z": -0.4884835183620453
    },
    "tangent2": {
        "x": -0.30460548400878909,
        "y": 1.4731290340423585,
        "z": -0.6355186700820923
    },
    "endPos": {
        "x": -0.04496672749519348,
        "y": 4.0,
        "z": -0.7911255955696106
    }
}