{
    "_horizontalLines": 15.0,
    "_verticalLines": 18.0,
    "_radius": 0.10429476201534271,
    "_petalColour": {
        "r": 0.14408302307128907,
        "g": 0.15418469905853272,
        "b": 0.06992363929748535,
        "a": 1.0
    },
    "_cylinderVertexCount": 8.0,
    "_stemRadius": 0.055505335330963138,
    "_leafCount": 8.0,
    "_edgeRingCount": 39.0,
    "startPos": {
        "x": 0.0,
        "y": 0.0,
        "z": 0.0
    },
    "tangent1": {
        "x": -0.4786786139011383,
        "y": 1.8994220495224,
        "z": -0.39135217666625979
    },
    "tangent2": {
        "x": -0.6168869733810425,
        "y": 2.132962465286255,
        "z": -0.6405608057975769
    },
    "endPos": {
        "x": -0.866253137588501,
        "y": 4.0,
        "z": -1.4694013595581055
    }
}