{
    "_horizontalLines": 19.0,
    "_verticalLines": 16.0,
    "_radius": 0.11852051317691803,
    "_petalColour": {
        "r": 0.16946113109588624,
        "g": 0.24757587909698487,
        "b": 0.8630341291427612,
        "a": 1.0
    },
    "_cylinderVertexCount": 12.0,
    "_stemRadius": 0.09270601719617844,
    "_leafCount": 8.0,
    "_edgeRingCount": 21.0,
    "startPos": {
        "x": 0.0,
        "y": 0.0,
        "z": 0.0
    },
    "tangent1": {
        "x": -0.24414901435375215,
        "y": 1.8975822925567628,
        "z": 0.12235493957996369
    },
    "tangent2": {
        "x": -0.6325905919075012,
        "y": 2.928819179534912,
        "z": 0.30666524171829226
    },
    "endPos": {
        "x": -0.19987916946411134,
        "y": 4.0,
        "z": 0.15580223500728608
    }
}