{
    "_horizontalLines": 19.0,
    "_verticalLines": 15.0,
    "_radius": 0.06827785819768906,
    "_petalColour": {
        "r": 0.7460935115814209,
        "g": 0.4728766083717346,
        "b": 0.23065543174743653,
        "a": 1.0
    },
    "_cylinderVertexCount": 11.0,
    "_stemRadius": 0.021428944543004037,
    "_leafCount": 8.0,
    "_edgeRingCount": 34.0,
    "startPos": {
        "x": 0.0,
        "y": 0.0,
        "z": 0.0
    },
    "tangent1": {
        "x": -0.01663370057940483,
        "y": 1.5214152336120606,
        "z": -0.4690636694431305
    },
    "tangent2": {
        "x": 0.03227529674768448,
        "y": 2.6711373329162599,
        "z": -0.22590723633766175
    },
    "endPos": {
        "x": -0.1448332965373993,
        "y": 5.663077354431152,
        "z": -0.49364107847213747
    }
}