{
    "_horizontalLines": 17.0,
    "_verticalLines": 15.0,
    "_radius": 0.04195711389183998,
    "_petalColour": {
        "r": 0.847162127494812,
        "g": 0.40723270177841189,
        "b": 0.823251485824585,
        "a": 1.0
    },
    "_cylinderVertexCount": 13.0,
    "_stemRadius": 0.015005888417363167,
    "_leafCount": 8.0,
    "_edgeRingCount": 19.0,
    "startPos": {
        "x": 0.0,
        "y": 0.0,
        "z": 0.0
    },
    "tangent1": {
        "x": 0.17758749425411225,
        "y": 0.7988494634628296,
        "z": 0.12388758361339569
    },
    "tangent2": {
        "x": -0.3121141791343689,
        "y": 2.581663131713867,
        "z": 0.5124291777610779
    },
    "endPos": {
        "x": 0.07188424468040467,
        "y": 4.825596332550049,
        "z": 1.3403260707855225
    }
}