{
    "_horizontalLines": 18.0,
    "_verticalLines": 16.0,
    "_radius": 0.07833751291036606,
    "_petalColour": {
        "r": 0.2639145255088806,
        "g": 0.051111698150634769,
        "b": 0.18268299102783204,
        "a": 1.0
    },
    "_cylinderVertexCount": 8.0,
    "_stemRadius": 0.033185914158821109,
    "_leafCount": 8.0,
    "_edgeRingCount": 54.0,
    "startPos": {
        "x": 0.0,
        "y": 0.0,
        "z": 0.0
    },
    "tangent1": {
        "x": -0.13620586693286897,
        "y": 0.5557689070701599,
        "z": 0.4758543074131012
    },
    "tangent2": {
        "x": 0.06198742985725403,
        "y": 1.4124470949172974,
        "z": 0.21838504076004029
    },
    "endPos": {
        "x": -0.31963813304901125,
        "y": 4.569481372833252,
        "z": -0.192567378282547
    }
}