{
    "_horizontalLines": 16.0,
    "_verticalLines": 17.0,
    "_radius": 0.06032392382621765,
    "_petalColour": {
        "r": 0.33415669202804568,
        "g": 0.8770588636398315,
        "b": 0.5486297011375427,
        "a": 1.0
    },
    "_cylinderVertexCount": 12.0,
    "_stemRadius": 0.028616484254598619,
    "_leafCount": 8.0,
    "_edgeRingCount": 49.0,
    "startPos": {
        "x": 0.0,
        "y": 0.0,
        "z": 0.0
    },
    "tangent1": {
        "x": -0.38795068860054018,
        "y": 1.4882129430770875,
        "z": -0.19442744553089143
    },
    "tangent2": {
        "x": 0.0429571270942688,
        "y": 3.2153098583221437,
        "z": -0.29373183846473696
    },
    "endPos": {
        "x": 0.30362460017204287,
        "y": 4.582741737365723,
        "z": 0.5688639879226685
    }
}