{
    "_horizontalLines": 16.0,
    "_verticalLines": 15.0,
    "_radius": 0.0764835923910141,
    "_petalColour": {
        "r": 0.9899544715881348,
        "g": 0.3122383952140808,
        "b": 0.8778547048568726,
        "a": 1.0
    },
    "_cylinderVertexCount": 9.0,
    "_stemRadius": 0.05775943398475647,
    "_leafCount": 8.0,
    "_edgeRingCount": 64.0,
    "startPos": {
        "x": 0.0,
        "y": 0.0,
        "z": 0.0
    },
    "tangent1": {
        "x": -0.40593987703323367,
        "y": 0.4518764615058899,
        "z": 0.22610986232757569
    },
    "tangent2": {
        "x": -0.5353603363037109,
        "y": 0.877541184425354,
        "z": 0.5960503816604614
    },
    "endPos": {
        "x": -0.9843050241470337,
        "y": 4.0,
        "z": 0.8802851438522339
    }
}