{
    "_horizontalLines": 18.0,
    "_verticalLines": 15.0,
    "_radius": 0.08842670917510987,
    "_petalColour": {
        "r": 0.6455804109573364,
        "g": 0.23466598987579347,
        "b": 0.6613850593566895,
        "a": 1.0
    },
    "_cylinderVertexCount": 12.0,
    "_stemRadius": 0.0785152018070221,
    "_leafCount": 8.0,
    "_edgeRingCount": 47.0,
    "startPos": {
        "x": 0.0,
        "y": 0.0,
        "z": 0.0
    },
    "tangent1": {
        "x": -0.3860858976840973,
        "y": 1.5889334678649903,
        "z": 0.0746438056230545
    },
    "tangent2": {
        "x": -0.5091826319694519,
        "y": 1.6982080936431885,
        "z": 0.3626249432563782
    },
    "endPos": {
        "x": -0.966331958770752,
        "y": 4.0,
        "z": -0.017239302396774293
    }
}