{
    "_horizontalLines": 19.0,
    "_verticalLines": 16.0,
    "_radius": 0.12287621945142746,
    "_petalColour": {
        "r": 0.7143572568893433,
        "g": 0.4567415118217468,
        "b": 0.029265761375427247,
        "a": 1.0
    },
    "_cylinderVertexCount": 11.0,
    "_stemRadius": 0.10520631074905396,
    "_leafCount": 8.0,
    "_edgeRingCount": 28.0,
    "startPos": {
        "x": 0.0,
        "y": 0.0,
        "z": 0.0
    },
    "tangent1": {
        "x": 0.3382781744003296,
        "y": 1.311456322669983,
        "z": -0.4521995484828949
    },
    "tangent2": {
        "x": -0.07492142915725708,
        "y": 1.6981055736541749,
        "z": -0.4485987722873688
    },
    "endPos": {
        "x": -0.09518732875585556,
        "y": 4.0,
        "z": -1.058922529220581
    }
}