{
    "_horizontalLines": 15.0,
    "_verticalLines": 15.0,
    "_radius": 0.0979086384177208,
    "_petalColour": {
        "r": 0.15511882305145265,
        "g": 0.9484080076217651,
        "b": 0.1802983283996582,
        "a": 1.0
    },
    "_cylinderVertexCount": 6.0,
    "_stemRadius": 0.07619187980890274,
    "_leafCount": 8.0,
    "_edgeRingCount": 46.0,
    "startPos": {
        "x": 0.0,
        "y": 0.0,
        "z": 0.0
    },
    "tangent1": {
        "x": -0.13593287765979768,
        "y": 0.6290786862373352,
        "z": -0.42299899458885195
    },
    "tangent2": {
        "x": -0.5122137665748596,
        "y": 1.9986960887908936,
        "z": -0.48544302582740786
    },
    "endPos": {
        "x": -1.0889832973480225,
        "y": 4.699718475341797,
        "z": 0.315090149641037
    }
}