{
    "_horizontalLines": 19.0,
    "_verticalLines": 19.0,
    "_radius": 0.04623974859714508,
    "_petalColour": {
        "r": 0.78755784034729,
        "g": 0.7830774784088135,
        "b": 0.6119748950004578,
        "a": 1.0
    },
    "_cylinderVertexCount": 10.0,
    "_stemRadius": 0.04467574134469032,
    "_leafCount": 8.0,
    "_edgeRingCount": 6.0,
    "startPos": {
        "x": 0.0,
        "y": 0.0,
        "z": 0.0
    },
    "tangent1": {
        "x": -0.2838367521762848,
        "y": 0.4765346646308899,
        "z": 0.26866602897644045
    },
    "tangent2": {
        "x": -0.43891727924346926,
        "y": 0.831393837928772,
        "z": 0.6635231971740723
    },
    "endPos": {
        "x": 0.30834847688674929,
        "y": 4.0,
        "z": 1.1805212497711182
    }
}