{
    "_horizontalLines": 17.0,
    "_verticalLines": 18.0,
    "_radius": 0.04012935236096382,
    "_petalColour": {
        "r": 0.2395784854888916,
        "g": 0.23390793800354005,
        "b": 0.5478845238685608,
        "a": 1.0
    },
    "_cylinderVertexCount": 7.0,
    "_stemRadius": 0.038122158497571948,
    "_leafCount": 8.0,
    "_edgeRingCount": 16.0,
    "startPos": {
        "x": 0.0,
        "y": 0.0,
        "z": 0.0
    },
    "tangent1": {
        "x": -0.12107209861278534,
        "y": 0.19530315697193147,
        "z": -0.40302830934524538
    },
    "tangent2": {
        "x": -0.5157370567321777,
        "y": 2.052567720413208,
        "z": -0.30051326751708987
    },
    "endPos": {
        "x": 0.0879291296005249,
        "y": 4.0,
        "z": -0.29833313822746279
    }
}