{
    "_horizontalLines": 15.0,
    "_verticalLines": 19.0,
    "_radius": 0.07934718579053879,
    "_petalColour": {
        "r": 0.7664060592651367,
        "g": 0.9064967632293701,
        "b": 0.8212906122207642,
        "a": 1.0
    },
    "_cylinderVertexCount": 12.0,
    "_stemRadius": 0.03446487709879875,
    "_leafCount": 8.0,
    "_edgeRingCount": 17.0,
    "startPos": {
        "x": 0.0,
        "y": 0.0,
        "z": 0.0
    },
    "tangent1": {
        "x": 0.42255282402038576,
        "y": 1.4244418144226075,
        "z": 0.03171949461102486
    },
    "tangent2": {
        "x": 0.5602917671203613,
        "y": 3.3085265159606935,
        "z": -0.08824315667152405
    },
    "endPos": {
        "x": 0.8411853313446045,
        "y": 4.572672367095947,
        "z": -0.46088486909866335
    }
}