{
    "_horizontalLines": 16.0,
    "_verticalLines": 17.0,
    "_radius": 0.0684768408536911,
    "_petalColour": {
        "r": 0.13834083080291749,
        "g": 0.7418209314346314,
        "b": 0.9124809503555298,
        "a": 1.0
    },
    "_cylinderVertexCount": 9.0,
    "_stemRadius": 0.058640532195568088,
    "_leafCount": 8.0,
    "_edgeRingCount": 37.0,
    "startPos": {
        "x": 0.0,
        "y": 0.0,
        "z": 0.0
    },
    "tangent1": {
        "x": 0.025574255734682084,
        "y": 1.18402099609375,
        "z": -0.24326734244823457
    },
    "tangent2": {
        "x": -0.033715009689331058,
        "y": 1.384052038192749,
        "z": 0.17496232688426972
    },
    "endPos": {
        "x": 0.4778481125831604,
        "y": 4.0,
        "z": -0.3387333154678345
    }
}