{
    "_horizontalLines": 18.0,
    "_verticalLines": 15.0,
    "_radius": 0.06083765998482704,
    "_petalColour": {
        "r": 0.05603182315826416,
        "g": 0.9447154998779297,
        "b": 0.2686898112297058,
        "a": 1.0
    },
    "_cylinderVertexCount": 14.0,
    "_stemRadius": 0.05863548815250397,
    "_leafCount": 8.0,
    "_edgeRingCount": 28.0,
    "startPos": {
        "x": 0.0,
        "y": 0.0,
        "z": 0.0
    },
    "tangent1": {
        "x": -0.10071082413196564,
        "y": 1.648668646812439,
        "z": -0.08445973694324494
    },
    "tangent2": {
        "x": 0.14506782591342927,
        "y": 2.83195161819458,
        "z": -0.4647454023361206
    },
    "endPos": {
        "x": 0.03844147175550461,
        "y": 5.739910125732422,
        "z": -0.36177942156791689
    }
}