{
    "_horizontalLines": 17.0,
    "_verticalLines": 17.0,
    "_radius": 0.07616990059614182,
    "_petalColour": {
        "r": 0.2645784020423889,
        "g": 0.9458613395690918,
        "b": 0.9090268611907959,
        "a": 1.0
    },
    "_cylinderVertexCount": 10.0,
    "_stemRadius": 0.06438746303319931,
    "_leafCount": 8.0,
    "_edgeRingCount": 50.0,
    "startPos": {
        "x": 0.0,
        "y": 0.0,
        "z": 0.0
    },
    "tangent1": {
        "x": -0.340789794921875,
        "y": 1.0163774490356446,
        "z": 0.32242822647094729
    },
    "tangent2": {
        "x": -0.0607457160949707,
        "y": 2.509838581085205,
        "z": 0.08973212540149689
    },
    "endPos": {
        "x": 0.7343924641609192,
        "y": 5.976809501647949,
        "z": -0.48434847593307497
    }
}