{
    "_horizontalLines": 15.0,
    "_verticalLines": 15.0,
    "_radius": 0.04057726263999939,
    "_petalColour": {
        "r": 0.36448270082473757,
        "g": 0.41456812620162966,
        "b": 0.8464409112930298,
        "a": 1.0
    },
    "_cylinderVertexCount": 6.0,
    "_stemRadius": -0.0029901168309152128,
    "_leafCount": 8.0,
    "_edgeRingCount": 52.0,
    "startPos": {
        "x": 0.0,
        "y": 0.0,
        "z": 0.0
    },
    "tangent1": {
        "x": -0.37118223309516909,
        "y": 1.4666656255722047,
        "z": 0.030529547482728959
    },
    "tangent2": {
        "x": -0.5456249713897705,
        "y": 1.968736171722412,
        "z": 0.14743590354919434
    },
    "endPos": {
        "x": -1.1916286945343018,
        "y": 4.0,
        "z": 0.9738994240760803
    }
}