{
    "_horizontalLines": 19.0,
    "_verticalLines": 15.0,
    "_radius": 0.08635012805461884,
    "_petalColour": {
        "r": 0.9908839464187622,
        "g": 0.4692232012748718,
        "b": 0.08350777626037598,
        "a": 1.0
    },
    "_cylinderVertexCount": 9.0,
    "_stemRadius": 0.040708135813474658,
    "_leafCount": 8.0,
    "_edgeRingCount": 25.0,
    "startPos": {
        "x": 0.0,
        "y": 0.0,
        "z": 0.0
    },
    "tangent1": {
        "x": 0.06247444078326225,
        "y": 0.6428727507591248,
        "z": 0.028371620923280717
    },
    "tangent2": {
        "x": 0.029387854039669038,
        "y": 1.635167121887207,
        "z": -0.02739538997411728
    },
    "endPos": {
        "x": 0.5398467779159546,
        "y": 4.550868988037109,
        "z": 0.4622419774532318
    }
}