{
    "_horizontalLines": 15.0,
    "_verticalLines": 17.0,
    "_radius": 0.07640409469604492,
    "_petalColour": {
        "r": 0.8535254001617432,
        "g": 0.979305624961853,
        "b": 0.5872136950492859,
        "a": 1.0
    },
    "_cylinderVertexCount": 10.0,
    "_stemRadius": 0.06231210380792618,
    "_leafCount": 8.0,
    "_edgeRingCount": 54.0,
    "startPos": {
        "x": 0.0,
        "y": 0.0,
        "z": 0.0
    },
    "tangent1": {
        "x": -0.15589113533496858,
        "y": 1.6848430633544922,
        "z": -0.028053950518369676
    },
    "tangent2": {
        "x": 0.09015454351902008,
        "y": 2.027146577835083,
        "z": -0.17640924453735352
    },
    "endPos": {
        "x": 0.5735471844673157,
        "y": 4.216522216796875,
        "z": 0.47098708152770998
    }
}