{
    "_horizontalLines": 17.0,
    "_verticalLines": 17.0,
    "_radius": 0.16094395518302918,
    "_petalColour": {
        "r": 0.15354514122009278,
        "g": 0.3636382222175598,
        "b": 0.24116015434265138,
        "a": 1.0
    },
    "_cylinderVertexCount": 7.0,
    "_stemRadius": 0.11400630325078964,
    "_leafCount": 8.0,
    "_edgeRingCount": 30.0,
    "startPos": {
        "x": 0.0,
        "y": 0.0,
        "z": 0.0
    },
    "tangent1": {
        "x": 0.29570090770721438,
        "y": 0.5932459831237793,
        "z": -0.3026371896266937
    },
    "tangent2": {
        "x": 0.14275400340557099,
        "y": 2.32352352142334,
        "z": -0.6055487394332886
    },
    "endPos": {
        "x": 0.048700280487537387,
        "y": 4.0,
        "z": -0.23067471385002137
    }
}