{
    "_horizontalLines": 18.0,
    "_verticalLines": 15.0,
    "_radius": 0.08479339629411698,
    "_petalColour": {
        "r": 0.11256253719329834,
        "g": 0.4010627865791321,
        "b": 0.2547251582145691,
        "a": 1.0
    },
    "_cylinderVertexCount": 5.0,
    "_stemRadius": 0.08193866908550263,
    "_leafCount": 8.0,
    "_edgeRingCount": 60.0,
    "startPos": {
        "x": 0.0,
        "y": 0.0,
        "z": 0.0
    },
    "tangent1": {
        "x": 0.18803128600120545,
        "y": 0.608512818813324,
        "z": 0.44414615631103518
    },
    "tangent2": {
        "x": 0.441252201795578,
        "y": 2.4803125858306886,
        "z": 0.20947547256946565
    },
    "endPos": {
        "x": 0.2729060649871826,
        "y": 4.0,
        "z": 0.6313859820365906
    }
}