{
    "_horizontalLines": 17.0,
    "_verticalLines": 16.0,
    "_radius": 0.09801960736513138,
    "_petalColour": {
        "r": 0.5395457148551941,
        "g": 0.7890284061431885,
        "b": 0.24394333362579347,
        "a": 1.0
    },
    "_cylinderVertexCount": 9.0,
    "_stemRadius": 0.0603456012904644,
    "_leafCount": 8.0,
    "_edgeRingCount": 11.0,
    "startPos": {
        "x": 0.0,
        "y": 0.0,
        "z": 0.0
    },
    "tangent1": {
        "x": 0.15184949338436128,
        "y": 0.2831689715385437,
        "z": -0.17002363502979279
    },
    "tangent2": {
        "x": 0.17318576574325562,
        "y": 0.4080467224121094,
        "z": -0.6312339901924133
    },
    "endPos": {
        "x": 0.7183415293693543,
        "y": 4.0,
        "z": 0.01006925106048584
    }
}