{
    "_horizontalLines": 17.0,
    "_verticalLines": 17.0,
    "_radius": 0.07450224459171295,
    "_petalColour": {
        "r": 0.5655990242958069,
        "g": 0.2093372344970703,
        "b": 0.5580505728721619,
        "a": 1.0
    },
    "_cylinderVertexCount": 5.0,
    "_stemRadius": 0.030963273718953134,
    "_leafCount": 8.0,
    "_edgeRingCount": 36.0,
    "startPos": {
        "x": 0.0,
        "y": 0.0,
        "z": 0.0
    },
    "tangent1": {
        "x": -0.03650670126080513,
        "y": 0.23149414360523225,
        "z": -0.3460783064365387
    },
    "tangent2": {
        "x": -0.29178816080093386,
        "y": 0.5221132040023804,
        "z": -0.4585613012313843
    },
    "endPos": {
        "x": 0.49590176343917849,
        "y": 4.0,
        "z": -0.9139564037322998
    }
}