{
    "_horizontalLines": 18.0,
    "_verticalLines": 19.0,
    "_radius": 0.04347383230924606,
    "_petalColour": {
        "r": 0.36506444215774538,
        "g": 0.8586372137069702,
        "b": 0.31259745359420779,
        "a": 1.0
    },
    "_cylinderVertexCount": 8.0,
    "_stemRadius": 0.011972682550549508,
    "_leafCount": 8.0,
    "_edgeRingCount": 63.0,
    "startPos": {
        "x": 0.0,
        "y": 0.0,
        "z": 0.0
    },
    "tangent1": {
        "x": 0.23838353157043458,
        "y": 1.3472756147384644,
        "z": 0.2768666744232178
    },
    "tangent2": {
        "x": -0.2339951992034912,
        "y": 2.893984317779541,
        "z": -0.054436177015304568
    },
    "endPos": {
        "x": 0.2643137276172638,
        "y": 4.0,
        "z": -0.7926509380340576
    }
}