{
    "_horizontalLines": 19.0,
    "_verticalLines": 15.0,
    "_radius": 0.12519380450248719,
    "_petalColour": {
        "r": 0.9874982833862305,
        "g": 0.3622344136238098,
        "b": 0.37954896688461306,
        "a": 1.0
    },
    "_cylinderVertexCount": 12.0,
    "_stemRadius": 0.10694126039743424,
    "_leafCount": 8.0,
    "_edgeRingCount": 10.0,
    "startPos": {
        "x": 0.0,
        "y": 0.0,
        "z": 0.0
    },
    "tangent1": {
        "x": 0.11380882561206818,
        "y": 1.4400291442871094,
        "z": 0.27159127593040469
    },
    "tangent2": {
        "x": -0.2999545931816101,
        "y": 2.942964553833008,
        "z": 0.024622246623039247
    },
    "endPos": {
        "x": -0.5080865025520325,
        "y": 5.600558757781982,
        "z": -0.38481605052948
    }
}