{
    "_horizontalLines": 18.0,
    "_verticalLines": 17.0,
    "_radius": 0.10564352571964264,
    "_petalColour": {
        "r": 0.23708021640777589,
        "g": 0.48960286378860476,
        "b": 0.943454384803772,
        "a": 1.0
    },
    "_cylinderVertexCount": 9.0,
    "_stemRadius": 0.08991380780935288,
    "_leafCount": 8.0,
    "_edgeRingCount": 6.0,
    "startPos": {
        "x": 0.0,
        "y": 0.0,
        "z": 0.0
    },
    "tangent1": {
        "x": -0.2911665439605713,
        "y": 0.7658798098564148,
        "z": -0.16151241958141328
    },
    "tangent2": {
        "x": -0.7334169149398804,
        "y": 2.139387369155884,
        "z": -0.5675922632217407
    },
    "endPos": {
        "x": -0.6501436233520508,
        "y": 4.463397979736328,
        "z": -0.18126124143600465
    }
}