{
    "_horizontalLines": 16.0,
    "_verticalLines": 15.0,
    "_radius": 0.0681522935628891,
    "_petalColour": {
        "r": 0.3178167939186096,
        "g": 0.9000018835067749,
        "b": 0.23126459121704102,
        "a": 1.0
    },
    "_cylinderVertexCount": 9.0,
    "_stemRadius": 0.03629612550139427,
    "_leafCount": 8.0,
    "_edgeRingCount": 6.0,
    "startPos": {
        "x": 0.0,
        "y": 0.0,
        "z": 0.0
    },
    "tangent1": {
        "x": 0.11152581870555878,
        "y": 0.04382782056927681,
        "z": -0.3828140199184418
    },
    "tangent2": {
        "x": 0.04013848304748535,
        "y": 0.11360359191894531,
        "z": -0.4030820429325104
    },
    "endPos": {
        "x": 0.5116112232208252,
        "y": 4.0,
        "z": -1.2473660707473755
    }
}