{
    "_horizontalLines": 15.0,
    "_verticalLines": 17.0,
    "_radius": 0.06956647336483002,
    "_petalColour": {
        "r": 0.708615779876709,
        "g": 0.05704295635223389,
        "b": 0.23955488204956056,
        "a": 1.0
    },
    "_cylinderVertexCount": 10.0,
    "_stemRadius": 0.020850349217653276,
    "_leafCount": 8.0,
    "_edgeRingCount": 34.0,
    "startPos": {
        "x": 0.0,
        "y": 0.0,
        "z": 0.0
    },
    "tangent1": {
        "x": -0.26566076278686526,
        "y": 0.004245948977768421,
        "z": -0.2016456574201584
    },
    "tangent2": {
        "x": -0.1628447026014328,
        "y": 1.7679449319839478,
        "z": 0.14002569019794465
    },
    "endPos": {
        "x": -0.04800361394882202,
        "y": 5.172687530517578,
        "z": 0.1414671391248703
    }
}