{
    "_horizontalLines": 17.0,
    "_verticalLines": 16.0,
    "_radius": 0.1268240511417389,
    "_petalColour": {
        "r": 0.4863097071647644,
        "g": 0.2417527437210083,
        "b": 0.14046502113342286,
        "a": 1.0
    },
    "_cylinderVertexCount": 6.0,
    "_stemRadius": 0.08598465472459793,
    "_leafCount": 8.0,
    "_edgeRingCount": 23.0,
    "startPos": {
        "x": 0.0,
        "y": 0.0,
        "z": 0.0
    },
    "tangent1": {
        "x": -0.46675682067871096,
        "y": 0.7920870780944824,
        "z": -0.20081563293933869
    },
    "tangent2": {
        "x": -0.5944257378578186,
        "y": 2.4832911491394045,
        "z": -0.013141974806785584
    },
    "endPos": {
        "x": -0.6987113952636719,
        "y": 4.0,
        "z": 0.170585036277771
    }
}