{
    "_horizontalLines": 15.0,
    "_verticalLines": 18.0,
    "_radius": 0.11073341220617295,
    "_petalColour": {
        "r": 0.43274301290512087,
        "g": 0.9221092462539673,
        "b": 0.41962891817092898,
        "a": 1.0
    },
    "_cylinderVertexCount": 9.0,
    "_stemRadius": 0.06399273127317429,
    "_leafCount": 8.0,
    "_edgeRingCount": 8.0,
    "startPos": {
        "x": 0.0,
        "y": 0.0,
        "z": 0.0
    },
    "tangent1": {
        "x": -0.1816525012254715,
        "y": 0.6113227605819702,
        "z": 0.1465972661972046
    },
    "tangent2": {
        "x": -0.17047929763793946,
        "y": 0.9095388054847717,
        "z": 0.08319433033466339
    },
    "endPos": {
        "x": -0.43026629090309145,
        "y": 4.0,
        "z": -0.4549887180328369
    }
}