{
    "_horizontalLines": 17.0,
    "_verticalLines": 17.0,
    "_radius": 0.1336359977722168,
    "_petalColour": {
        "r": 0.3064836859703064,
        "g": 0.9137911796569824,
        "b": 0.5560073256492615,
        "a": 1.0
    },
    "_cylinderVertexCount": 6.0,
    "_stemRadius": 0.0962214320898056,
    "_leafCount": 8.0,
    "_edgeRingCount": 45.0,
    "startPos": {
        "x": 0.0,
        "y": 0.0,
        "z": 0.0
    },
    "tangent1": {
        "x": 0.27846789360046389,
        "y": 1.3078951835632325,
        "z": -0.24244551360607148
    },
    "tangent2": {
        "x": 0.499922513961792,
        "y": 3.136734962463379,
        "z": -0.14635729789733888
    },
    "endPos": {
        "x": 0.9095923900604248,
        "y": 4.0,
        "z": -0.0865679681301117
    }
}