{
    "_horizontalLines": 16.0,
    "_verticalLines": 17.0,
    "_radius": 0.01113888155668974,
    "_petalColour": {
        "r": 0.5973803400993347,
        "g": 0.4343476891517639,
        "b": 0.632538914680481,
        "a": 1.0
    },
    "_cylinderVertexCount": 13.0,
    "_stemRadius": 0.008266681805253029,
    "_leafCount": 8.0,
    "_edgeRingCount": 21.0,
    "startPos": {
        "x": 0.0,
        "y": 0.0,
        "z": 0.0
    },
    "tangent1": {
        "x": -0.018184375017881395,
        "y": 1.3594547510147095,
        "z": -0.3539346754550934
    },
    "tangent2": {
        "x": 0.3591507077217102,
        "y": 1.4154447317123414,
        "z": -0.1823139488697052
    },
    "endPos": {
        "x": 0.7953073978424072,
        "y": 4.0,
        "z": -0.20672756433486939
    }
}