{
    "_horizontalLines": 15.0,
    "_verticalLines": 16.0,
    "_radius": 0.12399694323539734,
    "_petalColour": {
        "r": 0.04061019420623779,
        "g": 0.8632204532623291,
        "b": 0.9156959056854248,
        "a": 1.0
    },
    "_cylinderVertexCount": 7.0,
    "_stemRadius": 0.09035488218069077,
    "_leafCount": 8.0,
    "_edgeRingCount": 15.0,
    "startPos": {
        "x": 0.0,
        "y": 0.0,
        "z": 0.0
    },
    "tangent1": {
        "x": -0.2171647995710373,
        "y": 0.9760112762451172,
        "z": 0.32900866866111758
    },
    "tangent2": {
        "x": 0.23010273277759553,
        "y": 1.9980617761611939,
        "z": 0.6467693448066711
    },
    "endPos": {
        "x": 0.018399715423583986,
        "y": 4.006394863128662,
        "z": 1.1072571277618409
    }
}