{
    "_horizontalLines": 15.0,
    "_verticalLines": 16.0,
    "_radius": 0.11626362800598145,
    "_petalColour": {
        "r": 0.30979353189468386,
        "g": 0.24879097938537599,
        "b": 0.7159756422042847,
        "a": 1.0
    },
    "_cylinderVertexCount": 13.0,
    "_stemRadius": 0.06796175241470337,
    "_leafCount": 8.0,
    "_edgeRingCount": 59.0,
    "startPos": {
        "x": 0.0,
        "y": 0.0,
        "z": 0.0
    },
    "tangent1": {
        "x": 0.30361756682395937,
        "y": 0.34495848417282107,
        "z": 0.036495257169008258
    },
    "tangent2": {
        "x": 0.43199795484542849,
        "y": 1.6002867221832276,
        "z": 0.4788314402103424
    },
    "endPos": {
        "x": -0.15400445461273194,
        "y": 4.0,
        "z": 1.3255138397216797
    }
}