{
    "_horizontalLines": 18.0,
    "_verticalLines": 19.0,
    "_radius": 0.08241394907236099,
    "_petalColour": {
        "r": 0.9978114366531372,
        "g": 0.7414981126785278,
        "b": 0.7754038572311401,
        "a": 1.0
    },
    "_cylinderVertexCount": 5.0,
    "_stemRadius": 0.052429117262363437,
    "_leafCount": 8.0,
    "_edgeRingCount": 14.0,
    "startPos": {
        "x": 0.0,
        "y": 0.0,
        "z": 0.0
    },
    "tangent1": {
        "x": 0.17346332967281342,
        "y": 1.148912787437439,
        "z": 0.4590616226196289
    },
    "tangent2": {
        "x": 0.21882838010787965,
        "y": 1.2799030542373658,
        "z": 0.4808533787727356
    },
    "endPos": {
        "x": 0.86510169506073,
        "y": 4.0,
        "z": 1.0619001388549805
    }
}