{
    "_horizontalLines": 19.0,
    "_verticalLines": 17.0,
    "_radius": 0.021690931171178819,
    "_petalColour": {
        "r": 0.09952771663665772,
        "g": 0.66621994972229,
        "b": 0.12603294849395753,
        "a": 1.0
    },
    "_cylinderVertexCount": 6.0,
    "_stemRadius": 0.004661808256059885,
    "_leafCount": 8.0,
    "_edgeRingCount": 27.0,
    "startPos": {
        "x": 0.0,
        "y": 0.0,
        "z": 0.0
    },
    "tangent1": {
        "x": -0.42020806670188906,
        "y": 0.29581087827682497,
        "z": -0.49965810775756838
    },
    "tangent2": {
        "x": -0.37770047783851626,
        "y": 1.1360753774642945,
        "z": -0.43425875902175906
    },
    "endPos": {
        "x": -1.2094618082046509,
        "y": 4.0,
        "z": -0.03480452299118042
    }
}