{
    "_horizontalLines": 19.0,
    "_verticalLines": 15.0,
    "_radius": 0.14204297959804536,
    "_petalColour": {
        "r": 0.8996015787124634,
        "g": 0.4412152171134949,
        "b": 0.12602293491363526,
        "a": 1.0
    },
    "_cylinderVertexCount": 13.0,
    "_stemRadius": 0.11980073899030686,
    "_leafCount": 8.0,
    "_edgeRingCount": 5.0,
    "startPos": {
        "x": 0.0,
        "y": 0.0,
        "z": 0.0
    },
    "tangent1": {
        "x": -0.07793335616588593,
        "y": 0.5240315794944763,
        "z": 0.4069744050502777
    },
    "tangent2": {
        "x": -0.09140357375144959,
        "y": 2.3512959480285646,
        "z": 0.30730539560317995
    },
    "endPos": {
        "x": 0.36039289832115176,
        "y": 5.473450183868408,
        "z": 0.18815664947032929
    }
}