{
    "_horizontalLines": 15.0,
    "_verticalLines": 17.0,
    "_radius": 0.09014958888292313,
    "_petalColour": {
        "r": 0.1424093246459961,
        "g": 0.41833800077438357,
        "b": 0.11677885055541992,
        "a": 1.0
    },
    "_cylinderVertexCount": 14.0,
    "_stemRadius": 0.046861596405506137,
    "_leafCount": 8.0,
    "_edgeRingCount": 17.0,
    "startPos": {
        "x": 0.0,
        "y": 0.0,
        "z": 0.0
    },
    "tangent1": {
        "x": -0.17145757377147675,
        "y": 0.2660905718803406,
        "z": 0.23276793956756593
    },
    "tangent2": {
        "x": 0.10673101246356964,
        "y": 2.13431715965271,
        "z": 0.46252453327178957
    },
    "endPos": {
        "x": 0.6484475135803223,
        "y": 5.047807693481445,
        "z": 1.272536039352417
    }
}