{
    "_horizontalLines": 19.0,
    "_verticalLines": 16.0,
    "_radius": 0.06792626529932022,
    "_petalColour": {
        "r": 0.20505034923553468,
        "g": 0.6686394214630127,
        "b": 0.06369829177856446,
        "a": 1.0
    },
    "_cylinderVertexCount": 13.0,
    "_stemRadius": 0.05674004927277565,
    "_leafCount": 8.0,
    "_edgeRingCount": 57.0,
    "startPos": {
        "x": 0.0,
        "y": 0.0,
        "z": 0.0
    },
    "tangent1": {
        "x": 0.07156415283679962,
        "y": 1.4604233503341675,
        "z": 0.4582425057888031
    },
    "tangent2": {
        "x": 0.007826805114746094,
        "y": 1.885056495666504,
        "z": 0.014000505208969117
    },
    "endPos": {
        "x": -0.11705832183361054,
        "y": 4.0,
        "z": 0.5958733558654785
    }
}