{
    "_horizontalLines": 17.0,
    "_verticalLines": 15.0,
    "_radius": 0.1021176129579544,
    "_petalColour": {
        "r": 0.24042582511901856,
        "g": 0.29706424474716189,
        "b": 0.09826028347015381,
        "a": 1.0
    },
    "_cylinderVertexCount": 11.0,
    "_stemRadius": 0.0756060779094696,
    "_leafCount": 8.0,
    "_edgeRingCount": 55.0,
    "startPos": {
        "x": 0.0,
        "y": 0.0,
        "z": 0.0
    },
    "tangent1": {
        "x": 0.43025892972946169,
        "y": 1.2289928197860718,
        "z": -0.0669289082288742
    },
    "tangent2": {
        "x": 0.9298440217971802,
        "y": 2.6561412811279299,
        "z": 0.14132066071033479
    },
    "endPos": {
        "x": 0.20403939485549928,
        "y": 4.0,
        "z": -0.07278645038604737
    }
}