{
    "_horizontalLines": 19.0,
    "_verticalLines": 16.0,
    "_radius": 0.06533089280128479,
    "_petalColour": {
        "r": 0.08621156215667725,
        "g": 0.13554620742797852,
        "b": 0.3318844437599182,
        "a": 1.0
    },
    "_cylinderVertexCount": 9.0,
    "_stemRadius": 0.022689197212457658,
    "_leafCount": 8.0,
    "_edgeRingCount": 11.0,
    "startPos": {
        "x": 0.0,
        "y": 0.0,
        "z": 0.0
    },
    "tangent1": {
        "x": 0.3063960075378418,
        "y": 0.5424253344535828,
        "z": -0.448640912771225
    },
    "tangent2": {
        "x": 0.5557950735092163,
        "y": 1.7355377674102784,
        "z": -0.07382804155349732
    },
    "endPos": {
        "x": 0.727077841758728,
        "y": 4.981461048126221,
        "z": 0.24424287676811219
    }
}