{
    "_horizontalLines": 15.0,
    "_verticalLines": 16.0,
    "_radius": 0.13528597354888917,
    "_petalColour": {
        "r": 0.08364999294281006,
        "g": 0.752129316329956,
        "b": 0.6374459266662598,
        "a": 1.0
    },
    "_cylinderVertexCount": 14.0,
    "_stemRadius": 0.12013968080282211,
    "_leafCount": 8.0,
    "_edgeRingCount": 60.0,
    "startPos": {
        "x": 0.0,
        "y": 0.0,
        "z": 0.0
    },
    "tangent1": {
        "x": -0.37277889251708987,
        "y": 1.8618377447128297,
        "z": 0.32034072279930117
    },
    "tangent2": {
        "x": -0.050279051065444949,
        "y": 2.407588243484497,
        "z": 0.286234050989151
    },
    "endPos": {
        "x": -0.43696504831314089,
        "y": 5.866933822631836,
        "z": 0.2808883786201477
    }
}