{
    "_horizontalLines": 15.0,
    "_verticalLines": 16.0,
    "_radius": 0.07794639468193054,
    "_petalColour": {
        "r": 0.7150686979293823,
        "g": 0.12154519557952881,
        "b": 0.14322900772094727,
        "a": 1.0
    },
    "_cylinderVertexCount": 12.0,
    "_stemRadius": 0.03131204470992088,
    "_leafCount": 8.0,
    "_edgeRingCount": 3.0,
    "startPos": {
        "x": 0.0,
        "y": 0.0,
        "z": 0.0
    },
    "tangent1": {
        "x": 0.3444187343120575,
        "y": 1.0715885162353516,
        "z": 0.472686767578125
    },
    "tangent2": {
        "x": 0.44226545095443728,
        "y": 1.965993881225586,
        "z": 0.35065776109695437
    },
    "endPos": {
        "x": 1.0424087047576905,
        "y": 5.386188507080078,
        "z": 0.99200838804245
    }
}