{
    "_horizontalLines": 17.0,
    "_verticalLines": 16.0,
    "_radius": 0.04667386785149574,
    "_petalColour": {
        "r": 0.12998855113983155,
        "g": 0.7507597208023071,
        "b": 0.9483004808425903,
        "a": 1.0
    },
    "_cylinderVertexCount": 11.0,
    "_stemRadius": 0.04666213318705559,
    "_leafCount": 8.0,
    "_edgeRingCount": 27.0,
    "startPos": {
        "x": 0.0,
        "y": 0.0,
        "z": 0.0
    },
    "tangent1": {
        "x": -0.22715310752391816,
        "y": 1.584795355796814,
        "z": 0.04731721803545952
    },
    "tangent2": {
        "x": -0.3305072784423828,
        "y": 2.3134994506835939,
        "z": 0.055719755589962009
    },
    "endPos": {
        "x": -0.7230926752090454,
        "y": 4.0,
        "z": 0.6847953796386719
    }
}