{
    "_horizontalLines": 19.0,
    "_verticalLines": 17.0,
    "_radius": 0.11609306186437607,
    "_petalColour": {
        "r": 0.18613171577453614,
        "g": 0.3044658303260803,
        "b": 0.889091968536377,
        "a": 1.0
    },
    "_cylinderVertexCount": 13.0,
    "_stemRadius": 0.08511710911989212,
    "_leafCount": 8.0,
    "_edgeRingCount": 38.0,
    "startPos": {
        "x": 0.0,
        "y": 0.0,
        "z": 0.0
    },
    "tangent1": {
        "x": -0.27929916977882388,
        "y": 0.633227527141571,
        "z": 0.13653334975242616
    },
    "tangent2": {
        "x": -0.16699562966823579,
        "y": 1.9279143810272217,
        "z": 0.2949870228767395
    },
    "endPos": {
        "x": -0.90119868516922,
        "y": 4.0,
        "z": 0.7243021726608276
    }
}