{
    "_horizontalLines": 15.0,
    "_verticalLines": 19.0,
    "_radius": 0.09421056509017945,
    "_petalColour": {
        "r": 0.4553923010826111,
        "g": 0.2986183762550354,
        "b": 0.991034746170044,
        "a": 1.0
    },
    "_cylinderVertexCount": 12.0,
    "_stemRadius": 0.058886896818876269,
    "_leafCount": 8.0,
    "_edgeRingCount": 55.0,
    "startPos": {
        "x": 0.0,
        "y": 0.0,
        "z": 0.0
    },
    "tangent1": {
        "x": 0.20969343185424806,
        "y": 1.257088541984558,
        "z": 0.3547607362270355
    },
    "tangent2": {
        "x": -0.22398748993873597,
        "y": 1.8368499279022217,
        "z": 0.3863580524921417
    },
    "endPos": {
        "x": -0.6867897510528565,
        "y": 4.0,
        "z": 0.059226155281066897
    }
}