{
    "_horizontalLines": 15.0,
    "_verticalLines": 17.0,
    "_radius": 0.04848955571651459,
    "_petalColour": {
        "r": 0.6258528232574463,
        "g": 0.36908966302871706,
        "b": 0.33699697256088259,
        "a": 1.0
    },
    "_cylinderVertexCount": 9.0,
    "_stemRadius": 0.03427702188491821,
    "_leafCount": 8.0,
    "_edgeRingCount": 47.0,
    "startPos": {
        "x": 0.0,
        "y": 0.0,
        "z": 0.0
    },
    "tangent1": {
        "x": 0.18709123134613038,
        "y": 1.863616943359375,
        "z": -0.23343877494335175
    },
    "tangent2": {
        "x": 0.4893602132797241,
        "y": 3.4651660919189455,
        "z": -0.6443513631820679
    },
    "endPos": {
        "x": 0.418436199426651,
        "y": 4.9447479248046879,
        "z": -0.8729509115219116
    }
}