{
    "_horizontalLines": 17.0,
    "_verticalLines": 18.0,
    "_radius": 0.10584349185228348,
    "_petalColour": {
        "r": 0.5585231184959412,
        "g": 0.9914904832839966,
        "b": 0.6689138412475586,
        "a": 1.0
    },
    "_cylinderVertexCount": 8.0,
    "_stemRadius": 0.07961574196815491,
    "_leafCount": 8.0,
    "_edgeRingCount": 30.0,
    "startPos": {
        "x": 0.0,
        "y": 0.0,
        "z": 0.0
    },
    "tangent1": {
        "x": 0.014313745312392712,
        "y": 0.37353211641311648,
        "z": -0.2190428227186203
    },
    "tangent2": {
        "x": -0.34208330512046816,
        "y": 1.4851796627044678,
        "z": 0.2025342434644699
    },
    "endPos": {
        "x": -1.0643270015716553,
        "y": 4.0,
        "z": 0.9332855939865112
    }
}