{
    "_horizontalLines": 15.0,
    "_verticalLines": 16.0,
    "_radius": 0.11989408731460571,
    "_petalColour": {
        "r": 0.13575410842895509,
        "g": 0.26830607652664187,
        "b": 0.6357184648513794,
        "a": 1.0
    },
    "_cylinderVertexCount": 13.0,
    "_stemRadius": 0.08070655167102814,
    "_leafCount": 8.0,
    "_edgeRingCount": 3.0,
    "startPos": {
        "x": 0.0,
        "y": 0.0,
        "z": 0.0
    },
    "tangent1": {
        "x": -0.08696384727954865,
        "y": 0.7249445915222168,
        "z": -0.2113972157239914
    },
    "tangent2": {
        "x": -0.3375307321548462,
        "y": 2.6469309329986574,
        "z": -0.3363383710384369
    },
    "endPos": {
        "x": 0.020186901092529298,
        "y": 4.0,
        "z": 0.14793485403060914
    }
}