{
    "_horizontalLines": 19.0,
    "_verticalLines": 15.0,
    "_radius": 0.1451626420021057,
    "_petalColour": {
        "r": 0.9751013517379761,
        "g": 0.254783570766449,
        "b": 0.7673779726028442,
        "a": 1.0
    },
    "_cylinderVertexCount": 8.0,
    "_stemRadius": 0.10579244792461395,
    "_leafCount": 8.0,
    "_edgeRingCount": 43.0,
    "startPos": {
        "x": 0.0,
        "y": 0.0,
        "z": 0.0
    },
    "tangent1": {
        "x": -0.21387477219104768,
        "y": 0.3070175051689148,
        "z": -0.49103909730911257
    },
    "tangent2": {
        "x": 0.21389107406139375,
        "y": 1.1044121980667115,
        "z": -0.5984799861907959
    },
    "endPos": {
        "x": 0.10104936361312866,
        "y": 4.0,
        "z": -0.6359732747077942
    }
}