{
    "_horizontalLines": 18.0,
    "_verticalLines": 17.0,
    "_radius": 0.10304778814315796,
    "_petalColour": {
        "r": 0.43618279695510867,
        "g": 0.28693002462387087,
        "b": 0.8509654998779297,
        "a": 1.0
    },
    "_cylinderVertexCount": 14.0,
    "_stemRadius": 0.05467057600617409,
    "_leafCount": 8.0,
    "_edgeRingCount": 4.0,
    "startPos": {
        "x": 0.0,
        "y": 0.0,
        "z": 0.0
    },
    "tangent1": {
        "x": 0.20106172561645509,
        "y": 0.52117520570755,
        "z": -0.21658845245838166
    },
    "tangent2": {
        "x": 0.0983915776014328,
        "y": 1.5742061138153077,
        "z": -0.353361040353775
    },
    "endPos": {
        "x": 0.40693598985671999,
        "y": 4.0,
        "z": -0.4468804597854614
    }
}