{
    "_horizontalLines": 16.0,
    "_verticalLines": 16.0,
    "_radius": 0.08880778402090073,
    "_petalColour": {
        "r": 0.4182876944541931,
        "g": 0.051514267921447757,
        "b": 0.05141329765319824,
        "a": 1.0
    },
    "_cylinderVertexCount": 14.0,
    "_stemRadius": 0.04270019382238388,
    "_leafCount": 8.0,
    "_edgeRingCount": 30.0,
    "startPos": {
        "x": 0.0,
        "y": 0.0,
        "z": 0.0
    },
    "tangent1": {
        "x": -0.07085780799388886,
        "y": 1.550057291984558,
        "z": -0.008008432574570179
    },
    "tangent2": {
        "x": 0.38139134645462038,
        "y": 2.3674306869506838,
        "z": -0.07474899291992188
    },
    "endPos": {
        "x": 1.1103415489196778,
        "y": 4.0,
        "z": -0.8190258741378784
    }
}