{
    "_horizontalLines": 15.0,
    "_verticalLines": 19.0,
    "_radius": 0.10829328745603562,
    "_petalColour": {
        "r": 0.46452099084854128,
        "g": 0.6836948394775391,
        "b": 0.8819409608840942,
        "a": 1.0
    },
    "_cylinderVertexCount": 11.0,
    "_stemRadius": 0.07195945829153061,
    "_leafCount": 8.0,
    "_edgeRingCount": 47.0,
    "startPos": {
        "x": 0.0,
        "y": 0.0,
        "z": 0.0
    },
    "tangent1": {
        "x": -0.2777237892150879,
        "y": 1.0971695184707642,
        "z": -0.009483766742050648
    },
    "tangent2": {
        "x": -0.5705002546310425,
        "y": 1.7677216529846192,
        "z": 0.2725943922996521
    },
    "endPos": {
        "x": -0.8743997812271118,
        "y": 4.23311710357666,
        "z": 0.4550442695617676
    }
}