{
    "_horizontalLines": 16.0,
    "_verticalLines": 18.0,
    "_radius": 0.07180342078208924,
    "_petalColour": {
        "r": 0.8515115976333618,
        "g": 0.17787516117095948,
        "b": 0.5626832842826843,
        "a": 1.0
    },
    "_cylinderVertexCount": 7.0,
    "_stemRadius": 0.066495381295681,
    "_leafCount": 8.0,
    "_edgeRingCount": 18.0,
    "startPos": {
        "x": 0.0,
        "y": 0.0,
        "z": 0.0
    },
    "tangent1": {
        "x": 0.16202424466609956,
        "y": 1.1719970703125,
        "z": 0.2615828514099121
    },
    "tangent2": {
        "x": 0.41371917724609377,
        "y": 2.559370994567871,
        "z": -0.1091160774230957
    },
    "endPos": {
        "x": 0.8171859383583069,
        "y": 4.7570648193359379,
        "z": -0.6978468298912048
    }
}