{
    "_horizontalLines": 17.0,
    "_verticalLines": 17.0,
    "_radius": 0.16874781250953675,
    "_petalColour": {
        "r": 0.9534858465194702,
        "g": 0.011437773704528809,
        "b": 0.6274011135101318,
        "a": 1.0
    },
    "_cylinderVertexCount": 9.0,
    "_stemRadius": 0.12537606060504914,
    "_leafCount": 8.0,
    "_edgeRingCount": 20.0,
    "startPos": {
        "x": 0.0,
        "y": 0.0,
        "z": 0.0
    },
    "tangent1": {
        "x": 0.2766040563583374,
        "y": 1.5047153234481812,
        "z": -0.365582674741745
    },
    "tangent2": {
        "x": -0.011228114366531372,
        "y": 2.0520942211151125,
        "z": 0.1145336925983429
    },
    "endPos": {
        "x": -0.6215239763259888,
        "y": 4.111418724060059,
        "z": 0.8846855163574219
    }
}