{
    "_horizontalLines": 17.0,
    "_verticalLines": 16.0,
    "_radius": 0.05519096925854683,
    "_petalColour": {
        "r": 0.867472767829895,
        "g": 0.39762037992477419,
        "b": 0.48689669370651247,
        "a": 1.0
    },
    "_cylinderVertexCount": 9.0,
    "_stemRadius": 0.05433681607246399,
    "_leafCount": 8.0,
    "_edgeRingCount": 61.0,
    "startPos": {
        "x": 0.0,
        "y": 0.0,
        "z": 0.0
    },
    "tangent1": {
        "x": -0.46478700637817385,
        "y": 0.9240039587020874,
        "z": 0.3258523941040039
    },
    "tangent2": {
        "x": -0.6666765809059143,
        "y": 2.241025924682617,
        "z": -0.05636492371559143
    },
    "endPos": {
        "x": -0.5455494523048401,
        "y": 4.548521995544434,
        "z": 0.0802525132894516
    }
}