{
    "_horizontalLines": 18.0,
    "_verticalLines": 19.0,
    "_radius": 0.09783012419939041,
    "_petalColour": {
        "r": 0.273332417011261,
        "g": 0.01678943634033203,
        "b": 0.9913297891616821,
        "a": 1.0
    },
    "_cylinderVertexCount": 11.0,
    "_stemRadius": 0.048264749348163608,
    "_leafCount": 8.0,
    "_edgeRingCount": 33.0,
    "startPos": {
        "x": 0.0,
        "y": 0.0,
        "z": 0.0
    },
    "tangent1": {
        "x": -0.360323041677475,
        "y": 1.5174583196640015,
        "z": -0.31947728991508486
    },
    "tangent2": {
        "x": -0.04465922713279724,
        "y": 1.551535725593567,
        "z": -0.5907636880874634
    },
    "endPos": {
        "x": -0.2781132459640503,
        "y": 4.205076694488525,
        "z": 0.17100566625595094
    }
}