{
    "_horizontalLines": 17.0,
    "_verticalLines": 19.0,
    "_radius": 0.08393850177526474,
    "_petalColour": {
        "r": 0.7528208494186401,
        "g": 0.23229742050170899,
        "b": 0.4270402789115906,
        "a": 1.0
    },
    "_cylinderVertexCount": 10.0,
    "_stemRadius": 0.037049390375614169,
    "_leafCount": 8.0,
    "_edgeRingCount": 34.0,
    "startPos": {
        "x": 0.0,
        "y": 0.0,
        "z": 0.0
    },
    "tangent1": {
        "x": 0.24355244636535645,
        "y": 0.8516912460327148,
        "z": -0.2771211564540863
    },
    "tangent2": {
        "x": -0.07097402215003967,
        "y": 2.8064332008361818,
        "z": 0.10607126355171204
    },
    "endPos": {
        "x": 0.3377436101436615,
        "y": 4.0,
        "z": -0.17970430850982667
    }
}