{
    "_horizontalLines": 19.0,
    "_verticalLines": 18.0,
    "_radius": 0.04027358442544937,
    "_petalColour": {
        "r": 0.7946352958679199,
        "g": 0.9225833415985107,
        "b": 0.8684905767440796,
        "a": 1.0
    },
    "_cylinderVertexCount": 9.0,
    "_stemRadius": 0.0017510950565338135,
    "_leafCount": 8.0,
    "_edgeRingCount": 21.0,
    "startPos": {
        "x": 0.0,
        "y": 0.0,
        "z": 0.0
    },
    "tangent1": {
        "x": 0.2733316421508789,
        "y": 1.9726101160049439,
        "z": -0.49803751707077029
    },
    "tangent2": {
        "x": -0.05394288897514343,
        "y": 3.1712608337402345,
        "z": -0.38290107250213625
    },
    "endPos": {
        "x": 0.10369972884654999,
        "y": 5.23173713684082,
        "z": -0.2316606193780899
    }
}