{
    "_horizontalLines": 16.0,
    "_verticalLines": 15.0,
    "_radius": 0.08579913526773453,
    "_petalColour": {
        "r": 0.28910762071609499,
        "g": 0.2518029808998108,
        "b": 0.15320897102355958,
        "a": 1.0
    },
    "_cylinderVertexCount": 7.0,
    "_stemRadius": 0.042145319283008578,
    "_leafCount": 8.0,
    "_edgeRingCount": 16.0,
    "startPos": {
        "x": 0.0,
        "y": 0.0,
        "z": 0.0
    },
    "tangent1": {
        "x": 0.1220581978559494,
        "y": 0.6133195757865906,
        "z": 0.1885312795639038
    },
    "tangent2": {
        "x": 0.5684195160865784,
        "y": 2.463806390762329,
        "z": -0.1849486529827118
    },
    "endPos": {
        "x": 0.09082862734794617,
        "y": 4.0,
        "z": -0.7635892629623413
    }
}