{
    "_horizontalLines": 16.0,
    "_verticalLines": 18.0,
    "_radius": 0.05175424739718437,
    "_petalColour": {
        "r": 0.07310843467712403,
        "g": 0.17969846725463868,
        "b": 0.6229543089866638,
        "a": 1.0
    },
    "_cylinderVertexCount": 6.0,
    "_stemRadius": 0.026311304420232774,
    "_leafCount": 8.0,
    "_edgeRingCount": 47.0,
    "startPos": {
        "x": 0.0,
        "y": 0.0,
        "z": 0.0
    },
    "tangent1": {
        "x": -0.32961007952690127,
        "y": 1.5235061645507813,
        "z": 0.11503629386425019
    },
    "tangent2": {
        "x": -0.364439994096756,
        "y": 3.1194043159484865,
        "z": 0.01549634337425232
    },
    "endPos": {
        "x": -0.13970255851745606,
        "y": 6.293391227722168,
        "z": -0.39154160022735598
    }
}