{
    "_horizontalLines": 16.0,
    "_verticalLines": 16.0,
    "_radius": 0.08680513501167298,
    "_petalColour": {
        "r": 0.21303856372833253,
        "g": 0.3069320321083069,
        "b": 0.07564365863800049,
        "a": 1.0
    },
    "_cylinderVertexCount": 11.0,
    "_stemRadius": 0.04621690511703491,
    "_leafCount": 8.0,
    "_edgeRingCount": 10.0,
    "startPos": {
        "x": 0.0,
        "y": 0.0,
        "z": 0.0
    },
    "tangent1": {
        "x": 0.251865953207016,
        "y": 1.1839107275009156,
        "z": 0.41728663444519045
    },
    "tangent2": {
        "x": -0.0746711790561676,
        "y": 1.9072635173797608,
        "z": 0.06515708565711975
    },
    "endPos": {
        "x": -0.8531917333602905,
        "y": 4.358642578125,
        "z": -0.6496002674102783
    }
}