{
    "_horizontalLines": 17.0,
    "_verticalLines": 18.0,
    "_radius": 0.11632908135652542,
    "_petalColour": {
        "r": 0.6745067834854126,
        "g": 0.8664547204971314,
        "b": 0.06443560123443604,
        "a": 1.0
    },
    "_cylinderVertexCount": 6.0,
    "_stemRadius": 0.06930697709321976,
    "_leafCount": 8.0,
    "_edgeRingCount": 18.0,
    "startPos": {
        "x": 0.0,
        "y": 0.0,
        "z": 0.0
    },
    "tangent1": {
        "x": -0.2733387053012848,
        "y": 1.4954651594161988,
        "z": -0.25064191222190859
    },
    "tangent2": {
        "x": -0.7140674591064453,
        "y": 3.4183387756347658,
        "z": -0.3300498127937317
    },
    "endPos": {
        "x": 0.014841735363006592,
        "y": 4.205838680267334,
        "z": -0.08896329998970032
    }
}