{
    "_horizontalLines": 16.0,
    "_verticalLines": 17.0,
    "_radius": 0.09569092839956284,
    "_petalColour": {
        "r": 0.20361554622650147,
        "g": 0.9954659938812256,
        "b": 0.223626971244812,
        "a": 1.0
    },
    "_cylinderVertexCount": 7.0,
    "_stemRadius": 0.04644176736474037,
    "_leafCount": 8.0,
    "_edgeRingCount": 56.0,
    "startPos": {
        "x": 0.0,
        "y": 0.0,
        "z": 0.0
    },
    "tangent1": {
        "x": -0.4833928942680359,
        "y": 0.4046909213066101,
        "z": -0.03929276391863823
    },
    "tangent2": {
        "x": -0.6537744998931885,
        "y": 1.7620079517364503,
        "z": -0.08195152133703232
    },
    "endPos": {
        "x": -0.3436262309551239,
        "y": 4.398104667663574,
        "z": -0.49632424116134646
    }
}