{
    "_horizontalLines": 17.0,
    "_verticalLines": 17.0,
    "_radius": 0.09012190997600556,
    "_petalColour": {
        "r": 0.13781046867370606,
        "g": 0.2016228437423706,
        "b": 0.5561996102333069,
        "a": 1.0
    },
    "_cylinderVertexCount": 9.0,
    "_stemRadius": 0.08715732395648956,
    "_leafCount": 8.0,
    "_edgeRingCount": 51.0,
    "startPos": {
        "x": 0.0,
        "y": 0.0,
        "z": 0.0
    },
    "tangent1": {
        "x": 0.3077363967895508,
        "y": 1.5210846662521363,
        "z": 0.02817387506365776
    },
    "tangent2": {
        "x": -0.10584944486618042,
        "y": 3.5122673511505129,
        "z": 0.4445692300796509
    },
    "endPos": {
        "x": -0.3956941068172455,
        "y": 5.575536251068115,
        "z": 0.29557305574417117
    }
}