{
    "_horizontalLines": 17.0,
    "_verticalLines": 19.0,
    "_radius": 0.08426780253648758,
    "_petalColour": {
        "r": 0.15893280506134034,
        "g": 0.7040371894836426,
        "b": 0.43031054735183718,
        "a": 1.0
    },
    "_cylinderVertexCount": 6.0,
    "_stemRadius": 0.05701971799135208,
    "_leafCount": 8.0,
    "_edgeRingCount": 52.0,
    "startPos": {
        "x": 0.0,
        "y": 0.0,
        "z": 0.0
    },
    "tangent1": {
        "x": -0.012652111239731312,
        "y": 1.9055557250976563,
        "z": 0.10284657776355744
    },
    "tangent2": {
        "x": -0.48590049147605898,
        "y": 2.315404176712036,
        "z": -0.05863603949546814
    },
    "endPos": {
        "x": -0.20610207319259644,
        "y": 4.0,
        "z": -0.5332353711128235
    }
}