{
    "_horizontalLines": 15.0,
    "_verticalLines": 15.0,
    "_radius": 0.12361424416303635,
    "_petalColour": {
        "r": 0.1267455816268921,
        "g": 0.5323417782783508,
        "b": 0.964173436164856,
        "a": 1.0
    },
    "_cylinderVertexCount": 11.0,
    "_stemRadius": 0.10040922462940216,
    "_leafCount": 8.0,
    "_edgeRingCount": 61.0,
    "startPos": {
        "x": 0.0,
        "y": 0.0,
        "z": 0.0
    },
    "tangent1": {
        "x": -0.08863882720470429,
        "y": 0.8111090660095215,
        "z": 0.38398340344429018
    },
    "tangent2": {
        "x": 0.2748926281929016,
        "y": 1.640662431716919,
        "z": -0.10695087909698487
    },
    "endPos": {
        "x": 0.19517233967781068,
        "y": 4.0,
        "z": -0.8577374219894409
    }
}