{
    "_horizontalLines": 16.0,
    "_verticalLines": 15.0,
    "_radius": 0.10456667095422745,
    "_petalColour": {
        "r": 0.6841099262237549,
        "g": 0.022784709930419923,
        "b": 0.8412970304489136,
        "a": 1.0
    },
    "_cylinderVertexCount": 9.0,
    "_stemRadius": 0.0637504830956459,
    "_leafCount": 8.0,
    "_edgeRingCount": 48.0,
    "startPos": {
        "x": 0.0,
        "y": 0.0,
        "z": 0.0
    },
    "tangent1": {
        "x": -0.3486747741699219,
        "y": 0.9010122418403626,
        "z": -0.1746380776166916
    },
    "tangent2": {
        "x": 0.12791132926940919,
        "y": 1.8614022731781006,
        "z": 0.31553882360458376
    },
    "endPos": {
        "x": -0.19161584973335267,
        "y": 4.0,
        "z": -0.42506372928619387
    }
}