{
    "_horizontalLines": 15.0,
    "_verticalLines": 18.0,
    "_radius": 0.12376707047224045,
    "_petalColour": {
        "r": 0.8102329969406128,
        "g": 0.6634467840194702,
        "b": 0.970339298248291,
        "a": 1.0
    },
    "_cylinderVertexCount": 14.0,
    "_stemRadius": 0.11110541224479675,
    "_leafCount": 8.0,
    "_edgeRingCount": 50.0,
    "startPos": {
        "x": 0.0,
        "y": 0.0,
        "z": 0.0
    },
    "tangent1": {
        "x": -0.14434976875782014,
        "y": 0.6415225863456726,
        "z": -0.195766881108284
    },
    "tangent2": {
        "x": -0.12670016288757325,
        "y": 1.0051168203353882,
        "z": -0.571566641330719
    },
    "endPos": {
        "x": -0.8808896541595459,
        "y": 4.0,
        "z": -0.5226303339004517
    }
}