{
    "_horizontalLines": 19.0,
    "_verticalLines": 16.0,
    "_radius": 0.06289864331483841,
    "_petalColour": {
        "r": 0.7366887331008911,
        "g": 0.9510601758956909,
        "b": 0.5908852219581604,
        "a": 1.0
    },
    "_cylinderVertexCount": 6.0,
    "_stemRadius": 0.029585666954517366,
    "_leafCount": 8.0,
    "_edgeRingCount": 38.0,
    "startPos": {
        "x": 0.0,
        "y": 0.0,
        "z": 0.0
    },
    "tangent1": {
        "x": -0.4603288769721985,
        "y": 0.3589889407157898,
        "z": -0.4938250482082367
    },
    "tangent2": {
        "x": -0.840628981590271,
        "y": 2.0698788166046144,
        "z": -0.05065727233886719
    },
    "endPos": {
        "x": -1.578331708908081,
        "y": 5.093522071838379,
        "z": -0.2534239888191223
    }
}