{
    "_horizontalLines": 17.0,
    "_verticalLines": 18.0,
    "_radius": 0.10882668197154999,
    "_petalColour": {
        "r": 0.9375702142715454,
        "g": 0.07355678081512451,
        "b": 0.9974757432937622,
        "a": 1.0
    },
    "_cylinderVertexCount": 6.0,
    "_stemRadius": 0.05954878404736519,
    "_leafCount": 8.0,
    "_edgeRingCount": 45.0,
    "startPos": {
        "x": 0.0,
        "y": 0.0,
        "z": 0.0
    },
    "tangent1": {
        "x": -0.03543562814593315,
        "y": 1.9535773992538453,
        "z": -0.09760980308055878
    },
    "tangent2": {
        "x": -0.4797796607017517,
        "y": 3.583981990814209,
        "z": 0.1405632048845291
    },
    "endPos": {
        "x": 0.05877488851547241,
        "y": 5.224637508392334,
        "z": 0.7475016713142395
    }
}