{
    "_horizontalLines": 18.0,
    "_verticalLines": 15.0,
    "_radius": 0.08396834135055542,
    "_petalColour": {
        "r": 0.06687355041503906,
        "g": 0.5030942559242249,
        "b": 0.607123076915741,
        "a": 1.0
    },
    "_cylinderVertexCount": 14.0,
    "_stemRadius": 0.0539337657392025,
    "_leafCount": 8.0,
    "_edgeRingCount": 43.0,
    "startPos": {
        "x": 0.0,
        "y": 0.0,
        "z": 0.0
    },
    "tangent1": {
        "x": -0.47053346037864687,
        "y": 0.7092833518981934,
        "z": -0.2600974142551422
    },
    "tangent2": {
        "x": -0.4286969006061554,
        "y": 0.9384759068489075,
        "z": -0.695823073387146
    },
    "endPos": {
        "x": -1.198961853981018,
        "y": 4.0,
        "z": -0.6450295448303223
    }
}