{
    "_horizontalLines": 16.0,
    "_verticalLines": 17.0,
    "_radius": 0.07051730155944824,
    "_petalColour": {
        "r": 0.30140918493270876,
        "g": 0.794369101524353,
        "b": 0.005537271499633789,
        "a": 1.0
    },
    "_cylinderVertexCount": 5.0,
    "_stemRadius": 0.04168368875980377,
    "_leafCount": 8.0,
    "_edgeRingCount": 12.0,
    "startPos": {
        "x": 0.0,
        "y": 0.0,
        "z": 0.0
    },
    "tangent1": {
        "x": 0.4660831391811371,
        "y": 0.4136192202568054,
        "z": -0.24314899742603303
    },
    "tangent2": {
        "x": 0.6667767763137817,
        "y": 2.0277113914489748,
        "z": -0.515160858631134
    },
    "endPos": {
        "x": 1.0227558612823487,
        "y": 5.22055721282959,
        "z": -1.360982894897461
    }
}