{
    "_horizontalLines": 18.0,
    "_verticalLines": 15.0,
    "_radius": 0.025875983759760858,
    "_petalColour": {
        "r": 0.15191328525543214,
        "g": 0.37399250268936159,
        "b": 0.19945597648620606,
        "a": 1.0
    },
    "_cylinderVertexCount": 10.0,
    "_stemRadius": 0.005305491387844086,
    "_leafCount": 8.0,
    "_edgeRingCount": 46.0,
    "startPos": {
        "x": 0.0,
        "y": 0.0,
        "z": 0.0
    },
    "tangent1": {
        "x": 0.40889525413513186,
        "y": 1.7738780975341797,
        "z": -0.3144180476665497
    },
    "tangent2": {
        "x": 0.7836786508560181,
        "y": 2.2566282749176027,
        "z": -0.08404764533042908
    },
    "endPos": {
        "x": 0.3673168122768402,
        "y": 4.416665077209473,
        "z": -0.2159862369298935
    }
}