{
    "_horizontalLines": 19.0,
    "_verticalLines": 17.0,
    "_radius": 0.11552580446004868,
    "_petalColour": {
        "r": 0.9566813707351685,
        "g": 0.3405722975730896,
        "b": 0.48826152086257937,
        "a": 1.0
    },
    "_cylinderVertexCount": 5.0,
    "_stemRadius": 0.09638845175504685,
    "_leafCount": 8.0,
    "_edgeRingCount": 62.0,
    "startPos": {
        "x": 0.0,
        "y": 0.0,
        "z": 0.0
    },
    "tangent1": {
        "x": -0.30448636412620547,
        "y": 0.34754830598831179,
        "z": -0.05268101766705513
    },
    "tangent2": {
        "x": 0.0013040602207183838,
        "y": 2.1839966773986818,
        "z": -0.013682842254638672
    },
    "endPos": {
        "x": 0.4103717505931854,
        "y": 5.458545684814453,
        "z": -0.45919135212898257
    }
}