{
    "_horizontalLines": 16.0,
    "_verticalLines": 17.0,
    "_radius": 0.08988342434167862,
    "_petalColour": {
        "r": 0.5809078812599182,
        "g": 0.02354300022125244,
        "b": 0.4644351601600647,
        "a": 1.0
    },
    "_cylinderVertexCount": 9.0,
    "_stemRadius": 0.0733022689819336,
    "_leafCount": 8.0,
    "_edgeRingCount": 21.0,
    "startPos": {
        "x": 0.0,
        "y": 0.0,
        "z": 0.0
    },
    "tangent1": {
        "x": -0.31066417694091799,
        "y": 0.4561479687690735,
        "z": -0.010583114810287953
    },
    "tangent2": {
        "x": 0.07115384936332703,
        "y": 0.9787822961807251,
        "z": 0.22187857329845429
    },
    "endPos": {
        "x": 0.4653056859970093,
        "y": 4.0,
        "z": -0.3505387306213379
    }
}