{
    "_horizontalLines": 18.0,
    "_verticalLines": 16.0,
    "_radius": 0.09968813508749008,
    "_petalColour": {
        "r": 0.294985830783844,
        "g": 0.8808808326721191,
        "b": 0.09841620922088623,
        "a": 1.0
    },
    "_cylinderVertexCount": 7.0,
    "_stemRadius": 0.052166398614645007,
    "_leafCount": 8.0,
    "_edgeRingCount": 28.0,
    "startPos": {
        "x": 0.0,
        "y": 0.0,
        "z": 0.0
    },
    "tangent1": {
        "x": -0.05450611189007759,
        "y": 0.6009567379951477,
        "z": -0.3458675444126129
    },
    "tangent2": {
        "x": 0.2541755437850952,
        "y": 1.7139437198638917,
        "z": -0.17434732615947724
    },
    "endPos": {
        "x": 0.4584254026412964,
        "y": 4.0,
        "z": -0.9987604022026062
    }
}