{
    "_horizontalLines": 18.0,
    "_verticalLines": 15.0,
    "_radius": 0.06004462018609047,
    "_petalColour": {
        "r": 0.962862491607666,
        "g": 0.5047351717948914,
        "b": 0.538357675075531,
        "a": 1.0
    },
    "_cylinderVertexCount": 13.0,
    "_stemRadius": 0.0365905724465847,
    "_leafCount": 8.0,
    "_edgeRingCount": 13.0,
    "startPos": {
        "x": 0.0,
        "y": 0.0,
        "z": 0.0
    },
    "tangent1": {
        "x": 0.36224421858787539,
        "y": 0.8880712389945984,
        "z": 0.48428964614868166
    },
    "tangent2": {
        "x": 0.5120722651481628,
        "y": 1.8664305210113526,
        "z": 0.13735389709472657
    },
    "endPos": {
        "x": 0.8802983164787293,
        "y": 4.0,
        "z": 0.11219235509634018
    }
}