{
    "_horizontalLines": 13,
    "_verticalLines": 5,
    "_radius": 0.09786168485879898,
    "_petalColour": {
        "r": 0.5445031523704529,
        "g": 0.582397997379303,
        "b": 0.6230810284614563,
        "a": 1.0
    },
    "_cylinderVertexCount": 11,
    "_stemRadius": 0.09124477952718735,
    "_leafCount": 8,
    "_edgeRingCount": 38,
    "startPos": {
        "x": -0.15644006431102754,
        "y": 0.47577643394470217,
        "z": -0.08248152583837509
    },
    "tangent1": {
        "x": -0.29734620451927187,
        "y": 2.2779178619384767,
        "z": -0.37131887674331667
    },
    "tangent2": {
        "x": -0.6315344572067261,
        "y": 2.761369466781616,
        "z": -0.21776503324508668
    },
    "endPos": {
        "x": -1.607313871383667,
        "y": 5.413829326629639,
        "z": -0.19584473967552186
    }
}