{
    "_horizontalLines": 16.0,
    "_verticalLines": 16.0,
    "_radius": 0.07802406698465347,
    "_petalColour": {
        "r": 0.6089454293251038,
        "g": 0.9951765537261963,
        "b": 0.7029082775115967,
        "a": 1.0
    },
    "_cylinderVertexCount": 13.0,
    "_stemRadius": 0.06896629929542542,
    "_leafCount": 8.0,
    "_edgeRingCount": 62.0,
    "startPos": {
        "x": 0.0,
        "y": 0.0,
        "z": 0.0
    },
    "tangent1": {
        "x": -0.23500843346118928,
        "y": 1.0198367834091187,
        "z": -0.2449222058057785
    },
    "tangent2": {
        "x": -0.16571640968322755,
        "y": 2.227717161178589,
        "z": -0.007412716746330261
    },
    "endPos": {
        "x": 0.3574140667915344,
        "y": 5.3542585372924809,
        "z": -0.25322866439819338
    }
}