{
    "_horizontalLines": 18.0,
    "_verticalLines": 17.0,
    "_radius": 0.13988041877746583,
    "_petalColour": {
        "r": 0.5996643900871277,
        "g": 0.3401861786842346,
        "b": 0.3378668427467346,
        "a": 1.0
    },
    "_cylinderVertexCount": 10.0,
    "_stemRadius": 0.09362197667360306,
    "_leafCount": 8.0,
    "_edgeRingCount": 22.0,
    "startPos": {
        "x": 0.0,
        "y": 0.0,
        "z": 0.0
    },
    "tangent1": {
        "x": -0.28709134459495547,
        "y": 1.9746596813201905,
        "z": 0.3930065333843231
    },
    "tangent2": {
        "x": -0.018786907196044923,
        "y": 3.1828012466430666,
        "z": 0.7851015329360962
    },
    "endPos": {
        "x": 0.26426294445991518,
        "y": 5.3815484046936039,
        "z": 0.267098605632782
    }
}