{
    "_horizontalLines": 16.0,
    "_verticalLines": 15.0,
    "_radius": 0.16183514893054963,
    "_petalColour": {
        "r": 0.8025820255279541,
        "g": 0.020256757736206056,
        "b": 0.7000643014907837,
        "a": 1.0
    },
    "_cylinderVertexCount": 9.0,
    "_stemRadius": 0.12309189885854721,
    "_leafCount": 8.0,
    "_edgeRingCount": 16.0,
    "startPos": {
        "x": 0.0,
        "y": 0.0,
        "z": 0.0
    },
    "tangent1": {
        "x": -0.4387606680393219,
        "y": 0.7501295208930969,
        "z": 0.15856873989105225
    },
    "tangent2": {
        "x": -0.7875531911849976,
        "y": 2.535865306854248,
        "z": -0.1342865228652954
    },
    "endPos": {
        "x": -0.5066260099411011,
        "y": 4.269802570343018,
        "z": -0.05042771250009537
    }
}