{
    "_horizontalLines": 15.0,
    "_verticalLines": 15.0,
    "_radius": 0.10114314407110214,
    "_petalColour": {
        "r": 0.13853180408477784,
        "g": 0.7356663942337036,
        "b": 0.3260151743888855,
        "a": 1.0
    },
    "_cylinderVertexCount": 13.0,
    "_stemRadius": 0.07207091897726059,
    "_leafCount": 8.0,
    "_edgeRingCount": 58.0,
    "startPos": {
        "x": 0.0,
        "y": 0.0,
        "z": 0.0
    },
    "tangent1": {
        "x": -0.05461912229657173,
        "y": 1.400091528892517,
        "z": 0.05781059339642525
    },
    "tangent2": {
        "x": -0.3159911334514618,
        "y": 1.8118584156036378,
        "z": -0.2281927615404129
    },
    "endPos": {
        "x": -0.38641780614852908,
        "y": 4.386867523193359,
        "z": -0.27744337916374209
    }
}