{
    "_horizontalLines": 19.0,
    "_verticalLines": 17.0,
    "_radius": 0.07017406076192856,
    "_petalColour": {
        "r": 0.7429101467132568,
        "g": 0.9317646026611328,
        "b": 0.832903265953064,
        "a": 1.0
    },
    "_cylinderVertexCount": 10.0,
    "_stemRadius": 0.061709966510534289,
    "_leafCount": 8.0,
    "_edgeRingCount": 45.0,
    "startPos": {
        "x": 0.0,
        "y": 0.0,
        "z": 0.0
    },
    "tangent1": {
        "x": -0.10895700752735138,
        "y": 1.023432731628418,
        "z": -0.0033312321174889805
    },
    "tangent2": {
        "x": -0.19756212830543519,
        "y": 1.7076104879379273,
        "z": 0.05494489520788193
    },
    "endPos": {
        "x": 0.6226681470870972,
        "y": 4.0,
        "z": 0.22260135412216187
    }
}