{
    "_horizontalLines": 18.0,
    "_verticalLines": 19.0,
    "_radius": 0.039198100566864017,
    "_petalColour": {
        "r": 0.632553219795227,
        "g": 0.1835261583328247,
        "b": 0.06336843967437744,
        "a": 1.0
    },
    "_cylinderVertexCount": 9.0,
    "_stemRadius": -0.004748250357806683,
    "_leafCount": 8.0,
    "_edgeRingCount": 55.0,
    "startPos": {
        "x": 0.0,
        "y": 0.0,
        "z": 0.0
    },
    "tangent1": {
        "x": -0.0891990214586258,
        "y": 1.7089660167694092,
        "z": -0.09827752411365509
    },
    "tangent2": {
        "x": 0.34285444021224978,
        "y": 2.718546152114868,
        "z": 0.28197628259658816
    },
    "endPos": {
        "x": 0.07629325985908508,
        "y": 4.910859107971191,
        "z": -0.2794332504272461
    }
}