{
    "_horizontalLines": 17.0,
    "_verticalLines": 17.0,
    "_radius": 0.06578496098518372,
    "_petalColour": {
        "r": 0.2875613570213318,
        "g": 0.24322175979614259,
        "b": 0.8284894227981567,
        "a": 1.0
    },
    "_cylinderVertexCount": 7.0,
    "_stemRadius": 0.03994053974747658,
    "_leafCount": 8.0,
    "_edgeRingCount": 29.0,
    "startPos": {
        "x": 0.0,
        "y": 0.0,
        "z": 0.0
    },
    "tangent1": {
        "x": -0.2567805349826813,
        "y": 0.7015833854675293,
        "z": -0.08399800956249237
    },
    "tangent2": {
        "x": 0.13610419631004334,
        "y": 1.3875322341918946,
        "z": 0.35873520374298098
    },
    "endPos": {
        "x": 0.13858598470687867,
        "y": 4.0,
        "z": 0.016616135835647584
    }
}