{
    "_horizontalLines": 17.0,
    "_verticalLines": 19.0,
    "_radius": 0.07473650574684143,
    "_petalColour": {
        "r": 0.7660679817199707,
        "g": 0.5764769911766052,
        "b": 0.9186855554580689,
        "a": 1.0
    },
    "_cylinderVertexCount": 12.0,
    "_stemRadius": 0.03000997006893158,
    "_leafCount": 8.0,
    "_edgeRingCount": 56.0,
    "startPos": {
        "x": 0.0,
        "y": 0.0,
        "z": 0.0
    },
    "tangent1": {
        "x": -0.41297492384910586,
        "y": 0.7133100628852844,
        "z": -0.25145235657691958
    },
    "tangent2": {
        "x": -0.19623050093650819,
        "y": 0.8970012664794922,
        "z": -0.7242269515991211
    },
    "endPos": {
        "x": -0.9359818696975708,
        "y": 4.0,
        "z": -1.257412075996399
    }
}