{
    "_horizontalLines": 18.0,
    "_verticalLines": 16.0,
    "_radius": 0.05428237468004227,
    "_petalColour": {
        "r": 0.9136431217193604,
        "g": 0.594174325466156,
        "b": 0.7500271797180176,
        "a": 1.0
    },
    "_cylinderVertexCount": 5.0,
    "_stemRadius": 0.0382700115442276,
    "_leafCount": 8.0,
    "_edgeRingCount": 17.0,
    "startPos": {
        "x": 0.0,
        "y": 0.0,
        "z": 0.0
    },
    "tangent1": {
        "x": 0.23123586177825929,
        "y": 1.3848575353622437,
        "z": -0.4565962851047516
    },
    "tangent2": {
        "x": 0.6555376052856445,
        "y": 3.217564582824707,
        "z": -0.4725777804851532
    },
    "endPos": {
        "x": 0.11610734462738037,
        "y": 4.8320794105529789,
        "z": -0.5296137928962708
    }
}