{
    "_horizontalLines": 17.0,
    "_verticalLines": 19.0,
    "_radius": 0.05179932713508606,
    "_petalColour": {
        "r": 0.6152499318122864,
        "g": 0.9970848560333252,
        "b": 0.9748644828796387,
        "a": 1.0
    },
    "_cylinderVertexCount": 14.0,
    "_stemRadius": 0.05059538781642914,
    "_leafCount": 8.0,
    "_edgeRingCount": 40.0,
    "startPos": {
        "x": 0.0,
        "y": 0.0,
        "z": 0.0
    },
    "tangent1": {
        "x": -0.4419831335544586,
        "y": 0.2688921093940735,
        "z": 0.13960465788841248
    },
    "tangent2": {
        "x": -0.2433171570301056,
        "y": 2.138482093811035,
        "z": 0.0710846334695816
    },
    "endPos": {
        "x": 0.4647139012813568,
        "y": 4.403149604797363,
        "z": 0.8889703154563904
    }
}