{
    "_horizontalLines": 15.0,
    "_verticalLines": 19.0,
    "_radius": 0.11173544824123383,
    "_petalColour": {
        "r": 0.6256210803985596,
        "g": 0.5130990147590637,
        "b": 0.4050261378288269,
        "a": 1.0
    },
    "_cylinderVertexCount": 14.0,
    "_stemRadius": 0.0896730050444603,
    "_leafCount": 8.0,
    "_edgeRingCount": 64.0,
    "startPos": {
        "x": 0.0,
        "y": 0.0,
        "z": 0.0
    },
    "tangent1": {
        "x": 0.057697247713804248,
        "y": 0.552598774433136,
        "z": -0.20157308876514436
    },
    "tangent2": {
        "x": 0.1333581507205963,
        "y": 0.5692182779312134,
        "z": -0.16674399375915528
    },
    "endPos": {
        "x": -0.01393820345401764,
        "y": 4.0,
        "z": -0.760863721370697
    }
}