{
    "_horizontalLines": 15.0,
    "_verticalLines": 18.0,
    "_radius": 0.09262903034687042,
    "_petalColour": {
        "r": 0.5575700402259827,
        "g": 0.6020150780677795,
        "b": 0.008632063865661621,
        "a": 1.0
    },
    "_cylinderVertexCount": 14.0,
    "_stemRadius": 0.04645795747637749,
    "_leafCount": 8.0,
    "_edgeRingCount": 52.0,
    "startPos": {
        "x": 0.0,
        "y": 0.0,
        "z": 0.0
    },
    "tangent1": {
        "x": -0.16044707596302033,
        "y": 0.26347750425338747,
        "z": -0.25369253754615786
    },
    "tangent2": {
        "x": -0.44769102334976199,
        "y": 2.1267502307891847,
        "z": -0.475402295589447
    },
    "endPos": {
        "x": -1.1142821311950684,
        "y": 5.356093406677246,
        "z": -0.6736007332801819
    }
}