{
    "_horizontalLines": 17.0,
    "_verticalLines": 19.0,
    "_radius": 0.04437536373734474,
    "_petalColour": {
        "r": 0.3823168873786926,
        "g": 0.01463925838470459,
        "b": 0.4908018708229065,
        "a": 1.0
    },
    "_cylinderVertexCount": 12.0,
    "_stemRadius": 0.03477787598967552,
    "_leafCount": 8.0,
    "_edgeRingCount": 16.0,
    "startPos": {
        "x": 0.0,
        "y": 0.0,
        "z": 0.0
    },
    "tangent1": {
        "x": -0.45051050186157229,
        "y": 1.040737509727478,
        "z": 0.275007963180542
    },
    "tangent2": {
        "x": -0.20435619354248048,
        "y": 2.355052947998047,
        "z": 0.4082345962524414
    },
    "endPos": {
        "x": 0.5883395075798035,
        "y": 4.515683174133301,
        "z": -0.3706725835800171
    }
}