{
    "_horizontalLines": 15.0,
    "_verticalLines": 17.0,
    "_radius": 0.05243665724992752,
    "_petalColour": {
        "r": 0.9561470746994019,
        "g": 0.6540384292602539,
        "b": 0.5899199843406677,
        "a": 1.0
    },
    "_cylinderVertexCount": 14.0,
    "_stemRadius": 0.015446608886122704,
    "_leafCount": 8.0,
    "_edgeRingCount": 6.0,
    "startPos": {
        "x": 0.0,
        "y": 0.0,
        "z": 0.0
    },
    "tangent1": {
        "x": 0.3873560130596161,
        "y": 1.058764934539795,
        "z": -0.1256701499223709
    },
    "tangent2": {
        "x": 0.47313737869262698,
        "y": 2.677546501159668,
        "z": 0.03916110098361969
    },
    "endPos": {
        "x": 1.05219566822052,
        "y": 5.47421932220459,
        "z": 0.18423068523406983
    }
}