{
    "_horizontalLines": 16.0,
    "_verticalLines": 15.0,
    "_radius": 0.03806845843791962,
    "_petalColour": {
        "r": 0.7340306043624878,
        "g": 0.6648697853088379,
        "b": 0.26380378007888796,
        "a": 1.0
    },
    "_cylinderVertexCount": 10.0,
    "_stemRadius": 0.033258382230997089,
    "_leafCount": 8.0,
    "_edgeRingCount": 7.0,
    "startPos": {
        "x": 0.0,
        "y": 0.0,
        "z": 0.0
    },
    "tangent1": {
        "x": -0.031271886080503467,
        "y": 0.253736674785614,
        "z": 0.24262702465057374
    },
    "tangent2": {
        "x": 0.30399635434150698,
        "y": 1.7708096504211426,
        "z": 0.3112953305244446
    },
    "endPos": {
        "x": 0.0696805864572525,
        "y": 4.944707870483398,
        "z": 0.13081549108028413
    }
}