{
    "_horizontalLines": 19.0,
    "_verticalLines": 15.0,
    "_radius": 0.1476471871137619,
    "_petalColour": {
        "r": 0.7339141368865967,
        "g": 0.5155029892921448,
        "b": 0.18218791484832765,
        "a": 1.0
    },
    "_cylinderVertexCount": 12.0,
    "_stemRadius": 0.10286303609609604,
    "_leafCount": 8.0,
    "_edgeRingCount": 33.0,
    "startPos": {
        "x": 0.0,
        "y": 0.0,
        "z": 0.0
    },
    "tangent1": {
        "x": -0.10900802910327912,
        "y": 0.16353587806224824,
        "z": 0.49825429916381838
    },
    "tangent2": {
        "x": -0.2247004508972168,
        "y": 0.6526838541030884,
        "z": 0.7724437713623047
    },
    "endPos": {
        "x": -0.08996821939945221,
        "y": 4.0,
        "z": 0.9999790191650391
    }
}