{
    "_horizontalLines": 18.0,
    "_verticalLines": 16.0,
    "_radius": 0.08837440609931946,
    "_petalColour": {
        "r": 0.2989078164100647,
        "g": 0.00232851505279541,
        "b": 0.8192833662033081,
        "a": 1.0
    },
    "_cylinderVertexCount": 9.0,
    "_stemRadius": 0.05627147853374481,
    "_leafCount": 8.0,
    "_edgeRingCount": 56.0,
    "startPos": {
        "x": 0.0,
        "y": 0.0,
        "z": 0.0
    },
    "tangent1": {
        "x": 0.3229188919067383,
        "y": 0.4294225573539734,
        "z": -0.4001597464084625
    },
    "tangent2": {
        "x": -0.0194949209690094,
        "y": 2.426886558532715,
        "z": -0.73851478099823
    },
    "endPos": {
        "x": -0.6106326580047607,
        "y": 4.0,
        "z": -1.4022252559661866
    }
}