{
    "_horizontalLines": 15.0,
    "_verticalLines": 15.0,
    "_radius": 0.10304233431816101,
    "_petalColour": {
        "r": 0.14008855819702149,
        "g": 0.31259602308273318,
        "b": 0.507222592830658,
        "a": 1.0
    },
    "_cylinderVertexCount": 5.0,
    "_stemRadius": 0.05887340381741524,
    "_leafCount": 8.0,
    "_edgeRingCount": 24.0,
    "startPos": {
        "x": 0.0,
        "y": 0.0,
        "z": 0.0
    },
    "tangent1": {
        "x": 0.4398227632045746,
        "y": 0.04141407087445259,
        "z": -0.4915013313293457
    },
    "tangent2": {
        "x": 0.8522580862045288,
        "y": 1.2747536897659302,
        "z": -0.11261320114135742
    },
    "endPos": {
        "x": -0.01961350440979004,
        "y": 4.162780284881592,
        "z": 0.49835407733917239
    }
}