{
    "_horizontalLines": 16.0,
    "_verticalLines": 18.0,
    "_radius": 0.04411964863538742,
    "_petalColour": {
        "r": 0.1225358247756958,
        "g": 0.73215651512146,
        "b": 0.4720318913459778,
        "a": 1.0
    },
    "_cylinderVertexCount": 14.0,
    "_stemRadius": 0.013643269427120686,
    "_leafCount": 8.0,
    "_edgeRingCount": 13.0,
    "startPos": {
        "x": 0.0,
        "y": 0.0,
        "z": 0.0
    },
    "tangent1": {
        "x": -0.015516710467636586,
        "y": 1.7084331512451172,
        "z": 0.19411668181419373
    },
    "tangent2": {
        "x": -0.11162152886390686,
        "y": 3.0049004554748537,
        "z": 0.40230223536491396
    },
    "endPos": {
        "x": -0.7559072971343994,
        "y": 5.367137908935547,
        "z": -0.15208163857460023
    }
}