{
    "_horizontalLines": 16.0,
    "_verticalLines": 15.0,
    "_radius": 0.06832998245954514,
    "_petalColour": {
        "r": 0.9435806274414063,
        "g": 0.01107633113861084,
        "b": 0.1333904266357422,
        "a": 1.0
    },
    "_cylinderVertexCount": 14.0,
    "_stemRadius": 0.029515733942389489,
    "_leafCount": 8.0,
    "_edgeRingCount": 62.0,
    "startPos": {
        "x": 0.0,
        "y": 0.0,
        "z": 0.0
    },
    "tangent1": {
        "x": -0.13086123764514924,
        "y": 0.32192784547805788,
        "z": -0.035047341138124469
    },
    "tangent2": {
        "x": -0.18192735314369203,
        "y": 1.932579755783081,
        "z": 0.2553573250770569
    },
    "endPos": {
        "x": 0.5837535858154297,
        "y": 4.0,
        "z": -0.2678515911102295
    }
}