{
    "_horizontalLines": 17.0,
    "_verticalLines": 15.0,
    "_radius": 0.07070241123437882,
    "_petalColour": {
        "r": 0.5893628001213074,
        "g": 0.30760008096694949,
        "b": 0.5834272503852844,
        "a": 1.0
    },
    "_cylinderVertexCount": 12.0,
    "_stemRadius": 0.06448988616466522,
    "_leafCount": 8.0,
    "_edgeRingCount": 3.0,
    "startPos": {
        "x": 0.0,
        "y": 0.0,
        "z": 0.0
    },
    "tangent1": {
        "x": 0.40159139037132265,
        "y": 0.975193202495575,
        "z": 0.18096360564231873
    },
    "tangent2": {
        "x": 0.2032257467508316,
        "y": 2.367828607559204,
        "z": 0.434405654668808
    },
    "endPos": {
        "x": 0.10522525757551193,
        "y": 4.178127765655518,
        "z": 1.2727978229522706
    }
}