{
    "_horizontalLines": 19.0,
    "_verticalLines": 15.0,
    "_radius": 0.07368852198123932,
    "_petalColour": {
        "r": 0.41350895166397097,
        "g": 0.5534573197364807,
        "b": 0.5090383887290955,
        "a": 1.0
    },
    "_cylinderVertexCount": 9.0,
    "_stemRadius": 0.07214854657649994,
    "_leafCount": 8.0,
    "_edgeRingCount": 5.0,
    "startPos": {
        "x": 0.0,
        "y": 0.0,
        "z": 0.0
    },
    "tangent1": {
        "x": 0.1033749133348465,
        "y": 1.3584647178649903,
        "z": -0.2559640407562256
    },
    "tangent2": {
        "x": -0.27155905961990359,
        "y": 1.5560433864593506,
        "z": 0.0074405670166015629
    },
    "endPos": {
        "x": -1.0387310981750489,
        "y": 4.0,
        "z": -0.33917108178138735
    }
}