{
    "_horizontalLines": 17.0,
    "_verticalLines": 15.0,
    "_radius": 0.09119545668363571,
    "_petalColour": {
        "r": 0.1784369945526123,
        "g": 0.9390867948532105,
        "b": 0.06962275505065918,
        "a": 1.0
    },
    "_cylinderVertexCount": 6.0,
    "_stemRadius": 0.09096839278936386,
    "_leafCount": 8.0,
    "_edgeRingCount": 34.0,
    "startPos": {
        "x": 0.0,
        "y": 0.0,
        "z": 0.0
    },
    "tangent1": {
        "x": -0.01163549441844225,
        "y": 1.7076717615127564,
        "z": 0.3144040107727051
    },
    "tangent2": {
        "x": -0.3762510120868683,
        "y": 2.215184211730957,
        "z": -0.07825374603271485
    },
    "endPos": {
        "x": 0.3772558867931366,
        "y": 4.849753379821777,
        "z": -0.6040493249893189
    }
}