{
    "_horizontalLines": 17.0,
    "_verticalLines": 15.0,
    "_radius": 0.13279032707214356,
    "_petalColour": {
        "r": 0.825969934463501,
        "g": 0.57394939661026,
        "b": 0.37309104204177859,
        "a": 1.0
    },
    "_cylinderVertexCount": 9.0,
    "_stemRadius": 0.10377009958028794,
    "_leafCount": 8.0,
    "_edgeRingCount": 52.0,
    "startPos": {
        "x": 0.0,
        "y": 0.0,
        "z": 0.0
    },
    "tangent1": {
        "x": -0.15126700699329377,
        "y": 1.997060775756836,
        "z": -0.3399083912372589
    },
    "tangent2": {
        "x": 0.2096671313047409,
        "y": 3.3385181427001955,
        "z": -0.5308347344398499
    },
    "endPos": {
        "x": 0.7226474285125732,
        "y": 6.300000190734863,
        "z": -1.3479961156845093
    }
}