{
    "_horizontalLines": 16.0,
    "_verticalLines": 15.0,
    "_radius": 0.056067463010549548,
    "_petalColour": {
        "r": 0.3207675814628601,
        "g": 0.4166033864021301,
        "b": 0.9473285675048828,
        "a": 1.0
    },
    "_cylinderVertexCount": 7.0,
    "_stemRadius": 0.02770724892616272,
    "_leafCount": 8.0,
    "_edgeRingCount": 33.0,
    "startPos": {
        "x": 0.0,
        "y": 0.0,
        "z": 0.0
    },
    "tangent1": {
        "x": 0.3388150930404663,
        "y": 0.11521072685718537,
        "z": 0.16317199170589448
    },
    "tangent2": {
        "x": 0.4953019618988037,
        "y": 1.3792434930801392,
        "z": 0.21327799558639527
    },
    "endPos": {
        "x": 1.2648881673812867,
        "y": 4.0,
        "z": -0.06631526350975037
    }
}