{
    "_horizontalLines": 16.0,
    "_verticalLines": 19.0,
    "_radius": 0.09889225661754608,
    "_petalColour": {
        "r": 0.19462251663208009,
        "g": 0.35374146699905398,
        "b": 0.06317520141601563,
        "a": 1.0
    },
    "_cylinderVertexCount": 12.0,
    "_stemRadius": 0.07569567859172821,
    "_leafCount": 8.0,
    "_edgeRingCount": 46.0,
    "startPos": {
        "x": 0.0,
        "y": 0.0,
        "z": 0.0
    },
    "tangent1": {
        "x": -0.42032259702682497,
        "y": 0.8811262249946594,
        "z": -0.06905980408191681
    },
    "tangent2": {
        "x": -0.4602036476135254,
        "y": 1.1248235702514649,
        "z": 0.29984962940216067
    },
    "endPos": {
        "x": -1.1434662342071534,
        "y": 4.0,
        "z": 0.08176420629024506
    }
}