{
    "_horizontalLines": 15.0,
    "_verticalLines": 15.0,
    "_radius": 0.15147912502288819,
    "_petalColour": {
        "r": 0.28033310174942019,
        "g": 0.9883695840835571,
        "b": 0.49945157766342165,
        "a": 1.0
    },
    "_cylinderVertexCount": 13.0,
    "_stemRadius": 0.10527584701776505,
    "_leafCount": 8.0,
    "_edgeRingCount": 19.0,
    "startPos": {
        "x": 0.0,
        "y": 0.0,
        "z": 0.0
    },
    "tangent1": {
        "x": 0.21427974104881288,
        "y": 0.5625619292259216,
        "z": 0.20052099227905274
    },
    "tangent2": {
        "x": 0.19981150329113007,
        "y": 0.964279294013977,
        "z": -0.1307462751865387
    },
    "endPos": {
        "x": -0.013172835111618042,
        "y": 4.0,
        "z": 0.4411315619945526
    }
}