{
    "_horizontalLines": 15.0,
    "_verticalLines": 16.0,
    "_radius": 0.06405486166477204,
    "_petalColour": {
        "r": 0.26821666955947878,
        "g": 0.3641055226325989,
        "b": 0.525505006313324,
        "a": 1.0
    },
    "_cylinderVertexCount": 6.0,
    "_stemRadius": 0.05073677748441696,
    "_leafCount": 8.0,
    "_edgeRingCount": 6.0,
    "startPos": {
        "x": 0.0,
        "y": 0.0,
        "z": 0.0
    },
    "tangent1": {
        "x": -0.36024054884910586,
        "y": 0.3566219210624695,
        "z": 0.13693712651729585
    },
    "tangent2": {
        "x": 0.09842348098754883,
        "y": 0.8138742446899414,
        "z": 0.06821945309638977
    },
    "endPos": {
        "x": 0.33720311522483828,
        "y": 4.0,
        "z": 0.49314671754837038
    }
}