{
    "_horizontalLines": 17.0,
    "_verticalLines": 18.0,
    "_radius": 0.10637427866458893,
    "_petalColour": {
        "r": 0.5675737261772156,
        "g": 0.28329795598983767,
        "b": 0.9484759569168091,
        "a": 1.0
    },
    "_cylinderVertexCount": 9.0,
    "_stemRadius": 0.09925635904073715,
    "_leafCount": 8.0,
    "_edgeRingCount": 43.0,
    "startPos": {
        "x": 0.0,
        "y": 0.0,
        "z": 0.0
    },
    "tangent1": {
        "x": -0.36866769194602969,
        "y": 0.07765750586986542,
        "z": 0.14359520375728608
    },
    "tangent2": {
        "x": -0.36089399456977847,
        "y": 1.0506408214569092,
        "z": -0.31598156690597536
    },
    "endPos": {
        "x": -1.1318172216415406,
        "y": 4.088781833648682,
        "z": 0.3761051297187805
    }
}