{
    "_horizontalLines": 15.0,
    "_verticalLines": 16.0,
    "_radius": 0.06203361228108406,
    "_petalColour": {
        "r": 0.08419620990753174,
        "g": 0.9580315351486206,
        "b": 0.4702957272529602,
        "a": 1.0
    },
    "_cylinderVertexCount": 5.0,
    "_stemRadius": 0.021765010431408883,
    "_leafCount": 8.0,
    "_edgeRingCount": 14.0,
    "startPos": {
        "x": 0.0,
        "y": 0.0,
        "z": 0.0
    },
    "tangent1": {
        "x": 0.1513274908065796,
        "y": 0.21450920403003694,
        "z": -0.42397403717041018
    },
    "tangent2": {
        "x": -0.1106860339641571,
        "y": 1.8050247430801392,
        "z": -0.5177566409111023
    },
    "endPos": {
        "x": -0.5444951057434082,
        "y": 4.0,
        "z": 0.31074029207229617
    }
}