{
    "_horizontalLines": 16.0,
    "_verticalLines": 18.0,
    "_radius": 0.13506267964839936,
    "_petalColour": {
        "r": 0.5179467797279358,
        "g": 0.9104676246643066,
        "b": 0.24239349365234376,
        "a": 1.0
    },
    "_cylinderVertexCount": 8.0,
    "_stemRadius": 0.113136425614357,
    "_leafCount": 8.0,
    "_edgeRingCount": 4.0,
    "startPos": {
        "x": 0.0,
        "y": 0.0,
        "z": 0.0
    },
    "tangent1": {
        "x": 0.3808147609233856,
        "y": 0.08403949439525604,
        "z": 0.47106146812438967
    },
    "tangent2": {
        "x": 0.4276917278766632,
        "y": 0.7435394525527954,
        "z": 0.09611687064170838
    },
    "endPos": {
        "x": 0.5716024041175842,
        "y": 4.0,
        "z": -0.7490963935852051
    }
}