{
    "_horizontalLines": 17.0,
    "_verticalLines": 15.0,
    "_radius": 0.1420222967863083,
    "_petalColour": {
        "r": 0.38550764322280886,
        "g": 0.3845958113670349,
        "b": 0.6968357563018799,
        "a": 1.0
    },
    "_cylinderVertexCount": 9.0,
    "_stemRadius": 0.11787568032741547,
    "_leafCount": 8.0,
    "_edgeRingCount": 45.0,
    "startPos": {
        "x": 0.0,
        "y": 0.0,
        "z": 0.0
    },
    "tangent1": {
        "x": 0.3952629268169403,
        "y": 1.9906173944473267,
        "z": -0.14764709770679475
    },
    "tangent2": {
        "x": 0.7873713970184326,
        "y": 3.6833152770996095,
        "z": -0.36659684777259829
    },
    "endPos": {
        "x": 1.1730328798294068,
        "y": 4.0,
        "z": 0.08466389775276184
    }
}