{
    "_horizontalLines": 19.0,
    "_verticalLines": 19.0,
    "_radius": 0.08764994144439697,
    "_petalColour": {
        "r": 0.4512384533882141,
        "g": 0.9146937131881714,
        "b": 0.6105849146842957,
        "a": 1.0
    },
    "_cylinderVertexCount": 8.0,
    "_stemRadius": 0.04624910652637482,
    "_leafCount": 8.0,
    "_edgeRingCount": 30.0,
    "startPos": {
        "x": 0.0,
        "y": 0.0,
        "z": 0.0
    },
    "tangent1": {
        "x": 0.06869201362133026,
        "y": 0.021885108202695848,
        "z": 0.22873592376708985
    },
    "tangent2": {
        "x": -0.01348567008972168,
        "y": 1.8658941984176636,
        "z": 0.23002596199512483
    },
    "endPos": {
        "x": 0.29731646180152895,
        "y": 4.0,
        "z": 0.9305366277694702
    }
}