{
    "_horizontalLines": 17.0,
    "_verticalLines": 18.0,
    "_radius": 0.07253880798816681,
    "_petalColour": {
        "r": 0.5967808365821838,
        "g": 0.6876683235168457,
        "b": 0.9956597089767456,
        "a": 1.0
    },
    "_cylinderVertexCount": 14.0,
    "_stemRadius": 0.03818407282233238,
    "_leafCount": 8.0,
    "_edgeRingCount": 19.0,
    "startPos": {
        "x": 0.0,
        "y": 0.0,
        "z": 0.0
    },
    "tangent1": {
        "x": 0.43208780884742739,
        "y": 1.7753715515136719,
        "z": 0.08371596038341522
    },
    "tangent2": {
        "x": 0.7272069454193115,
        "y": 2.596513032913208,
        "z": 0.15657171607017518
    },
    "endPos": {
        "x": 0.7777279019355774,
        "y": 4.7345099449157719,
        "z": 0.06015337258577347
    }
}