{
    "_horizontalLines": 19.0,
    "_verticalLines": 17.0,
    "_radius": 0.143074169754982,
    "_petalColour": {
        "r": 0.8624314069747925,
        "g": 0.5914533734321594,
        "b": 0.9484816789627075,
        "a": 1.0
    },
    "_cylinderVertexCount": 10.0,
    "_stemRadius": 0.09803974628448487,
    "_leafCount": 8.0,
    "_edgeRingCount": 12.0,
    "startPos": {
        "x": 0.0,
        "y": 0.0,
        "z": 0.0
    },
    "tangent1": {
        "x": 0.24270176887512208,
        "y": 0.7917100787162781,
        "z": -0.4640774726867676
    },
    "tangent2": {
        "x": 0.40273451805114748,
        "y": 2.196869134902954,
        "z": -0.33320751786231997
    },
    "endPos": {
        "x": 0.8537963628768921,
        "y": 4.330265998840332,
        "z": -0.8484729528427124
    }
}