{
    "_horizontalLines": 15.0,
    "_verticalLines": 16.0,
    "_radius": -0.000991611392237246,
    "_petalColour": {
        "r": 0.834904670715332,
        "g": 0.7971255779266357,
        "b": 0.9573972225189209,
        "a": 1.0
    },
    "_cylinderVertexCount": 6.0,
    "_stemRadius": -0.005215725861489773,
    "_leafCount": 8.0,
    "_edgeRingCount": 40.0,
    "startPos": {
        "x": 0.0,
        "y": 0.0,
        "z": 0.0
    },
    "tangent1": {
        "x": -0.23252220451831819,
        "y": 0.7849639654159546,
        "z": -0.42075595259666445
    },
    "tangent2": {
        "x": -0.1760641634464264,
        "y": 1.519650936126709,
        "z": -0.5994609594345093
    },
    "endPos": {
        "x": -0.10087794810533524,
        "y": 4.0,
        "z": -0.5537890791893005
    }
}