{
    "_horizontalLines": 16.0,
    "_verticalLines": 19.0,
    "_radius": 0.07573835551738739,
    "_petalColour": {
        "r": 0.35277193784713747,
        "g": 0.5293118357658386,
        "b": 0.929853081703186,
        "a": 1.0
    },
    "_cylinderVertexCount": 10.0,
    "_stemRadius": 0.06737849116325379,
    "_leafCount": 8.0,
    "_edgeRingCount": 21.0,
    "startPos": {
        "x": 0.0,
        "y": 0.0,
        "z": 0.0
    },
    "tangent1": {
        "x": 0.24279022216796876,
        "y": 1.7572181224822999,
        "z": -0.4590591490268707
    },
    "tangent2": {
        "x": -0.022159188985824586,
        "y": 3.0499792098999025,
        "z": -0.7274874448776245
    },
    "endPos": {
        "x": 0.3483784794807434,
        "y": 4.0,
        "z": -0.28308412432670596
    }
}