{
    "_horizontalLines": 18.0,
    "_verticalLines": 18.0,
    "_radius": 0.146291121840477,
    "_petalColour": {
        "r": 0.8127176761627197,
        "g": 0.4821767210960388,
        "b": 0.938495397567749,
        "a": 1.0
    },
    "_cylinderVertexCount": 10.0,
    "_stemRadius": 0.11737196892499924,
    "_leafCount": 8.0,
    "_edgeRingCount": 54.0,
    "startPos": {
        "x": 0.0,
        "y": 0.0,
        "z": 0.0
    },
    "tangent1": {
        "x": -0.32106027007102969,
        "y": 1.845359444618225,
        "z": 0.2927640676498413
    },
    "tangent2": {
        "x": -0.21441568434238435,
        "y": 2.59350848197937,
        "z": 0.7885317802429199
    },
    "endPos": {
        "x": -0.980395495891571,
        "y": 5.379415988922119,
        "z": 0.9324231147766113
    }
}