{
    "_horizontalLines": 16.0,
    "_verticalLines": 16.0,
    "_radius": 0.05228980630636215,
    "_petalColour": {
        "r": 0.7345210313796997,
        "g": 0.6011191010475159,
        "b": 0.42181676626205447,
        "a": 1.0
    },
    "_cylinderVertexCount": 10.0,
    "_stemRadius": 0.032084375619888309,
    "_leafCount": 8.0,
    "_edgeRingCount": 63.0,
    "startPos": {
        "x": 0.0,
        "y": 0.0,
        "z": 0.0
    },
    "tangent1": {
        "x": -0.10211877524852753,
        "y": 1.2562233209609986,
        "z": -0.4573587477207184
    },
    "tangent2": {
        "x": 0.08450764417648316,
        "y": 1.68131685256958,
        "z": -0.29746145009994509
    },
    "endPos": {
        "x": -0.18132486939430238,
        "y": 4.0,
        "z": 0.29229772090911868
    }
}