{
    "_horizontalLines": 18.0,
    "_verticalLines": 16.0,
    "_radius": 0.0008337391773238778,
    "_petalColour": {
        "r": 0.5489303469657898,
        "g": 0.4465615153312683,
        "b": 0.5772507786750794,
        "a": 1.0
    },
    "_cylinderVertexCount": 8.0,
    "_stemRadius": -0.00456570740789175,
    "_leafCount": 8.0,
    "_edgeRingCount": 53.0,
    "startPos": {
        "x": 0.0,
        "y": 0.0,
        "z": 0.0
    },
    "tangent1": {
        "x": -0.3401311933994293,
        "y": 0.041640471667051318,
        "z": 0.1568591445684433
    },
    "tangent2": {
        "x": -0.4955941438674927,
        "y": 1.2628380060195923,
        "z": -0.18561722338199616
    },
    "endPos": {
        "x": -1.1614723205566407,
        "y": 4.0,
        "z": -0.7078855037689209
    }
}