{
    "_horizontalLines": 19.0,
    "_verticalLines": 15.0,
    "_radius": 0.0779387354850769,
    "_petalColour": {
        "r": 0.6713026762008667,
        "g": 0.011819601058959961,
        "b": 0.8737049102783203,
        "a": 1.0
    },
    "_cylinderVertexCount": 6.0,
    "_stemRadius": 0.05166509374976158,
    "_leafCount": 8.0,
    "_edgeRingCount": 32.0,
    "startPos": {
        "x": 0.0,
        "y": 0.0,
        "z": 0.0
    },
    "tangent1": {
        "x": -0.25393247604370119,
        "y": 0.704128086566925,
        "z": -0.3838864266872406
    },
    "tangent2": {
        "x": 0.12318170070648194,
        "y": 1.4354612827301026,
        "z": -0.6435006856918335
    },
    "endPos": {
        "x": 0.2325754016637802,
        "y": 4.436354637145996,
        "z": -1.4490330219268799
    }
}