{
    "_horizontalLines": 16.0,
    "_verticalLines": 16.0,
    "_radius": 0.10183623433113098,
    "_petalColour": {
        "r": 0.387246310710907,
        "g": 0.11348521709442139,
        "b": 0.8379265069961548,
        "a": 1.0
    },
    "_cylinderVertexCount": 12.0,
    "_stemRadius": 0.09565673023462296,
    "_leafCount": 8.0,
    "_edgeRingCount": 60.0,
    "startPos": {
        "x": 0.0,
        "y": 0.0,
        "z": 0.0
    },
    "tangent1": {
        "x": 0.2673739194869995,
        "y": 0.15575866401195527,
        "z": -0.3112754821777344
    },
    "tangent2": {
        "x": 0.751697301864624,
        "y": 2.027195453643799,
        "z": -0.6414227485656738
    },
    "endPos": {
        "x": 0.12650960683822633,
        "y": 4.0,
        "z": -0.002515435218811035
    }
}