{
    "_horizontalLines": 19.0,
    "_verticalLines": 15.0,
    "_radius": 0.06716234982013703,
    "_petalColour": {
        "r": 0.7864201068878174,
        "g": 0.35041922330856326,
        "b": 0.47669488191604617,
        "a": 1.0
    },
    "_cylinderVertexCount": 9.0,
    "_stemRadius": 0.06687818467617035,
    "_leafCount": 8.0,
    "_edgeRingCount": 14.0,
    "startPos": {
        "x": 0.0,
        "y": 0.0,
        "z": 0.0
    },
    "tangent1": {
        "x": 0.22363269329071046,
        "y": 0.934962272644043,
        "z": -0.08661679923534394
    },
    "tangent2": {
        "x": 0.39897072315216067,
        "y": 1.305969476699829,
        "z": -0.3213977813720703
    },
    "endPos": {
        "x": 0.6329575777053833,
        "y": 4.0,
        "z": 0.31880563497543337
    }
}