{
    "_horizontalLines": 19.0,
    "_verticalLines": 18.0,
    "_radius": 0.09630446135997772,
    "_petalColour": {
        "r": 0.9037522077560425,
        "g": 0.604858934879303,
        "b": 0.6997402906417847,
        "a": 1.0
    },
    "_cylinderVertexCount": 9.0,
    "_stemRadius": 0.07141425460577011,
    "_leafCount": 8.0,
    "_edgeRingCount": 5.0,
    "startPos": {
        "x": 0.0,
        "y": 0.0,
        "z": 0.0
    },
    "tangent1": {
        "x": 0.44730257987976076,
        "y": 1.1648448705673218,
        "z": -0.43740567564964297
    },
    "tangent2": {
        "x": 0.48870474100112917,
        "y": 1.408814549446106,
        "z": -0.7998114824295044
    },
    "endPos": {
        "x": 0.45039477944374087,
        "y": 4.0,
        "z": -0.6803356409072876
    }
}