{
    "_horizontalLines": 19.0,
    "_verticalLines": 19.0,
    "_radius": 0.05829545855522156,
    "_petalColour": {
        "r": 0.8433736562728882,
        "g": 0.10338616371154785,
        "b": 0.8766748905181885,
        "a": 1.0
    },
    "_cylinderVertexCount": 6.0,
    "_stemRadius": 0.0379919670522213,
    "_leafCount": 8.0,
    "_edgeRingCount": 51.0,
    "startPos": {
        "x": 0.0,
        "y": 0.0,
        "z": 0.0
    },
    "tangent1": {
        "x": 0.31100547313690188,
        "y": 0.713667094707489,
        "z": 0.4421844482421875
    },
    "tangent2": {
        "x": 0.7057201862335205,
        "y": 1.4045991897583008,
        "z": 0.5572951436042786
    },
    "endPos": {
        "x": 0.6632096767425537,
        "y": 4.759917259216309,
        "z": 0.8782672882080078
    }
}