{
    "_horizontalLines": 19.0,
    "_verticalLines": 15.0,
    "_radius": 0.0875832736492157,
    "_petalColour": {
        "r": 0.4295737147331238,
        "g": 0.6627997159957886,
        "b": 0.995776891708374,
        "a": 1.0
    },
    "_cylinderVertexCount": 11.0,
    "_stemRadius": 0.07234884053468704,
    "_leafCount": 8.0,
    "_edgeRingCount": 48.0,
    "startPos": {
        "x": 0.0,
        "y": 0.0,
        "z": 0.0
    },
    "tangent1": {
        "x": 0.35208749771118166,
        "y": 0.7857263684272766,
        "z": 0.042983006685972217
    },
    "tangent2": {
        "x": 0.05293712019920349,
        "y": 1.0281959772109986,
        "z": 0.45975393056869509
    },
    "endPos": {
        "x": 0.021479789167642595,
        "y": 4.0,
        "z": -0.15155911445617677
    }
}