{
    "_horizontalLines": 19.0,
    "_verticalLines": 16.0,
    "_radius": 0.06472267210483551,
    "_petalColour": {
        "r": 0.8817894458770752,
        "g": 0.28427940607070925,
        "b": 0.49943143129348757,
        "a": 1.0
    },
    "_cylinderVertexCount": 14.0,
    "_stemRadius": 0.02155878394842148,
    "_leafCount": 8.0,
    "_edgeRingCount": 8.0,
    "startPos": {
        "x": 0.0,
        "y": 0.0,
        "z": 0.0
    },
    "tangent1": {
        "x": -0.37912920117378237,
        "y": 1.1549277305603028,
        "z": -0.2939571440219879
    },
    "tangent2": {
        "x": -0.7743250727653503,
        "y": 2.083651304244995,
        "z": -0.5191661715507507
    },
    "endPos": {
        "x": -0.35093405842781069,
        "y": 4.0,
        "z": -1.3411242961883546
    }
}