{
    "_horizontalLines": 16.0,
    "_verticalLines": 19.0,
    "_radius": 0.07762704789638519,
    "_petalColour": {
        "r": 0.06344568729400635,
        "g": 0.1402897834777832,
        "b": 0.8761297464370728,
        "a": 1.0
    },
    "_cylinderVertexCount": 9.0,
    "_stemRadius": 0.04374879598617554,
    "_leafCount": 8.0,
    "_edgeRingCount": 33.0,
    "startPos": {
        "x": 0.0,
        "y": 0.0,
        "z": 0.0
    },
    "tangent1": {
        "x": 0.2397671639919281,
        "y": 1.0749964714050294,
        "z": -0.41433295607566836
    },
    "tangent2": {
        "x": 0.6130228042602539,
        "y": 1.2417843341827393,
        "z": -0.3832578957080841
    },
    "endPos": {
        "x": 1.2576587200164796,
        "y": 4.0,
        "z": 0.11087453365325928
    }
}