{
    "_horizontalLines": 15.0,
    "_verticalLines": 18.0,
    "_radius": 0.08914969861507416,
    "_petalColour": {
        "r": 0.13695991039276124,
        "g": 0.8000808954238892,
        "b": 0.7244879007339478,
        "a": 1.0
    },
    "_cylinderVertexCount": 6.0,
    "_stemRadius": 0.06786283105611801,
    "_leafCount": 8.0,
    "_edgeRingCount": 22.0,
    "startPos": {
        "x": 0.0,
        "y": 0.0,
        "z": 0.0
    },
    "tangent1": {
        "x": -0.21790389716625215,
        "y": 0.5001987218856812,
        "z": 0.3862818479537964
    },
    "tangent2": {
        "x": -0.056815922260284427,
        "y": 1.9467471837997437,
        "z": 0.4839310050010681
    },
    "endPos": {
        "x": 0.33993005752563479,
        "y": 4.514943599700928,
        "z": 0.7849277257919312
    }
}