{
    "_horizontalLines": 18.0,
    "_verticalLines": 16.0,
    "_radius": 0.09745538234710694,
    "_petalColour": {
        "r": 0.9314504861831665,
        "g": 0.7628452777862549,
        "b": 0.5345404744148254,
        "a": 1.0
    },
    "_cylinderVertexCount": 6.0,
    "_stemRadius": 0.08450262993574143,
    "_leafCount": 8.0,
    "_edgeRingCount": 40.0,
    "startPos": {
        "x": 0.0,
        "y": 0.0,
        "z": 0.0
    },
    "tangent1": {
        "x": -0.252539724111557,
        "y": 0.3009330630302429,
        "z": -0.1633727103471756
    },
    "tangent2": {
        "x": -0.3247418999671936,
        "y": 0.9827461242675781,
        "z": 0.006227284669876099
    },
    "endPos": {
        "x": 0.43269264698028567,
        "y": 4.0,
        "z": -0.6783396005630493
    }
}