{
    "_horizontalLines": 16.0,
    "_verticalLines": 15.0,
    "_radius": 0.09586868435144425,
    "_petalColour": {
        "r": 0.6784166097640991,
        "g": 0.5383937954902649,
        "b": 0.5542075037956238,
        "a": 1.0
    },
    "_cylinderVertexCount": 8.0,
    "_stemRadius": 0.06317058950662613,
    "_leafCount": 8.0,
    "_edgeRingCount": 32.0,
    "startPos": {
        "x": 0.0,
        "y": 0.0,
        "z": 0.0
    },
    "tangent1": {
        "x": -0.2782726287841797,
        "y": 0.3093187212944031,
        "z": 0.3248682916164398
    },
    "tangent2": {
        "x": -0.15134871006011964,
        "y": 0.7988405227661133,
        "z": 0.7571225166320801
    },
    "endPos": {
        "x": -0.4895643889904022,
        "y": 4.0,
        "z": 1.2346165180206299
    }
}