{
    "_horizontalLines": 16.0,
    "_verticalLines": 15.0,
    "_radius": 0.11825099587440491,
    "_petalColour": {
        "r": 0.8777304887771606,
        "g": 0.9632192850112915,
        "b": 0.19372200965881349,
        "a": 1.0
    },
    "_cylinderVertexCount": 10.0,
    "_stemRadius": 0.09417348355054856,
    "_leafCount": 8.0,
    "_edgeRingCount": 49.0,
    "startPos": {
        "x": 0.0,
        "y": 0.0,
        "z": 0.0
    },
    "tangent1": {
        "x": 0.4188670217990875,
        "y": 1.667048692703247,
        "z": -0.22728542983531953
    },
    "tangent2": {
        "x": 0.7357579469680786,
        "y": 3.2142632007598879,
        "z": -0.08952862024307251
    },
    "endPos": {
        "x": 1.2177820205688477,
        "y": 6.300000190734863,
        "z": 0.2947028875350952
    }
}