{
    "_horizontalLines": 16.0,
    "_verticalLines": 15.0,
    "_radius": 0.12338171154260636,
    "_petalColour": {
        "r": 0.0727386474609375,
        "g": 0.8094195127487183,
        "b": 0.9122252464294434,
        "a": 1.0
    },
    "_cylinderVertexCount": 8.0,
    "_stemRadius": 0.11723702400922775,
    "_leafCount": 8.0,
    "_edgeRingCount": 27.0,
    "startPos": {
        "x": 0.0,
        "y": 0.0,
        "z": 0.0
    },
    "tangent1": {
        "x": 0.49048781394958498,
        "y": 1.0447059869766236,
        "z": -0.13968248665332795
    },
    "tangent2": {
        "x": 0.544730007648468,
        "y": 2.0124082565307619,
        "z": 0.1557423323392868
    },
    "endPos": {
        "x": -0.1510075330734253,
        "y": 4.0,
        "z": 0.17147459089756013
    }
}