{
    "_horizontalLines": 16.0,
    "_verticalLines": 17.0,
    "_radius": 0.06815502792596817,
    "_petalColour": {
        "r": 0.13399410247802735,
        "g": 0.8173606395721436,
        "b": 0.6008785367012024,
        "a": 1.0
    },
    "_cylinderVertexCount": 7.0,
    "_stemRadius": 0.029258273541927339,
    "_leafCount": 8.0,
    "_edgeRingCount": 5.0,
    "startPos": {
        "x": 0.0,
        "y": 0.0,
        "z": 0.0
    },
    "tangent1": {
        "x": 0.321125864982605,
        "y": 0.9441404342651367,
        "z": -0.3300761282444
    },
    "tangent2": {
        "x": -0.1366264522075653,
        "y": 2.429825782775879,
        "z": -0.6808878779411316
    },
    "endPos": {
        "x": 0.5712517499923706,
        "y": 5.732291221618652,
        "z": -1.3452274799346924
    }
}