{
    "_horizontalLines": 18.0,
    "_verticalLines": 16.0,
    "_radius": 0.026539158076047899,
    "_petalColour": {
        "r": 0.2762354016304016,
        "g": 0.5138999819755554,
        "b": 0.37097758054733279,
        "a": 1.0
    },
    "_cylinderVertexCount": 6.0,
    "_stemRadius": 0.019789952784776689,
    "_leafCount": 8.0,
    "_edgeRingCount": 32.0,
    "startPos": {
        "x": 0.0,
        "y": 0.0,
        "z": 0.0
    },
    "tangent1": {
        "x": 0.24529540538787843,
        "y": 1.8949973583221436,
        "z": 0.10405226051807404
    },
    "tangent2": {
        "x": 0.31476670503616335,
        "y": 3.528963565826416,
        "z": 0.4131382703781128
    },
    "endPos": {
        "x": 0.8714063763618469,
        "y": 4.231021881103516,
        "z": -0.1850910186767578
    }
}