{
    "_horizontalLines": 19.0,
    "_verticalLines": 17.0,
    "_radius": 0.06115828827023506,
    "_petalColour": {
        "r": 0.6829909086227417,
        "g": 0.49171048402786257,
        "b": 0.3837410807609558,
        "a": 1.0
    },
    "_cylinderVertexCount": 12.0,
    "_stemRadius": 0.05535873770713806,
    "_leafCount": 8.0,
    "_edgeRingCount": 18.0,
    "startPos": {
        "x": 0.0,
        "y": 0.0,
        "z": 0.0
    },
    "tangent1": {
        "x": 0.11850614845752716,
        "y": 0.4951322674751282,
        "z": -0.24948497116565705
    },
    "tangent2": {
        "x": 0.0662640631198883,
        "y": 1.2062642574310303,
        "z": -0.4925730228424072
    },
    "endPos": {
        "x": 0.9114401340484619,
        "y": 4.0,
        "z": -1.0108602046966553
    }
}