{
    "_horizontalLines": 15.0,
    "_verticalLines": 17.0,
    "_radius": 0.08714649081230164,
    "_petalColour": {
        "r": 0.30892688035964968,
        "g": 0.7091851234436035,
        "b": 0.42373019456863406,
        "a": 1.0
    },
    "_cylinderVertexCount": 5.0,
    "_stemRadius": 0.07350021600723267,
    "_leafCount": 8.0,
    "_edgeRingCount": 38.0,
    "startPos": {
        "x": 0.0,
        "y": 0.0,
        "z": 0.0
    },
    "tangent1": {
        "x": -0.4874626100063324,
        "y": 1.06984281539917,
        "z": -0.4422987103462219
    },
    "tangent2": {
        "x": -0.6920307278633118,
        "y": 1.6324213743209839,
        "z": -0.25045520067214968
    },
    "endPos": {
        "x": -1.0553468465805054,
        "y": 4.0,
        "z": -0.08285088837146759
    }
}