{
    "_horizontalLines": 16.0,
    "_verticalLines": 17.0,
    "_radius": 0.014456854201853276,
    "_petalColour": {
        "r": 0.5226178765296936,
        "g": 0.4038591980934143,
        "b": 0.4242754578590393,
        "a": 1.0
    },
    "_cylinderVertexCount": 11.0,
    "_stemRadius": -0.001839155680499971,
    "_leafCount": 8.0,
    "_edgeRingCount": 11.0,
    "startPos": {
        "x": 0.0,
        "y": 0.0,
        "z": 0.0
    },
    "tangent1": {
        "x": -0.2214166671037674,
        "y": 0.6670978665351868,
        "z": 0.4602334499359131
    },
    "tangent2": {
        "x": -0.09564992785453797,
        "y": 2.407304048538208,
        "z": 0.6402367353439331
    },
    "endPos": {
        "x": 0.7742383480072022,
        "y": 4.99737548828125,
        "z": 0.03691166639328003
    }
}