{
    "_horizontalLines": 17.0,
    "_verticalLines": 17.0,
    "_radius": 0.06178302690386772,
    "_petalColour": {
        "r": 0.11890101432800293,
        "g": 0.8231527805328369,
        "b": 0.2915235161781311,
        "a": 1.0
    },
    "_cylinderVertexCount": 8.0,
    "_stemRadius": 0.02746438980102539,
    "_leafCount": 8.0,
    "_edgeRingCount": 40.0,
    "startPos": {
        "x": 0.0,
        "y": 0.0,
        "z": 0.0
    },
    "tangent1": {
        "x": -0.4395504891872406,
        "y": 0.3740636706352234,
        "z": 0.37673425674438479
    },
    "tangent2": {
        "x": -0.10339757800102234,
        "y": 1.8315985202789307,
        "z": -0.08443394303321839
    },
    "endPos": {
        "x": -0.8634172677993774,
        "y": 4.66450309753418,
        "z": 0.30242419242858889
    }
}