{
    "_horizontalLines": 18.0,
    "_verticalLines": 19.0,
    "_radius": 0.03191607445478439,
    "_petalColour": {
        "r": 0.4576030373573303,
        "g": 0.5652621388435364,
        "b": 0.3108946681022644,
        "a": 1.0
    },
    "_cylinderVertexCount": 6.0,
    "_stemRadius": 0.011126442812383175,
    "_leafCount": 8.0,
    "_edgeRingCount": 30.0,
    "startPos": {
        "x": 0.0,
        "y": 0.0,
        "z": 0.0
    },
    "tangent1": {
        "x": -0.02995128557085991,
        "y": 1.447225570678711,
        "z": 0.062405776232481
    },
    "tangent2": {
        "x": 0.3576546013355255,
        "y": 2.8645782470703127,
        "z": 0.314297616481781
    },
    "endPos": {
        "x": 0.14906080067157746,
        "y": 4.0,
        "z": -0.542826771736145
    }
}