{
    "_horizontalLines": 19.0,
    "_verticalLines": 17.0,
    "_radius": 0.07752061635255814,
    "_petalColour": {
        "r": 0.3747485280036926,
        "g": 0.5433651804924011,
        "b": 0.2005075216293335,
        "a": 1.0
    },
    "_cylinderVertexCount": 7.0,
    "_stemRadius": 0.038055453449487689,
    "_leafCount": 8.0,
    "_edgeRingCount": 26.0,
    "startPos": {
        "x": 0.0,
        "y": 0.0,
        "z": 0.0
    },
    "tangent1": {
        "x": 0.009264898486435414,
        "y": 0.9394668340682983,
        "z": 0.2881120443344116
    },
    "tangent2": {
        "x": -0.2637823224067688,
        "y": 1.7729166746139527,
        "z": 0.3239852786064148
    },
    "endPos": {
        "x": -0.7790621519088745,
        "y": 4.0,
        "z": -0.1033877432346344
    }
}