{
    "_horizontalLines": 19.0,
    "_verticalLines": 15.0,
    "_radius": 0.07698585838079453,
    "_petalColour": {
        "r": 0.09378564357757569,
        "g": 0.5767413973808289,
        "b": 0.6620826721191406,
        "a": 1.0
    },
    "_cylinderVertexCount": 7.0,
    "_stemRadius": 0.048846419900655749,
    "_leafCount": 8.0,
    "_edgeRingCount": 26.0,
    "startPos": {
        "x": 0.0,
        "y": 0.0,
        "z": 0.0
    },
    "tangent1": {
        "x": 0.07251982390880585,
        "y": 1.5859447717666627,
        "z": -0.17809729278087617
    },
    "tangent2": {
        "x": 0.015692468732595445,
        "y": 2.325119733810425,
        "z": -0.08738455176353455
    },
    "endPos": {
        "x": -0.5391867160797119,
        "y": 5.098258972167969,
        "z": -0.7169514894485474
    }
}