{
    "_horizontalLines": 19.0,
    "_verticalLines": 16.0,
    "_radius": 0.11000149697065354,
    "_petalColour": {
        "r": 0.010547995567321778,
        "g": 0.002683401107788086,
        "b": 0.2316950559616089,
        "a": 1.0
    },
    "_cylinderVertexCount": 14.0,
    "_stemRadius": 0.07460420578718186,
    "_leafCount": 8.0,
    "_edgeRingCount": 32.0,
    "startPos": {
        "x": 0.0,
        "y": 0.0,
        "z": 0.0
    },
    "tangent1": {
        "x": 0.36388254165649416,
        "y": 1.7819496393203736,
        "z": -0.21526436507701875
    },
    "tangent2": {
        "x": 0.7570012807846069,
        "y": 2.9140868186950685,
        "z": -0.6277652978897095
    },
    "endPos": {
        "x": 0.15909039974212647,
        "y": 4.512038707733154,
        "z": -1.3528578281402588
    }
}