{
    "_horizontalLines": 16.0,
    "_verticalLines": 15.0,
    "_radius": 0.14425884187221528,
    "_petalColour": {
        "r": 0.086342453956604,
        "g": 0.9305802583694458,
        "b": 0.09660148620605469,
        "a": 1.0
    },
    "_cylinderVertexCount": 11.0,
    "_stemRadius": 0.12471801042556763,
    "_leafCount": 8.0,
    "_edgeRingCount": 57.0,
    "startPos": {
        "x": 0.0,
        "y": 0.0,
        "z": 0.0
    },
    "tangent1": {
        "x": -0.034120988100767139,
        "y": 0.23070640861988069,
        "z": 0.024297665804624559
    },
    "tangent2": {
        "x": -0.4380398094654083,
        "y": 0.5475362539291382,
        "z": -0.2639717757701874
    },
    "endPos": {
        "x": -0.8032879829406738,
        "y": 4.0,
        "z": 0.10256490111351013
    }
}