{
    "_horizontalLines": 19.0,
    "_verticalLines": 19.0,
    "_radius": 0.07744324207305908,
    "_petalColour": {
        "r": 0.837803840637207,
        "g": 0.278811514377594,
        "b": 0.3394234776496887,
        "a": 1.0
    },
    "_cylinderVertexCount": 10.0,
    "_stemRadius": 0.05833034589886665,
    "_leafCount": 8.0,
    "_edgeRingCount": 62.0,
    "startPos": {
        "x": 0.0,
        "y": 0.0,
        "z": 0.0
    },
    "tangent1": {
        "x": -0.1423325091600418,
        "y": 0.10953502357006073,
        "z": -0.12078647315502167
    },
    "tangent2": {
        "x": -0.6154870390892029,
        "y": 0.8185346126556397,
        "z": 0.19984225928783418
    },
    "endPos": {
        "x": -1.0130650997161866,
        "y": 4.0,
        "z": -0.2852391004562378
    }
}