{
    "_horizontalLines": 15.0,
    "_verticalLines": 17.0,
    "_radius": 0.06132475286722183,
    "_petalColour": {
        "r": 0.3273957371711731,
        "g": 0.34571200609207156,
        "b": 0.7586677074432373,
        "a": 1.0
    },
    "_cylinderVertexCount": 8.0,
    "_stemRadius": 0.041763678193092349,
    "_leafCount": 8.0,
    "_edgeRingCount": 23.0,
    "startPos": {
        "x": 0.0,
        "y": 0.0,
        "z": 0.0
    },
    "tangent1": {
        "x": -0.4304080903530121,
        "y": 0.3754957318305969,
        "z": 0.1540052741765976
    },
    "tangent2": {
        "x": -0.5312936902046204,
        "y": 2.32057785987854,
        "z": 0.13633841276168824
    },
    "endPos": {
        "x": -0.5250000953674316,
        "y": 5.405989646911621,
        "z": -0.2553406059741974
    }
}