{
    "_horizontalLines": 16.0,
    "_verticalLines": 16.0,
    "_radius": 0.07913599908351898,
    "_petalColour": {
        "r": 0.5277721285820007,
        "g": 0.20377182960510255,
        "b": 0.38665086030960085,
        "a": 1.0
    },
    "_cylinderVertexCount": 9.0,
    "_stemRadius": 0.06109968200325966,
    "_leafCount": 8.0,
    "_edgeRingCount": 21.0,
    "startPos": {
        "x": 0.0,
        "y": 0.0,
        "z": 0.0
    },
    "tangent1": {
        "x": 0.09969468414783478,
        "y": 0.9534425735473633,
        "z": 0.19867122173309327
    },
    "tangent2": {
        "x": 0.00025391578674316406,
        "y": 2.733285665512085,
        "z": 0.3166143298149109
    },
    "endPos": {
        "x": 0.7895937561988831,
        "y": 4.0,
        "z": 0.9961135387420654
    }
}