{
    "_horizontalLines": 17.0,
    "_verticalLines": 19.0,
    "_radius": 0.09622307121753693,
    "_petalColour": {
        "r": 0.6230891346931458,
        "g": 0.07907974720001221,
        "b": 0.8983529806137085,
        "a": 1.0
    },
    "_cylinderVertexCount": 5.0,
    "_stemRadius": 0.07520028203725815,
    "_leafCount": 8.0,
    "_edgeRingCount": 17.0,
    "startPos": {
        "x": 0.0,
        "y": 0.0,
        "z": 0.0
    },
    "tangent1": {
        "x": 0.4405801296234131,
        "y": 0.7110345959663391,
        "z": -0.1802242249250412
    },
    "tangent2": {
        "x": 0.011138856410980225,
        "y": 1.6685895919799805,
        "z": -0.38253316283226015
    },
    "endPos": {
        "x": -0.1467716246843338,
        "y": 4.7139692306518559,
        "z": -0.5365208387374878
    }
}