{
    "_horizontalLines": 18.0,
    "_verticalLines": 15.0,
    "_radius": 0.12202183902263642,
    "_petalColour": {
        "r": 0.4988660216331482,
        "g": 0.8377698659896851,
        "b": 0.8461810350418091,
        "a": 1.0
    },
    "_cylinderVertexCount": 10.0,
    "_stemRadius": 0.10835806280374527,
    "_leafCount": 8.0,
    "_edgeRingCount": 46.0,
    "startPos": {
        "x": 0.0,
        "y": 0.0,
        "z": 0.0
    },
    "tangent1": {
        "x": 0.3195986747741699,
        "y": 1.9775664806365967,
        "z": 0.4356379508972168
    },
    "tangent2": {
        "x": -0.060024648904800418,
        "y": 2.3990278244018556,
        "z": 0.35606950521469118
    },
    "endPos": {
        "x": 0.5308542251586914,
        "y": 4.071796894073486,
        "z": 1.1177868843078614
    }
}