{
    "_horizontalLines": 17.0,
    "_verticalLines": 15.0,
    "_radius": 0.09547215700149536,
    "_petalColour": {
        "r": 0.3097042441368103,
        "g": 0.7944861650466919,
        "b": 0.6481510400772095,
        "a": 1.0
    },
    "_cylinderVertexCount": 10.0,
    "_stemRadius": 0.06244844198226929,
    "_leafCount": 8.0,
    "_edgeRingCount": 49.0,
    "startPos": {
        "x": 0.0,
        "y": 0.0,
        "z": 0.0
    },
    "tangent1": {
        "x": -0.10610552132129669,
        "y": 0.35911673307418826,
        "z": 0.49475717544555666
    },
    "tangent2": {
        "x": -0.09915637969970703,
        "y": 1.9877543449401856,
        "z": 0.6289881467819214
    },
    "endPos": {
        "x": 0.060985878109931949,
        "y": 4.0,
        "z": 1.3438305854797364
    }
}