{
    "_horizontalLines": 19.0,
    "_verticalLines": 19.0,
    "_radius": 0.015722544863820077,
    "_petalColour": {
        "r": 0.42073220014572146,
        "g": 0.9134625196456909,
        "b": 0.44360989332199099,
        "a": 1.0
    },
    "_cylinderVertexCount": 10.0,
    "_stemRadius": 0.010206688195466996,
    "_leafCount": 8.0,
    "_edgeRingCount": 51.0,
    "startPos": {
        "x": 0.0,
        "y": 0.0,
        "z": 0.0
    },
    "tangent1": {
        "x": -0.2035544365644455,
        "y": 1.5293712615966797,
        "z": -0.4616670608520508
    },
    "tangent2": {
        "x": 0.0590023547410965,
        "y": 1.8835151195526124,
        "z": -0.6102485060691834
    },
    "endPos": {
        "x": -0.11062219738960266,
        "y": 4.0,
        "z": -0.6428593397140503
    }
}