{
    "_horizontalLines": 15.0,
    "_verticalLines": 16.0,
    "_radius": 0.1121901273727417,
    "_petalColour": {
        "r": 0.48713916540145876,
        "g": 0.3067689538002014,
        "b": 0.37648051977157595,
        "a": 1.0
    },
    "_cylinderVertexCount": 5.0,
    "_stemRadius": 0.07747963815927506,
    "_leafCount": 8.0,
    "_edgeRingCount": 27.0,
    "startPos": {
        "x": 0.0,
        "y": 0.0,
        "z": 0.0
    },
    "tangent1": {
        "x": -0.32526883482933047,
        "y": 1.2132930755615235,
        "z": -0.12027053534984589
    },
    "tangent2": {
        "x": 0.1423206329345703,
        "y": 2.0304458141326906,
        "z": -0.3139406144618988
    },
    "endPos": {
        "x": 0.49203696846961977,
        "y": 5.079550743103027,
        "z": -0.04700988531112671
    }
}