{
    "_horizontalLines": 16.0,
    "_verticalLines": 16.0,
    "_radius": 0.060619402676820758,
    "_petalColour": {
        "r": 0.0015348196029663087,
        "g": 0.03755295276641846,
        "b": 0.20178759098052979,
        "a": 1.0
    },
    "_cylinderVertexCount": 7.0,
    "_stemRadius": 0.03793425112962723,
    "_leafCount": 8.0,
    "_edgeRingCount": 18.0,
    "startPos": {
        "x": 0.0,
        "y": 0.0,
        "z": 0.0
    },
    "tangent1": {
        "x": 0.2695751190185547,
        "y": 0.428274929523468,
        "z": 0.1473090499639511
    },
    "tangent2": {
        "x": 0.05321912467479706,
        "y": 1.6360580921173096,
        "z": 0.4354325532913208
    },
    "endPos": {
        "x": -0.3633943200111389,
        "y": 4.0,
        "z": -0.03432869911193848
    }
}