{
    "_horizontalLines": 16.0,
    "_verticalLines": 19.0,
    "_radius": 0.09722902625799179,
    "_petalColour": {
        "r": 0.20778405666351319,
        "g": 0.5487528443336487,
        "b": 0.506852924823761,
        "a": 1.0
    },
    "_cylinderVertexCount": 9.0,
    "_stemRadius": 0.06709202378988266,
    "_leafCount": 8.0,
    "_edgeRingCount": 62.0,
    "startPos": {
        "x": 0.0,
        "y": 0.0,
        "z": 0.0
    },
    "tangent1": {
        "x": -0.0265229232609272,
        "y": 1.1594200134277344,
        "z": 0.11939053237438202
    },
    "tangent2": {
        "x": 0.2421615570783615,
        "y": 2.950071334838867,
        "z": 0.163344144821167
    },
    "endPos": {
        "x": -0.5248783826828003,
        "y": 5.3484320640563969,
        "z": 1.0327677726745606
    }
}