{
    "_horizontalLines": 15.0,
    "_verticalLines": 19.0,
    "_radius": 0.072723388671875,
    "_petalColour": {
        "r": 0.9494001865386963,
        "g": 0.22590672969818116,
        "b": 0.47433406114578249,
        "a": 1.0
    },
    "_cylinderVertexCount": 13.0,
    "_stemRadius": 0.04803859815001488,
    "_leafCount": 8.0,
    "_edgeRingCount": 10.0,
    "startPos": {
        "x": 0.0,
        "y": 0.0,
        "z": 0.0
    },
    "tangent1": {
        "x": -0.28186091780662539,
        "y": 1.9699726104736329,
        "z": 0.43129244446754458
    },
    "tangent2": {
        "x": -0.11640644073486328,
        "y": 2.036710023880005,
        "z": 0.8762750625610352
    },
    "endPos": {
        "x": -0.3250105381011963,
        "y": 4.0,
        "z": 0.7259533405303955
    }
}