{
    "_horizontalLines": 17.0,
    "_verticalLines": 16.0,
    "_radius": 0.024972831830382348,
    "_petalColour": {
        "r": 0.5007955431938171,
        "g": 0.4187738299369812,
        "b": 0.23878836631774903,
        "a": 1.0
    },
    "_cylinderVertexCount": 12.0,
    "_stemRadius": 0.009208830073475838,
    "_leafCount": 8.0,
    "_edgeRingCount": 34.0,
    "startPos": {
        "x": 0.0,
        "y": 0.0,
        "z": 0.0
    },
    "tangent1": {
        "x": -0.014730500988662243,
        "y": 1.1094417572021485,
        "z": 0.35480746626853945
    },
    "tangent2": {
        "x": 0.30144885182380679,
        "y": 1.964239478111267,
        "z": 0.19849543273448945
    },
    "endPos": {
        "x": 0.364112913608551,
        "y": 4.713578701019287,
        "z": -0.3334428071975708
    }
}