{
    "_horizontalLines": 15.0,
    "_verticalLines": 19.0,
    "_radius": 0.061762936413288119,
    "_petalColour": {
        "r": 0.7621179819107056,
        "g": 0.516153872013092,
        "b": 0.07675290107727051,
        "a": 1.0
    },
    "_cylinderVertexCount": 11.0,
    "_stemRadius": 0.039844125509262088,
    "_leafCount": 8.0,
    "_edgeRingCount": 15.0,
    "startPos": {
        "x": 0.0,
        "y": 0.0,
        "z": 0.0
    },
    "tangent1": {
        "x": -0.18342332541942597,
        "y": 0.7808135747909546,
        "z": 0.4290700852870941
    },
    "tangent2": {
        "x": -0.2603170871734619,
        "y": 1.5172951221466065,
        "z": 0.7316438555717468
    },
    "endPos": {
        "x": -0.07121221721172333,
        "y": 4.0,
        "z": 0.021670997142791749
    }
}