{
    "_horizontalLines": 19.0,
    "_verticalLines": 15.0,
    "_radius": 0.1038576066493988,
    "_petalColour": {
        "r": 0.2888011336326599,
        "g": 0.02090156078338623,
        "b": 0.6001117825508118,
        "a": 1.0
    },
    "_cylinderVertexCount": 8.0,
    "_stemRadius": 0.09406471252441406,
    "_leafCount": 8.0,
    "_edgeRingCount": 12.0,
    "startPos": {
        "x": 0.0,
        "y": 0.0,
        "z": 0.0
    },
    "tangent1": {
        "x": -0.08124299347400665,
        "y": 0.9912233352661133,
        "z": 0.3215188980102539
    },
    "tangent2": {
        "x": 0.05675069987773895,
        "y": 1.6191422939300538,
        "z": 0.6112067699432373
    },
    "endPos": {
        "x": 0.21781545877456666,
        "y": 5.07304048538208,
        "z": 1.226032018661499
    }
}