{
    "_horizontalLines": 16.0,
    "_verticalLines": 18.0,
    "_radius": 0.11410315334796906,
    "_petalColour": {
        "r": 0.242942214012146,
        "g": 0.36549681425094607,
        "b": 0.40386396646499636,
        "a": 1.0
    },
    "_cylinderVertexCount": 9.0,
    "_stemRadius": 0.11388140171766281,
    "_leafCount": 8.0,
    "_edgeRingCount": 58.0,
    "startPos": {
        "x": 0.0,
        "y": 0.0,
        "z": 0.0
    },
    "tangent1": {
        "x": -0.4043799340724945,
        "y": 0.9415979385375977,
        "z": -0.1708328276872635
    },
    "tangent2": {
        "x": -0.14367398619651795,
        "y": 1.1376397609710694,
        "z": -0.3875860273838043
    },
    "endPos": {
        "x": -0.6306325793266296,
        "y": 4.516679763793945,
        "z": -0.8910287618637085
    }
}