{
    "_horizontalLines": 17.0,
    "_verticalLines": 18.0,
    "_radius": 0.0594385489821434,
    "_petalColour": {
        "r": 0.4931402802467346,
        "g": 0.22762811183929444,
        "b": 0.944817066192627,
        "a": 1.0
    },
    "_cylinderVertexCount": 10.0,
    "_stemRadius": 0.030008018016815187,
    "_leafCount": 8.0,
    "_edgeRingCount": 45.0,
    "startPos": {
        "x": 0.0,
        "y": 0.0,
        "z": 0.0
    },
    "tangent1": {
        "x": -0.29435309767723086,
        "y": 0.3873184323310852,
        "z": -0.34474602341651919
    },
    "tangent2": {
        "x": -0.3051455318927765,
        "y": 0.9236478805541992,
        "z": -0.5163620710372925
    },
    "endPos": {
        "x": -0.765405535697937,
        "y": 4.0,
        "z": -0.26945725083351138
    }
}