{
    "_horizontalLines": 19.0,
    "_verticalLines": 19.0,
    "_radius": 0.08795755356550217,
    "_petalColour": {
        "r": 0.0368267297744751,
        "g": 0.42183929681777956,
        "b": 0.13199925422668458,
        "a": 1.0
    },
    "_cylinderVertexCount": 11.0,
    "_stemRadius": 0.08712103217840195,
    "_leafCount": 8.0,
    "_edgeRingCount": 19.0,
    "startPos": {
        "x": 0.0,
        "y": 0.0,
        "z": 0.0
    },
    "tangent1": {
        "x": 0.1920081079006195,
        "y": 1.4989925622940064,
        "z": -0.4360389709472656
    },
    "tangent2": {
        "x": 0.5184223055839539,
        "y": 3.131484270095825,
        "z": -0.6267234683036804
    },
    "endPos": {
        "x": 0.6794895529747009,
        "y": 5.849274158477783,
        "z": -0.783933699131012
    }
}