{
    "_horizontalLines": 17.0,
    "_verticalLines": 16.0,
    "_radius": 0.07395460456609726,
    "_petalColour": {
        "r": 0.6813355684280396,
        "g": 0.9666637182235718,
        "b": 0.5955999493598938,
        "a": 1.0
    },
    "_cylinderVertexCount": 13.0,
    "_stemRadius": 0.06042380630970001,
    "_leafCount": 8.0,
    "_edgeRingCount": 22.0,
    "startPos": {
        "x": 0.0,
        "y": 0.0,
        "z": 0.0
    },
    "tangent1": {
        "x": 0.2254382073879242,
        "y": 0.7895048260688782,
        "z": 0.11926551163196564
    },
    "tangent2": {
        "x": -0.26097241044044497,
        "y": 2.7382771968841554,
        "z": 0.5277895331382752
    },
    "endPos": {
        "x": -0.7138798236846924,
        "y": 4.0,
        "z": 1.1301898956298829
    }
}