{
    "_horizontalLines": 18.0,
    "_verticalLines": 15.0,
    "_radius": 0.08480208367109299,
    "_petalColour": {
        "r": 0.5549083352088928,
        "g": 0.9736580848693848,
        "b": 0.4570085406303406,
        "a": 1.0
    },
    "_cylinderVertexCount": 14.0,
    "_stemRadius": 0.07851676642894745,
    "_leafCount": 8.0,
    "_edgeRingCount": 64.0,
    "startPos": {
        "x": 0.0,
        "y": 0.0,
        "z": 0.0
    },
    "tangent1": {
        "x": -0.1795789748430252,
        "y": 1.8155533075332642,
        "z": 0.382971853017807
    },
    "tangent2": {
        "x": -0.612757682800293,
        "y": 2.7606818675994875,
        "z": 0.4485228657722473
    },
    "endPos": {
        "x": 0.1048077940940857,
        "y": 4.0,
        "z": 1.039612054824829
    }
}