{
    "_horizontalLines": 19.0,
    "_verticalLines": 17.0,
    "_radius": 0.05992239713668823,
    "_petalColour": {
        "r": 0.8204056024551392,
        "g": 0.2723328471183777,
        "b": 0.9824206829071045,
        "a": 1.0
    },
    "_cylinderVertexCount": 6.0,
    "_stemRadius": 0.028512049466371537,
    "_leafCount": 8.0,
    "_edgeRingCount": 48.0,
    "startPos": {
        "x": 0.0,
        "y": 0.0,
        "z": 0.0
    },
    "tangent1": {
        "x": 0.08252187073230744,
        "y": 0.29888230562210085,
        "z": -0.26142778992652895
    },
    "tangent2": {
        "x": 0.2390354424715042,
        "y": 2.2901675701141359,
        "z": -0.3660694360733032
    },
    "endPos": {
        "x": 0.38992416858673098,
        "y": 4.0,
        "z": 0.03539377450942993
    }
}