{
    "_horizontalLines": 18.0,
    "_verticalLines": 16.0,
    "_radius": 0.05545005947351456,
    "_petalColour": {
        "r": 0.6289591789245606,
        "g": 0.5382259488105774,
        "b": 0.12264406681060791,
        "a": 1.0
    },
    "_cylinderVertexCount": 9.0,
    "_stemRadius": 0.034982312470674518,
    "_leafCount": 8.0,
    "_edgeRingCount": 62.0,
    "startPos": {
        "x": 0.0,
        "y": 0.0,
        "z": 0.0
    },
    "tangent1": {
        "x": 0.19038985669612885,
        "y": 0.8595258593559265,
        "z": -0.09809069335460663
    },
    "tangent2": {
        "x": 0.671208381652832,
        "y": 2.5907628536224367,
        "z": -0.22503352165222169
    },
    "endPos": {
        "x": 0.7399479150772095,
        "y": 5.956454277038574,
        "z": 0.08103236556053162
    }
}