{
    "_horizontalLines": 16.0,
    "_verticalLines": 16.0,
    "_radius": 0.10930002480745316,
    "_petalColour": {
        "r": 0.0007864236831665039,
        "g": 0.05057811737060547,
        "b": 0.5049977898597717,
        "a": 1.0
    },
    "_cylinderVertexCount": 10.0,
    "_stemRadius": 0.06788858026266098,
    "_leafCount": 8.0,
    "_edgeRingCount": 46.0,
    "startPos": {
        "x": 0.0,
        "y": 0.0,
        "z": 0.0
    },
    "tangent1": {
        "x": 0.4232884347438812,
        "y": 1.8447272777557374,
        "z": -0.23373599350452424
    },
    "tangent2": {
        "x": 0.42621150612831118,
        "y": 2.6899681091308595,
        "z": -0.43033552169799807
    },
    "endPos": {
        "x": 0.7796217799186707,
        "y": 5.155552864074707,
        "z": -0.9648520946502686
    }
}