{
    "_horizontalLines": 18.0,
    "_verticalLines": 16.0,
    "_radius": 0.1292988508939743,
    "_petalColour": {
        "r": 0.6882246732711792,
        "g": 0.4301961064338684,
        "b": 0.36789470911026,
        "a": 1.0
    },
    "_cylinderVertexCount": 7.0,
    "_stemRadius": 0.0931609645485878,
    "_leafCount": 8.0,
    "_edgeRingCount": 64.0,
    "startPos": {
        "x": 0.0,
        "y": 0.0,
        "z": 0.0
    },
    "tangent1": {
        "x": 0.49113917350769045,
        "y": 1.835767388343811,
        "z": -0.391244500875473
    },
    "tangent2": {
        "x": 0.9453589916229248,
        "y": 3.358858108520508,
        "z": -0.42840567231178286
    },
    "endPos": {
        "x": 0.40539270639419558,
        "y": 4.65362548828125,
        "z": -0.744992196559906
    }
}