{
    "_horizontalLines": 15.0,
    "_verticalLines": 16.0,
    "_radius": 0.14177103340625764,
    "_petalColour": {
        "r": 0.2513272166252136,
        "g": 0.42631465196609499,
        "b": 0.3885337710380554,
        "a": 1.0
    },
    "_cylinderVertexCount": 5.0,
    "_stemRadius": 0.10687662661075592,
    "_leafCount": 8.0,
    "_edgeRingCount": 60.0,
    "startPos": {
        "x": 0.0,
        "y": 0.0,
        "z": 0.0
    },
    "tangent1": {
        "x": 0.04790239408612251,
        "y": 1.4055980443954468,
        "z": 0.00688095111399889
    },
    "tangent2": {
        "x": 0.5361430048942566,
        "y": 1.5375133752822877,
        "z": -0.2601684629917145
    },
    "endPos": {
        "x": 0.730221152305603,
        "y": 4.139787673950195,
        "z": 0.2813929617404938
    }
}