{
    "_horizontalLines": 15.0,
    "_verticalLines": 16.0,
    "_radius": 0.06187957525253296,
    "_petalColour": {
        "r": 0.535879909992218,
        "g": 0.6948951482772827,
        "b": 0.5433669686317444,
        "a": 1.0
    },
    "_cylinderVertexCount": 6.0,
    "_stemRadius": 0.042086441069841388,
    "_leafCount": 8.0,
    "_edgeRingCount": 4.0,
    "startPos": {
        "x": 0.0,
        "y": 0.0,
        "z": 0.0
    },
    "tangent1": {
        "x": -0.16367916762828828,
        "y": 0.5710775256156921,
        "z": -0.3392210006713867
    },
    "tangent2": {
        "x": -0.27674102783203127,
        "y": 2.1081464290618898,
        "z": -0.6659735441207886
    },
    "endPos": {
        "x": -1.0442252159118653,
        "y": 4.0,
        "z": -1.4079313278198243
    }
}