{
    "_horizontalLines": 15.0,
    "_verticalLines": 15.0,
    "_radius": 0.10381070524454117,
    "_petalColour": {
        "r": 0.7072242498397827,
        "g": 0.09967315196990967,
        "b": 0.3688618540763855,
        "a": 1.0
    },
    "_cylinderVertexCount": 10.0,
    "_stemRadius": 0.054757602512836459,
    "_leafCount": 8.0,
    "_edgeRingCount": 45.0,
    "startPos": {
        "x": 0.0,
        "y": 0.0,
        "z": 0.0
    },
    "tangent1": {
        "x": -0.4765586853027344,
        "y": 0.2508009076118469,
        "z": 0.30563315749168398
    },
    "tangent2": {
        "x": -0.6746551394462586,
        "y": 0.2906618118286133,
        "z": 0.7604448199272156
    },
    "endPos": {
        "x": -1.2111396789550782,
        "y": 4.0,
        "z": 0.6401503682136536
    }
}