{
    "_horizontalLines": 18.0,
    "_verticalLines": 16.0,
    "_radius": 0.10875696688890457,
    "_petalColour": {
        "r": 0.1694025993347168,
        "g": 0.8851193189620972,
        "b": 0.08606410026550293,
        "a": 1.0
    },
    "_cylinderVertexCount": 5.0,
    "_stemRadius": 0.09799859672784805,
    "_leafCount": 8.0,
    "_edgeRingCount": 30.0,
    "startPos": {
        "x": 0.0,
        "y": 0.0,
        "z": 0.0
    },
    "tangent1": {
        "x": -0.26612749695777895,
        "y": 1.8049018383026124,
        "z": -0.17751188576221467
    },
    "tangent2": {
        "x": -0.2439391165971756,
        "y": 2.384331703186035,
        "z": 0.08539681136608124
    },
    "endPos": {
        "x": -0.5686704516410828,
        "y": 4.0,
        "z": -0.26889002323150637
    }
}