{
    "_horizontalLines": 19.0,
    "_verticalLines": 19.0,
    "_radius": 0.08363842219114304,
    "_petalColour": {
        "r": 0.16295981407165528,
        "g": 0.23888039588928224,
        "b": 0.2582324147224426,
        "a": 1.0
    },
    "_cylinderVertexCount": 9.0,
    "_stemRadius": 0.05474303662776947,
    "_leafCount": 8.0,
    "_edgeRingCount": 58.0,
    "startPos": {
        "x": 0.0,
        "y": 0.0,
        "z": 0.0
    },
    "tangent1": {
        "x": 0.32901763916015627,
        "y": 1.6275222301483155,
        "z": 0.27239489555358889
    },
    "tangent2": {
        "x": -0.0949048101902008,
        "y": 2.369211196899414,
        "z": 0.19291214644908906
    },
    "endPos": {
        "x": -0.2763868570327759,
        "y": 4.084751605987549,
        "z": 0.9760888814926148
    }
}