{
    "_horizontalLines": 17.0,
    "_verticalLines": 19.0,
    "_radius": 0.11987768858671189,
    "_petalColour": {
        "r": 0.03305661678314209,
        "g": 0.45884209871292117,
        "b": 0.3881078362464905,
        "a": 1.0
    },
    "_cylinderVertexCount": 11.0,
    "_stemRadius": 0.09183717519044876,
    "_leafCount": 8.0,
    "_edgeRingCount": 59.0,
    "startPos": {
        "x": 0.0,
        "y": 0.0,
        "z": 0.0
    },
    "tangent1": {
        "x": -0.12297920882701874,
        "y": 0.9687881469726563,
        "z": -0.25005969405174258
    },
    "tangent2": {
        "x": -0.2534118592739105,
        "y": 2.5478157997131349,
        "z": -0.46305590867996218
    },
    "endPos": {
        "x": 0.19746726751327516,
        "y": 5.1375274658203129,
        "z": 0.35422414541244509
    }
}