{
    "_horizontalLines": 18.0,
    "_verticalLines": 15.0,
    "_radius": 0.10195428878068924,
    "_petalColour": {
        "r": 0.736534595489502,
        "g": 0.4362155795097351,
        "b": 0.3899722695350647,
        "a": 1.0
    },
    "_cylinderVertexCount": 11.0,
    "_stemRadius": 0.05926153063774109,
    "_leafCount": 8.0,
    "_edgeRingCount": 57.0,
    "startPos": {
        "x": 0.0,
        "y": 0.0,
        "z": 0.0
    },
    "tangent1": {
        "x": 0.4863702654838562,
        "y": 1.2363837957382203,
        "z": 0.21188771724700929
    },
    "tangent2": {
        "x": 0.25374913215637209,
        "y": 2.3630948066711427,
        "z": -0.016123846173286439
    },
    "endPos": {
        "x": 0.30698683857917788,
        "y": 4.0333428382873539,
        "z": -0.05846409872174263
    }
}