{
    "_horizontalLines": 18.0,
    "_verticalLines": 15.0,
    "_radius": 0.013334577903151513,
    "_petalColour": {
        "r": 0.555037796497345,
        "g": 0.9748347997665405,
        "b": 0.7268726825714111,
        "a": 1.0
    },
    "_cylinderVertexCount": 9.0,
    "_stemRadius": 0.01046689786016941,
    "_leafCount": 8.0,
    "_edgeRingCount": 4.0,
    "startPos": {
        "x": 0.0,
        "y": 0.0,
        "z": 0.0
    },
    "tangent1": {
        "x": 0.023365210741758348,
        "y": 0.7240990996360779,
        "z": 0.14745530486106873
    },
    "tangent2": {
        "x": -0.15966114401817323,
        "y": 2.4048707485198976,
        "z": 0.5497069358825684
    },
    "endPos": {
        "x": 0.052302226424217227,
        "y": 5.3605194091796879,
        "z": 0.9045798778533936
    }
}