{
    "_horizontalLines": 16.0,
    "_verticalLines": 17.0,
    "_radius": 0.029587656259536744,
    "_petalColour": {
        "r": 0.605114758014679,
        "g": 0.35758262872695925,
        "b": 0.8284767866134644,
        "a": 1.0
    },
    "_cylinderVertexCount": 11.0,
    "_stemRadius": 0.019437910988926889,
    "_leafCount": 8.0,
    "_edgeRingCount": 44.0,
    "startPos": {
        "x": 0.0,
        "y": 0.0,
        "z": 0.0
    },
    "tangent1": {
        "x": -0.32620707154273989,
        "y": 1.6188240051269532,
        "z": -0.14547638595104218
    },
    "tangent2": {
        "x": -0.17578107118606568,
        "y": 3.0012731552124025,
        "z": 0.07844515144824982
    },
    "endPos": {
        "x": -0.827857255935669,
        "y": 4.0,
        "z": 0.6610627770423889
    }
}