{
    "_horizontalLines": 18.0,
    "_verticalLines": 19.0,
    "_radius": 0.05318211391568184,
    "_petalColour": {
        "r": 0.678520679473877,
        "g": 0.23942899703979493,
        "b": 0.024721384048461915,
        "a": 1.0
    },
    "_cylinderVertexCount": 12.0,
    "_stemRadius": 0.03417280688881874,
    "_leafCount": 8.0,
    "_edgeRingCount": 50.0,
    "startPos": {
        "x": 0.0,
        "y": 0.0,
        "z": 0.0
    },
    "tangent1": {
        "x": -0.4891418516635895,
        "y": 1.7299003601074219,
        "z": 0.4510009288787842
    },
    "tangent2": {
        "x": -0.00916510820388794,
        "y": 2.6018404960632326,
        "z": 0.5307546257972717
    },
    "endPos": {
        "x": -0.3637343943119049,
        "y": 4.43235969543457,
        "z": 0.6008013486862183
    }
}