{
    "_horizontalLines": 16.0,
    "_verticalLines": 17.0,
    "_radius": 0.09477588534355164,
    "_petalColour": {
        "r": 0.8416321277618408,
        "g": 0.037561774253845218,
        "b": 0.6220200657844544,
        "a": 1.0
    },
    "_cylinderVertexCount": 12.0,
    "_stemRadius": 0.05074005946516991,
    "_leafCount": 8.0,
    "_edgeRingCount": 55.0,
    "startPos": {
        "x": 0.0,
        "y": 0.0,
        "z": 0.0
    },
    "tangent1": {
        "x": 0.20603251457214356,
        "y": 1.2805031538009644,
        "z": 0.14029286801815034
    },
    "tangent2": {
        "x": -0.2860887944698334,
        "y": 1.3019577264785767,
        "z": -0.28546375036239626
    },
    "endPos": {
        "x": -0.725296139717102,
        "y": 4.0,
        "z": 0.12003827095031738
    }
}