{
    "_horizontalLines": 19.0,
    "_verticalLines": 18.0,
    "_radius": 0.029531000182032586,
    "_petalColour": {
        "r": 0.3107205033302307,
        "g": 0.7861244678497315,
        "b": 0.7083220481872559,
        "a": 1.0
    },
    "_cylinderVertexCount": 13.0,
    "_stemRadius": 0.009763838723301888,
    "_leafCount": 8.0,
    "_edgeRingCount": 46.0,
    "startPos": {
        "x": 0.0,
        "y": 0.0,
        "z": 0.0
    },
    "tangent1": {
        "x": -0.33564385771751406,
        "y": 1.05255126953125,
        "z": 0.15275762975215913
    },
    "tangent2": {
        "x": -0.3443862497806549,
        "y": 2.4633593559265138,
        "z": 0.20413082838058473
    },
    "endPos": {
        "x": 0.24073413014411927,
        "y": 5.368663787841797,
        "z": -0.5149263143539429
    }
}