{
    "_horizontalLines": 17.0,
    "_verticalLines": 19.0,
    "_radius": 0.1225067675113678,
    "_petalColour": {
        "r": 0.18964552879333497,
        "g": 0.41810518503189089,
        "b": 0.7155792713165283,
        "a": 1.0
    },
    "_cylinderVertexCount": 6.0,
    "_stemRadius": 0.1003703773021698,
    "_leafCount": 8.0,
    "_edgeRingCount": 33.0,
    "startPos": {
        "x": 0.0,
        "y": 0.0,
        "z": 0.0
    },
    "tangent1": {
        "x": -0.09531302750110626,
        "y": 1.7332271337509156,
        "z": -0.2277669459581375
    },
    "tangent2": {
        "x": 0.021792173385620118,
        "y": 3.0226829051971437,
        "z": 0.12185920774936676
    },
    "endPos": {
        "x": -0.5634936094284058,
        "y": 4.0,
        "z": -0.5551441311836243
    }
}