{
    "_horizontalLines": 17.0,
    "_verticalLines": 17.0,
    "_radius": 0.07341434806585312,
    "_petalColour": {
        "r": 0.3187369704246521,
        "g": 0.07678389549255371,
        "b": 0.2452641725540161,
        "a": 1.0
    },
    "_cylinderVertexCount": 10.0,
    "_stemRadius": 0.07315515726804733,
    "_leafCount": 8.0,
    "_edgeRingCount": 17.0,
    "startPos": {
        "x": 0.0,
        "y": 0.0,
        "z": 0.0
    },
    "tangent1": {
        "x": -0.428641140460968,
        "y": 0.598675549030304,
        "z": -0.20737604796886445
    },
    "tangent2": {
        "x": -0.04327079653739929,
        "y": 1.6217248439788819,
        "z": -0.12296494841575623
    },
    "endPos": {
        "x": -0.00643867626786232,
        "y": 4.0,
        "z": -0.3596495985984802
    }
}