{
    "_horizontalLines": 18.0,
    "_verticalLines": 16.0,
    "_radius": 0.1071493998169899,
    "_petalColour": {
        "r": 0.7955275774002075,
        "g": 0.09368693828582764,
        "b": 0.37453562021255495,
        "a": 1.0
    },
    "_cylinderVertexCount": 6.0,
    "_stemRadius": 0.08172596991062164,
    "_leafCount": 8.0,
    "_edgeRingCount": 43.0,
    "startPos": {
        "x": 0.0,
        "y": 0.0,
        "z": 0.0
    },
    "tangent1": {
        "x": -0.14892511069774629,
        "y": 1.4956817626953126,
        "z": -0.16540245711803437
    },
    "tangent2": {
        "x": 0.22700242698192597,
        "y": 2.9961776733398439,
        "z": -0.03016597032546997
    },
    "endPos": {
        "x": 0.010421127080917359,
        "y": 6.142672538757324,
        "z": 0.17699573934078217
    }
}