{
    "_horizontalLines": 17.0,
    "_verticalLines": 17.0,
    "_radius": 0.07895033061504364,
    "_petalColour": {
        "r": 0.8100602626800537,
        "g": 0.8145803213119507,
        "b": 0.03115403652191162,
        "a": 1.0
    },
    "_cylinderVertexCount": 12.0,
    "_stemRadius": 0.07336856424808502,
    "_leafCount": 8.0,
    "_edgeRingCount": 6.0,
    "startPos": {
        "x": 0.0,
        "y": 0.0,
        "z": 0.0
    },
    "tangent1": {
        "x": -0.45605936646461489,
        "y": 0.3883640170097351,
        "z": 0.1161317378282547
    },
    "tangent2": {
        "x": -0.8052405118942261,
        "y": 0.46654069423675539,
        "z": 0.16993284225463868
    },
    "endPos": {
        "x": 0.03805512189865112,
        "y": 4.0,
        "z": 0.9827354550361633
    }
}