{
    "_horizontalLines": 16.0,
    "_verticalLines": 16.0,
    "_radius": 0.03254244104027748,
    "_petalColour": {
        "r": 0.8118672370910645,
        "g": 0.5916332602500916,
        "b": 0.7738939523696899,
        "a": 1.0
    },
    "_cylinderVertexCount": 14.0,
    "_stemRadius": 0.0010034047299996019,
    "_leafCount": 8.0,
    "_edgeRingCount": 4.0,
    "startPos": {
        "x": 0.0,
        "y": 0.0,
        "z": 0.0
    },
    "tangent1": {
        "x": 0.11679892241954804,
        "y": 1.0257453918457032,
        "z": 0.26753783226013186
    },
    "tangent2": {
        "x": -0.015820175409317018,
        "y": 1.6317083835601807,
        "z": 0.7135270833969116
    },
    "endPos": {
        "x": -0.0523831807076931,
        "y": 4.0,
        "z": 0.16694265604019166
    }
}