{
    "_horizontalLines": 19.0,
    "_verticalLines": 16.0,
    "_radius": 0.11227826774120331,
    "_petalColour": {
        "r": 0.14900338649749757,
        "g": 0.5575852990150452,
        "b": 0.9067625999450684,
        "a": 1.0
    },
    "_cylinderVertexCount": 5.0,
    "_stemRadius": 0.1011725664138794,
    "_leafCount": 8.0,
    "_edgeRingCount": 8.0,
    "startPos": {
        "x": 0.0,
        "y": 0.0,
        "z": 0.0
    },
    "tangent1": {
        "x": 0.046964216977357867,
        "y": 0.6894153356552124,
        "z": 0.36787307262420657
    },
    "tangent2": {
        "x": 0.4824145436286926,
        "y": 1.955835223197937,
        "z": 0.7248896360397339
    },
    "endPos": {
        "x": 1.0411319732666016,
        "y": 4.0,
        "z": 0.09705400466918946
    }
}