{
    "_horizontalLines": 16.0,
    "_verticalLines": 17.0,
    "_radius": 0.07931818068027497,
    "_petalColour": {
        "r": 0.9522522687911987,
        "g": 0.6310385465621948,
        "b": 0.24757707118988038,
        "a": 1.0
    },
    "_cylinderVertexCount": 12.0,
    "_stemRadius": 0.07095174491405487,
    "_leafCount": 8.0,
    "_edgeRingCount": 31.0,
    "startPos": {
        "x": 0.0,
        "y": 0.0,
        "z": 0.0
    },
    "tangent1": {
        "x": -0.2558095455169678,
        "y": 1.1567974090576172,
        "z": -0.12732382118701936
    },
    "tangent2": {
        "x": -0.025332123041152955,
        "y": 3.136056900024414,
        "z": -0.34317365288734438
    },
    "endPos": {
        "x": -0.5296056270599365,
        "y": 4.0,
        "z": -0.6001637578010559
    }
}