{
    "_horizontalLines": 17.0,
    "_verticalLines": 19.0,
    "_radius": 0.1027643084526062,
    "_petalColour": {
        "r": 0.41144460439682009,
        "g": 0.7229349613189697,
        "b": 0.016134023666381837,
        "a": 1.0
    },
    "_cylinderVertexCount": 5.0,
    "_stemRadius": 0.06840471923351288,
    "_leafCount": 8.0,
    "_edgeRingCount": 20.0,
    "startPos": {
        "x": 0.0,
        "y": 0.0,
        "z": 0.0
    },
    "tangent1": {
        "x": -0.27711161971092226,
        "y": 1.3047175407409669,
        "z": 0.11256356537342072
    },
    "tangent2": {
        "x": -0.7452318072319031,
        "y": 3.2460474967956545,
        "z": -0.26903480291366579
    },
    "endPos": {
        "x": -0.9147608280181885,
        "y": 4.329214572906494,
        "z": -0.7505661845207214
    }
}