{
    "_horizontalLines": 19.0,
    "_verticalLines": 16.0,
    "_radius": 0.07663128525018692,
    "_petalColour": {
        "r": 0.33641165494918826,
        "g": 0.6379203796386719,
        "b": 0.842492938041687,
        "a": 1.0
    },
    "_cylinderVertexCount": 12.0,
    "_stemRadius": 0.037159066647291186,
    "_leafCount": 8.0,
    "_edgeRingCount": 19.0,
    "startPos": {
        "x": 0.0,
        "y": 0.0,
        "z": 0.0
    },
    "tangent1": {
        "x": -0.45679110288619997,
        "y": 0.8878493309020996,
        "z": 0.43535909056663515
    },
    "tangent2": {
        "x": -0.1923343539237976,
        "y": 2.561588764190674,
        "z": 0.4626961052417755
    },
    "endPos": {
        "x": -0.19720563292503358,
        "y": 5.187857627868652,
        "z": -0.1694956123828888
    }
}