{
    "_horizontalLines": 18.0,
    "_verticalLines": 17.0,
    "_radius": 0.022852525115013124,
    "_petalColour": {
        "r": 0.3038333058357239,
        "g": 0.9505549669265747,
        "b": 0.09109783172607422,
        "a": 1.0
    },
    "_cylinderVertexCount": 6.0,
    "_stemRadius": 0.022653941065073015,
    "_leafCount": 8.0,
    "_edgeRingCount": 22.0,
    "startPos": {
        "x": 0.0,
        "y": 0.0,
        "z": 0.0
    },
    "tangent1": {
        "x": 0.4054948687553406,
        "y": 0.823211669921875,
        "z": 0.21407389640808106
    },
    "tangent2": {
        "x": 0.6597268581390381,
        "y": 0.954083263874054,
        "z": 0.49903643131256106
    },
    "endPos": {
        "x": 1.101684331893921,
        "y": 4.0,
        "z": 0.8436245918273926
    }
}