{
    "_horizontalLines": 15.0,
    "_verticalLines": 16.0,
    "_radius": 0.0864906758069992,
    "_petalColour": {
        "r": 0.0137253999710083,
        "g": 0.9938210248947144,
        "b": 0.925930380821228,
        "a": 1.0
    },
    "_cylinderVertexCount": 12.0,
    "_stemRadius": 0.05108638107776642,
    "_leafCount": 8.0,
    "_edgeRingCount": 51.0,
    "startPos": {
        "x": 0.0,
        "y": 0.0,
        "z": 0.0
    },
    "tangent1": {
        "x": 0.1437889039516449,
        "y": 1.9535709619522095,
        "z": 0.1533292531967163
    },
    "tangent2": {
        "x": 0.5858691930770874,
        "y": 3.4376745223999025,
        "z": 0.2755904793739319
    },
    "endPos": {
        "x": 1.24916672706604,
        "y": 4.754427433013916,
        "z": 1.1263842582702637
    }
}