{
    "_horizontalLines": 15.0,
    "_verticalLines": 18.0,
    "_radius": 0.0815977230668068,
    "_petalColour": {
        "r": 0.7821027040481567,
        "g": 0.9829685688018799,
        "b": 0.12102556228637696,
        "a": 1.0
    },
    "_cylinderVertexCount": 10.0,
    "_stemRadius": 0.033088527619838718,
    "_leafCount": 8.0,
    "_edgeRingCount": 32.0,
    "startPos": {
        "x": 0.0,
        "y": 0.0,
        "z": 0.0
    },
    "tangent1": {
        "x": -0.32772520184516909,
        "y": 1.3302444219589234,
        "z": -0.3508327305316925
    },
    "tangent2": {
        "x": -0.5224938988685608,
        "y": 1.4491382837295533,
        "z": -0.11500710248947144
    },
    "endPos": {
        "x": -0.49724099040031435,
        "y": 4.049759864807129,
        "z": 0.6609562635421753
    }
}