{
    "_horizontalLines": 19.0,
    "_verticalLines": 16.0,
    "_radius": 0.0543675422668457,
    "_petalColour": {
        "r": 0.6883807182312012,
        "g": 0.13099980354309083,
        "b": 0.6870805025100708,
        "a": 1.0
    },
    "_cylinderVertexCount": 7.0,
    "_stemRadius": 0.04442586377263069,
    "_leafCount": 8.0,
    "_edgeRingCount": 48.0,
    "startPos": {
        "x": 0.0,
        "y": 0.0,
        "z": 0.0
    },
    "tangent1": {
        "x": 0.30833375453948977,
        "y": 0.6685054898262024,
        "z": -0.31637850403785708
    },
    "tangent2": {
        "x": -0.11268016695976258,
        "y": 1.8557522296905518,
        "z": -0.5367070436477661
    },
    "endPos": {
        "x": -0.20079874992370606,
        "y": 4.324667930603027,
        "z": -1.1331987380981446
    }
}