{
    "_horizontalLines": 18.0,
    "_verticalLines": 16.0,
    "_radius": 0.06249082833528519,
    "_petalColour": {
        "r": 0.44813889265060427,
        "g": 0.5422512888908386,
        "b": 0.05279374122619629,
        "a": 1.0
    },
    "_cylinderVertexCount": 13.0,
    "_stemRadius": 0.03055593930184841,
    "_leafCount": 8.0,
    "_edgeRingCount": 16.0,
    "startPos": {
        "x": 0.0,
        "y": 0.0,
        "z": 0.0
    },
    "tangent1": {
        "x": -0.23957042396068574,
        "y": 0.5342206358909607,
        "z": -0.283768892288208
    },
    "tangent2": {
        "x": 0.12636320292949677,
        "y": 1.4244338274002076,
        "z": -0.21980862319469453
    },
    "endPos": {
        "x": 0.46489495038986208,
        "y": 4.129363059997559,
        "z": -0.8646087646484375
    }
}