{
    "_horizontalLines": 15.0,
    "_verticalLines": 19.0,
    "_radius": 0.12783406674861909,
    "_petalColour": {
        "r": 0.3411181569099426,
        "g": 0.36554867029190066,
        "b": 0.031342387199401858,
        "a": 1.0
    },
    "_cylinderVertexCount": 11.0,
    "_stemRadius": 0.07994268834590912,
    "_leafCount": 8.0,
    "_edgeRingCount": 63.0,
    "startPos": {
        "x": 0.0,
        "y": 0.0,
        "z": 0.0
    },
    "tangent1": {
        "x": -0.291497141122818,
        "y": 0.13580437004566194,
        "z": 0.3753995895385742
    },
    "tangent2": {
        "x": -0.44094812870025637,
        "y": 1.6596649885177613,
        "z": 0.2455861121416092
    },
    "endPos": {
        "x": 0.06992596387863159,
        "y": 4.229568958282471,
        "z": 0.9498785734176636
    }
}