{
    "_horizontalLines": 17.0,
    "_verticalLines": 15.0,
    "_radius": 0.11566393822431565,
    "_petalColour": {
        "r": 0.37280529737472536,
        "g": 0.15523898601531983,
        "b": 0.6742411851882935,
        "a": 1.0
    },
    "_cylinderVertexCount": 11.0,
    "_stemRadius": 0.10139353573322296,
    "_leafCount": 8.0,
    "_edgeRingCount": 36.0,
    "startPos": {
        "x": 0.0,
        "y": 0.0,
        "z": 0.0
    },
    "tangent1": {
        "x": -0.13984818756580354,
        "y": 1.8584457635879517,
        "z": 0.1366867870092392
    },
    "tangent2": {
        "x": 0.3397133946418762,
        "y": 3.0684986114501955,
        "z": 0.05030125379562378
    },
    "endPos": {
        "x": 0.07597020268440247,
        "y": 4.518472194671631,
        "z": 0.09195032715797425
    }
}