{
    "_horizontalLines": 18.0,
    "_verticalLines": 18.0,
    "_radius": 0.12514951825141908,
    "_petalColour": {
        "r": 0.9381411075592041,
        "g": 0.27161091566085818,
        "b": 0.4813045859336853,
        "a": 1.0
    },
    "_cylinderVertexCount": 14.0,
    "_stemRadius": 0.08380068093538284,
    "_leafCount": 8.0,
    "_edgeRingCount": 17.0,
    "startPos": {
        "x": 0.0,
        "y": 0.0,
        "z": 0.0
    },
    "tangent1": {
        "x": 0.05725221708416939,
        "y": 0.4735773205757141,
        "z": -0.3642825186252594
    },
    "tangent2": {
        "x": -0.13713493943214417,
        "y": 0.9753246307373047,
        "z": -0.36050960421562197
    },
    "endPos": {
        "x": 0.6664533615112305,
        "y": 4.0,
        "z": -0.7276284098625183
    }
}