{
    "_horizontalLines": 15.0,
    "_verticalLines": 17.0,
    "_radius": 0.012263738550245762,
    "_petalColour": {
        "r": 0.18899941444396974,
        "g": 0.2609754204750061,
        "b": 0.8067300319671631,
        "a": 1.0
    },
    "_cylinderVertexCount": 12.0,
    "_stemRadius": -0.002690585795789957,
    "_leafCount": 8.0,
    "_edgeRingCount": 13.0,
    "startPos": {
        "x": 0.0,
        "y": 0.0,
        "z": 0.0
    },
    "tangent1": {
        "x": -0.19472189247608186,
        "y": 0.34625929594039919,
        "z": -0.0375707633793354
    },
    "tangent2": {
        "x": 0.0027934759855270387,
        "y": 1.3503849506378174,
        "z": -0.1808161735534668
    },
    "endPos": {
        "x": 0.4982541799545288,
        "y": 4.0,
        "z": 0.21720543503761292
    }
}