{
    "_horizontalLines": 15.0,
    "_verticalLines": 15.0,
    "_radius": 0.11595046520233154,
    "_petalColour": {
        "r": 0.11502289772033692,
        "g": 0.194616436958313,
        "b": 0.5986384749412537,
        "a": 1.0
    },
    "_cylinderVertexCount": 5.0,
    "_stemRadius": 0.08624884486198425,
    "_leafCount": 8.0,
    "_edgeRingCount": 59.0,
    "startPos": {
        "x": 0.0,
        "y": 0.0,
        "z": 0.0
    },
    "tangent1": {
        "x": -0.44466695189476015,
        "y": 1.3985438346862794,
        "z": 0.2781105935573578
    },
    "tangent2": {
        "x": 0.02670985460281372,
        "y": 3.0489578247070314,
        "z": 0.32141974568367007
    },
    "endPos": {
        "x": 0.5002090930938721,
        "y": 4.4905009269714359,
        "z": 0.23323965072631837
    }
}