{
    "_horizontalLines": 19.0,
    "_verticalLines": 17.0,
    "_radius": 0.04965830221772194,
    "_petalColour": {
        "r": 0.555393397808075,
        "g": 0.9731570482254028,
        "b": 0.49141186475753786,
        "a": 1.0
    },
    "_cylinderVertexCount": 7.0,
    "_stemRadius": 0.024861913174390794,
    "_leafCount": 8.0,
    "_edgeRingCount": 6.0,
    "startPos": {
        "x": 0.0,
        "y": 0.0,
        "z": 0.0
    },
    "tangent1": {
        "x": 0.32461535930633547,
        "y": 0.20264168083667756,
        "z": 0.376157283782959
    },
    "tangent2": {
        "x": 0.5382953882217407,
        "y": 2.100531816482544,
        "z": 0.6316397190093994
    },
    "endPos": {
        "x": 0.4914869964122772,
        "y": 4.0,
        "z": 0.18940427899360658
    }
}