{
    "_horizontalLines": 17.0,
    "_verticalLines": 17.0,
    "_radius": 0.09278293699026108,
    "_petalColour": {
        "r": 0.726789116859436,
        "g": 0.7964242696762085,
        "b": 0.48793739080429079,
        "a": 1.0
    },
    "_cylinderVertexCount": 5.0,
    "_stemRadius": 0.08577580749988556,
    "_leafCount": 8.0,
    "_edgeRingCount": 12.0,
    "startPos": {
        "x": 0.0,
        "y": 0.0,
        "z": 0.0
    },
    "tangent1": {
        "x": 0.3133731782436371,
        "y": 0.08409233391284943,
        "z": 0.0027311325538903476
    },
    "tangent2": {
        "x": 0.13531102240085603,
        "y": 1.4319469928741456,
        "z": 0.06688952445983887
    },
    "endPos": {
        "x": -0.15805716812610627,
        "y": 4.614046096801758,
        "z": -0.5808462500572205
    }
}