{
    "_horizontalLines": 18.0,
    "_verticalLines": 19.0,
    "_radius": 0.06497722864151001,
    "_petalColour": {
        "r": 0.09269905090332031,
        "g": 0.44392746686935427,
        "b": 0.584930956363678,
        "a": 1.0
    },
    "_cylinderVertexCount": 6.0,
    "_stemRadius": 0.036454666405916217,
    "_leafCount": 8.0,
    "_edgeRingCount": 39.0,
    "startPos": {
        "x": 0.0,
        "y": 0.0,
        "z": 0.0
    },
    "tangent1": {
        "x": 0.3712671995162964,
        "y": 1.6064167022705079,
        "z": -0.15477637946605683
    },
    "tangent2": {
        "x": 0.38604944944381716,
        "y": 2.865384578704834,
        "z": 0.18839006125926972
    },
    "endPos": {
        "x": -0.15205800533294679,
        "y": 5.006723403930664,
        "z": 1.062301516532898
    }
}