{
    "_horizontalLines": 19.0,
    "_verticalLines": 16.0,
    "_radius": 0.05821756273508072,
    "_petalColour": {
        "r": 0.12888610363006593,
        "g": 0.1247023344039917,
        "b": 0.8664683103561401,
        "a": 1.0
    },
    "_cylinderVertexCount": 14.0,
    "_stemRadius": 0.0552428662776947,
    "_leafCount": 8.0,
    "_edgeRingCount": 26.0,
    "startPos": {
        "x": 0.0,
        "y": 0.0,
        "z": 0.0
    },
    "tangent1": {
        "x": 0.22512340545654298,
        "y": 1.3621829748153687,
        "z": 0.22639834880828858
    },
    "tangent2": {
        "x": -0.24673891067504884,
        "y": 1.9017202854156495,
        "z": -0.12988856434822083
    },
    "endPos": {
        "x": -0.49453824758529665,
        "y": 4.989658355712891,
        "z": -0.37486839294433596
    }
}