{
    "_horizontalLines": 19.0,
    "_verticalLines": 15.0,
    "_radius": 0.016312330961227418,
    "_petalColour": {
        "r": 0.3733671307563782,
        "g": 0.9162653684616089,
        "b": 0.3775600790977478,
        "a": 1.0
    },
    "_cylinderVertexCount": 11.0,
    "_stemRadius": 0.0037358261179178955,
    "_leafCount": 8.0,
    "_edgeRingCount": 18.0,
    "startPos": {
        "x": 0.0,
        "y": 0.0,
        "z": 0.0
    },
    "tangent1": {
        "x": -0.2436712235212326,
        "y": 0.8606418371200562,
        "z": 0.14315937459468842
    },
    "tangent2": {
        "x": 0.20728106796741486,
        "y": 1.2145371437072755,
        "z": 0.23850491642951966
    },
    "endPos": {
        "x": 0.4790644645690918,
        "y": 4.0,
        "z": 0.2573276162147522
    }
}