{
    "_horizontalLines": 17.0,
    "_verticalLines": 19.0,
    "_radius": 0.11171457171440125,
    "_petalColour": {
        "r": 0.4193970561027527,
        "g": 0.16186344623565675,
        "b": 0.526898205280304,
        "a": 1.0
    },
    "_cylinderVertexCount": 11.0,
    "_stemRadius": 0.06369379162788391,
    "_leafCount": 8.0,
    "_edgeRingCount": 22.0,
    "startPos": {
        "x": 0.0,
        "y": 0.0,
        "z": 0.0
    },
    "tangent1": {
        "x": -0.048882197588682178,
        "y": 0.39226895570755007,
        "z": -0.3533187806606293
    },
    "tangent2": {
        "x": 0.39384546875953677,
        "y": 2.2555429935455324,
        "z": -0.5557654500007629
    },
    "endPos": {
        "x": -0.36591407656669619,
        "y": 4.0,
        "z": 0.26529037952423098
    }
}