{
    "_horizontalLines": 18.0,
    "_verticalLines": 19.0,
    "_radius": 0.07409343868494034,
    "_petalColour": {
        "r": 0.31173211336135867,
        "g": 0.7829569578170776,
        "b": 0.3781586289405823,
        "a": 1.0
    },
    "_cylinderVertexCount": 13.0,
    "_stemRadius": 0.06989233195781708,
    "_leafCount": 8.0,
    "_edgeRingCount": 39.0,
    "startPos": {
        "x": 0.0,
        "y": 0.0,
        "z": 0.0
    },
    "tangent1": {
        "x": -0.3984566628932953,
        "y": 0.06947250664234162,
        "z": 0.4709737300872803
    },
    "tangent2": {
        "x": -0.04013130068778992,
        "y": 0.9374418258666992,
        "z": 0.49047499895095827
    },
    "endPos": {
        "x": 0.06808679550886154,
        "y": 4.0,
        "z": 0.9069933891296387
    }
}