{
    "_horizontalLines": 18.0,
    "_verticalLines": 19.0,
    "_radius": 0.0645563155412674,
    "_petalColour": {
        "r": 0.7168868780136108,
        "g": 0.19345617294311524,
        "b": 0.17738103866577149,
        "a": 1.0
    },
    "_cylinderVertexCount": 6.0,
    "_stemRadius": 0.06255041062831879,
    "_leafCount": 8.0,
    "_edgeRingCount": 28.0,
    "startPos": {
        "x": 0.0,
        "y": 0.0,
        "z": 0.0
    },
    "tangent1": {
        "x": 0.4661495089530945,
        "y": 1.2382078170776368,
        "z": -0.1959669142961502
    },
    "tangent2": {
        "x": 0.8421093821525574,
        "y": 1.9027671813964844,
        "z": -0.5364651083946228
    },
    "endPos": {
        "x": 0.4129672944545746,
        "y": 4.0,
        "z": 0.28668373823165896
    }
}