{
    "_horizontalLines": 15.0,
    "_verticalLines": 15.0,
    "_radius": 0.09907152503728867,
    "_petalColour": {
        "r": 0.16304612159729005,
        "g": 0.5425453782081604,
        "b": 0.10825419425964356,
        "a": 1.0
    },
    "_cylinderVertexCount": 7.0,
    "_stemRadius": 0.066243976354599,
    "_leafCount": 8.0,
    "_edgeRingCount": 24.0,
    "startPos": {
        "x": 0.0,
        "y": 0.0,
        "z": 0.0
    },
    "tangent1": {
        "x": -0.4197578430175781,
        "y": 1.3337268829345704,
        "z": -0.48152846097946169
    },
    "tangent2": {
        "x": -0.1566922664642334,
        "y": 1.3441331386566163,
        "z": -0.13410788774490357
    },
    "endPos": {
        "x": -0.7314769625663757,
        "y": 4.0,
        "z": 0.5709493160247803
    }
}