{
    "_horizontalLines": 19.0,
    "_verticalLines": 17.0,
    "_radius": 0.12837272882461549,
    "_petalColour": {
        "r": 0.8512130975723267,
        "g": 0.7425734996795654,
        "b": 0.6010586619377136,
        "a": 1.0
    },
    "_cylinderVertexCount": 9.0,
    "_stemRadius": 0.08258157223463059,
    "_leafCount": 8.0,
    "_edgeRingCount": 48.0,
    "startPos": {
        "x": 0.0,
        "y": 0.0,
        "z": 0.0
    },
    "tangent1": {
        "x": -0.48582029342651369,
        "y": 1.0569957494735718,
        "z": 0.35960695147514346
    },
    "tangent2": {
        "x": -0.1499132215976715,
        "y": 1.102650761604309,
        "z": 0.7185810208320618
    },
    "endPos": {
        "x": 0.34758830070495608,
        "y": 4.0,
        "z": 1.4307324886322022
    }
}