{
    "_horizontalLines": 18.0,
    "_verticalLines": 17.0,
    "_radius": 0.09263622015714646,
    "_petalColour": {
        "r": 0.928579568862915,
        "g": 0.7824863195419312,
        "b": 0.316855251789093,
        "a": 1.0
    },
    "_cylinderVertexCount": 11.0,
    "_stemRadius": 0.08155545592308045,
    "_leafCount": 8.0,
    "_edgeRingCount": 49.0,
    "startPos": {
        "x": 0.0,
        "y": 0.0,
        "z": 0.0
    },
    "tangent1": {
        "x": -0.26219987869262698,
        "y": 0.252122700214386,
        "z": 0.3270376920700073
    },
    "tangent2": {
        "x": -0.44691377878189089,
        "y": 1.3414428234100342,
        "z": 0.38575977087020876
    },
    "endPos": {
        "x": -0.47797390818595889,
        "y": 4.0,
        "z": 1.0570149421691895
    }
}