{
    "_horizontalLines": 7,
    "_verticalLines": 13,
    "_radius": 0.11182118952274323,
    "_petalColour": {
        "r": 0.34099358320236208,
        "g": 0.17767870426177979,
        "b": 0.9129209518432617,
        "a": 1.0
    },
    "_cylinderVertexCount": 13,
    "_stemRadius": 0.09903457760810852,
    "_leafCount": 8,
    "_edgeRingCount": 54,
    "startPos": {
        "x": -0.10316481441259384,
        "y": 0.9496089816093445,
        "z": -0.23544588685035706
    },
    "tangent1": {
        "x": 0.05554994195699692,
        "y": 2.9115397930145265,
        "z": -0.09783726930618286
    },
    "tangent2": {
        "x": -0.37482818961143496,
        "y": 4.066052436828613,
        "z": -0.5269113779067993
    },
    "endPos": {
        "x": 0.5225358009338379,
        "y": 5.272192478179932,
        "z": -1.2902822494506837
    }
}