{
    "_horizontalLines": 19.0,
    "_verticalLines": 18.0,
    "_radius": 0.11798056215047836,
    "_petalColour": {
        "r": 0.661386251449585,
        "g": 0.06736195087432862,
        "b": 0.9910558462142944,
        "a": 1.0
    },
    "_cylinderVertexCount": 12.0,
    "_stemRadius": 0.10944951325654984,
    "_leafCount": 8.0,
    "_edgeRingCount": 13.0,
    "startPos": {
        "x": 0.0,
        "y": 0.0,
        "z": 0.0
    },
    "tangent1": {
        "x": -0.44962796568870547,
        "y": 0.9682135581970215,
        "z": 0.4681674838066101
    },
    "tangent2": {
        "x": -0.02522715926170349,
        "y": 2.013185501098633,
        "z": 0.5515532493591309
    },
    "endPos": {
        "x": -0.6803754568099976,
        "y": 4.0,
        "z": 0.31746906042099
    }
}