{
    "_horizontalLines": 17.0,
    "_verticalLines": 15.0,
    "_radius": 0.10668566077947617,
    "_petalColour": {
        "r": 0.11118817329406738,
        "g": 0.0028716325759887697,
        "b": 0.029300689697265626,
        "a": 1.0
    },
    "_cylinderVertexCount": 7.0,
    "_stemRadius": 0.07425068318843842,
    "_leafCount": 8.0,
    "_edgeRingCount": 25.0,
    "startPos": {
        "x": 0.0,
        "y": 0.0,
        "z": 0.0
    },
    "tangent1": {
        "x": -0.19261737167835236,
        "y": 1.550736904144287,
        "z": -0.4513516426086426
    },
    "tangent2": {
        "x": -0.28982892632484438,
        "y": 1.5558693408966065,
        "z": -0.6690362095832825
    },
    "endPos": {
        "x": 0.526687741279602,
        "y": 4.0,
        "z": -1.0098943710327149
    }
}