{
    "_horizontalLines": 18.0,
    "_verticalLines": 19.0,
    "_radius": 0.10148688405752182,
    "_petalColour": {
        "r": 0.48840874433517458,
        "g": 0.8743318319320679,
        "b": 0.887446403503418,
        "a": 1.0
    },
    "_cylinderVertexCount": 9.0,
    "_stemRadius": 0.07112423330545426,
    "_leafCount": 8.0,
    "_edgeRingCount": 51.0,
    "startPos": {
        "x": 0.0,
        "y": 0.0,
        "z": 0.0
    },
    "tangent1": {
        "x": -0.4793083071708679,
        "y": 0.8500673174858093,
        "z": -0.3278355598449707
    },
    "tangent2": {
        "x": -0.8244180679321289,
        "y": 1.1924095153808594,
        "z": 0.07144153118133545
    },
    "endPos": {
        "x": -1.2722525596618653,
        "y": 4.0,
        "z": 0.4589666724205017
    }
}