{
    "_horizontalLines": 16.0,
    "_verticalLines": 18.0,
    "_radius": 0.04130658879876137,
    "_petalColour": {
        "r": 0.999847412109375,
        "g": 0.27140504121780398,
        "b": 0.09710347652435303,
        "a": 1.0
    },
    "_cylinderVertexCount": 10.0,
    "_stemRadius": 0.019359242171049119,
    "_leafCount": 8.0,
    "_edgeRingCount": 55.0,
    "startPos": {
        "x": 0.0,
        "y": 0.0,
        "z": 0.0
    },
    "tangent1": {
        "x": -0.08284659683704376,
        "y": 0.9541646838188171,
        "z": 0.19888579845428468
    },
    "tangent2": {
        "x": -0.35281550884246828,
        "y": 1.8374428749084473,
        "z": 0.6394920349121094
    },
    "endPos": {
        "x": 0.17040157318115235,
        "y": 4.0,
        "z": 1.1300206184387208
    }
}