{
    "_horizontalLines": 16.0,
    "_verticalLines": 16.0,
    "_radius": 0.10063110291957855,
    "_petalColour": {
        "r": 0.5752342343330383,
        "g": 0.3093569874763489,
        "b": 0.5257275700569153,
        "a": 1.0
    },
    "_cylinderVertexCount": 12.0,
    "_stemRadius": 0.08150137215852738,
    "_leafCount": 8.0,
    "_edgeRingCount": 43.0,
    "startPos": {
        "x": 0.0,
        "y": 0.0,
        "z": 0.0
    },
    "tangent1": {
        "x": -0.10353927314281464,
        "y": 0.16343899071216584,
        "z": -0.2153511494398117
    },
    "tangent2": {
        "x": 0.1708589345216751,
        "y": 1.1547033786773682,
        "z": -0.16301855444908143
    },
    "endPos": {
        "x": 0.3895960748195648,
        "y": 4.0,
        "z": 0.19184187054634095
    }
}