{
    "_horizontalLines": 19.0,
    "_verticalLines": 17.0,
    "_radius": 0.10646826773881912,
    "_petalColour": {
        "r": 0.8835971355438232,
        "g": 0.6877325773239136,
        "b": 0.18178939819335938,
        "a": 1.0
    },
    "_cylinderVertexCount": 12.0,
    "_stemRadius": 0.0602189339697361,
    "_leafCount": 8.0,
    "_edgeRingCount": 52.0,
    "startPos": {
        "x": 0.0,
        "y": 0.0,
        "z": 0.0
    },
    "tangent1": {
        "x": 0.3592544496059418,
        "y": 1.6531463861465455,
        "z": -0.1482429951429367
    },
    "tangent2": {
        "x": 0.5786508321762085,
        "y": 1.9186103343963624,
        "z": -0.5219770073890686
    },
    "endPos": {
        "x": 0.2683117091655731,
        "y": 4.0,
        "z": -0.14680153131484986
    }
}