{
    "_horizontalLines": 16.0,
    "_verticalLines": 19.0,
    "_radius": 0.04505103453993797,
    "_petalColour": {
        "r": 0.7642357349395752,
        "g": 0.30239707231521609,
        "b": 0.8380671739578247,
        "a": 1.0
    },
    "_cylinderVertexCount": 13.0,
    "_stemRadius": 0.042910363525152209,
    "_leafCount": 8.0,
    "_edgeRingCount": 13.0,
    "startPos": {
        "x": 0.0,
        "y": 0.0,
        "z": 0.0
    },
    "tangent1": {
        "x": -0.16447444260120393,
        "y": 0.44154757261276247,
        "z": -0.4039915204048157
    },
    "tangent2": {
        "x": -0.327744722366333,
        "y": 0.7912381887435913,
        "z": 0.02081388235092163
    },
    "endPos": {
        "x": 0.033279210329055789,
        "y": 4.0,
        "z": -0.20318497717380525
    }
}