{
    "_horizontalLines": 18.0,
    "_verticalLines": 18.0,
    "_radius": 0.13762393593788148,
    "_petalColour": {
        "r": 0.5948858857154846,
        "g": 0.64677894115448,
        "b": 0.03748679161071777,
        "a": 1.0
    },
    "_cylinderVertexCount": 6.0,
    "_stemRadius": 0.10796624422073364,
    "_leafCount": 8.0,
    "_edgeRingCount": 31.0,
    "startPos": {
        "x": 0.0,
        "y": 0.0,
        "z": 0.0
    },
    "tangent1": {
        "x": -0.3265109956264496,
        "y": 0.005236816592514515,
        "z": -0.3439551293849945
    },
    "tangent2": {
        "x": 0.14509820938110352,
        "y": 1.88689386844635,
        "z": -0.0601506233215332
    },
    "endPos": {
        "x": -0.5954309105873108,
        "y": 4.652406692504883,
        "z": 0.413978636264801
    }
}