{
    "_horizontalLines": 18.0,
    "_verticalLines": 17.0,
    "_radius": 0.0515114851295948,
    "_petalColour": {
        "r": 0.7834399938583374,
        "g": 0.3887280821800232,
        "b": 0.5873611569404602,
        "a": 1.0
    },
    "_cylinderVertexCount": 8.0,
    "_stemRadius": 0.0276991855353117,
    "_leafCount": 8.0,
    "_edgeRingCount": 56.0,
    "startPos": {
        "x": 0.0,
        "y": 0.0,
        "z": 0.0
    },
    "tangent1": {
        "x": 0.2989591360092163,
        "y": 0.8669208288192749,
        "z": 0.1411837339401245
    },
    "tangent2": {
        "x": 0.11383254826068878,
        "y": 1.5358309745788575,
        "z": -0.049804046750068668
    },
    "endPos": {
        "x": -0.013191044330596924,
        "y": 4.0,
        "z": 0.06957069039344788
    }
}