{
    "_horizontalLines": 16.0,
    "_verticalLines": 15.0,
    "_radius": 0.07442484050989151,
    "_petalColour": {
        "r": 0.018322110176086427,
        "g": 0.39001506567001345,
        "b": 0.006829738616943359,
        "a": 1.0
    },
    "_cylinderVertexCount": 11.0,
    "_stemRadius": 0.03443967178463936,
    "_leafCount": 8.0,
    "_edgeRingCount": 21.0,
    "startPos": {
        "x": 0.0,
        "y": 0.0,
        "z": 0.0
    },
    "tangent1": {
        "x": 0.09497003257274628,
        "y": 1.9076274633407593,
        "z": 0.4632035195827484
    },
    "tangent2": {
        "x": 0.11649283766746521,
        "y": 3.1067168712615969,
        "z": 0.011166661977767945
    },
    "endPos": {
        "x": -0.029997989535331727,
        "y": 6.075736999511719,
        "z": -0.4315270483493805
    }
}