{
    "_horizontalLines": 15.0,
    "_verticalLines": 17.0,
    "_radius": 0.08139239996671677,
    "_petalColour": {
        "r": 0.19071269035339356,
        "g": 0.21486032009124757,
        "b": 0.7242166996002197,
        "a": 1.0
    },
    "_cylinderVertexCount": 12.0,
    "_stemRadius": 0.03580357879400253,
    "_leafCount": 8.0,
    "_edgeRingCount": 44.0,
    "startPos": {
        "x": 0.0,
        "y": 0.0,
        "z": 0.0
    },
    "tangent1": {
        "x": -0.3961746394634247,
        "y": 0.1618339568376541,
        "z": 0.3141219913959503
    },
    "tangent2": {
        "x": -0.8191469311714172,
        "y": 1.2268131971359254,
        "z": 0.45089593529701235
    },
    "endPos": {
        "x": -0.17178314924240113,
        "y": 4.330423355102539,
        "z": 0.2197548896074295
    }
}