{
    "_horizontalLines": 15.0,
    "_verticalLines": 18.0,
    "_radius": 0.02598416991531849,
    "_petalColour": {
        "r": 0.741007924079895,
        "g": 0.45406752824783327,
        "b": 0.1549321413040161,
        "a": 1.0
    },
    "_cylinderVertexCount": 11.0,
    "_stemRadius": 0.008992097340524197,
    "_leafCount": 8.0,
    "_edgeRingCount": 7.0,
    "startPos": {
        "x": 0.0,
        "y": 0.0,
        "z": 0.0
    },
    "tangent1": {
        "x": 0.3415675163269043,
        "y": 0.8065614700317383,
        "z": -0.3060356080532074
    },
    "tangent2": {
        "x": 0.8062578439712524,
        "y": 1.3793022632598878,
        "z": -0.7857291102409363
    },
    "endPos": {
        "x": 0.22885310649871827,
        "y": 4.0,
        "z": -0.8340651392936707
    }
}