{
    "_horizontalLines": 16.0,
    "_verticalLines": 17.0,
    "_radius": 0.07294926047325134,
    "_petalColour": {
        "r": 0.09293723106384278,
        "g": 0.17208516597747804,
        "b": 0.1799091100692749,
        "a": 1.0
    },
    "_cylinderVertexCount": 13.0,
    "_stemRadius": 0.04977160692214966,
    "_leafCount": 8.0,
    "_edgeRingCount": 21.0,
    "startPos": {
        "x": 0.0,
        "y": 0.0,
        "z": 0.0
    },
    "tangent1": {
        "x": 0.22984910011291505,
        "y": 0.8515585064888,
        "z": 0.25046634674072268
    },
    "tangent2": {
        "x": 0.713781476020813,
        "y": 2.7402284145355226,
        "z": 0.18972058594226838
    },
    "endPos": {
        "x": 0.17513662576675416,
        "y": 4.0,
        "z": 0.6388117074966431
    }
}