{
    "_horizontalLines": 18.0,
    "_verticalLines": 19.0,
    "_radius": 0.07516004890203476,
    "_petalColour": {
        "r": 0.015812277793884279,
        "g": 0.09588956832885742,
        "b": 0.7989745140075684,
        "a": 1.0
    },
    "_cylinderVertexCount": 10.0,
    "_stemRadius": 0.04345310479402542,
    "_leafCount": 8.0,
    "_edgeRingCount": 26.0,
    "startPos": {
        "x": 0.0,
        "y": 0.0,
        "z": 0.0
    },
    "tangent1": {
        "x": -0.035803746432065967,
        "y": 1.6417468786239625,
        "z": -0.15695218741893769
    },
    "tangent2": {
        "x": 0.04836464300751686,
        "y": 3.5774104595184328,
        "z": -0.17481669783592225
    },
    "endPos": {
        "x": 0.6533686518669128,
        "y": 6.300000190734863,
        "z": -0.8384420871734619
    }
}