{
    "_horizontalLines": 15.0,
    "_verticalLines": 17.0,
    "_radius": 0.06772831082344055,
    "_petalColour": {
        "r": 0.33474427461624148,
        "g": 0.4964599013328552,
        "b": 0.0012240409851074219,
        "a": 1.0
    },
    "_cylinderVertexCount": 5.0,
    "_stemRadius": 0.023911956697702409,
    "_leafCount": 8.0,
    "_edgeRingCount": 23.0,
    "startPos": {
        "x": 0.0,
        "y": 0.0,
        "z": 0.0
    },
    "tangent1": {
        "x": 0.150303453207016,
        "y": 1.845415472984314,
        "z": 0.4687279760837555
    },
    "tangent2": {
        "x": 0.09409718215465546,
        "y": 2.795848846435547,
        "z": 0.4594200551509857
    },
    "endPos": {
        "x": 0.6353026032447815,
        "y": 4.0,
        "z": 0.762059211730957
    }
}