{
    "_horizontalLines": 19.0,
    "_verticalLines": 15.0,
    "_radius": 0.0881025567650795,
    "_petalColour": {
        "r": 0.7662380933761597,
        "g": 0.3439353108406067,
        "b": 0.7739135026931763,
        "a": 1.0
    },
    "_cylinderVertexCount": 14.0,
    "_stemRadius": 0.06883213669061661,
    "_leafCount": 8.0,
    "_edgeRingCount": 33.0,
    "startPos": {
        "x": 0.0,
        "y": 0.0,
        "z": 0.0
    },
    "tangent1": {
        "x": 0.06400065124034882,
        "y": 0.9615737795829773,
        "z": 0.10706348717212677
    },
    "tangent2": {
        "x": -0.28309619426727297,
        "y": 2.637186288833618,
        "z": 0.4509202837944031
    },
    "endPos": {
        "x": -1.1133939027786255,
        "y": 4.0,
        "z": -0.14900100231170655
    }
}