{
    "_horizontalLines": 15.0,
    "_verticalLines": 18.0,
    "_radius": 0.09910399466753006,
    "_petalColour": {
        "r": 0.6604882478713989,
        "g": 0.3685123324394226,
        "b": 0.2793300747871399,
        "a": 1.0
    },
    "_cylinderVertexCount": 11.0,
    "_stemRadius": 0.05955282226204872,
    "_leafCount": 8.0,
    "_edgeRingCount": 10.0,
    "startPos": {
        "x": 0.0,
        "y": 0.0,
        "z": 0.0
    },
    "tangent1": {
        "x": 0.3407449722290039,
        "y": 1.7664470672607422,
        "z": -0.017794322222471238
    },
    "tangent2": {
        "x": 0.3838687539100647,
        "y": 3.2123656272888185,
        "z": -0.07886838912963867
    },
    "endPos": {
        "x": 1.1729114055633546,
        "y": 5.320423126220703,
        "z": -0.3007667660713196
    }
}