{
    "_horizontalLines": 17.0,
    "_verticalLines": 16.0,
    "_radius": 0.05181695148348808,
    "_petalColour": {
        "r": 0.6539751291275024,
        "g": 0.158422589302063,
        "b": 0.7649248838424683,
        "a": 1.0
    },
    "_cylinderVertexCount": 13.0,
    "_stemRadius": 0.043247755616903308,
    "_leafCount": 8.0,
    "_edgeRingCount": 55.0,
    "startPos": {
        "x": 0.0,
        "y": 0.0,
        "z": 0.0
    },
    "tangent1": {
        "x": 0.16342304646968842,
        "y": 0.5705046653747559,
        "z": -0.3021884858608246
    },
    "tangent2": {
        "x": -0.08852745592594147,
        "y": 2.16483736038208,
        "z": -0.5486751794815064
    },
    "endPos": {
        "x": -0.6598876714706421,
        "y": 4.583086013793945,
        "z": -0.19108980894088746
    }
}