{
    "_horizontalLines": 19.0,
    "_verticalLines": 15.0,
    "_radius": 0.08416198194026947,
    "_petalColour": {
        "r": 0.11342322826385498,
        "g": 0.14770400524139405,
        "b": 0.7708117961883545,
        "a": 1.0
    },
    "_cylinderVertexCount": 12.0,
    "_stemRadius": 0.06437765806913376,
    "_leafCount": 8.0,
    "_edgeRingCount": 64.0,
    "startPos": {
        "x": 0.0,
        "y": 0.0,
        "z": 0.0
    },
    "tangent1": {
        "x": 0.23971080780029298,
        "y": 0.5178035497665405,
        "z": -0.269624799489975
    },
    "tangent2": {
        "x": -0.19540253281593324,
        "y": 0.7026496529579163,
        "z": -0.37546688318252566
    },
    "endPos": {
        "x": -0.9260971546173096,
        "y": 4.0,
        "z": 0.232427716255188
    }
}