{
    "_horizontalLines": 16.0,
    "_verticalLines": 18.0,
    "_radius": 0.052701182663440707,
    "_petalColour": {
        "r": 0.8292316198348999,
        "g": 0.32072073221206667,
        "b": 0.17163729667663575,
        "a": 1.0
    },
    "_cylinderVertexCount": 7.0,
    "_stemRadius": 0.045122064650058749,
    "_leafCount": 8.0,
    "_edgeRingCount": 32.0,
    "startPos": {
        "x": 0.0,
        "y": 0.0,
        "z": 0.0
    },
    "tangent1": {
        "x": 0.32455015182495119,
        "y": 1.2757865190505982,
        "z": 0.38679540157318118
    },
    "tangent2": {
        "x": 0.5992166996002197,
        "y": 2.704860210418701,
        "z": 0.22340671718120576
    },
    "endPos": {
        "x": -0.2090781331062317,
        "y": 5.92310905456543,
        "z": 0.5804123282432556
    }
}