{
    "_horizontalLines": 18.0,
    "_verticalLines": 19.0,
    "_radius": 0.12853331863880158,
    "_petalColour": {
        "r": 0.5467378497123718,
        "g": 0.7761678695678711,
        "b": 0.18505072593688966,
        "a": 1.0
    },
    "_cylinderVertexCount": 11.0,
    "_stemRadius": 0.10766562074422836,
    "_leafCount": 8.0,
    "_edgeRingCount": 56.0,
    "startPos": {
        "x": 0.0,
        "y": 0.0,
        "z": 0.0
    },
    "tangent1": {
        "x": 0.3425271809101105,
        "y": 1.135049819946289,
        "z": 0.38695260882377627
    },
    "tangent2": {
        "x": 0.3706381022930145,
        "y": 2.2761335372924806,
        "z": 0.41671910881996157
    },
    "endPos": {
        "x": -0.00757598876953125,
        "y": 5.76186466217041,
        "z": -0.031098634004592897
    }
}