{
    "_horizontalLines": 19.0,
    "_verticalLines": 15.0,
    "_radius": 0.13467168807983399,
    "_petalColour": {
        "r": 0.7436238527297974,
        "g": 0.4387086033821106,
        "b": 0.3932754397392273,
        "a": 1.0
    },
    "_cylinderVertexCount": 8.0,
    "_stemRadius": 0.09590902179479599,
    "_leafCount": 8.0,
    "_edgeRingCount": 54.0,
    "startPos": {
        "x": 0.0,
        "y": 0.0,
        "z": 0.0
    },
    "tangent1": {
        "x": -0.36248818039894106,
        "y": 0.11700840294361115,
        "z": 0.06495551764965058
    },
    "tangent2": {
        "x": -0.2630985975265503,
        "y": 0.4148057699203491,
        "z": -0.2611326575279236
    },
    "endPos": {
        "x": 0.5289952158927918,
        "y": 4.0,
        "z": 0.4598196744918823
    }
}