{
    "_horizontalLines": 16.0,
    "_verticalLines": 16.0,
    "_radius": 0.04834354668855667,
    "_petalColour": {
        "r": 0.6405858993530273,
        "g": 0.6393454074859619,
        "b": 0.6959154605865479,
        "a": 1.0
    },
    "_cylinderVertexCount": 12.0,
    "_stemRadius": 0.0428646095097065,
    "_leafCount": 8.0,
    "_edgeRingCount": 63.0,
    "startPos": {
        "x": 0.0,
        "y": 0.0,
        "z": 0.0
    },
    "tangent1": {
        "x": -0.38749101758003237,
        "y": 0.18736763298511506,
        "z": 0.30758464336395266
    },
    "tangent2": {
        "x": -0.12257423996925354,
        "y": 0.4152320921421051,
        "z": 0.29701048135757449
    },
    "endPos": {
        "x": 0.43889424204826357,
        "y": 4.0,
        "z": 1.0083900690078736
    }
}