{
    "_horizontalLines": 18.0,
    "_verticalLines": 17.0,
    "_radius": 0.05883568525314331,
    "_petalColour": {
        "r": 0.2398320436477661,
        "g": 0.16979587078094483,
        "b": 0.6184883713722229,
        "a": 1.0
    },
    "_cylinderVertexCount": 14.0,
    "_stemRadius": 0.043729621917009357,
    "_leafCount": 8.0,
    "_edgeRingCount": 48.0,
    "startPos": {
        "x": 0.0,
        "y": 0.0,
        "z": 0.0
    },
    "tangent1": {
        "x": 0.4764177203178406,
        "y": 1.578939437866211,
        "z": -0.2881375253200531
    },
    "tangent2": {
        "x": 0.13067883253097535,
        "y": 2.8731842041015627,
        "z": -0.5108428597450256
    },
    "endPos": {
        "x": -0.5062119364738464,
        "y": 4.564663410186768,
        "z": -0.4516918957233429
    }
}