{
    "_horizontalLines": 15.0,
    "_verticalLines": 18.0,
    "_radius": 0.07763367891311646,
    "_petalColour": {
        "r": 0.12003707885742188,
        "g": 0.14218103885650636,
        "b": 0.44337505102157595,
        "a": 1.0
    },
    "_cylinderVertexCount": 8.0,
    "_stemRadius": 0.05142873525619507,
    "_leafCount": 8.0,
    "_edgeRingCount": 23.0,
    "startPos": {
        "x": 0.0,
        "y": 0.0,
        "z": 0.0
    },
    "tangent1": {
        "x": 0.43489494919776919,
        "y": 1.2917327880859376,
        "z": -0.16680030524730683
    },
    "tangent2": {
        "x": 0.2892957925796509,
        "y": 1.4833166599273682,
        "z": -0.49365395307540896
    },
    "endPos": {
        "x": -0.07560667395591736,
        "y": 4.0,
        "z": -0.49906036257743838
    }
}