{
    "_horizontalLines": 17.0,
    "_verticalLines": 15.0,
    "_radius": 0.09391962736845017,
    "_petalColour": {
        "r": 0.06779849529266358,
        "g": 0.24214637279510499,
        "b": 0.3843861222267151,
        "a": 1.0
    },
    "_cylinderVertexCount": 7.0,
    "_stemRadius": 0.05048156529664993,
    "_leafCount": 8.0,
    "_edgeRingCount": 58.0,
    "startPos": {
        "x": 0.0,
        "y": 0.0,
        "z": 0.0
    },
    "tangent1": {
        "x": -0.27601075172424319,
        "y": 1.7515456676483155,
        "z": -0.11460237205028534
    },
    "tangent2": {
        "x": -0.2977249026298523,
        "y": 3.231344699859619,
        "z": -0.1819377839565277
    },
    "endPos": {
        "x": -0.8161636590957642,
        "y": 6.217021942138672,
        "z": 0.2542021870613098
    }
}