{
    "_horizontalLines": 15.0,
    "_verticalLines": 17.0,
    "_radius": 0.03789012134075165,
    "_petalColour": {
        "r": 0.9465979337692261,
        "g": 0.4397583603858948,
        "b": 0.5629526972770691,
        "a": 1.0
    },
    "_cylinderVertexCount": 13.0,
    "_stemRadius": 0.022294633090496064,
    "_leafCount": 8.0,
    "_edgeRingCount": 53.0,
    "startPos": {
        "x": 0.0,
        "y": 0.0,
        "z": 0.0
    },
    "tangent1": {
        "x": 0.11648564040660858,
        "y": 1.798484444618225,
        "z": -0.08564086258411408
    },
    "tangent2": {
        "x": 0.41199547052383425,
        "y": 2.037193775177002,
        "z": -0.03614354506134987
    },
    "endPos": {
        "x": -0.019679218530654908,
        "y": 4.0,
        "z": -0.2115655392408371
    }
}