{
    "_horizontalLines": 19.0,
    "_verticalLines": 17.0,
    "_radius": 0.11062489449977875,
    "_petalColour": {
        "r": 0.000621795654296875,
        "g": 0.8368993997573853,
        "b": 0.033612847328186038,
        "a": 1.0
    },
    "_cylinderVertexCount": 9.0,
    "_stemRadius": 0.09892120957374573,
    "_leafCount": 8.0,
    "_edgeRingCount": 35.0,
    "startPos": {
        "x": 0.0,
        "y": 0.0,
        "z": 0.0
    },
    "tangent1": {
        "x": 0.4708127975463867,
        "y": 1.9387810230255128,
        "z": 0.08754496276378632
    },
    "tangent2": {
        "x": 0.207993745803833,
        "y": 2.2747135162353517,
        "z": -0.20098014175891877
    },
    "endPos": {
        "x": 0.3670862317085266,
        "y": 4.0,
        "z": -0.46698808670043948
    }
}