{
    "_horizontalLines": 19.0,
    "_verticalLines": 19.0,
    "_radius": 0.10172905772924423,
    "_petalColour": {
        "r": 0.48678451776504519,
        "g": 0.8426506519317627,
        "b": 0.7753410339355469,
        "a": 1.0
    },
    "_cylinderVertexCount": 12.0,
    "_stemRadius": 0.0836612731218338,
    "_leafCount": 8.0,
    "_edgeRingCount": 40.0,
    "startPos": {
        "x": 0.0,
        "y": 0.0,
        "z": 0.0
    },
    "tangent1": {
        "x": -0.13804621994495393,
        "y": 1.6168216466903687,
        "z": 0.03157548978924751
    },
    "tangent2": {
        "x": -0.21018758416175843,
        "y": 2.6770598888397219,
        "z": 0.01008615642786026
    },
    "endPos": {
        "x": 0.2947753369808197,
        "y": 4.0,
        "z": -0.47465944290161135
    }
}