{
    "_horizontalLines": 18.0,
    "_verticalLines": 17.0,
    "_radius": 0.11352784931659699,
    "_petalColour": {
        "r": 0.8616830110549927,
        "g": 0.9746972322463989,
        "b": 0.2971366047859192,
        "a": 1.0
    },
    "_cylinderVertexCount": 9.0,
    "_stemRadius": 0.10649003833532334,
    "_leafCount": 8.0,
    "_edgeRingCount": 39.0,
    "startPos": {
        "x": 0.0,
        "y": 0.0,
        "z": 0.0
    },
    "tangent1": {
        "x": -0.20424886047840119,
        "y": 0.9384807348251343,
        "z": 0.10114093124866486
    },
    "tangent2": {
        "x": -0.16046062111854554,
        "y": 2.1304049491882326,
        "z": -0.20650602877140046
    },
    "endPos": {
        "x": -0.5726580619812012,
        "y": 4.433612823486328,
        "z": -0.32830628752708437
    }
}