{
    "_horizontalLines": 19.0,
    "_verticalLines": 17.0,
    "_radius": 0.14981210231781007,
    "_petalColour": {
        "r": 0.8114891052246094,
        "g": 0.7469837665557861,
        "b": 0.5162665247917175,
        "a": 1.0
    },
    "_cylinderVertexCount": 11.0,
    "_stemRadius": 0.10730049759149552,
    "_leafCount": 8.0,
    "_edgeRingCount": 16.0,
    "startPos": {
        "x": 0.0,
        "y": 0.0,
        "z": 0.0
    },
    "tangent1": {
        "x": 0.1425386369228363,
        "y": 0.6529539227485657,
        "z": 0.46869897842407229
    },
    "tangent2": {
        "x": 0.25004082918167117,
        "y": 2.0908713340759279,
        "z": 0.05161276459693909
    },
    "endPos": {
        "x": -0.038421958684921268,
        "y": 4.11185359954834,
        "z": -0.423068642616272
    }
}