{
    "_horizontalLines": 18.0,
    "_verticalLines": 16.0,
    "_radius": 0.07708422839641571,
    "_petalColour": {
        "r": 0.43547743558883669,
        "g": 0.7143375873565674,
        "b": 0.18484771251678468,
        "a": 1.0
    },
    "_cylinderVertexCount": 14.0,
    "_stemRadius": 0.029219992458820344,
    "_leafCount": 8.0,
    "_edgeRingCount": 27.0,
    "startPos": {
        "x": 0.0,
        "y": 0.0,
        "z": 0.0
    },
    "tangent1": {
        "x": -0.2658291757106781,
        "y": 1.549981713294983,
        "z": -0.4315098822116852
    },
    "tangent2": {
        "x": -0.42611628770828249,
        "y": 1.9779422283172608,
        "z": -0.1883505880832672
    },
    "endPos": {
        "x": 0.19203513860702516,
        "y": 4.002976894378662,
        "z": 0.2443716824054718
    }
}