{
    "_horizontalLines": 18.0,
    "_verticalLines": 17.0,
    "_radius": 0.040968820452690127,
    "_petalColour": {
        "r": 0.6445834636688232,
        "g": 0.2790229916572571,
        "b": 0.05424833297729492,
        "a": 1.0
    },
    "_cylinderVertexCount": 10.0,
    "_stemRadius": 0.03756256401538849,
    "_leafCount": 8.0,
    "_edgeRingCount": 33.0,
    "startPos": {
        "x": 0.0,
        "y": 0.0,
        "z": 0.0
    },
    "tangent1": {
        "x": 0.487548828125,
        "y": 0.9020228385925293,
        "z": -0.49293336272239687
    },
    "tangent2": {
        "x": 0.37104159593582156,
        "y": 2.8145923614501955,
        "z": -0.6619664430618286
    },
    "endPos": {
        "x": 0.2398565262556076,
        "y": 4.4105706214904789,
        "z": -0.7324245572090149
    }
}