{
    "_horizontalLines": 15.0,
    "_verticalLines": 15.0,
    "_radius": 0.0840391144156456,
    "_petalColour": {
        "r": 0.4564322829246521,
        "g": 0.9276286363601685,
        "b": 0.3064618706703186,
        "a": 1.0
    },
    "_cylinderVertexCount": 6.0,
    "_stemRadius": 0.06643650680780411,
    "_leafCount": 8.0,
    "_edgeRingCount": 64.0,
    "startPos": {
        "x": 0.0,
        "y": 0.0,
        "z": 0.0
    },
    "tangent1": {
        "x": -0.03161640092730522,
        "y": 1.9925696849822999,
        "z": 0.012570095248520375
    },
    "tangent2": {
        "x": 0.17490164935588838,
        "y": 2.96553897857666,
        "z": 0.31331974267959597
    },
    "endPos": {
        "x": 0.6436865925788879,
        "y": 6.300000190734863,
        "z": -0.5473167896270752
    }
}