{
    "_horizontalLines": 17.0,
    "_verticalLines": 16.0,
    "_radius": 0.06890633702278137,
    "_petalColour": {
        "r": 0.7533414363861084,
        "g": 0.28353625535964968,
        "b": 0.6829036474227905,
        "a": 1.0
    },
    "_cylinderVertexCount": 11.0,
    "_stemRadius": 0.031344104558229449,
    "_leafCount": 8.0,
    "_edgeRingCount": 62.0,
    "startPos": {
        "x": 0.0,
        "y": 0.0,
        "z": 0.0
    },
    "tangent1": {
        "x": -0.38139963150024416,
        "y": 1.0326045751571656,
        "z": 0.07996205985546112
    },
    "tangent2": {
        "x": -0.7489118576049805,
        "y": 2.646071195602417,
        "z": -0.16468706727027894
    },
    "endPos": {
        "x": -0.5755342841148377,
        "y": 5.274379730224609,
        "z": -0.8563934564590454
    }
}