{
    "_horizontalLines": 18.0,
    "_verticalLines": 16.0,
    "_radius": 0.04976640269160271,
    "_petalColour": {
        "r": 0.07967066764831543,
        "g": 0.8480490446090698,
        "b": 0.34699684381484988,
        "a": 1.0
    },
    "_cylinderVertexCount": 12.0,
    "_stemRadius": 0.042792655527591708,
    "_leafCount": 8.0,
    "_edgeRingCount": 41.0,
    "startPos": {
        "x": 0.0,
        "y": 0.0,
        "z": 0.0
    },
    "tangent1": {
        "x": -0.49431437253952029,
        "y": 0.5663394331932068,
        "z": -0.07043080031871796
    },
    "tangent2": {
        "x": -0.30299419164657595,
        "y": 1.3640128374099732,
        "z": -0.4703710675239563
    },
    "endPos": {
        "x": 0.23821645975112916,
        "y": 4.0,
        "z": 0.0706179141998291
    }
}