{
    "_horizontalLines": 19.0,
    "_verticalLines": 15.0,
    "_radius": 0.1317700296640396,
    "_petalColour": {
        "r": 0.5589147210121155,
        "g": 0.04995572566986084,
        "b": 0.6178632378578186,
        "a": 1.0
    },
    "_cylinderVertexCount": 13.0,
    "_stemRadius": 0.08556506782770157,
    "_leafCount": 8.0,
    "_edgeRingCount": 26.0,
    "startPos": {
        "x": 0.0,
        "y": 0.0,
        "z": 0.0
    },
    "tangent1": {
        "x": 0.3907564878463745,
        "y": 1.3469349145889283,
        "z": -0.31819382309913638
    },
    "tangent2": {
        "x": 0.3329017758369446,
        "y": 2.87200665473938,
        "z": 0.042850106954574588
    },
    "endPos": {
        "x": 0.5609890222549439,
        "y": 4.293601036071777,
        "z": 0.5927435159683228
    }
}