{
    "_horizontalLines": 17.0,
    "_verticalLines": 17.0,
    "_radius": 0.038228847086429599,
    "_petalColour": {
        "r": 0.8081914186477661,
        "g": 0.052823543548583987,
        "b": 0.3756377100944519,
        "a": 1.0
    },
    "_cylinderVertexCount": 14.0,
    "_stemRadius": 0.0335252471268177,
    "_leafCount": 8.0,
    "_edgeRingCount": 53.0,
    "startPos": {
        "x": 0.0,
        "y": 0.0,
        "z": 0.0
    },
    "tangent1": {
        "x": -0.30861854553222659,
        "y": 1.3080387115478516,
        "z": 0.3324614465236664
    },
    "tangent2": {
        "x": -0.001866459846496582,
        "y": 3.2252840995788576,
        "z": -0.15084049105644227
    },
    "endPos": {
        "x": -0.5432516932487488,
        "y": 4.756819248199463,
        "z": 0.3490845859050751
    }
}