{
    "_horizontalLines": 18.0,
    "_verticalLines": 17.0,
    "_radius": 0.07143952697515488,
    "_petalColour": {
        "r": 0.693574070930481,
        "g": 0.11637592315673828,
        "b": 0.9930441379547119,
        "a": 1.0
    },
    "_cylinderVertexCount": 11.0,
    "_stemRadius": 0.053682051599025729,
    "_leafCount": 8.0,
    "_edgeRingCount": 25.0,
    "startPos": {
        "x": 0.0,
        "y": 0.0,
        "z": 0.0
    },
    "tangent1": {
        "x": 0.43828144669532778,
        "y": 0.2001153975725174,
        "z": 0.2116166055202484
    },
    "tangent2": {
        "x": 0.0069946348667144779,
        "y": 0.6647542715072632,
        "z": 0.6680551767349243
    },
    "endPos": {
        "x": -0.39526140689849856,
        "y": 4.0,
        "z": -0.08741122484207154
    }
}