{
    "_horizontalLines": 17.0,
    "_verticalLines": 16.0,
    "_radius": 0.10406545549631119,
    "_petalColour": {
        "r": 0.023923397064208986,
        "g": 0.936429500579834,
        "b": 0.5409925580024719,
        "a": 1.0
    },
    "_cylinderVertexCount": 13.0,
    "_stemRadius": 0.08324176073074341,
    "_leafCount": 8.0,
    "_edgeRingCount": 41.0,
    "startPos": {
        "x": 0.0,
        "y": 0.0,
        "z": 0.0
    },
    "tangent1": {
        "x": -0.30734845995903017,
        "y": 1.883968710899353,
        "z": 0.1787647008895874
    },
    "tangent2": {
        "x": 0.06078338623046875,
        "y": 2.587064266204834,
        "z": -0.1555536687374115
    },
    "endPos": {
        "x": 0.6832026839256287,
        "y": 5.480731010437012,
        "z": 0.5181847810745239
    }
}