{
    "_horizontalLines": 16.0,
    "_verticalLines": 15.0,
    "_radius": 0.09754490107297898,
    "_petalColour": {
        "r": 0.471707284450531,
        "g": 0.18181180953979493,
        "b": 0.901422381401062,
        "a": 1.0
    },
    "_cylinderVertexCount": 14.0,
    "_stemRadius": 0.09397007524967194,
    "_leafCount": 8.0,
    "_edgeRingCount": 21.0,
    "startPos": {
        "x": 0.0,
        "y": 0.0,
        "z": 0.0
    },
    "tangent1": {
        "x": 0.2634758949279785,
        "y": 0.16520901024341584,
        "z": -0.45761775970458987
    },
    "tangent2": {
        "x": 0.07350330054759979,
        "y": 0.20568504929542542,
        "z": -0.28317368030548098
    },
    "endPos": {
        "x": -0.30206114053726199,
        "y": 4.0,
        "z": -0.8667269349098206
    }
}