{
    "_horizontalLines": 17.0,
    "_verticalLines": 15.0,
    "_radius": 0.13013112545013429,
    "_petalColour": {
        "r": 0.0018979310989379883,
        "g": 0.4113101363182068,
        "b": 0.8280051946640015,
        "a": 1.0
    },
    "_cylinderVertexCount": 5.0,
    "_stemRadius": 0.08885735273361206,
    "_leafCount": 8.0,
    "_edgeRingCount": 49.0,
    "startPos": {
        "x": 0.0,
        "y": 0.0,
        "z": 0.0
    },
    "tangent1": {
        "x": 0.22619235515594483,
        "y": 1.8846149444580079,
        "z": -0.4708808958530426
    },
    "tangent2": {
        "x": 0.10350663959980011,
        "y": 3.1935935020446779,
        "z": -0.01159021258354187
    },
    "endPos": {
        "x": 0.46989333629608157,
        "y": 4.0,
        "z": -0.6270469427108765
    }
}