{
    "_horizontalLines": 19.0,
    "_verticalLines": 18.0,
    "_radius": 0.0941697359085083,
    "_petalColour": {
        "r": 0.7140231132507324,
        "g": 0.05484616756439209,
        "b": 0.0048705339431762699,
        "a": 1.0
    },
    "_cylinderVertexCount": 11.0,
    "_stemRadius": 0.0704660415649414,
    "_leafCount": 8.0,
    "_edgeRingCount": 13.0,
    "startPos": {
        "x": 0.0,
        "y": 0.0,
        "z": 0.0
    },
    "tangent1": {
        "x": -0.41629400849342348,
        "y": 1.8444839715957642,
        "z": 0.437924861907959
    },
    "tangent2": {
        "x": -0.7166550755500794,
        "y": 3.5597481727600099,
        "z": -0.05225563049316406
    },
    "endPos": {
        "x": -0.8048418164253235,
        "y": 4.589609622955322,
        "z": -0.7864410281181336
    }
}