{
    "_horizontalLines": 15.0,
    "_verticalLines": 17.0,
    "_radius": 0.09140962362289429,
    "_petalColour": {
        "r": 0.1144709587097168,
        "g": 0.0733175277709961,
        "b": 0.5691997408866882,
        "a": 1.0
    },
    "_cylinderVertexCount": 5.0,
    "_stemRadius": 0.05798895284533501,
    "_leafCount": 8.0,
    "_edgeRingCount": 57.0,
    "startPos": {
        "x": 0.0,
        "y": 0.0,
        "z": 0.0
    },
    "tangent1": {
        "x": -0.08199362456798554,
        "y": 1.151668906211853,
        "z": -0.13964276015758515
    },
    "tangent2": {
        "x": 0.0023342669010162355,
        "y": 2.0522818565368654,
        "z": -0.09978914260864258
    },
    "endPos": {
        "x": -0.17636050283908845,
        "y": 4.0,
        "z": 0.4775935411453247
    }
}