{
    "_horizontalLines": 19.0,
    "_verticalLines": 18.0,
    "_radius": 0.10854898393154144,
    "_petalColour": {
        "r": 0.9107722043991089,
        "g": 0.5641224980354309,
        "b": 0.6647939682006836,
        "a": 1.0
    },
    "_cylinderVertexCount": 6.0,
    "_stemRadius": 0.0727909728884697,
    "_leafCount": 8.0,
    "_edgeRingCount": 40.0,
    "startPos": {
        "x": 0.0,
        "y": 0.0,
        "z": 0.0
    },
    "tangent1": {
        "x": 0.3740047216415405,
        "y": 0.645585834980011,
        "z": 0.007860374636948109
    },
    "tangent2": {
        "x": 0.5660308599472046,
        "y": 0.9970346689224243,
        "z": -0.36402446031570437
    },
    "endPos": {
        "x": -0.12927359342575074,
        "y": 4.0,
        "z": 0.04948732256889343
    }
}