{
    "_horizontalLines": 18.0,
    "_verticalLines": 16.0,
    "_radius": 0.05133283510804176,
    "_petalColour": {
        "r": 0.046361446380615237,
        "g": 0.731743335723877,
        "b": 0.5916115641593933,
        "a": 1.0
    },
    "_cylinderVertexCount": 8.0,
    "_stemRadius": 0.04692090302705765,
    "_leafCount": 8.0,
    "_edgeRingCount": 57.0,
    "startPos": {
        "x": 0.0,
        "y": 0.0,
        "z": 0.0
    },
    "tangent1": {
        "x": -0.4278506338596344,
        "y": 0.15110568702220918,
        "z": 0.11422987282276154
    },
    "tangent2": {
        "x": -0.2392633557319641,
        "y": 0.9480371475219727,
        "z": -0.04501605033874512
    },
    "endPos": {
        "x": 0.5811769962310791,
        "y": 4.0,
        "z": -0.8237887024879456
    }
}