{
    "_horizontalLines": 15.0,
    "_verticalLines": 15.0,
    "_radius": 0.0478680282831192,
    "_petalColour": {
        "r": 0.6296955347061157,
        "g": 0.0324174165725708,
        "b": 0.7446045875549316,
        "a": 1.0
    },
    "_cylinderVertexCount": 11.0,
    "_stemRadius": 0.04569553956389427,
    "_leafCount": 8.0,
    "_edgeRingCount": 19.0,
    "startPos": {
        "x": 0.0,
        "y": 0.0,
        "z": 0.0
    },
    "tangent1": {
        "x": 0.3568199872970581,
        "y": 0.5158814787864685,
        "z": 0.4450851380825043
    },
    "tangent2": {
        "x": 0.4017564654350281,
        "y": 1.1635409593582154,
        "z": 0.4276842176914215
    },
    "endPos": {
        "x": 0.35234495997428896,
        "y": 4.0,
        "z": 1.167431116104126
    }
}