{
    "_horizontalLines": 17.0,
    "_verticalLines": 18.0,
    "_radius": 0.08903952687978745,
    "_petalColour": {
        "r": 0.7082921266555786,
        "g": 0.2535930275917053,
        "b": 0.2987136244773865,
        "a": 1.0
    },
    "_cylinderVertexCount": 7.0,
    "_stemRadius": 0.04427924379706383,
    "_leafCount": 8.0,
    "_edgeRingCount": 45.0,
    "startPos": {
        "x": 0.0,
        "y": 0.0,
        "z": 0.0
    },
    "tangent1": {
        "x": -0.39022865891456606,
        "y": 0.7756053805351257,
        "z": 0.10423894226551056
    },
    "tangent2": {
        "x": -0.2702288031578064,
        "y": 2.7342159748077394,
        "z": -0.1905231922864914
    },
    "endPos": {
        "x": -0.15544889867305757,
        "y": 4.0,
        "z": -0.5126224160194397
    }
}