{
    "_horizontalLines": 19.0,
    "_verticalLines": 15.0,
    "_radius": 0.08604905754327774,
    "_petalColour": {
        "r": 0.7611958980560303,
        "g": 0.041867852210998538,
        "b": 0.8606377840042114,
        "a": 1.0
    },
    "_cylinderVertexCount": 10.0,
    "_stemRadius": 0.07282646000385285,
    "_leafCount": 8.0,
    "_edgeRingCount": 62.0,
    "startPos": {
        "x": 0.0,
        "y": 0.0,
        "z": 0.0
    },
    "tangent1": {
        "x": -0.4098169207572937,
        "y": 1.6225436925888062,
        "z": 0.0026929855812340976
    },
    "tangent2": {
        "x": -0.6659466028213501,
        "y": 2.8283183574676515,
        "z": 0.1617835909128189
    },
    "endPos": {
        "x": -1.0628082752227784,
        "y": 5.166922569274902,
        "z": -0.16363824903964997
    }
}