{
    "_horizontalLines": 18.0,
    "_verticalLines": 17.0,
    "_radius": 0.020739320665597917,
    "_petalColour": {
        "r": 0.6230921149253845,
        "g": 0.043091416358947757,
        "b": 0.3305523991584778,
        "a": 1.0
    },
    "_cylinderVertexCount": 7.0,
    "_stemRadius": 0.006459742784500122,
    "_leafCount": 8.0,
    "_edgeRingCount": 43.0,
    "startPos": {
        "x": 0.0,
        "y": 0.0,
        "z": 0.0
    },
    "tangent1": {
        "x": -0.11411519348621369,
        "y": 1.8789485692977906,
        "z": -0.3979463577270508
    },
    "tangent2": {
        "x": -0.13696804642677308,
        "y": 2.568035840988159,
        "z": -0.6669028997421265
    },
    "endPos": {
        "x": -0.6867885589599609,
        "y": 5.15043830871582,
        "z": -0.9673001766204834
    }
}