{
    "_horizontalLines": 16.0,
    "_verticalLines": 17.0,
    "_radius": 0.0728878304362297,
    "_petalColour": {
        "r": 0.05810892581939697,
        "g": 0.8572026491165161,
        "b": 0.8504745960235596,
        "a": 1.0
    },
    "_cylinderVertexCount": 7.0,
    "_stemRadius": 0.06559446454048157,
    "_leafCount": 8.0,
    "_edgeRingCount": 60.0,
    "startPos": {
        "x": 0.0,
        "y": 0.0,
        "z": 0.0
    },
    "tangent1": {
        "x": 0.4931371212005615,
        "y": 0.2232782393693924,
        "z": -0.14505644142627717
    },
    "tangent2": {
        "x": 0.4250972867012024,
        "y": 0.5444663763046265,
        "z": 0.016589432954788209
    },
    "endPos": {
        "x": 0.6817702054977417,
        "y": 4.0,
        "z": 0.3441851735115051
    }
}