{
    "_horizontalLines": 17.0,
    "_verticalLines": 17.0,
    "_radius": 0.10345079749822617,
    "_petalColour": {
        "r": 0.2602483630180359,
        "g": 0.6956372261047363,
        "b": 0.6608253717422485,
        "a": 1.0
    },
    "_cylinderVertexCount": 13.0,
    "_stemRadius": 0.10163022577762604,
    "_leafCount": 8.0,
    "_edgeRingCount": 8.0,
    "startPos": {
        "x": 0.0,
        "y": 0.0,
        "z": 0.0
    },
    "tangent1": {
        "x": -0.38892385363578799,
        "y": 0.13899116218090058,
        "z": -0.454323947429657
    },
    "tangent2": {
        "x": -0.31001728773117068,
        "y": 1.4376612901687623,
        "z": -0.6752090454101563
    },
    "endPos": {
        "x": -0.9107711911201477,
        "y": 4.0,
        "z": -1.511991262435913
    }
}