{
    "_horizontalLines": 19.0,
    "_verticalLines": 16.0,
    "_radius": 0.14261843264102937,
    "_petalColour": {
        "r": 0.18705248832702638,
        "g": 0.6797752380371094,
        "b": 0.6663707494735718,
        "a": 1.0
    },
    "_cylinderVertexCount": 8.0,
    "_stemRadius": 0.0983390063047409,
    "_leafCount": 8.0,
    "_edgeRingCount": 21.0,
    "startPos": {
        "x": 0.0,
        "y": 0.0,
        "z": 0.0
    },
    "tangent1": {
        "x": 0.4304523468017578,
        "y": 1.9963760375976563,
        "z": -0.33181342482566836
    },
    "tangent2": {
        "x": 0.9006929397583008,
        "y": 2.2955315113067629,
        "z": -0.4250677824020386
    },
    "endPos": {
        "x": 0.7325249314308167,
        "y": 5.348791599273682,
        "z": -0.6096873879432678
    }
}