{
    "_horizontalLines": 19.0,
    "_verticalLines": 15.0,
    "_radius": 0.0523674450814724,
    "_petalColour": {
        "r": 0.8713163137435913,
        "g": 0.890621542930603,
        "b": 0.7974948883056641,
        "a": 1.0
    },
    "_cylinderVertexCount": 12.0,
    "_stemRadius": 0.00978184211999178,
    "_leafCount": 8.0,
    "_edgeRingCount": 21.0,
    "startPos": {
        "x": 0.0,
        "y": 0.0,
        "z": 0.0
    },
    "tangent1": {
        "x": -0.030983638018369676,
        "y": 1.2091560363769532,
        "z": -0.22389741241931916
    },
    "tangent2": {
        "x": -0.15450644493103028,
        "y": 1.6631147861480713,
        "z": 0.142402783036232
    },
    "endPos": {
        "x": 0.6668086647987366,
        "y": 4.0,
        "z": 0.21635007858276368
    }
}