{
    "_horizontalLines": 18.0,
    "_verticalLines": 19.0,
    "_radius": 0.09520815312862396,
    "_petalColour": {
        "r": 0.4018673300743103,
        "g": 0.014596819877624512,
        "b": 0.25568634271621706,
        "a": 1.0
    },
    "_cylinderVertexCount": 12.0,
    "_stemRadius": 0.08682506531476975,
    "_leafCount": 8.0,
    "_edgeRingCount": 44.0,
    "startPos": {
        "x": 0.0,
        "y": 0.0,
        "z": 0.0
    },
    "tangent1": {
        "x": -0.3856262266635895,
        "y": 0.5593463778495789,
        "z": -0.03248853608965874
    },
    "tangent2": {
        "x": 0.040837377309799197,
        "y": 2.096026659011841,
        "z": 0.378191202878952
    },
    "endPos": {
        "x": -0.4364895522594452,
        "y": 4.0,
        "z": 0.8352094888687134
    }
}