{
    "_horizontalLines": 19.0,
    "_verticalLines": 16.0,
    "_radius": 0.08571645617485047,
    "_petalColour": {
        "r": 0.966788649559021,
        "g": 0.04694509506225586,
        "b": 0.44278496503829958,
        "a": 1.0
    },
    "_cylinderVertexCount": 5.0,
    "_stemRadius": 0.04405639320611954,
    "_leafCount": 8.0,
    "_edgeRingCount": 57.0,
    "startPos": {
        "x": 0.0,
        "y": 0.0,
        "z": 0.0
    },
    "tangent1": {
        "x": -0.07797221839427948,
        "y": 1.072464942932129,
        "z": 0.37614747881889346
    },
    "tangent2": {
        "x": 0.23477785289287568,
        "y": 1.4439671039581299,
        "z": 0.3581543266773224
    },
    "endPos": {
        "x": 0.1322426199913025,
        "y": 4.0,
        "z": 0.827037513256073
    }
}