{
    "_horizontalLines": 18.0,
    "_verticalLines": 19.0,
    "_radius": 0.11484279483556748,
    "_petalColour": {
        "r": 0.5970225930213928,
        "g": 0.5842860341072083,
        "b": 0.7696486711502075,
        "a": 1.0
    },
    "_cylinderVertexCount": 10.0,
    "_stemRadius": 0.07666637748479843,
    "_leafCount": 8.0,
    "_edgeRingCount": 27.0,
    "startPos": {
        "x": 0.0,
        "y": 0.0,
        "z": 0.0
    },
    "tangent1": {
        "x": 0.21392735838890077,
        "y": 1.2150378227233887,
        "z": 0.45085716247558596
    },
    "tangent2": {
        "x": 0.6198490858078003,
        "y": 3.0893144607543947,
        "z": 0.7379605770111084
    },
    "endPos": {
        "x": 0.7936323285102844,
        "y": 5.13967752456665,
        "z": 0.3172203004360199
    }
}