{
    "_horizontalLines": 19.0,
    "_verticalLines": 19.0,
    "_radius": 0.10326983779668808,
    "_petalColour": {
        "r": 0.08567392826080322,
        "g": 0.23980939388275147,
        "b": 0.41858750581741335,
        "a": 1.0
    },
    "_cylinderVertexCount": 9.0,
    "_stemRadius": 0.08702138066291809,
    "_leafCount": 8.0,
    "_edgeRingCount": 8.0,
    "startPos": {
        "x": 0.0,
        "y": 0.0,
        "z": 0.0
    },
    "tangent1": {
        "x": -0.3172961175441742,
        "y": 1.3123087882995606,
        "z": 0.2921818494796753
    },
    "tangent2": {
        "x": -0.6283915638923645,
        "y": 2.281562566757202,
        "z": 0.6117253303527832
    },
    "endPos": {
        "x": -0.3836047947406769,
        "y": 4.0,
        "z": 0.507621169090271
    }
}