{
    "_horizontalLines": 18.0,
    "_verticalLines": 15.0,
    "_radius": 0.08172960579395294,
    "_petalColour": {
        "r": 0.28900641202926638,
        "g": 0.9872293472290039,
        "b": 0.42176562547683718,
        "a": 1.0
    },
    "_cylinderVertexCount": 6.0,
    "_stemRadius": 0.0482046939432621,
    "_leafCount": 8.0,
    "_edgeRingCount": 17.0,
    "startPos": {
        "x": 0.0,
        "y": 0.0,
        "z": 0.0
    },
    "tangent1": {
        "x": -0.4321885108947754,
        "y": 1.1402182579040528,
        "z": -0.3082004487514496
    },
    "tangent2": {
        "x": -0.8765816688537598,
        "y": 2.7392964363098146,
        "z": -0.4559996724128723
    },
    "endPos": {
        "x": -0.0439457893371582,
        "y": 4.927325248718262,
        "z": -1.2045671939849854
    }
}