{
    "_horizontalLines": 15.0,
    "_verticalLines": 19.0,
    "_radius": 0.06883087009191513,
    "_petalColour": {
        "r": 0.3488752245903015,
        "g": 0.45621973276138308,
        "b": 0.1643693447113037,
        "a": 1.0
    },
    "_cylinderVertexCount": 7.0,
    "_stemRadius": 0.03262834995985031,
    "_leafCount": 8.0,
    "_edgeRingCount": 62.0,
    "startPos": {
        "x": 0.0,
        "y": 0.0,
        "z": 0.0
    },
    "tangent1": {
        "x": 0.4348607063293457,
        "y": 0.9977195858955383,
        "z": 0.34216880798339846
    },
    "tangent2": {
        "x": 0.7038900852203369,
        "y": 2.1818649768829347,
        "z": 0.18316884338855744
    },
    "endPos": {
        "x": 0.5339884757995606,
        "y": 5.189812183380127,
        "z": 0.7926973104476929
    }
}