{
    "_horizontalLines": 18.0,
    "_verticalLines": 16.0,
    "_radius": 0.08333443105220795,
    "_petalColour": {
        "r": 0.025855064392089845,
        "g": 0.20457994937896729,
        "b": 0.2462097406387329,
        "a": 1.0
    },
    "_cylinderVertexCount": 12.0,
    "_stemRadius": 0.054328735917806628,
    "_leafCount": 8.0,
    "_edgeRingCount": 59.0,
    "startPos": {
        "x": 0.0,
        "y": 0.0,
        "z": 0.0
    },
    "tangent1": {
        "x": 0.30090445280075076,
        "y": 1.9349021911621094,
        "z": -0.10181121528148651
    },
    "tangent2": {
        "x": 0.3985786437988281,
        "y": 3.8064627647399904,
        "z": 0.264600932598114
    },
    "endPos": {
        "x": 0.3410396873950958,
        "y": 5.783542633056641,
        "z": 0.656045138835907
    }
}