{
    "_horizontalLines": 16.0,
    "_verticalLines": 16.0,
    "_radius": 0.041460003703832629,
    "_petalColour": {
        "r": 0.46720045804977419,
        "g": 0.47345036268234255,
        "b": 0.5877072215080261,
        "a": 1.0
    },
    "_cylinderVertexCount": 14.0,
    "_stemRadius": 0.02346228063106537,
    "_leafCount": 8.0,
    "_edgeRingCount": 58.0,
    "startPos": {
        "x": 0.0,
        "y": 0.0,
        "z": 0.0
    },
    "tangent1": {
        "x": 0.019023466855287553,
        "y": 0.18637828528881074,
        "z": 0.2833826541900635
    },
    "tangent2": {
        "x": 0.3810141980648041,
        "y": 1.250802755355835,
        "z": -0.040156036615371707
    },
    "endPos": {
        "x": 0.4496273398399353,
        "y": 4.0,
        "z": 0.1334478110074997
    }
}