{
    "_horizontalLines": 16.0,
    "_verticalLines": 19.0,
    "_radius": 0.035390932112932208,
    "_petalColour": {
        "r": 0.3897950053215027,
        "g": 0.3703022599220276,
        "b": 0.07217955589294434,
        "a": 1.0
    },
    "_cylinderVertexCount": 14.0,
    "_stemRadius": 0.02575264312326908,
    "_leafCount": 8.0,
    "_edgeRingCount": 22.0,
    "startPos": {
        "x": 0.0,
        "y": 0.0,
        "z": 0.0
    },
    "tangent1": {
        "x": 0.4660003185272217,
        "y": 0.16394881904125215,
        "z": -0.002127361251041293
    },
    "tangent2": {
        "x": 0.5169495940208435,
        "y": 0.6878092885017395,
        "z": -0.06627655029296875
    },
    "endPos": {
        "x": -0.23143452405929566,
        "y": 4.0,
        "z": 0.27022019028663638
    }
}