{
    "_horizontalLines": 19.0,
    "_verticalLines": 18.0,
    "_radius": 0.0974985733628273,
    "_petalColour": {
        "r": 0.6724768877029419,
        "g": 0.3807249665260315,
        "b": 0.6716511249542236,
        "a": 1.0
    },
    "_cylinderVertexCount": 10.0,
    "_stemRadius": 0.05310628563165665,
    "_leafCount": 8.0,
    "_edgeRingCount": 17.0,
    "startPos": {
        "x": 0.0,
        "y": 0.0,
        "z": 0.0
    },
    "tangent1": {
        "x": -0.2804892063140869,
        "y": 1.7007347345352173,
        "z": -0.3064989149570465
    },
    "tangent2": {
        "x": -0.6022652387619019,
        "y": 2.1885390281677248,
        "z": 0.157047837972641
    },
    "endPos": {
        "x": 0.1095399260520935,
        "y": 4.427959442138672,
        "z": -0.6489099264144898
    }
}