{
    "_horizontalLines": 17.0,
    "_verticalLines": 16.0,
    "_radius": 0.09663914144039154,
    "_petalColour": {
        "r": 0.12869703769683839,
        "g": 0.9521366357803345,
        "b": 0.05446207523345947,
        "a": 1.0
    },
    "_cylinderVertexCount": 13.0,
    "_stemRadius": 0.07950935512781143,
    "_leafCount": 8.0,
    "_edgeRingCount": 20.0,
    "startPos": {
        "x": 0.0,
        "y": 0.0,
        "z": 0.0
    },
    "tangent1": {
        "x": -0.31762513518333437,
        "y": 0.8177989721298218,
        "z": -0.32758501172065737
    },
    "tangent2": {
        "x": 0.1573958396911621,
        "y": 2.2125954627990724,
        "z": -0.38005587458610537
    },
    "endPos": {
        "x": -0.5556510090827942,
        "y": 5.3532609939575199,
        "z": -0.7358618378639221
    }
}