{
    "_horizontalLines": 19.0,
    "_verticalLines": 16.0,
    "_radius": 0.06173082813620567,
    "_petalColour": {
        "r": 0.5596536993980408,
        "g": 0.6035693287849426,
        "b": 0.6861697435379028,
        "a": 1.0
    },
    "_cylinderVertexCount": 14.0,
    "_stemRadius": 0.0305915717035532,
    "_leafCount": 8.0,
    "_edgeRingCount": 22.0,
    "startPos": {
        "x": 0.0,
        "y": 0.0,
        "z": 0.0
    },
    "tangent1": {
        "x": 0.2844998836517334,
        "y": 1.3949130773544312,
        "z": 0.175443634390831
    },
    "tangent2": {
        "x": -0.015017032623291016,
        "y": 1.6148711442947388,
        "z": 0.24382609128952027
    },
    "endPos": {
        "x": -0.19648055732250215,
        "y": 4.0,
        "z": 0.9554347991943359
    }
}