{
    "_horizontalLines": 17.0,
    "_verticalLines": 19.0,
    "_radius": 0.024367062374949456,
    "_petalColour": {
        "r": 0.31826847791671755,
        "g": 0.36133068799972536,
        "b": 0.33184581995010378,
        "a": 1.0
    },
    "_cylinderVertexCount": 7.0,
    "_stemRadius": 0.0182095505297184,
    "_leafCount": 8.0,
    "_edgeRingCount": 20.0,
    "startPos": {
        "x": 0.0,
        "y": 0.0,
        "z": 0.0
    },
    "tangent1": {
        "x": 0.354234904050827,
        "y": 1.3827217817306519,
        "z": 0.33524587750434878
    },
    "tangent2": {
        "x": 0.415762335062027,
        "y": 2.9274532794952394,
        "z": -0.08016139268875122
    },
    "endPos": {
        "x": 0.20575369894504548,
        "y": 5.901202201843262,
        "z": -0.41522297263145449
    }
}