{
    "_horizontalLines": 16.0,
    "_verticalLines": 19.0,
    "_radius": 0.12251365184783936,
    "_petalColour": {
        "r": 0.9460257291793823,
        "g": 0.46576303243637087,
        "b": 0.04401290416717529,
        "a": 1.0
    },
    "_cylinderVertexCount": 8.0,
    "_stemRadius": 0.11409732699394226,
    "_leafCount": 8.0,
    "_edgeRingCount": 8.0,
    "startPos": {
        "x": 0.0,
        "y": 0.0,
        "z": 0.0
    },
    "tangent1": {
        "x": -0.396292120218277,
        "y": 0.4205177426338196,
        "z": -0.1307721585035324
    },
    "tangent2": {
        "x": -0.6806864738464356,
        "y": 0.808846116065979,
        "z": 0.15127377212047578
    },
    "endPos": {
        "x": -0.04968094825744629,
        "y": 4.0,
        "z": 0.15750063955783845
    }
}