{
    "_horizontalLines": 16.0,
    "_verticalLines": 19.0,
    "_radius": 0.11812229454517365,
    "_petalColour": {
        "r": 0.11291015148162842,
        "g": 0.21926963329315186,
        "b": 0.9228507280349731,
        "a": 1.0
    },
    "_cylinderVertexCount": 6.0,
    "_stemRadius": 0.07760933041572571,
    "_leafCount": 8.0,
    "_edgeRingCount": 28.0,
    "startPos": {
        "x": 0.0,
        "y": 0.0,
        "z": 0.0
    },
    "tangent1": {
        "x": 0.15458129346370698,
        "y": 0.08443145453929901,
        "z": 0.43851709365844729
    },
    "tangent2": {
        "x": -0.18369929492473603,
        "y": 0.4402647018432617,
        "z": 0.5383592247962952
    },
    "endPos": {
        "x": -0.2235223799943924,
        "y": 4.0,
        "z": 0.8217862844467163
    }
}