{
    "_horizontalLines": 13,
    "_verticalLines": 8,
    "_radius": 0.061769112944602969,
    "_petalColour": {
        "r": 0.41569608449935915,
        "g": 0.2644532322883606,
        "b": 0.37972837686538699,
        "a": 1.0
    },
    "_cylinderVertexCount": 13,
    "_stemRadius": 0.061340510845184329,
    "_leafCount": 8,
    "_edgeRingCount": 32,
    "startPos": {
        "x": -0.19517464935779572,
        "y": 0.577322781085968,
        "z": -0.192360982298851
    },
    "tangent1": {
        "x": -0.5126944184303284,
        "y": 1.870107889175415,
        "z": -0.6367937326431274
    },
    "tangent2": {
        "x": -0.5698771476745606,
        "y": 2.9726946353912355,
        "z": -0.8741050362586975
    },
    "endPos": {
        "x": -1.4237086772918702,
        "y": 3.8703765869140627,
        "z": -1.1282739639282227
    }
}