{
    "_horizontalLines": 15.0,
    "_verticalLines": 15.0,
    "_radius": 0.03684281185269356,
    "_petalColour": {
        "r": 0.21211493015289308,
        "g": 0.46735328435897829,
        "b": 0.6810898780822754,
        "a": 1.0
    },
    "_cylinderVertexCount": 6.0,
    "_stemRadius": -0.0005498595419339836,
    "_leafCount": 8.0,
    "_edgeRingCount": 8.0,
    "startPos": {
        "x": 0.12808746099472047,
        "y": 0.08809909969568253,
        "z": 0.10858730971813202
    },
    "tangent1": {
        "x": 0.34013885259628298,
        "y": 0.5562462210655212,
        "z": 0.5481997728347778
    },
    "tangent2": {
        "x": 0.748316764831543,
        "y": 1.0850975513458253,
        "z": 0.1974431276321411
    },
    "endPos": {
        "x": 0.58179771900177,
        "y": 3.549375057220459,
        "z": 0.9484282732009888
    }
}