{
    "_horizontalLines": 16.0,
    "_verticalLines": 18.0,
    "_radius": 0.11261416971683502,
    "_petalColour": {
        "r": 0.02678358554840088,
        "g": 0.7438153028488159,
        "b": 0.5179876685142517,
        "a": 1.0
    },
    "_cylinderVertexCount": 8.0,
    "_stemRadius": 0.08967656642198563,
    "_leafCount": 8.0,
    "_edgeRingCount": 16.0,
    "startPos": {
        "x": 0.0,
        "y": 0.0,
        "z": 0.0
    },
    "tangent1": {
        "x": -0.07065267860889435,
        "y": 0.9811742901802063,
        "z": -0.3845042288303375
    },
    "tangent2": {
        "x": 0.3636029362678528,
        "y": 2.110740900039673,
        "z": -0.46573227643966677
    },
    "endPos": {
        "x": -0.12854436039924622,
        "y": 4.097496032714844,
        "z": -1.0250945091247559
    }
}