{
    "_horizontalLines": 7.0,
    "_verticalLines": 8.0,
    "_radius": 0.013269242830574513,
    "_petalColour": {
        "r": 0.7055445909500122,
        "g": 0.3789380192756653,
        "b": 0.8530040979385376,
        "a": 1.0
    },
    "_cylinderVertexCount": 7.0,
    "_stemRadius": 0.0029611154459416868,
    "_leafCount": 8.0,
    "_edgeRingCount": 47.0,
    "startPos": {
        "x": -0.15525217354297639,
        "y": 0.335201233625412,
        "z": -0.003063774202018976
    },
    "tangent1": {
        "x": 0.07800726592540741,
        "y": 1.1261626482009888,
        "z": 0.4338744282722473
    },
    "tangent2": {
        "x": 0.4409012198448181,
        "y": 1.5845320224761963,
        "z": 0.919710636138916
    },
    "endPos": {
        "x": 0.9635917544364929,
        "y": 1.713183045387268,
        "z": 0.6168292760848999
    }
}