{
    "_horizontalLines": 15.0,
    "_verticalLines": 15.0,
    "_radius": 0.08839653432369232,
    "_petalColour": {
        "r": 0.7900345325469971,
        "g": 0.18295526504516602,
        "b": 0.46826010942459109,
        "a": 1.0
    },
    "_cylinderVertexCount": 9.0,
    "_stemRadius": 0.0882072001695633,
    "_leafCount": 8.0,
    "_edgeRingCount": 61.0,
    "startPos": {
        "x": 0.0,
        "y": 0.0,
        "z": 0.0
    },
    "tangent1": {
        "x": 0.2966597080230713,
        "y": 1.4300659894943238,
        "z": 0.16540658473968507
    },
    "tangent2": {
        "x": 0.3252717852592468,
        "y": 1.8348596096038819,
        "z": 0.12294681370258331
    },
    "endPos": {
        "x": 0.4519026279449463,
        "y": 4.0,
        "z": 0.9651318788528442
    }
}