{
    "_horizontalLines": 16.0,
    "_verticalLines": 19.0,
    "_radius": 0.06012722849845886,
    "_petalColour": {
        "r": 0.08747303485870362,
        "g": 0.2763233780860901,
        "b": 0.0073757171630859379,
        "a": 1.0
    },
    "_cylinderVertexCount": 13.0,
    "_stemRadius": 0.028825007379055024,
    "_leafCount": 8.0,
    "_edgeRingCount": 30.0,
    "startPos": {
        "x": 0.0,
        "y": 0.0,
        "z": 0.0
    },
    "tangent1": {
        "x": 0.05386538431048393,
        "y": 0.2744291424751282,
        "z": -0.3320518434047699
    },
    "tangent2": {
        "x": -0.2947780191898346,
        "y": 0.4349517822265625,
        "z": -0.19127702713012696
    },
    "endPos": {
        "x": -1.1351943016052247,
        "y": 4.0,
        "z": -0.26710745692253115
    }
}