{
    "_horizontalLines": 16.0,
    "_verticalLines": 18.0,
    "_radius": 0.14736407995224,
    "_petalColour": {
        "r": 0.4033406376838684,
        "g": 0.7656868696212769,
        "b": 0.5093684792518616,
        "a": 1.0
    },
    "_cylinderVertexCount": 13.0,
    "_stemRadius": 0.11127665638923645,
    "_leafCount": 8.0,
    "_edgeRingCount": 25.0,
    "startPos": {
        "x": 0.0,
        "y": 0.0,
        "z": 0.0
    },
    "tangent1": {
        "x": -0.387113481760025,
        "y": 1.2510582208633423,
        "z": 0.2291259765625
    },
    "tangent2": {
        "x": 0.054867446422576907,
        "y": 2.236849308013916,
        "z": 0.3899211883544922
    },
    "endPos": {
        "x": -0.7387374639511108,
        "y": 4.0,
        "z": 0.846437931060791
    }
}