{
    "_horizontalLines": 17.0,
    "_verticalLines": 17.0,
    "_radius": 0.04700370877981186,
    "_petalColour": {
        "r": 0.741144061088562,
        "g": 0.36010831594467165,
        "b": 0.6118586659431458,
        "a": 1.0
    },
    "_cylinderVertexCount": 7.0,
    "_stemRadius": 0.010831022635102272,
    "_leafCount": 8.0,
    "_edgeRingCount": 9.0,
    "startPos": {
        "x": 0.0,
        "y": 0.0,
        "z": 0.0
    },
    "tangent1": {
        "x": 0.4382709562778473,
        "y": 0.18759135901927949,
        "z": 0.011265468783676625
    },
    "tangent2": {
        "x": 0.7627218961715698,
        "y": 1.9176130294799805,
        "z": 0.07797732949256897
    },
    "endPos": {
        "x": 0.682293176651001,
        "y": 4.072878837585449,
        "z": -0.3460426330566406
    }
}