{
    "_horizontalLines": 18.0,
    "_verticalLines": 17.0,
    "_radius": 0.08156454563140869,
    "_petalColour": {
        "r": 0.36177700757980349,
        "g": 0.2859984040260315,
        "b": 0.24279391765594483,
        "a": 1.0
    },
    "_cylinderVertexCount": 13.0,
    "_stemRadius": 0.07565087825059891,
    "_leafCount": 8.0,
    "_edgeRingCount": 42.0,
    "startPos": {
        "x": 0.0,
        "y": 0.0,
        "z": 0.0
    },
    "tangent1": {
        "x": -0.34935739636421206,
        "y": 1.0932178497314454,
        "z": -0.07160262763500214
    },
    "tangent2": {
        "x": -0.4505839943885803,
        "y": 1.7149245738983155,
        "z": 0.004582643508911133
    },
    "endPos": {
        "x": -1.211256980895996,
        "y": 5.00419807434082,
        "z": -0.23347555100917817
    }
}