{
    "_horizontalLines": 19.0,
    "_verticalLines": 17.0,
    "_radius": 0.09023965150117874,
    "_petalColour": {
        "r": 0.2631910443305969,
        "g": 0.6204901337623596,
        "b": 0.6387089490890503,
        "a": 1.0
    },
    "_cylinderVertexCount": 11.0,
    "_stemRadius": 0.08820457756519318,
    "_leafCount": 8.0,
    "_edgeRingCount": 14.0,
    "startPos": {
        "x": 0.0,
        "y": 0.0,
        "z": 0.0
    },
    "tangent1": {
        "x": -0.21503429114818574,
        "y": 0.8696532249450684,
        "z": -0.47650423645973208
    },
    "tangent2": {
        "x": 0.10665075480937958,
        "y": 0.8773530125617981,
        "z": -0.15224412083625794
    },
    "endPos": {
        "x": -0.16942022740840913,
        "y": 4.0,
        "z": -0.7246235609054565
    }
}