{
    "_horizontalLines": 18.0,
    "_verticalLines": 15.0,
    "_radius": 0.031129885464906694,
    "_petalColour": {
        "r": 0.8151938915252686,
        "g": 0.6547154188156128,
        "b": 0.0015648603439331055,
        "a": 1.0
    },
    "_cylinderVertexCount": 5.0,
    "_stemRadius": 0.02731453999876976,
    "_leafCount": 8.0,
    "_edgeRingCount": 41.0,
    "startPos": {
        "x": 0.0,
        "y": 0.0,
        "z": 0.0
    },
    "tangent1": {
        "x": 0.10015730559825897,
        "y": 0.7644384503364563,
        "z": 0.19438861310482026
    },
    "tangent2": {
        "x": 0.0630955696105957,
        "y": 2.077284812927246,
        "z": 0.39206230640411379
    },
    "endPos": {
        "x": 0.5778509378433228,
        "y": 4.0,
        "z": 0.2684163451194763
    }
}