{
    "_horizontalLines": 16.0,
    "_verticalLines": 15.0,
    "_radius": 0.05843927711248398,
    "_petalColour": {
        "r": 0.62785804271698,
        "g": 0.7749936580657959,
        "b": 0.4153551459312439,
        "a": 1.0
    },
    "_cylinderVertexCount": 7.0,
    "_stemRadius": 0.015478482469916344,
    "_leafCount": 8.0,
    "_edgeRingCount": 23.0,
    "startPos": {
        "x": 0.0,
        "y": 0.0,
        "z": 0.0
    },
    "tangent1": {
        "x": 0.1960812509059906,
        "y": 0.7053918242454529,
        "z": -0.004929733462631702
    },
    "tangent2": {
        "x": 0.16404442489147187,
        "y": 1.7860660552978516,
        "z": -0.4062434136867523
    },
    "endPos": {
        "x": -0.6966730356216431,
        "y": 4.0,
        "z": -0.2418125718832016
    }
}