{
    "_horizontalLines": 16.0,
    "_verticalLines": 17.0,
    "_radius": 0.08300163596868515,
    "_petalColour": {
        "r": 0.678504228591919,
        "g": 0.6103556752204895,
        "b": 0.3165634274482727,
        "a": 1.0
    },
    "_cylinderVertexCount": 7.0,
    "_stemRadius": 0.04525882005691528,
    "_leafCount": 8.0,
    "_edgeRingCount": 50.0,
    "startPos": {
        "x": 0.0,
        "y": 0.0,
        "z": 0.0
    },
    "tangent1": {
        "x": 0.013907861895859242,
        "y": 0.5983571410179138,
        "z": -0.4637075364589691
    },
    "tangent2": {
        "x": -0.11159706115722656,
        "y": 1.6730403900146485,
        "z": -0.39173489809036257
    },
    "endPos": {
        "x": -0.9117057919502258,
        "y": 4.0,
        "z": 0.27254074811935427
    }
}