{
    "_horizontalLines": 18.0,
    "_verticalLines": 19.0,
    "_radius": 0.09891491383314133,
    "_petalColour": {
        "r": 0.4933343529701233,
        "g": 0.08875024318695069,
        "b": 0.31180161237716677,
        "a": 1.0
    },
    "_cylinderVertexCount": 14.0,
    "_stemRadius": 0.053343214094638827,
    "_leafCount": 8.0,
    "_edgeRingCount": 63.0,
    "startPos": {
        "x": 0.0,
        "y": 0.0,
        "z": 0.0
    },
    "tangent1": {
        "x": -0.28086623549461367,
        "y": 1.2478641271591187,
        "z": 0.13272999227046967
    },
    "tangent2": {
        "x": -0.28083494305610659,
        "y": 2.9201745986938478,
        "z": -0.22255109250545503
    },
    "endPos": {
        "x": -0.033907175064086917,
        "y": 4.0,
        "z": -0.8431978225708008
    }
}