{
    "_horizontalLines": 19.0,
    "_verticalLines": 16.0,
    "_radius": 0.11700403690338135,
    "_petalColour": {
        "r": 0.4007036089897156,
        "g": 0.5692166686058044,
        "b": 0.1657336950302124,
        "a": 1.0
    },
    "_cylinderVertexCount": 7.0,
    "_stemRadius": 0.07594631612300873,
    "_leafCount": 8.0,
    "_edgeRingCount": 20.0,
    "startPos": {
        "x": 0.0,
        "y": 0.0,
        "z": 0.0
    },
    "tangent1": {
        "x": -0.48940354585647585,
        "y": 0.9046514630317688,
        "z": 0.2584584951400757
    },
    "tangent2": {
        "x": -0.41272592544555666,
        "y": 2.3587141036987306,
        "z": 0.6103265285491943
    },
    "endPos": {
        "x": 0.45571017265319826,
        "y": 4.54237174987793,
        "z": 0.22931888699531556
    }
}