{
    "_horizontalLines": 17.0,
    "_verticalLines": 18.0,
    "_radius": 0.0193418450653553,
    "_petalColour": {
        "r": 0.632804274559021,
        "g": 0.05979931354522705,
        "b": 0.7840521335601807,
        "a": 1.0
    },
    "_cylinderVertexCount": 13.0,
    "_stemRadius": 0.015314425341784954,
    "_leafCount": 8.0,
    "_edgeRingCount": 49.0,
    "startPos": {
        "x": 0.0,
        "y": 0.0,
        "z": 0.0
    },
    "tangent1": {
        "x": -0.20319361984729768,
        "y": 1.8957599401474,
        "z": -0.1446058303117752
    },
    "tangent2": {
        "x": -0.4528883993625641,
        "y": 3.7320337295532228,
        "z": -0.4593084454536438
    },
    "endPos": {
        "x": -1.1304830312728882,
        "y": 4.2767109870910648,
        "z": -0.16265365481376649
    }
}