{
    "_horizontalLines": 19.0,
    "_verticalLines": 18.0,
    "_radius": 0.11042438447475434,
    "_petalColour": {
        "r": 0.8759886026382446,
        "g": 0.9212819337844849,
        "b": 0.8573917150497437,
        "a": 1.0
    },
    "_cylinderVertexCount": 9.0,
    "_stemRadius": 0.06196409463882446,
    "_leafCount": 8.0,
    "_edgeRingCount": 61.0,
    "startPos": {
        "x": 0.0,
        "y": 0.0,
        "z": 0.0
    },
    "tangent1": {
        "x": -0.10357184708118439,
        "y": 0.9612415432929993,
        "z": -0.23864202201366425
    },
    "tangent2": {
        "x": 0.20245574414730073,
        "y": 1.9119840860366822,
        "z": -0.5436280369758606
    },
    "endPos": {
        "x": 0.28371545672416689,
        "y": 4.0,
        "z": 0.12280875444412232
    }
}