{
    "_horizontalLines": 16.0,
    "_verticalLines": 16.0,
    "_radius": 0.04792604222893715,
    "_petalColour": {
        "r": 0.6532163619995117,
        "g": 0.9860624074935913,
        "b": 0.7065774202346802,
        "a": 1.0
    },
    "_cylinderVertexCount": 13.0,
    "_stemRadius": 0.009819867089390755,
    "_leafCount": 8.0,
    "_edgeRingCount": 20.0,
    "startPos": {
        "x": 0.0,
        "y": 0.0,
        "z": 0.0
    },
    "tangent1": {
        "x": -0.3201664984226227,
        "y": 1.2296184301376343,
        "z": 0.3842189610004425
    },
    "tangent2": {
        "x": -0.7873374223709106,
        "y": 1.7658064365386963,
        "z": 0.5632750988006592
    },
    "endPos": {
        "x": -0.6584756374359131,
        "y": 5.0858049392700199,
        "z": -0.11913686990737915
    }
}