{
    "_horizontalLines": 18.0,
    "_verticalLines": 18.0,
    "_radius": 0.04436464235186577,
    "_petalColour": {
        "r": 0.87169349193573,
        "g": 0.44836288690567019,
        "b": 0.23810362815856934,
        "a": 1.0
    },
    "_cylinderVertexCount": 6.0,
    "_stemRadius": 0.04412252455949783,
    "_leafCount": 8.0,
    "_edgeRingCount": 46.0,
    "startPos": {
        "x": 0.0,
        "y": 0.0,
        "z": 0.0
    },
    "tangent1": {
        "x": 0.09270520508289337,
        "y": 1.195043921470642,
        "z": -0.3479599952697754
    },
    "tangent2": {
        "x": 0.14683151245117188,
        "y": 1.3040577173233033,
        "z": -0.2638501524925232
    },
    "endPos": {
        "x": -0.4413611888885498,
        "y": 4.0,
        "z": -0.7860779762268066
    }
}