{
    "_horizontalLines": 15.0,
    "_verticalLines": 15.0,
    "_radius": 0.04876229166984558,
    "_petalColour": {
        "r": 0.47077900171279909,
        "g": 0.544267475605011,
        "b": 0.8974288702011108,
        "a": 1.0
    },
    "_cylinderVertexCount": 5.0,
    "_stemRadius": 0.031792301684617999,
    "_leafCount": 8.0,
    "_edgeRingCount": 9.0,
    "startPos": {
        "x": 0.0,
        "y": 0.0,
        "z": 0.0
    },
    "tangent1": {
        "x": -0.42647093534469607,
        "y": 1.2786933183670045,
        "z": -0.14566855132579804
    },
    "tangent2": {
        "x": -0.8659226298332214,
        "y": 2.9452757835388185,
        "z": 0.29895299673080447
    },
    "endPos": {
        "x": -0.7002958655357361,
        "y": 4.0,
        "z": 0.29288944602012637
    }
}