{
    "_horizontalLines": 17.0,
    "_verticalLines": 16.0,
    "_radius": 0.06323780119419098,
    "_petalColour": {
        "r": 0.28507035970687868,
        "g": 0.7902637720108032,
        "b": 0.9838488101959229,
        "a": 1.0
    },
    "_cylinderVertexCount": 12.0,
    "_stemRadius": 0.05815831199288368,
    "_leafCount": 8.0,
    "_edgeRingCount": 29.0,
    "startPos": {
        "x": 0.0,
        "y": 0.0,
        "z": 0.0
    },
    "tangent1": {
        "x": 0.36679553985595705,
        "y": 1.2175960540771485,
        "z": -0.489384263753891
    },
    "tangent2": {
        "x": 0.27361518144607546,
        "y": 1.9270572662353516,
        "z": -0.7564494013786316
    },
    "endPos": {
        "x": -0.09463682770729065,
        "y": 4.882845878601074,
        "z": -0.570142924785614
    }
}