{
    "_horizontalLines": 16.0,
    "_verticalLines": 17.0,
    "_radius": 0.01597585901618004,
    "_petalColour": {
        "r": 0.35361355543136599,
        "g": 0.5601348280906677,
        "b": 0.8834332227706909,
        "a": 1.0
    },
    "_cylinderVertexCount": 6.0,
    "_stemRadius": 0.007654927670955658,
    "_leafCount": 8.0,
    "_edgeRingCount": 58.0,
    "startPos": {
        "x": 0.0,
        "y": 0.0,
        "z": 0.0
    },
    "tangent1": {
        "x": 0.19086751341819764,
        "y": 0.6755086779594421,
        "z": -0.16452760994434358
    },
    "tangent2": {
        "x": 0.596953272819519,
        "y": 2.673846960067749,
        "z": 0.026733189821243287
    },
    "endPos": {
        "x": 0.7368909120559692,
        "y": 4.0,
        "z": 0.1224750354886055
    }
}