{
    "_horizontalLines": 17.0,
    "_verticalLines": 15.0,
    "_radius": 0.07220789045095444,
    "_petalColour": {
        "r": 0.7042042016983032,
        "g": 0.9758498668670654,
        "b": 0.397361695766449,
        "a": 1.0
    },
    "_cylinderVertexCount": 11.0,
    "_stemRadius": 0.024302348494529725,
    "_leafCount": 8.0,
    "_edgeRingCount": 23.0,
    "startPos": {
        "x": 0.0,
        "y": 0.0,
        "z": 0.0
    },
    "tangent1": {
        "x": -0.17520932853221894,
        "y": 1.7510089874267579,
        "z": -0.1271786242723465
    },
    "tangent2": {
        "x": -0.09185418486595154,
        "y": 2.971487045288086,
        "z": 0.25019508600234988
    },
    "endPos": {
        "x": -0.5512551069259644,
        "y": 6.108431816101074,
        "z": 0.7627898454666138
    }
}