{
    "_horizontalLines": 18.0,
    "_verticalLines": 19.0,
    "_radius": 0.09839574992656708,
    "_petalColour": {
        "r": 0.8133602142333984,
        "g": 0.6070383191108704,
        "b": 0.9351288080215454,
        "a": 1.0
    },
    "_cylinderVertexCount": 13.0,
    "_stemRadius": 0.053473953157663348,
    "_leafCount": 8.0,
    "_edgeRingCount": 7.0,
    "startPos": {
        "x": 0.0,
        "y": 0.0,
        "z": 0.0
    },
    "tangent1": {
        "x": 0.29127681255340578,
        "y": 1.0572261810302735,
        "z": -0.18667836487293244
    },
    "tangent2": {
        "x": 0.5828365087509155,
        "y": 2.843611478805542,
        "z": -0.33037248253822329
    },
    "endPos": {
        "x": 0.9600236415863037,
        "y": 4.0,
        "z": -0.22483468055725099
    }
}