{
    "_horizontalLines": 17.0,
    "_verticalLines": 19.0,
    "_radius": 0.058537110686302188,
    "_petalColour": {
        "r": 0.489204466342926,
        "g": 0.8183022737503052,
        "b": 0.8585445880889893,
        "a": 1.0
    },
    "_cylinderVertexCount": 11.0,
    "_stemRadius": 0.05193052813410759,
    "_leafCount": 8.0,
    "_edgeRingCount": 51.0,
    "startPos": {
        "x": 0.0,
        "y": 0.0,
        "z": 0.0
    },
    "tangent1": {
        "x": 0.2361670434474945,
        "y": 0.27486151456832888,
        "z": -0.06686969101428986
    },
    "tangent2": {
        "x": 0.40700003504753115,
        "y": 0.4850006103515625,
        "z": 0.39558368921279909
    },
    "endPos": {
        "x": 1.2599676847457886,
        "y": 4.0,
        "z": 0.5503501892089844
    }
}