{
    "_horizontalLines": 18.0,
    "_verticalLines": 16.0,
    "_radius": 0.13764247298240663,
    "_petalColour": {
        "r": 0.7976709604263306,
        "g": 0.3542657494544983,
        "b": 0.24884271621704102,
        "a": 1.0
    },
    "_cylinderVertexCount": 12.0,
    "_stemRadius": 0.09778684377670288,
    "_leafCount": 8.0,
    "_edgeRingCount": 48.0,
    "startPos": {
        "x": 0.0,
        "y": 0.0,
        "z": 0.0
    },
    "tangent1": {
        "x": 0.32223081588745119,
        "y": 1.3839149475097657,
        "z": 0.3504677712917328
    },
    "tangent2": {
        "x": 0.3921063542366028,
        "y": 2.2134809494018556,
        "z": 0.5681296586990356
    },
    "endPos": {
        "x": 0.030437439680099489,
        "y": 5.564795970916748,
        "z": 1.3711049556732178
    }
}