{
    "_horizontalLines": 16.0,
    "_verticalLines": 15.0,
    "_radius": 0.08358551561832428,
    "_petalColour": {
        "r": 0.4854840636253357,
        "g": 0.8917245864868164,
        "b": 0.3186550736427307,
        "a": 1.0
    },
    "_cylinderVertexCount": 11.0,
    "_stemRadius": 0.03451183810830116,
    "_leafCount": 8.0,
    "_edgeRingCount": 35.0,
    "startPos": {
        "x": 0.0,
        "y": 0.0,
        "z": 0.0
    },
    "tangent1": {
        "x": 0.47905969619750979,
        "y": 1.1143007278442383,
        "z": 0.12488074600696564
    },
    "tangent2": {
        "x": 0.6324182748794556,
        "y": 1.2531979084014893,
        "z": 0.13541293144226075
    },
    "endPos": {
        "x": 1.0869619846343995,
        "y": 4.0,
        "z": -0.18386849761009217
    }
}