{
    "_horizontalLines": 15.0,
    "_verticalLines": 19.0,
    "_radius": 0.12873435020446778,
    "_petalColour": {
        "r": 0.5824068188667297,
        "g": 0.43837863206863406,
        "b": 0.08874690532684326,
        "a": 1.0
    },
    "_cylinderVertexCount": 9.0,
    "_stemRadius": 0.10053857415914536,
    "_leafCount": 8.0,
    "_edgeRingCount": 34.0,
    "startPos": {
        "x": 0.0,
        "y": 0.0,
        "z": 0.0
    },
    "tangent1": {
        "x": -0.48593538999557497,
        "y": 0.276009738445282,
        "z": -0.26760125160217287
    },
    "tangent2": {
        "x": -0.535735011100769,
        "y": 0.6534013748168945,
        "z": 0.035230278968811038
    },
    "endPos": {
        "x": 0.30363768339157107,
        "y": 4.0,
        "z": -0.25492748618125918
    }
}