{
    "_horizontalLines": 16.0,
    "_verticalLines": 17.0,
    "_radius": 0.11455748975276947,
    "_petalColour": {
        "r": 0.36991482973098757,
        "g": 0.7178606986999512,
        "b": 0.42241090536117556,
        "a": 1.0
    },
    "_cylinderVertexCount": 11.0,
    "_stemRadius": 0.11274627596139908,
    "_leafCount": 8.0,
    "_edgeRingCount": 58.0,
    "startPos": {
        "x": 0.0,
        "y": 0.0,
        "z": 0.0
    },
    "tangent1": {
        "x": 0.20496654510498048,
        "y": 0.7470653653144836,
        "z": 0.2212437391281128
    },
    "tangent2": {
        "x": 0.6015990972518921,
        "y": 1.0404081344604493,
        "z": 0.14532320201396943
    },
    "endPos": {
        "x": 0.9153001308441162,
        "y": 4.0,
        "z": -0.5441393256187439
    }
}