{
    "_horizontalLines": 16.0,
    "_verticalLines": 18.0,
    "_radius": 0.11439147591590882,
    "_petalColour": {
        "r": 0.7025870084762573,
        "g": 0.12117457389831543,
        "b": 0.3915535807609558,
        "a": 1.0
    },
    "_cylinderVertexCount": 13.0,
    "_stemRadius": 0.07182630151510239,
    "_leafCount": 8.0,
    "_edgeRingCount": 9.0,
    "startPos": {
        "x": 0.0,
        "y": 0.0,
        "z": 0.0
    },
    "tangent1": {
        "x": 0.3404412269592285,
        "y": 1.4170829057693482,
        "z": 0.0572020523250103
    },
    "tangent2": {
        "x": 0.7235063314437866,
        "y": 2.946986198425293,
        "z": 0.2048456072807312
    },
    "endPos": {
        "x": 0.7416830062866211,
        "y": 4.0,
        "z": 0.5918079018592835
    }
}