{
    "_horizontalLines": 18.0,
    "_verticalLines": 16.0,
    "_radius": 0.07093220949172974,
    "_petalColour": {
        "r": 0.8427553176879883,
        "g": 0.2291203737258911,
        "b": 0.13156449794769288,
        "a": 1.0
    },
    "_cylinderVertexCount": 14.0,
    "_stemRadius": 0.04086379334330559,
    "_leafCount": 8.0,
    "_edgeRingCount": 28.0,
    "startPos": {
        "x": 0.0,
        "y": 0.0,
        "z": 0.0
    },
    "tangent1": {
        "x": -0.25918474793434145,
        "y": 1.861768364906311,
        "z": 0.054148245602846149
    },
    "tangent2": {
        "x": -0.009351074695587159,
        "y": 2.393925189971924,
        "z": -0.40785250067710879
    },
    "endPos": {
        "x": -0.20503221452236176,
        "y": 5.549995422363281,
        "z": -0.6383280754089356
    }
}