{
    "_horizontalLines": 17.0,
    "_verticalLines": 17.0,
    "_radius": 0.024767611175775529,
    "_petalColour": {
        "r": 0.10004186630249024,
        "g": 0.2714938521385193,
        "b": 0.34703677892684939,
        "a": 1.0
    },
    "_cylinderVertexCount": 5.0,
    "_stemRadius": 0.004232498817145824,
    "_leafCount": 8.0,
    "_edgeRingCount": 38.0,
    "startPos": {
        "x": 0.0,
        "y": 0.0,
        "z": 0.0
    },
    "tangent1": {
        "x": -0.024364758282899858,
        "y": 1.315582275390625,
        "z": -0.49114513397216799
    },
    "tangent2": {
        "x": 0.3028595745563507,
        "y": 2.1009814739227297,
        "z": -0.1198434829711914
    },
    "endPos": {
        "x": -0.1011083722114563,
        "y": 5.165032863616943,
        "z": -0.8782339692115784
    }
}