{
    "_horizontalLines": 17.0,
    "_verticalLines": 19.0,
    "_radius": 0.09843292832374573,
    "_petalColour": {
        "r": 0.00468134880065918,
        "g": 0.6162777543067932,
        "b": 0.7734519243240356,
        "a": 1.0
    },
    "_cylinderVertexCount": 8.0,
    "_stemRadius": 0.06860589981079102,
    "_leafCount": 8.0,
    "_edgeRingCount": 50.0,
    "startPos": {
        "x": 0.0,
        "y": 0.0,
        "z": 0.0
    },
    "tangent1": {
        "x": -0.4822153151035309,
        "y": 1.0282206535339356,
        "z": -0.2627532482147217
    },
    "tangent2": {
        "x": -0.13600638508796693,
        "y": 1.0440151691436768,
        "z": -0.13117600977420808
    },
    "endPos": {
        "x": -0.6799749135971069,
        "y": 4.076693534851074,
        "z": -0.051503293216228488
    }
}