{
    "_horizontalLines": 17.0,
    "_verticalLines": 16.0,
    "_radius": 0.07194612175226212,
    "_petalColour": {
        "r": 0.9625000953674316,
        "g": 0.0683126449584961,
        "b": 0.7145200967788696,
        "a": 1.0
    },
    "_cylinderVertexCount": 14.0,
    "_stemRadius": 0.06119999289512634,
    "_leafCount": 8.0,
    "_edgeRingCount": 63.0,
    "startPos": {
        "x": 0.0,
        "y": 0.0,
        "z": 0.0
    },
    "tangent1": {
        "x": -0.4993106722831726,
        "y": 1.3989604711532593,
        "z": 0.4745592176914215
    },
    "tangent2": {
        "x": -0.9386312961578369,
        "y": 2.4497952461242677,
        "z": 0.8739409446716309
    },
    "endPos": {
        "x": -1.3296153545379639,
        "y": 4.0,
        "z": 0.06840747594833374
    }
}