{
    "_horizontalLines": 17.0,
    "_verticalLines": 15.0,
    "_radius": 0.13650763034820558,
    "_petalColour": {
        "r": 0.2985239624977112,
        "g": 0.5367158055305481,
        "b": 0.5515554547309876,
        "a": 1.0
    },
    "_cylinderVertexCount": 8.0,
    "_stemRadius": 0.10033150762319565,
    "_leafCount": 8.0,
    "_edgeRingCount": 33.0,
    "startPos": {
        "x": 0.0,
        "y": 0.0,
        "z": 0.0
    },
    "tangent1": {
        "x": 0.14718806743621827,
        "y": 1.8964836597442628,
        "z": -0.07586030662059784
    },
    "tangent2": {
        "x": 0.6197001934051514,
        "y": 3.1822617053985597,
        "z": -0.37730348110198977
    },
    "endPos": {
        "x": 1.3647098541259766,
        "y": 5.589266777038574,
        "z": -0.3177075684070587
    }
}