{
    "_horizontalLines": 19.0,
    "_verticalLines": 17.0,
    "_radius": 0.09436288475990296,
    "_petalColour": {
        "r": 0.4048224091529846,
        "g": 0.17223691940307618,
        "b": 0.47446542978286745,
        "a": 1.0
    },
    "_cylinderVertexCount": 11.0,
    "_stemRadius": 0.09344232827425003,
    "_leafCount": 8.0,
    "_edgeRingCount": 45.0,
    "startPos": {
        "x": 0.0,
        "y": 0.0,
        "z": 0.0
    },
    "tangent1": {
        "x": -0.21628980338573457,
        "y": 0.46841222047805788,
        "z": 0.08104653656482697
    },
    "tangent2": {
        "x": 0.17542247474193574,
        "y": 0.9897348284721375,
        "z": 0.5399746298789978
    },
    "endPos": {
        "x": 0.8741208910942078,
        "y": 4.0,
        "z": 0.3162112236022949
    }
}