{
    "_horizontalLines": 17.0,
    "_verticalLines": 18.0,
    "_radius": 0.07670825719833374,
    "_petalColour": {
        "r": 0.499833881855011,
        "g": 0.3893985152244568,
        "b": 0.2536218762397766,
        "a": 1.0
    },
    "_cylinderVertexCount": 9.0,
    "_stemRadius": 0.032810989767313007,
    "_leafCount": 8.0,
    "_edgeRingCount": 9.0,
    "startPos": {
        "x": 0.0,
        "y": 0.0,
        "z": 0.0
    },
    "tangent1": {
        "x": 0.37267065048217776,
        "y": 0.01978283002972603,
        "z": 0.13671958446502686
    },
    "tangent2": {
        "x": 0.7536989450454712,
        "y": 0.5735616683959961,
        "z": 0.08409278094768524
    },
    "endPos": {
        "x": 0.20281517505645753,
        "y": 4.0,
        "z": -0.7069443464279175
    }
}