{
    "_horizontalLines": 16.0,
    "_verticalLines": 17.0,
    "_radius": 0.04505870118737221,
    "_petalColour": {
        "r": 0.9669584035873413,
        "g": 0.5416039824485779,
        "b": 0.07219815254211426,
        "a": 1.0
    },
    "_cylinderVertexCount": 5.0,
    "_stemRadius": 0.03999300301074982,
    "_leafCount": 8.0,
    "_edgeRingCount": 6.0,
    "startPos": {
        "x": 0.0,
        "y": 0.0,
        "z": 0.0
    },
    "tangent1": {
        "x": 0.37614843249320986,
        "y": 1.983991265296936,
        "z": 0.17560289800167085
    },
    "tangent2": {
        "x": 0.06327450275421143,
        "y": 3.250115394592285,
        "z": 0.028692513704299928
    },
    "endPos": {
        "x": 0.6571261882781982,
        "y": 4.56627082824707,
        "z": 0.6932109594345093
    }
}