{
    "_horizontalLines": 17.0,
    "_verticalLines": 18.0,
    "_radius": 0.022056201472878457,
    "_petalColour": {
        "r": 0.9291630983352661,
        "g": 0.431171715259552,
        "b": 0.5491498112678528,
        "a": 1.0
    },
    "_cylinderVertexCount": 7.0,
    "_stemRadius": 0.0052212937735021118,
    "_leafCount": 8.0,
    "_edgeRingCount": 61.0,
    "startPos": {
        "x": 0.0,
        "y": 0.0,
        "z": 0.0
    },
    "tangent1": {
        "x": -0.4661320745944977,
        "y": 0.34721678495407107,
        "z": 0.43806686997413638
    },
    "tangent2": {
        "x": -0.5463579893112183,
        "y": 1.3277934789657593,
        "z": 0.4351148307323456
    },
    "endPos": {
        "x": -0.8341273069381714,
        "y": 4.0,
        "z": -0.31911501288414
    }
}