{
    "_horizontalLines": 16.0,
    "_verticalLines": 17.0,
    "_radius": 0.08232297748327255,
    "_petalColour": {
        "r": 0.5518609881401062,
        "g": 0.8885180950164795,
        "b": 0.5946252942085266,
        "a": 1.0
    },
    "_cylinderVertexCount": 14.0,
    "_stemRadius": 0.06962265074253082,
    "_leafCount": 8.0,
    "_edgeRingCount": 42.0,
    "startPos": {
        "x": 0.0,
        "y": 0.0,
        "z": 0.0
    },
    "tangent1": {
        "x": -0.18374891579151154,
        "y": 0.05318279191851616,
        "z": 0.44073066115379336
    },
    "tangent2": {
        "x": 0.08711375296115875,
        "y": 0.3150291442871094,
        "z": 0.42058077454566958
    },
    "endPos": {
        "x": -0.6330030560493469,
        "y": 4.0,
        "z": 1.182621955871582
    }
}