{
    "_horizontalLines": 15.0,
    "_verticalLines": 17.0,
    "_radius": 0.0912928655743599,
    "_petalColour": {
        "r": 0.2049323320388794,
        "g": 0.8918733596801758,
        "b": 0.9688733816146851,
        "a": 1.0
    },
    "_cylinderVertexCount": 10.0,
    "_stemRadius": 0.08239182084798813,
    "_leafCount": 8.0,
    "_edgeRingCount": 57.0,
    "startPos": {
        "x": 0.0,
        "y": 0.0,
        "z": 0.0
    },
    "tangent1": {
        "x": -0.15379901230335236,
        "y": 0.5146483778953552,
        "z": 0.39483678340911868
    },
    "tangent2": {
        "x": -0.2722305357456207,
        "y": 1.7413268089294434,
        "z": 0.04599139094352722
    },
    "endPos": {
        "x": 0.11631739139556885,
        "y": 4.0,
        "z": 0.7157419919967651
    }
}