{
    "_horizontalLines": 19.0,
    "_verticalLines": 17.0,
    "_radius": 0.07283058762550354,
    "_petalColour": {
        "r": 0.14555859565734864,
        "g": 0.40272098779678347,
        "b": 0.4046509861946106,
        "a": 1.0
    },
    "_cylinderVertexCount": 5.0,
    "_stemRadius": 0.048983700573444369,
    "_leafCount": 8.0,
    "_edgeRingCount": 59.0,
    "startPos": {
        "x": 0.0,
        "y": 0.0,
        "z": 0.0
    },
    "tangent1": {
        "x": -0.18497256934642793,
        "y": 1.0398483276367188,
        "z": 0.05288057401776314
    },
    "tangent2": {
        "x": -0.3221679627895355,
        "y": 2.276035785675049,
        "z": 0.32213181257247927
    },
    "endPos": {
        "x": 0.41761699318885805,
        "y": 4.0,
        "z": 1.0139703750610352
    }
}