{
    "_horizontalLines": 18.0,
    "_verticalLines": 19.0,
    "_radius": 0.0562334805727005,
    "_petalColour": {
        "r": 0.591633141040802,
        "g": 0.1939767599105835,
        "b": 0.9174808263778687,
        "a": 1.0
    },
    "_cylinderVertexCount": 5.0,
    "_stemRadius": 0.04461545869708061,
    "_leafCount": 8.0,
    "_edgeRingCount": 7.0,
    "startPos": {
        "x": 0.0,
        "y": 0.0,
        "z": 0.0
    },
    "tangent1": {
        "x": -0.10088686645030976,
        "y": 1.8570743799209595,
        "z": -0.29251718521118166
    },
    "tangent2": {
        "x": 0.12337513267993927,
        "y": 3.4241886138916017,
        "z": -0.25767678022384646
    },
    "endPos": {
        "x": 0.9152715802192688,
        "y": 4.287534713745117,
        "z": -1.053238034248352
    }
}