{
    "_horizontalLines": 15.0,
    "_verticalLines": 15.0,
    "_radius": 0.032868169248104098,
    "_petalColour": {
        "r": 0.93278968334198,
        "g": 0.5814401507377625,
        "b": 0.8069862127304077,
        "a": 1.0
    },
    "_cylinderVertexCount": 10.0,
    "_stemRadius": 0.007607817649841309,
    "_leafCount": 8.0,
    "_edgeRingCount": 4.0,
    "startPos": {
        "x": 0.0,
        "y": 0.0,
        "z": 0.0
    },
    "tangent1": {
        "x": -0.05368442460894585,
        "y": 1.2660659551620484,
        "z": -0.18963484466075898
    },
    "tangent2": {
        "x": -0.2127315104007721,
        "y": 1.848888635635376,
        "z": 0.21159614622592927
    },
    "endPos": {
        "x": 0.37936684489250185,
        "y": 4.131824493408203,
        "z": -0.47571098804473879
    }
}