{
    "_horizontalLines": 16.0,
    "_verticalLines": 15.0,
    "_radius": 0.07780277729034424,
    "_petalColour": {
        "r": 0.27561312913894656,
        "g": 0.9505001306533814,
        "b": 0.4119672179222107,
        "a": 1.0
    },
    "_cylinderVertexCount": 13.0,
    "_stemRadius": 0.03950311616063118,
    "_leafCount": 8.0,
    "_edgeRingCount": 45.0,
    "startPos": {
        "x": 0.0,
        "y": 0.0,
        "z": 0.0
    },
    "tangent1": {
        "x": 0.4345928132534027,
        "y": 1.0286760330200196,
        "z": 0.36751604080200198
    },
    "tangent2": {
        "x": 0.13430213928222657,
        "y": 1.2275917530059815,
        "z": 0.8376680612564087
    },
    "endPos": {
        "x": -0.45344310998916628,
        "y": 4.5060319900512699,
        "z": 1.565835952758789
    }
}