{
    "_horizontalLines": 19.0,
    "_verticalLines": 17.0,
    "_radius": 0.12852564454078675,
    "_petalColour": {
        "r": 0.2514752745628357,
        "g": 0.620442807674408,
        "b": 0.8938547372817993,
        "a": 1.0
    },
    "_cylinderVertexCount": 7.0,
    "_stemRadius": 0.08783584833145142,
    "_leafCount": 8.0,
    "_edgeRingCount": 18.0,
    "startPos": {
        "x": 0.0,
        "y": 0.0,
        "z": 0.0
    },
    "tangent1": {
        "x": -0.4569307267665863,
        "y": 0.8771553039550781,
        "z": 0.08775167167186737
    },
    "tangent2": {
        "x": -0.3311328887939453,
        "y": 1.5376503467559815,
        "z": 0.2648325264453888
    },
    "endPos": {
        "x": -1.143127202987671,
        "y": 4.0,
        "z": 1.0029754638671876
    }
}