{
    "_horizontalLines": 16.0,
    "_verticalLines": 17.0,
    "_radius": 0.060717158019542697,
    "_petalColour": {
        "r": 0.4326707720756531,
        "g": 0.10895705223083496,
        "b": 0.14926445484161378,
        "a": 1.0
    },
    "_cylinderVertexCount": 10.0,
    "_stemRadius": 0.030704256147146226,
    "_leafCount": 8.0,
    "_edgeRingCount": 45.0,
    "startPos": {
        "x": 0.0,
        "y": 0.0,
        "z": 0.0
    },
    "tangent1": {
        "x": 0.3197603225708008,
        "y": 0.8465974926948547,
        "z": -0.088748499751091
    },
    "tangent2": {
        "x": 0.5309559106826782,
        "y": 2.231642961502075,
        "z": 0.11551766097545624
    },
    "endPos": {
        "x": 0.943772554397583,
        "y": 4.060256004333496,
        "z": -0.06957077980041504
    }
}