{
    "_horizontalLines": 15.0,
    "_verticalLines": 17.0,
    "_radius": 0.14052341878414155,
    "_petalColour": {
        "r": 0.25953763723373415,
        "g": 0.9647221565246582,
        "b": 0.9563106298446655,
        "a": 1.0
    },
    "_cylinderVertexCount": 5.0,
    "_stemRadius": 0.09944987297058106,
    "_leafCount": 8.0,
    "_edgeRingCount": 48.0,
    "startPos": {
        "x": 0.0,
        "y": 0.0,
        "z": 0.0
    },
    "tangent1": {
        "x": 0.24822688102722169,
        "y": 0.576108455657959,
        "z": -0.04978065565228462
    },
    "tangent2": {
        "x": -0.16951212286949159,
        "y": 2.483858346939087,
        "z": 0.16203288733959199
    },
    "endPos": {
        "x": 0.6420571804046631,
        "y": 5.095475196838379,
        "z": 0.7231269478797913
    }
}