{
    "_horizontalLines": 19.0,
    "_verticalLines": 16.0,
    "_radius": 0.11221708357334137,
    "_petalColour": {
        "r": 0.13128089904785157,
        "g": 0.07807695865631104,
        "b": 0.6899315118789673,
        "a": 1.0
    },
    "_cylinderVertexCount": 7.0,
    "_stemRadius": 0.06311081349849701,
    "_leafCount": 8.0,
    "_edgeRingCount": 39.0,
    "startPos": {
        "x": 0.0,
        "y": 0.0,
        "z": 0.0
    },
    "tangent1": {
        "x": 0.4273504316806793,
        "y": 0.0585138313472271,
        "z": -0.33359917998313906
    },
    "tangent2": {
        "x": 0.6148360967636108,
        "y": 0.8854658007621765,
        "z": -0.8269683122634888
    },
    "endPos": {
        "x": 0.3565233647823334,
        "y": 4.0,
        "z": -0.33516034483909609
    }
}