{
    "_horizontalLines": 18.0,
    "_verticalLines": 16.0,
    "_radius": 0.1034688949584961,
    "_petalColour": {
        "r": 0.2419142723083496,
        "g": 0.7568734884262085,
        "b": 0.6978871822357178,
        "a": 1.0
    },
    "_cylinderVertexCount": 6.0,
    "_stemRadius": 0.05476640537381172,
    "_leafCount": 8.0,
    "_edgeRingCount": 25.0,
    "startPos": {
        "x": 0.0,
        "y": 0.0,
        "z": 0.0
    },
    "tangent1": {
        "x": -0.044518422335386279,
        "y": 0.6052154302597046,
        "z": 0.3314271867275238
    },
    "tangent2": {
        "x": -0.30082228779792788,
        "y": 2.198148727416992,
        "z": -0.09112605452537537
    },
    "endPos": {
        "x": 0.16015136241912843,
        "y": 5.311802864074707,
        "z": -0.5656441450119019
    }
}