{
    "_horizontalLines": 18.0,
    "_verticalLines": 15.0,
    "_radius": 0.07041621208190918,
    "_petalColour": {
        "r": 0.06167042255401611,
        "g": 0.8243297338485718,
        "b": 0.42297738790512087,
        "a": 1.0
    },
    "_cylinderVertexCount": 5.0,
    "_stemRadius": 0.032124195247888568,
    "_leafCount": 8.0,
    "_edgeRingCount": 27.0,
    "startPos": {
        "x": 0.0,
        "y": 0.0,
        "z": 0.0
    },
    "tangent1": {
        "x": 0.46844539046287539,
        "y": 1.8477798700332642,
        "z": -0.2562393248081207
    },
    "tangent2": {
        "x": 0.30103451013565066,
        "y": 1.9549921751022339,
        "z": -0.22639356553554536
    },
    "endPos": {
        "x": -0.07338210940361023,
        "y": 5.1045002937316898,
        "z": -0.22489871084690095
    }
}