{
    "_horizontalLines": 15.0,
    "_verticalLines": 16.0,
    "_radius": 0.05975271016359329,
    "_petalColour": {
        "r": 0.4319644570350647,
        "g": 0.21297729015350343,
        "b": 0.403758704662323,
        "a": 1.0
    },
    "_cylinderVertexCount": 7.0,
    "_stemRadius": 0.05395050346851349,
    "_leafCount": 8.0,
    "_edgeRingCount": 63.0,
    "startPos": {
        "x": 0.0,
        "y": 0.0,
        "z": 0.0
    },
    "tangent1": {
        "x": 0.4172201156616211,
        "y": 1.8872417211532593,
        "z": 0.4376828670501709
    },
    "tangent2": {
        "x": 0.4510512948036194,
        "y": 3.484949827194214,
        "z": 0.6303234100341797
    },
    "endPos": {
        "x": 0.656626284122467,
        "y": 5.666025161743164,
        "z": 0.1541583240032196
    }
}