{
    "_horizontalLines": 16.0,
    "_verticalLines": 17.0,
    "_radius": 0.07964332401752472,
    "_petalColour": {
        "r": 0.2860146164894104,
        "g": 0.571492612361908,
        "b": 0.38447529077529909,
        "a": 1.0
    },
    "_cylinderVertexCount": 10.0,
    "_stemRadius": 0.050323791801929477,
    "_leafCount": 8.0,
    "_edgeRingCount": 44.0,
    "startPos": {
        "x": 0.0,
        "y": 0.0,
        "z": 0.0
    },
    "tangent1": {
        "x": 0.20185422897338868,
        "y": 1.6394122838974,
        "z": -0.02494816854596138
    },
    "tangent2": {
        "x": 0.337671160697937,
        "y": 3.296537399291992,
        "z": 0.12923115491867066
    },
    "endPos": {
        "x": -0.1989096999168396,
        "y": 5.841772079467773,
        "z": 0.9274532794952393
    }
}