{
    "_horizontalLines": 15.0,
    "_verticalLines": 19.0,
    "_radius": 0.05437533184885979,
    "_petalColour": {
        "r": 0.0011349916458129883,
        "g": 0.23861193656921388,
        "b": 0.40810316801071169,
        "a": 1.0
    },
    "_cylinderVertexCount": 11.0,
    "_stemRadius": 0.017099520191550256,
    "_leafCount": 8.0,
    "_edgeRingCount": 50.0,
    "startPos": {
        "x": 0.0,
        "y": 0.0,
        "z": 0.0
    },
    "tangent1": {
        "x": 0.004383993335068226,
        "y": 1.769253134727478,
        "z": -0.1450524777173996
    },
    "tangent2": {
        "x": 0.48297351598739626,
        "y": 2.914911985397339,
        "z": -0.3946831226348877
    },
    "endPos": {
        "x": 0.39927759766578677,
        "y": 5.974670886993408,
        "z": -1.0246144533157349
    }
}