{
    "_horizontalLines": 16.0,
    "_verticalLines": 17.0,
    "_radius": 0.08760324120521546,
    "_petalColour": {
        "r": 0.9367247819900513,
        "g": 0.7866826057434082,
        "b": 0.41564518213272097,
        "a": 1.0
    },
    "_cylinderVertexCount": 11.0,
    "_stemRadius": 0.0447566956281662,
    "_leafCount": 8.0,
    "_edgeRingCount": 33.0,
    "startPos": {
        "x": 0.0,
        "y": 0.0,
        "z": 0.0
    },
    "tangent1": {
        "x": -0.47891369462013247,
        "y": 1.58222496509552,
        "z": -0.3716491758823395
    },
    "tangent2": {
        "x": -0.06236201524734497,
        "y": 2.7608108520507814,
        "z": -0.6006141901016235
    },
    "endPos": {
        "x": 0.769615888595581,
        "y": 4.0,
        "z": -0.30990514159202578
    }
}