{
    "_horizontalLines": 17.0,
    "_verticalLines": 15.0,
    "_radius": 0.13115432858467103,
    "_petalColour": {
        "r": 0.32074886560440066,
        "g": 0.09855508804321289,
        "b": 0.9278695583343506,
        "a": 1.0
    },
    "_cylinderVertexCount": 5.0,
    "_stemRadius": 0.09537713974714279,
    "_leafCount": 8.0,
    "_edgeRingCount": 23.0,
    "startPos": {
        "x": 0.0,
        "y": 0.0,
        "z": 0.0
    },
    "tangent1": {
        "x": 0.4185335040092468,
        "y": 0.03996257856488228,
        "z": 0.4224388003349304
    },
    "tangent2": {
        "x": 0.4894392490386963,
        "y": 1.0240352153778077,
        "z": 0.056789666414260867
    },
    "endPos": {
        "x": 0.6201998591423035,
        "y": 4.0,
        "z": 0.6611098051071167
    }
}