{
    "_horizontalLines": 16.0,
    "_verticalLines": 18.0,
    "_radius": 0.13410153985023499,
    "_petalColour": {
        "r": 0.6867481470108032,
        "g": 0.1937168836593628,
        "b": 0.5642268061637878,
        "a": 1.0
    },
    "_cylinderVertexCount": 6.0,
    "_stemRadius": 0.11855210363864899,
    "_leafCount": 8.0,
    "_edgeRingCount": 61.0,
    "startPos": {
        "x": 0.0,
        "y": 0.0,
        "z": 0.0
    },
    "tangent1": {
        "x": 0.41231703758239748,
        "y": 0.7721915245056152,
        "z": 0.35197362303733828
    },
    "tangent2": {
        "x": 0.161604642868042,
        "y": 1.8956965208053589,
        "z": 0.6532379984855652
    },
    "endPos": {
        "x": -0.40122997760772707,
        "y": 4.0,
        "z": 1.2976298332214356
    }
}