{
    "_horizontalLines": 17.0,
    "_verticalLines": 16.0,
    "_radius": 0.14054226875305177,
    "_petalColour": {
        "r": 0.5874813199043274,
        "g": 0.7463597059249878,
        "b": 0.8896371126174927,
        "a": 1.0
    },
    "_cylinderVertexCount": 6.0,
    "_stemRadius": 0.10788418352603913,
    "_leafCount": 8.0,
    "_edgeRingCount": 4.0,
    "startPos": {
        "x": 0.0,
        "y": 0.0,
        "z": 0.0
    },
    "tangent1": {
        "x": -0.017318297177553178,
        "y": 0.548570454120636,
        "z": -0.4314841330051422
    },
    "tangent2": {
        "x": -0.18255934119224549,
        "y": 0.8782898187637329,
        "z": -0.8709239959716797
    },
    "endPos": {
        "x": -0.5626438856124878,
        "y": 4.0,
        "z": -0.04016166925430298
    }
}