{
    "_horizontalLines": 18.0,
    "_verticalLines": 15.0,
    "_radius": 0.15422888100147248,
    "_petalColour": {
        "r": 0.07655823230743408,
        "g": 0.3362751603126526,
        "b": 0.8719679117202759,
        "a": 1.0
    },
    "_cylinderVertexCount": 10.0,
    "_stemRadius": 0.10823985934257508,
    "_leafCount": 8.0,
    "_edgeRingCount": 53.0,
    "startPos": {
        "x": 0.0,
        "y": 0.0,
        "z": 0.0
    },
    "tangent1": {
        "x": 0.055643606930971149,
        "y": 0.2045944184064865,
        "z": -0.49270105361938479
    },
    "tangent2": {
        "x": -0.012888099998235703,
        "y": 2.075077772140503,
        "z": -0.45084112882614138
    },
    "endPos": {
        "x": -0.20869900286197663,
        "y": 4.0,
        "z": 0.18113893270492555
    }
}