{
    "_horizontalLines": 16.0,
    "_verticalLines": 19.0,
    "_radius": 0.1436775028705597,
    "_petalColour": {
        "r": 0.6482727527618408,
        "g": 0.7364354133605957,
        "b": 0.29319971799850466,
        "a": 1.0
    },
    "_cylinderVertexCount": 8.0,
    "_stemRadius": 0.11731874942779541,
    "_leafCount": 8.0,
    "_edgeRingCount": 38.0,
    "startPos": {
        "x": 0.0,
        "y": 0.0,
        "z": 0.0
    },
    "tangent1": {
        "x": 0.32183969020843508,
        "y": 1.842278242111206,
        "z": 0.08370594680309296
    },
    "tangent2": {
        "x": 0.0163249671459198,
        "y": 2.5166053771972658,
        "z": 0.32126837968826296
    },
    "endPos": {
        "x": 0.7296148538589478,
        "y": 5.1302666664123539,
        "z": 0.7740148901939392
    }
}