{
    "_horizontalLines": 15.0,
    "_verticalLines": 18.0,
    "_radius": 0.035404786467552188,
    "_petalColour": {
        "r": 0.15824735164642335,
        "g": 0.1987684965133667,
        "b": 0.3114338517189026,
        "a": 1.0
    },
    "_cylinderVertexCount": 13.0,
    "_stemRadius": 0.019605793058872224,
    "_leafCount": 8.0,
    "_edgeRingCount": 24.0,
    "startPos": {
        "x": 0.0,
        "y": 0.0,
        "z": 0.0
    },
    "tangent1": {
        "x": -0.040972184389829639,
        "y": 0.7842402458190918,
        "z": -0.24065394699573518
    },
    "tangent2": {
        "x": -0.35779842734336855,
        "y": 2.521512031555176,
        "z": -0.17016911506652833
    },
    "endPos": {
        "x": 0.36087486147880556,
        "y": 4.054838180541992,
        "z": 0.4657731056213379
    }
}