{
    "_horizontalLines": 19.0,
    "_verticalLines": 17.0,
    "_radius": 0.09287013858556748,
    "_petalColour": {
        "r": 0.04384148120880127,
        "g": 0.3152337670326233,
        "b": 0.6801010370254517,
        "a": 1.0
    },
    "_cylinderVertexCount": 13.0,
    "_stemRadius": 0.0732538253068924,
    "_leafCount": 8.0,
    "_edgeRingCount": 22.0,
    "startPos": {
        "x": 0.0,
        "y": 0.0,
        "z": 0.0
    },
    "tangent1": {
        "x": 0.33039483428001406,
        "y": 0.7589548230171204,
        "z": -0.30922555923461916
    },
    "tangent2": {
        "x": -0.019581496715545656,
        "y": 0.9041166305541992,
        "z": -0.6859718561172485
    },
    "endPos": {
        "x": 0.6915410757064819,
        "y": 4.0,
        "z": -0.585013210773468
    }
}