{
    "_horizontalLines": 19.0,
    "_verticalLines": 15.0,
    "_radius": 0.1243295893073082,
    "_petalColour": {
        "r": 0.06907522678375244,
        "g": 0.2590293288230896,
        "b": 0.7119417190551758,
        "a": 1.0
    },
    "_cylinderVertexCount": 13.0,
    "_stemRadius": 0.12015151232481003,
    "_leafCount": 8.0,
    "_edgeRingCount": 9.0,
    "startPos": {
        "x": 0.0,
        "y": 0.0,
        "z": 0.0
    },
    "tangent1": {
        "x": -0.1893325299024582,
        "y": 1.9236968755722047,
        "z": 0.3997230529785156
    },
    "tangent2": {
        "x": -0.3784651756286621,
        "y": 1.9480825662612916,
        "z": 0.6290066242218018
    },
    "endPos": {
        "x": -1.1013171672821046,
        "y": 4.6792497634887699,
        "z": 1.0875306129455567
    }
}