{
    "_horizontalLines": 19.0,
    "_verticalLines": 17.0,
    "_radius": 0.13948597013950349,
    "_petalColour": {
        "r": 0.5753898024559021,
        "g": 0.9075796604156494,
        "b": 0.647229790687561,
        "a": 1.0
    },
    "_cylinderVertexCount": 13.0,
    "_stemRadius": 0.09461832046508789,
    "_leafCount": 8.0,
    "_edgeRingCount": 58.0,
    "startPos": {
        "x": 0.0,
        "y": 0.0,
        "z": 0.0
    },
    "tangent1": {
        "x": 0.06056518480181694,
        "y": 1.833547592163086,
        "z": -0.21377019584178925
    },
    "tangent2": {
        "x": -0.07197293639183045,
        "y": 2.921842098236084,
        "z": 0.13903816044330598
    },
    "endPos": {
        "x": -0.24559207260608674,
        "y": 4.827856063842773,
        "z": 0.18143324553966523
    }
}