{
    "_horizontalLines": 16.0,
    "_verticalLines": 19.0,
    "_radius": 0.12462396919727326,
    "_petalColour": {
        "r": 0.5876627564430237,
        "g": 0.056815147399902347,
        "b": 0.6691025495529175,
        "a": 1.0
    },
    "_cylinderVertexCount": 8.0,
    "_stemRadius": 0.09462719410657883,
    "_leafCount": 8.0,
    "_edgeRingCount": 25.0,
    "startPos": {
        "x": 0.0,
        "y": 0.0,
        "z": 0.0
    },
    "tangent1": {
        "x": 0.11908145248889923,
        "y": 0.185191348195076,
        "z": 0.07660393416881561
    },
    "tangent2": {
        "x": 0.11798897385597229,
        "y": 2.024183750152588,
        "z": 0.22765152156352998
    },
    "endPos": {
        "x": 0.4110526442527771,
        "y": 4.0,
        "z": 0.8252273201942444
    }
}