{
    "_horizontalLines": 16.0,
    "_verticalLines": 16.0,
    "_radius": 0.08394767343997956,
    "_petalColour": {
        "r": 0.5353860259056091,
        "g": 0.09576153755187988,
        "b": 0.9854657649993897,
        "a": 1.0
    },
    "_cylinderVertexCount": 13.0,
    "_stemRadius": 0.08373299986124039,
    "_leafCount": 8.0,
    "_edgeRingCount": 28.0,
    "startPos": {
        "x": 0.0,
        "y": 0.0,
        "z": 0.0
    },
    "tangent1": {
        "x": 0.12158270180225373,
        "y": 0.19849376380443574,
        "z": -0.42782965302467348
    },
    "tangent2": {
        "x": -0.30895549058914187,
        "y": 1.2466485500335694,
        "z": -0.7509673237800598
    },
    "endPos": {
        "x": -0.9587574005126953,
        "y": 4.0,
        "z": -0.2265033721923828
    }
}