{
    "_horizontalLines": 15.0,
    "_verticalLines": 19.0,
    "_radius": 0.11230720579624176,
    "_petalColour": {
        "r": 0.2434689998626709,
        "g": 0.9479042291641235,
        "b": 0.1975938081741333,
        "a": 1.0
    },
    "_cylinderVertexCount": 6.0,
    "_stemRadius": 0.07743111252784729,
    "_leafCount": 8.0,
    "_edgeRingCount": 58.0,
    "startPos": {
        "x": 0.0,
        "y": 0.0,
        "z": 0.0
    },
    "tangent1": {
        "x": -0.03933839872479439,
        "y": 1.5557384490966797,
        "z": 0.36366844177246096
    },
    "tangent2": {
        "x": 0.19669730961322785,
        "y": 2.932952404022217,
        "z": 0.5030808448791504
    },
    "endPos": {
        "x": 0.34932881593704226,
        "y": 4.204042911529541,
        "z": 1.2390129566192628
    }
}