{
    "_horizontalLines": 19.0,
    "_verticalLines": 15.0,
    "_radius": 0.11714748293161392,
    "_petalColour": {
        "r": 0.2285137176513672,
        "g": 0.636488676071167,
        "b": 0.908018946647644,
        "a": 1.0
    },
    "_cylinderVertexCount": 9.0,
    "_stemRadius": 0.09324884414672852,
    "_leafCount": 8.0,
    "_edgeRingCount": 62.0,
    "startPos": {
        "x": 0.0,
        "y": 0.0,
        "z": 0.0
    },
    "tangent1": {
        "x": 0.35296937823295596,
        "y": 0.2857521176338196,
        "z": -0.30611324310302737
    },
    "tangent2": {
        "x": 0.20839931070804597,
        "y": 1.0975847244262696,
        "z": -0.3079860806465149
    },
    "endPos": {
        "x": -0.5872714519500732,
        "y": 4.11275053024292,
        "z": -0.7780151963233948
    }
}