{
    "_horizontalLines": 16.0,
    "_verticalLines": 16.0,
    "_radius": 0.10847770422697067,
    "_petalColour": {
        "r": 0.9193577766418457,
        "g": 0.43777769804000857,
        "b": 0.8817229270935059,
        "a": 1.0
    },
    "_cylinderVertexCount": 6.0,
    "_stemRadius": 0.08445589244365692,
    "_leafCount": 8.0,
    "_edgeRingCount": 59.0,
    "startPos": {
        "x": 0.0,
        "y": 0.0,
        "z": 0.0
    },
    "tangent1": {
        "x": 0.05142850801348686,
        "y": 0.3735387921333313,
        "z": 0.4381837844848633
    },
    "tangent2": {
        "x": 0.44081106781959536,
        "y": 1.3399120569229127,
        "z": -0.0021686553955078127
    },
    "endPos": {
        "x": 0.7808803915977478,
        "y": 4.0,
        "z": -0.6517335772514343
    }
}