{
    "_horizontalLines": 17.0,
    "_verticalLines": 16.0,
    "_radius": 0.07623385637998581,
    "_petalColour": {
        "r": 0.40659254789352419,
        "g": 0.17136120796203614,
        "b": 0.005379915237426758,
        "a": 1.0
    },
    "_cylinderVertexCount": 12.0,
    "_stemRadius": 0.07162401080131531,
    "_leafCount": 8.0,
    "_edgeRingCount": 10.0,
    "startPos": {
        "x": 0.0,
        "y": 0.0,
        "z": 0.0
    },
    "tangent1": {
        "x": 0.37925490736961367,
        "y": 1.8479732275009156,
        "z": -0.33989599347114565
    },
    "tangent2": {
        "x": 0.2719908356666565,
        "y": 2.9574313163757326,
        "z": -0.6013824939727783
    },
    "endPos": {
        "x": -0.05912896990776062,
        "y": 4.0,
        "z": -0.8440141081809998
    }
}