{
    "_horizontalLines": 18.0,
    "_verticalLines": 18.0,
    "_radius": 0.14670218527317048,
    "_petalColour": {
        "r": 0.8759194612503052,
        "g": 0.039754629135131839,
        "b": 0.37223345041275027,
        "a": 1.0
    },
    "_cylinderVertexCount": 10.0,
    "_stemRadius": 0.09740500152111054,
    "_leafCount": 8.0,
    "_edgeRingCount": 46.0,
    "startPos": {
        "x": 0.0,
        "y": 0.0,
        "z": 0.0
    },
    "tangent1": {
        "x": -0.46753329038619997,
        "y": 1.6508903503417969,
        "z": 0.2445145547389984
    },
    "tangent2": {
        "x": 0.02094098925590515,
        "y": 2.679899215698242,
        "z": 0.42248207330703738
    },
    "endPos": {
        "x": 0.4742797613143921,
        "y": 4.0,
        "z": 1.1818572282791138
    }
}