{
    "_horizontalLines": 18.0,
    "_verticalLines": 19.0,
    "_radius": 0.10363689810037613,
    "_petalColour": {
        "r": 0.4723682999610901,
        "g": 0.5385672450065613,
        "b": 0.5026640295982361,
        "a": 1.0
    },
    "_cylinderVertexCount": 11.0,
    "_stemRadius": 0.08055061846971512,
    "_leafCount": 8.0,
    "_edgeRingCount": 33.0,
    "startPos": {
        "x": 0.0,
        "y": 0.0,
        "z": 0.0
    },
    "tangent1": {
        "x": -0.3304111659526825,
        "y": 0.44879990816116335,
        "z": 0.14743861556053163
    },
    "tangent2": {
        "x": -0.3493737280368805,
        "y": 1.5851826667785645,
        "z": 0.02489246428012848
    },
    "endPos": {
        "x": 0.15033793449401856,
        "y": 4.0,
        "z": 0.6134376525878906
    }
}