{
    "_horizontalLines": 19.0,
    "_verticalLines": 16.0,
    "_radius": 0.05732298269867897,
    "_petalColour": {
        "r": 0.9499711990356445,
        "g": 0.3742603659629822,
        "b": 0.025822043418884279,
        "a": 1.0
    },
    "_cylinderVertexCount": 7.0,
    "_stemRadius": 0.043119557201862338,
    "_leafCount": 8.0,
    "_edgeRingCount": 21.0,
    "startPos": {
        "x": 0.0,
        "y": 0.0,
        "z": 0.0
    },
    "tangent1": {
        "x": -0.366940975189209,
        "y": 0.7108325362205505,
        "z": -0.28781089186668398
    },
    "tangent2": {
        "x": -0.46229249238967898,
        "y": 1.8250563144683838,
        "z": -0.48182356357574465
    },
    "endPos": {
        "x": -0.7519406080245972,
        "y": 4.0,
        "z": -1.008425235748291
    }
}