{
    "_horizontalLines": 18.0,
    "_verticalLines": 16.0,
    "_radius": 0.08119446784257889,
    "_petalColour": {
        "r": 0.1670142412185669,
        "g": 0.0037279129028320314,
        "b": 0.7779678106307983,
        "a": 1.0
    },
    "_cylinderVertexCount": 12.0,
    "_stemRadius": 0.053918659687042239,
    "_leafCount": 8.0,
    "_edgeRingCount": 47.0,
    "startPos": {
        "x": 0.0,
        "y": 0.0,
        "z": 0.0
    },
    "tangent1": {
        "x": -0.3167223036289215,
        "y": 0.24491862952709199,
        "z": -0.28271985054016116
    },
    "tangent2": {
        "x": -0.3850807547569275,
        "y": 1.802773118019104,
        "z": -0.1617765873670578
    },
    "endPos": {
        "x": -0.10530319809913635,
        "y": 4.065251350402832,
        "z": -0.7445851564407349
    }
}