{
    "_horizontalLines": 19.0,
    "_verticalLines": 15.0,
    "_radius": 0.06994993984699249,
    "_petalColour": {
        "r": 0.8459299802780151,
        "g": 0.513700544834137,
        "b": 0.5387375950813294,
        "a": 1.0
    },
    "_cylinderVertexCount": 5.0,
    "_stemRadius": 0.049736589193344119,
    "_leafCount": 8.0,
    "_edgeRingCount": 49.0,
    "startPos": {
        "x": 0.0,
        "y": 0.0,
        "z": 0.0
    },
    "tangent1": {
        "x": -0.07149596512317658,
        "y": 0.5879615545272827,
        "z": -0.44180163741111758
    },
    "tangent2": {
        "x": -0.12512102723121644,
        "y": 1.500566005706787,
        "z": -0.14887592196464539
    },
    "endPos": {
        "x": -0.9277502298355103,
        "y": 4.0,
        "z": 0.46587589383125307
    }
}