{
    "_horizontalLines": 18.0,
    "_verticalLines": 15.0,
    "_radius": 0.07367561012506485,
    "_petalColour": {
        "r": 0.6833219528198242,
        "g": 0.6623004674911499,
        "b": 0.43222934007644656,
        "a": 1.0
    },
    "_cylinderVertexCount": 7.0,
    "_stemRadius": 0.06942255049943924,
    "_leafCount": 8.0,
    "_edgeRingCount": 6.0,
    "startPos": {
        "x": 0.0,
        "y": 0.0,
        "z": 0.0
    },
    "tangent1": {
        "x": 0.3220643997192383,
        "y": 1.4440521001815797,
        "z": -0.2993074357509613
    },
    "tangent2": {
        "x": 0.05964064598083496,
        "y": 3.074963092803955,
        "z": -0.245704784989357
    },
    "endPos": {
        "x": 0.21927039325237275,
        "y": 6.300000190734863,
        "z": 0.6186015605926514
    }
}