{
    "_horizontalLines": 17.0,
    "_verticalLines": 18.0,
    "_radius": 0.12787413597106934,
    "_petalColour": {
        "r": 0.1320335865020752,
        "g": 0.5907637476921082,
        "b": 0.40564292669296267,
        "a": 1.0
    },
    "_cylinderVertexCount": 10.0,
    "_stemRadius": 0.108216792345047,
    "_leafCount": 8.0,
    "_edgeRingCount": 19.0,
    "startPos": {
        "x": 0.0,
        "y": 0.0,
        "z": 0.0
    },
    "tangent1": {
        "x": -0.2715764045715332,
        "y": 1.5567973852157593,
        "z": -0.37649956345558169
    },
    "tangent2": {
        "x": -0.49163907766342165,
        "y": 2.461254596710205,
        "z": -0.32105740904808047
    },
    "endPos": {
        "x": -0.01609101891517639,
        "y": 4.0,
        "z": -0.14678265154361726
    }
}