{
    "_horizontalLines": 17.0,
    "_verticalLines": 15.0,
    "_radius": 0.15559625625610352,
    "_petalColour": {
        "r": 0.15214252471923829,
        "g": 0.09772145748138428,
        "b": 0.005877256393432617,
        "a": 1.0
    },
    "_cylinderVertexCount": 13.0,
    "_stemRadius": 0.11601364612579346,
    "_leafCount": 8.0,
    "_edgeRingCount": 62.0,
    "startPos": {
        "x": 0.0,
        "y": 0.0,
        "z": 0.0
    },
    "tangent1": {
        "x": 0.2192171812057495,
        "y": 1.850988745689392,
        "z": 0.18435119092464448
    },
    "tangent2": {
        "x": -0.2798154056072235,
        "y": 3.6589598655700685,
        "z": 0.5644623041152954
    },
    "endPos": {
        "x": 0.2219924032688141,
        "y": 4.0,
        "z": 0.21702995896339417
    }
}