{
    "_horizontalLines": 19.0,
    "_verticalLines": 17.0,
    "_radius": 0.10000934451818466,
    "_petalColour": {
        "r": 0.8122551441192627,
        "g": 0.03834795951843262,
        "b": 0.4737244248390198,
        "a": 1.0
    },
    "_cylinderVertexCount": 5.0,
    "_stemRadius": 0.09618077427148819,
    "_leafCount": 8.0,
    "_edgeRingCount": 61.0,
    "startPos": {
        "x": 0.0,
        "y": 0.0,
        "z": 0.0
    },
    "tangent1": {
        "x": 0.17395484447479249,
        "y": 0.5855559706687927,
        "z": 0.4977409243583679
    },
    "tangent2": {
        "x": 0.5238840579986572,
        "y": 0.8455897569656372,
        "z": 0.8074285387992859
    },
    "endPos": {
        "x": 0.1904335916042328,
        "y": 4.0,
        "z": 0.6799490451812744
    }
}