{
    "_horizontalLines": 18.0,
    "_verticalLines": 18.0,
    "_radius": 0.0535796657204628,
    "_petalColour": {
        "r": 0.9887834787368774,
        "g": 0.7814520597457886,
        "b": 0.5813301205635071,
        "a": 1.0
    },
    "_cylinderVertexCount": 12.0,
    "_stemRadius": 0.024018919095396997,
    "_leafCount": 8.0,
    "_edgeRingCount": 54.0,
    "startPos": {
        "x": 0.0,
        "y": 0.0,
        "z": 0.0
    },
    "tangent1": {
        "x": -0.005093622021377087,
        "y": 1.7270511388778687,
        "z": -0.2102692574262619
    },
    "tangent2": {
        "x": -0.37623104453086855,
        "y": 3.2245724201202394,
        "z": -0.6713842153549194
    },
    "endPos": {
        "x": 0.49581179022789,
        "y": 4.0,
        "z": -0.2667466998100281
    }
}