{
    "_horizontalLines": 16.0,
    "_verticalLines": 16.0,
    "_radius": 0.09552311152219773,
    "_petalColour": {
        "r": 0.9377632141113281,
        "g": 0.7173894643783569,
        "b": 0.8059017658233643,
        "a": 1.0
    },
    "_cylinderVertexCount": 14.0,
    "_stemRadius": 0.06494934111833573,
    "_leafCount": 8.0,
    "_edgeRingCount": 28.0,
    "startPos": {
        "x": 0.0,
        "y": 0.0,
        "z": 0.0
    },
    "tangent1": {
        "x": 0.40335559844970705,
        "y": 1.8434196710586548,
        "z": -0.31752339005470278
    },
    "tangent2": {
        "x": 0.19003252685070039,
        "y": 3.7575173377990724,
        "z": 0.17063474655151368
    },
    "endPos": {
        "x": 0.5079454779624939,
        "y": 6.300000190734863,
        "z": 0.7996928691864014
    }
}