{
    "_horizontalLines": 18.0,
    "_verticalLines": 17.0,
    "_radius": 0.07190067321062088,
    "_petalColour": {
        "r": 0.4712783694267273,
        "g": 0.20191240310668946,
        "b": 0.5784211754798889,
        "a": 1.0
    },
    "_cylinderVertexCount": 5.0,
    "_stemRadius": 0.05060098320245743,
    "_leafCount": 8.0,
    "_edgeRingCount": 58.0,
    "startPos": {
        "x": 0.0,
        "y": 0.0,
        "z": 0.0
    },
    "tangent1": {
        "x": 0.2986393868923187,
        "y": 0.6459445357322693,
        "z": 0.05160718038678169
    },
    "tangent2": {
        "x": 0.39334118366241457,
        "y": 2.521566390991211,
        "z": 0.3457661271095276
    },
    "endPos": {
        "x": 0.8065716028213501,
        "y": 5.085473537445068,
        "z": 0.016239970922470094
    }
}