{
    "_horizontalLines": 19.0,
    "_verticalLines": 18.0,
    "_radius": 0.07665786147117615,
    "_petalColour": {
        "r": 0.3419455885887146,
        "g": 0.9375475645065308,
        "b": 0.5460883975028992,
        "a": 1.0
    },
    "_cylinderVertexCount": 11.0,
    "_stemRadius": 0.05847210809588432,
    "_leafCount": 8.0,
    "_edgeRingCount": 47.0,
    "startPos": {
        "x": 0.0,
        "y": 0.0,
        "z": 0.0
    },
    "tangent1": {
        "x": 0.3920651376247406,
        "y": 1.6608283519744874,
        "z": -0.38946226239204409
    },
    "tangent2": {
        "x": 0.06002455949783325,
        "y": 1.8734331130981446,
        "z": -0.23164395987987519
    },
    "endPos": {
        "x": 0.8597965240478516,
        "y": 4.0,
        "z": 0.5924062728881836
    }
}