{
    "_horizontalLines": 15.0,
    "_verticalLines": 18.0,
    "_radius": 0.06926754862070084,
    "_petalColour": {
        "r": 0.449754536151886,
        "g": 0.890352725982666,
        "b": 0.3419705033302307,
        "a": 1.0
    },
    "_cylinderVertexCount": 11.0,
    "_stemRadius": 0.029811028391122819,
    "_leafCount": 8.0,
    "_edgeRingCount": 30.0,
    "startPos": {
        "x": 0.0,
        "y": 0.0,
        "z": 0.0
    },
    "tangent1": {
        "x": -0.24484677612781526,
        "y": 1.5601104497909547,
        "z": 0.4323667585849762
    },
    "tangent2": {
        "x": -0.221818208694458,
        "y": 2.081029176712036,
        "z": 0.5477356314659119
    },
    "endPos": {
        "x": -0.08354826271533966,
        "y": 4.760791778564453,
        "z": 1.213226318359375
    }
}