{
    "_horizontalLines": 15.0,
    "_verticalLines": 17.0,
    "_radius": 0.06058528646826744,
    "_petalColour": {
        "r": 0.3337717652320862,
        "g": 0.202673077583313,
        "b": 0.6510658264160156,
        "a": 1.0
    },
    "_cylinderVertexCount": 12.0,
    "_stemRadius": 0.05622260272502899,
    "_leafCount": 8.0,
    "_edgeRingCount": 46.0,
    "startPos": {
        "x": 0.0,
        "y": 0.0,
        "z": 0.0
    },
    "tangent1": {
        "x": 0.17697513103485108,
        "y": 0.0406368263065815,
        "z": -0.49456024169921877
    },
    "tangent2": {
        "x": 0.13985459506511689,
        "y": 0.47987425327301028,
        "z": -0.8436532020568848
    },
    "endPos": {
        "x": 0.07089682668447495,
        "y": 4.0,
        "z": -0.1669335961341858
    }
}