{
    "_horizontalLines": 19.0,
    "_verticalLines": 17.0,
    "_radius": 0.12068414688110352,
    "_petalColour": {
        "r": 0.06567680835723877,
        "g": 0.43070656061172488,
        "b": 0.13958442211151124,
        "a": 1.0
    },
    "_cylinderVertexCount": 11.0,
    "_stemRadius": 0.07724958658218384,
    "_leafCount": 8.0,
    "_edgeRingCount": 33.0,
    "startPos": {
        "x": 0.0,
        "y": 0.0,
        "z": 0.0
    },
    "tangent1": {
        "x": 0.13293646275997163,
        "y": 1.2185500860214234,
        "z": -0.23941569030284882
    },
    "tangent2": {
        "x": 0.1252111792564392,
        "y": 1.763551950454712,
        "z": -0.33676767349243166
    },
    "endPos": {
        "x": -0.2763349711894989,
        "y": 4.0,
        "z": -0.5034545063972473
    }
}