{
    "_horizontalLines": 18.0,
    "_verticalLines": 17.0,
    "_radius": 0.04724885895848274,
    "_petalColour": {
        "r": 0.20458078384399415,
        "g": 0.5802039504051209,
        "b": 0.8598958253860474,
        "a": 1.0
    },
    "_cylinderVertexCount": 8.0,
    "_stemRadius": 0.03247696906328201,
    "_leafCount": 8.0,
    "_edgeRingCount": 45.0,
    "startPos": {
        "x": 0.0,
        "y": 0.0,
        "z": 0.0
    },
    "tangent1": {
        "x": 0.13872134685516358,
        "y": 0.6229240298271179,
        "z": -0.033464718610048297
    },
    "tangent2": {
        "x": -0.25346633791923525,
        "y": 1.3011863231658936,
        "z": -0.2635129392147064
    },
    "endPos": {
        "x": 0.45558008551597597,
        "y": 4.0,
        "z": -0.5719171166419983
    }
}