{
    "_horizontalLines": 16.0,
    "_verticalLines": 15.0,
    "_radius": 0.08756110072135925,
    "_petalColour": {
        "r": 0.11795282363891602,
        "g": 0.2298063039779663,
        "b": 0.7755502462387085,
        "a": 1.0
    },
    "_cylinderVertexCount": 10.0,
    "_stemRadius": 0.0834282860159874,
    "_leafCount": 8.0,
    "_edgeRingCount": 41.0,
    "startPos": {
        "x": 0.0,
        "y": 0.0,
        "z": 0.0
    },
    "tangent1": {
        "x": -0.4606614112854004,
        "y": 1.3953742980957032,
        "z": -0.31804990768432619
    },
    "tangent2": {
        "x": -0.09688976407051087,
        "y": 1.8246872425079346,
        "z": -0.572593092918396
    },
    "endPos": {
        "x": -0.21550153195858003,
        "y": 4.0,
        "z": -1.3879282474517823
    }
}