{
    "_horizontalLines": 19.0,
    "_verticalLines": 17.0,
    "_radius": 0.04409455135464668,
    "_petalColour": {
        "r": 0.8374814987182617,
        "g": 0.7845046520233154,
        "b": 0.6315978765487671,
        "a": 1.0
    },
    "_cylinderVertexCount": 6.0,
    "_stemRadius": 0.017423998564481736,
    "_leafCount": 8.0,
    "_edgeRingCount": 31.0,
    "startPos": {
        "x": 0.0,
        "y": 0.0,
        "z": 0.0
    },
    "tangent1": {
        "x": -0.3065081536769867,
        "y": 0.2923585772514343,
        "z": -0.349718302488327
    },
    "tangent2": {
        "x": -0.31794801354408266,
        "y": 1.8752634525299073,
        "z": -0.6499029397964478
    },
    "endPos": {
        "x": 0.163664311170578,
        "y": 4.0,
        "z": -0.5321285724639893
    }
}