{
    "_horizontalLines": 16.0,
    "_verticalLines": 16.0,
    "_radius": 0.03970718756318092,
    "_petalColour": {
        "r": 0.6089596152305603,
        "g": 0.46924489736557009,
        "b": 0.023199915885925294,
        "a": 1.0
    },
    "_cylinderVertexCount": 9.0,
    "_stemRadius": 0.015422615222632885,
    "_leafCount": 8.0,
    "_edgeRingCount": 8.0,
    "startPos": {
        "x": 0.0,
        "y": 0.0,
        "z": 0.0
    },
    "tangent1": {
        "x": -0.2389504462480545,
        "y": 1.785512924194336,
        "z": -0.2921903133392334
    },
    "tangent2": {
        "x": -0.25893107056617739,
        "y": 2.3345019817352297,
        "z": -0.2110615223646164
    },
    "endPos": {
        "x": 0.2087116241455078,
        "y": 4.017148017883301,
        "z": 0.5010894536972046
    }
}