{
    "_horizontalLines": 18.0,
    "_verticalLines": 19.0,
    "_radius": 0.09350238740444184,
    "_petalColour": {
        "r": 0.516567051410675,
        "g": 0.17438435554504395,
        "b": 0.34816116094589236,
        "a": 1.0
    },
    "_cylinderVertexCount": 14.0,
    "_stemRadius": 0.06268306821584702,
    "_leafCount": 8.0,
    "_edgeRingCount": 57.0,
    "startPos": {
        "x": 0.0,
        "y": 0.0,
        "z": 0.0
    },
    "tangent1": {
        "x": 0.08120660483837128,
        "y": 0.07965965569019318,
        "z": 0.45984721183776858
    },
    "tangent2": {
        "x": -0.15005174279212953,
        "y": 1.882721185684204,
        "z": 0.08885017037391663
    },
    "endPos": {
        "x": -0.34244608879089358,
        "y": 4.0,
        "z": -0.2566860318183899
    }
}