{
    "_horizontalLines": 17.0,
    "_verticalLines": 19.0,
    "_radius": 0.06807258725166321,
    "_petalColour": {
        "r": 0.8699527978897095,
        "g": 0.4492735266685486,
        "b": 0.5066477656364441,
        "a": 1.0
    },
    "_cylinderVertexCount": 10.0,
    "_stemRadius": 0.02507082186639309,
    "_leafCount": 8.0,
    "_edgeRingCount": 55.0,
    "startPos": {
        "x": 0.0,
        "y": 0.0,
        "z": 0.0
    },
    "tangent1": {
        "x": 0.2890186309814453,
        "y": 0.6849712133407593,
        "z": 0.2390073537826538
    },
    "tangent2": {
        "x": -0.16546106338500977,
        "y": 2.0386714935302736,
        "z": 0.02412302792072296
    },
    "endPos": {
        "x": -0.7562145590782166,
        "y": 4.0,
        "z": 0.46588295698165896
    }
}