{
    "_horizontalLines": 18.0,
    "_verticalLines": 18.0,
    "_radius": 0.09055572748184204,
    "_petalColour": {
        "r": 0.7138432264328003,
        "g": 0.26856356859207156,
        "b": 0.47534507513046267,
        "a": 1.0
    },
    "_cylinderVertexCount": 11.0,
    "_stemRadius": 0.04769650846719742,
    "_leafCount": 8.0,
    "_edgeRingCount": 59.0,
    "startPos": {
        "x": 0.0,
        "y": 0.0,
        "z": 0.0
    },
    "tangent1": {
        "x": -0.21645168960094453,
        "y": 1.215780258178711,
        "z": 0.26504334807395937
    },
    "tangent2": {
        "x": 0.086117222905159,
        "y": 2.9850196838378908,
        "z": 0.7460013628005981
    },
    "endPos": {
        "x": 0.6121013760566711,
        "y": 5.724180221557617,
        "z": 0.9812791347503662
    }
}