{
    "_horizontalLines": 18.0,
    "_verticalLines": 17.0,
    "_radius": 0.016895608976483346,
    "_petalColour": {
        "r": 0.5617228150367737,
        "g": 0.2796558737754822,
        "b": 0.06394600868225098,
        "a": 1.0
    },
    "_cylinderVertexCount": 8.0,
    "_stemRadius": 0.008241042494773865,
    "_leafCount": 8.0,
    "_edgeRingCount": 27.0,
    "startPos": {
        "x": 0.0,
        "y": 0.0,
        "z": 0.0
    },
    "tangent1": {
        "x": 0.05427117273211479,
        "y": 0.5371140837669373,
        "z": 0.19194267690181733
    },
    "tangent2": {
        "x": 0.47166284918785097,
        "y": 2.459362506866455,
        "z": 0.32236048579216006
    },
    "endPos": {
        "x": 1.1676702499389649,
        "y": 5.5658674240112309,
        "z": -0.3183300793170929
    }
}