{
    "_horizontalLines": 17.0,
    "_verticalLines": 17.0,
    "_radius": 0.052821412682533267,
    "_petalColour": {
        "r": 0.09605967998504639,
        "g": 0.9873031377792358,
        "b": 0.8789036273956299,
        "a": 1.0
    },
    "_cylinderVertexCount": 7.0,
    "_stemRadius": 0.03267677128314972,
    "_leafCount": 8.0,
    "_edgeRingCount": 11.0,
    "startPos": {
        "x": 0.0,
        "y": 0.0,
        "z": 0.0
    },
    "tangent1": {
        "x": 0.38210296630859377,
        "y": 1.9400333166122437,
        "z": -0.21099166572093965
    },
    "tangent2": {
        "x": 0.6857631206512451,
        "y": 3.5339736938476564,
        "z": -0.026029884815216066
    },
    "endPos": {
        "x": 0.3269735276699066,
        "y": 5.897714138031006,
        "z": -0.023373698815703393
    }
}