{
    "_horizontalLines": 19.0,
    "_verticalLines": 18.0,
    "_radius": 0.113066665828228,
    "_petalColour": {
        "r": 0.08359992504119873,
        "g": 0.760076642036438,
        "b": 0.07787442207336426,
        "a": 1.0
    },
    "_cylinderVertexCount": 7.0,
    "_stemRadius": 0.08579780161380768,
    "_leafCount": 8.0,
    "_edgeRingCount": 48.0,
    "startPos": {
        "x": 0.0,
        "y": 0.0,
        "z": 0.0
    },
    "tangent1": {
        "x": 0.05231790617108345,
        "y": 0.8765316009521484,
        "z": 0.38664647936820986
    },
    "tangent2": {
        "x": -0.1450296938419342,
        "y": 1.642120599746704,
        "z": -0.07828795909881592
    },
    "endPos": {
        "x": -0.3224326968193054,
        "y": 4.0,
        "z": -0.8627504706382752
    }
}