{
    "_horizontalLines": 15.0,
    "_verticalLines": 18.0,
    "_radius": 0.12271544337272644,
    "_petalColour": {
        "r": 0.2767772078514099,
        "g": 0.9944707155227661,
        "b": 0.0021408796310424806,
        "a": 1.0
    },
    "_cylinderVertexCount": 9.0,
    "_stemRadius": 0.07396231591701508,
    "_leafCount": 8.0,
    "_edgeRingCount": 15.0,
    "startPos": {
        "x": 0.0,
        "y": 0.0,
        "z": 0.0
    },
    "tangent1": {
        "x": 0.010427665896713734,
        "y": 1.205815076828003,
        "z": 0.25618839263916018
    },
    "tangent2": {
        "x": 0.47025030851364138,
        "y": 1.5520963668823243,
        "z": 0.62699294090271
    },
    "endPos": {
        "x": 1.1763836145401,
        "y": 4.0,
        "z": 1.2829312086105347
    }
}