{
    "_horizontalLines": 15.0,
    "_verticalLines": 18.0,
    "_radius": 0.06133152171969414,
    "_petalColour": {
        "r": 0.29861360788345339,
        "g": 0.5640626549720764,
        "b": 0.4672853350639343,
        "a": 1.0
    },
    "_cylinderVertexCount": 9.0,
    "_stemRadius": 0.041631586849689487,
    "_leafCount": 8.0,
    "_edgeRingCount": 35.0,
    "startPos": {
        "x": 0.0,
        "y": 0.0,
        "z": 0.0
    },
    "tangent1": {
        "x": 0.45680055022239687,
        "y": 1.9938535690307618,
        "z": -0.10239414870738983
    },
    "tangent2": {
        "x": -0.00048419833183288574,
        "y": 3.848240375518799,
        "z": -0.24477458000183106
    },
    "endPos": {
        "x": 0.6533783674240112,
        "y": 4.4788994789123539,
        "z": -0.6337238550186157
    }
}