{
    "_horizontalLines": 19.0,
    "_verticalLines": 19.0,
    "_radius": 0.01216273196041584,
    "_petalColour": {
        "r": 0.8624119758605957,
        "g": 0.11549556255340576,
        "b": 0.8367990255355835,
        "a": 1.0
    },
    "_cylinderVertexCount": 10.0,
    "_stemRadius": 0.009225777350366116,
    "_leafCount": 8.0,
    "_edgeRingCount": 19.0,
    "startPos": {
        "x": 0.0,
        "y": 0.0,
        "z": 0.0
    },
    "tangent1": {
        "x": -0.06608648598194123,
        "y": 1.3047679662704468,
        "z": -0.26085129380226138
    },
    "tangent2": {
        "x": -0.05164719000458717,
        "y": 2.8525919914245607,
        "z": -0.16240964829921723
    },
    "endPos": {
        "x": -0.4190931022167206,
        "y": 4.877007484436035,
        "z": -0.32609280943870547
    }
}