{
    "_horizontalLines": 15.0,
    "_verticalLines": 19.0,
    "_radius": 0.10019722580909729,
    "_petalColour": {
        "r": 0.9515163898468018,
        "g": 0.6038464903831482,
        "b": 0.8209772109985352,
        "a": 1.0
    },
    "_cylinderVertexCount": 12.0,
    "_stemRadius": 0.08076925575733185,
    "_leafCount": 8.0,
    "_edgeRingCount": 4.0,
    "startPos": {
        "x": 0.0,
        "y": 0.0,
        "z": 0.0
    },
    "tangent1": {
        "x": 0.46194276213645937,
        "y": 1.2309879064559937,
        "z": 0.06560711562633515
    },
    "tangent2": {
        "x": 0.6292047500610352,
        "y": 1.492037296295166,
        "z": 0.5072116255760193
    },
    "endPos": {
        "x": 1.1353920698165894,
        "y": 4.0,
        "z": 0.9746534824371338
    }
}