{
    "_horizontalLines": 19.0,
    "_verticalLines": 15.0,
    "_radius": 0.042933862656354907,
    "_petalColour": {
        "r": 0.5220326781272888,
        "g": 0.37999147176742556,
        "b": 0.5975521206855774,
        "a": 1.0
    },
    "_cylinderVertexCount": 7.0,
    "_stemRadius": 0.0052132373675704,
    "_leafCount": 8.0,
    "_edgeRingCount": 51.0,
    "startPos": {
        "x": 0.0,
        "y": 0.0,
        "z": 0.0
    },
    "tangent1": {
        "x": 0.18412694334983827,
        "y": 1.587684154510498,
        "z": 0.22134265303611756
    },
    "tangent2": {
        "x": 0.3463945984840393,
        "y": 3.3261051177978517,
        "z": 0.33825331926345827
    },
    "endPos": {
        "x": 0.06569132208824158,
        "y": 6.300000190734863,
        "z": 0.5068673491477966
    }
}