{
    "_horizontalLines": 15.0,
    "_verticalLines": 15.0,
    "_radius": 0.04351426661014557,
    "_petalColour": {
        "r": 0.4609364867210388,
        "g": 0.5597400069236755,
        "b": 0.08613049983978272,
        "a": 1.0
    },
    "_cylinderVertexCount": 10.0,
    "_stemRadius": 0.03681262582540512,
    "_leafCount": 8.0,
    "_edgeRingCount": 39.0,
    "startPos": {
        "x": 0.0,
        "y": 0.0,
        "z": 0.0
    },
    "tangent1": {
        "x": -0.35522595047950747,
        "y": 1.5679351091384888,
        "z": 0.33197614550590517
    },
    "tangent2": {
        "x": -0.3338293731212616,
        "y": 2.0134410858154299,
        "z": 0.5055176019668579
    },
    "endPos": {
        "x": -0.9790210723876953,
        "y": 4.0,
        "z": 0.4862782657146454
    }
}