{
    "_horizontalLines": 19.0,
    "_verticalLines": 19.0,
    "_radius": 0.10745245963335037,
    "_petalColour": {
        "r": 0.8995952606201172,
        "g": 0.25180667638778689,
        "b": 0.024535655975341798,
        "a": 1.0
    },
    "_cylinderVertexCount": 11.0,
    "_stemRadius": 0.07919073849916458,
    "_leafCount": 8.0,
    "_edgeRingCount": 58.0,
    "startPos": {
        "x": 0.0,
        "y": 0.0,
        "z": 0.0
    },
    "tangent1": {
        "x": 0.07461123168468476,
        "y": 1.2900840044021607,
        "z": 0.29168689250946047
    },
    "tangent2": {
        "x": -0.39608150720596316,
        "y": 2.4315943717956545,
        "z": 0.12033145129680634
    },
    "endPos": {
        "x": -0.5875211954116821,
        "y": 4.0,
        "z": -0.3615604043006897
    }
}