{
    "_horizontalLines": 17.0,
    "_verticalLines": 19.0,
    "_radius": 0.048160992562770846,
    "_petalColour": {
        "r": 0.039623379707336429,
        "g": 0.16286802291870118,
        "b": 0.5873956084251404,
        "a": 1.0
    },
    "_cylinderVertexCount": 5.0,
    "_stemRadius": 0.045866649597883227,
    "_leafCount": 8.0,
    "_edgeRingCount": 39.0,
    "startPos": {
        "x": 0.0,
        "y": 0.0,
        "z": 0.0
    },
    "tangent1": {
        "x": 0.32064807415008547,
        "y": 0.677253246307373,
        "z": -0.4877043664455414
    },
    "tangent2": {
        "x": 0.5290169715881348,
        "y": 1.0500695705413819,
        "z": -0.13162899017333985
    },
    "endPos": {
        "x": 0.9080893993377686,
        "y": 4.0,
        "z": -0.11110248416662216
    }
}