{
    "_horizontalLines": 15.0,
    "_verticalLines": 15.0,
    "_radius": 0.0828186571598053,
    "_petalColour": {
        "r": 0.6544783115386963,
        "g": 0.7531578540802002,
        "b": 0.2216353416442871,
        "a": 1.0
    },
    "_cylinderVertexCount": 5.0,
    "_stemRadius": 0.07627659291028977,
    "_leafCount": 8.0,
    "_edgeRingCount": 31.0,
    "startPos": {
        "x": 0.0,
        "y": 0.0,
        "z": 0.0
    },
    "tangent1": {
        "x": -0.377650648355484,
        "y": 1.7247508764266968,
        "z": -0.07822342216968537
    },
    "tangent2": {
        "x": 0.07059955596923828,
        "y": 3.683521270751953,
        "z": -0.4556477665901184
    },
    "endPos": {
        "x": 0.3884447515010834,
        "y": 5.964545249938965,
        "z": -0.06015661358833313
    }
}