{
    "_horizontalLines": 17.0,
    "_verticalLines": 15.0,
    "_radius": 0.09665938466787338,
    "_petalColour": {
        "r": 0.5062000155448914,
        "g": 0.18091976642608643,
        "b": 0.7590607404708862,
        "a": 1.0
    },
    "_cylinderVertexCount": 10.0,
    "_stemRadius": 0.06915055215358734,
    "_leafCount": 8.0,
    "_edgeRingCount": 51.0,
    "startPos": {
        "x": 0.0,
        "y": 0.0,
        "z": 0.0
    },
    "tangent1": {
        "x": 0.28782689571380618,
        "y": 0.03874378278851509,
        "z": 0.37862634658813479
    },
    "tangent2": {
        "x": 0.2708529829978943,
        "y": 1.9373459815979005,
        "z": -0.09546718001365662
    },
    "endPos": {
        "x": -0.523151159286499,
        "y": 4.039548873901367,
        "z": -0.07433218508958817
    }
}