{
    "_horizontalLines": 19.0,
    "_verticalLines": 19.0,
    "_radius": 0.051072247326374057,
    "_petalColour": {
        "r": 0.6717103719711304,
        "g": 0.3682939410209656,
        "b": 0.5790858864784241,
        "a": 1.0
    },
    "_cylinderVertexCount": 6.0,
    "_stemRadius": 0.030676186084747316,
    "_leafCount": 8.0,
    "_edgeRingCount": 40.0,
    "startPos": {
        "x": 0.0,
        "y": 0.0,
        "z": 0.0
    },
    "tangent1": {
        "x": -0.028326798230409623,
        "y": 1.1151965856552125,
        "z": 0.2745116949081421
    },
    "tangent2": {
        "x": -0.1925642490386963,
        "y": 2.5305066108703615,
        "z": 0.3766009211540222
    },
    "endPos": {
        "x": -0.4144155979156494,
        "y": 5.02021598815918,
        "z": 0.6452807188034058
    }
}