{
    "_horizontalLines": 18.0,
    "_verticalLines": 15.0,
    "_radius": 0.056599944829940799,
    "_petalColour": {
        "r": 0.05679142475128174,
        "g": 0.3501836657524109,
        "b": 0.5764474272727966,
        "a": 1.0
    },
    "_cylinderVertexCount": 14.0,
    "_stemRadius": 0.03707624226808548,
    "_leafCount": 8.0,
    "_edgeRingCount": 6.0,
    "startPos": {
        "x": 0.0,
        "y": 0.0,
        "z": 0.0
    },
    "tangent1": {
        "x": 0.18527553975582124,
        "y": 1.8210020065307618,
        "z": -0.0024810314644128086
    },
    "tangent2": {
        "x": -0.18763725459575654,
        "y": 3.1404504776000978,
        "z": -0.35491034388542178
    },
    "endPos": {
        "x": -0.378437340259552,
        "y": 4.633517265319824,
        "z": 0.22045305371284486
    }
}