{
    "_horizontalLines": 18.0,
    "_verticalLines": 15.0,
    "_radius": 0.09920842945575714,
    "_petalColour": {
        "r": 0.7756407260894775,
        "g": 0.1813887357711792,
        "b": 0.319663941860199,
        "a": 1.0
    },
    "_cylinderVertexCount": 6.0,
    "_stemRadius": 0.06838130205869675,
    "_leafCount": 8.0,
    "_edgeRingCount": 44.0,
    "startPos": {
        "x": 0.0,
        "y": 0.0,
        "z": 0.0
    },
    "tangent1": {
        "x": 0.2951805591583252,
        "y": 1.1746444702148438,
        "z": -0.3883896768093109
    },
    "tangent2": {
        "x": 0.21373705565929414,
        "y": 2.0394186973571779,
        "z": -0.778354823589325
    },
    "endPos": {
        "x": 0.6907389760017395,
        "y": 4.32832145690918,
        "z": -0.5853660702705383
    }
}