{
    "_horizontalLines": 19.0,
    "_verticalLines": 15.0,
    "_radius": 0.03967057913541794,
    "_petalColour": {
        "r": 0.5238080620765686,
        "g": 0.7769250869750977,
        "b": 0.34597498178482058,
        "a": 1.0
    },
    "_cylinderVertexCount": 14.0,
    "_stemRadius": 0.008339514955878258,
    "_leafCount": 8.0,
    "_edgeRingCount": 49.0,
    "startPos": {
        "x": 0.0,
        "y": 0.0,
        "z": 0.0
    },
    "tangent1": {
        "x": 0.07408137619495392,
        "y": 0.2017848938703537,
        "z": 0.3544318974018097
    },
    "tangent2": {
        "x": -0.2559071183204651,
        "y": 2.006208896636963,
        "z": 0.623487114906311
    },
    "endPos": {
        "x": -1.0952690839767457,
        "y": 4.184332847595215,
        "z": -0.10998028516769409
    }
}