{
    "_horizontalLines": 19.0,
    "_verticalLines": 17.0,
    "_radius": 0.09923341870307923,
    "_petalColour": {
        "r": 0.6139557957649231,
        "g": 0.6737446784973145,
        "b": 0.2204911708831787,
        "a": 1.0
    },
    "_cylinderVertexCount": 11.0,
    "_stemRadius": 0.0904109850525856,
    "_leafCount": 8.0,
    "_edgeRingCount": 19.0,
    "startPos": {
        "x": 0.0,
        "y": 0.0,
        "z": 0.0
    },
    "tangent1": {
        "x": 0.23007988929748536,
        "y": 1.0771522521972657,
        "z": 0.24990296363830567
    },
    "tangent2": {
        "x": 0.2747824788093567,
        "y": 1.6590185165405274,
        "z": 0.28495997190475466
    },
    "endPos": {
        "x": -0.3451639413833618,
        "y": 4.0,
        "z": 0.7162002325057983
    }
}