{
    "_horizontalLines": 17.0,
    "_verticalLines": 19.0,
    "_radius": 0.0915508046746254,
    "_petalColour": {
        "r": 0.3121386170387268,
        "g": 0.651917576789856,
        "b": 0.333212673664093,
        "a": 1.0
    },
    "_cylinderVertexCount": 8.0,
    "_stemRadius": 0.05878320336341858,
    "_leafCount": 8.0,
    "_edgeRingCount": 9.0,
    "startPos": {
        "x": 0.0,
        "y": 0.0,
        "z": 0.0
    },
    "tangent1": {
        "x": -0.49386557936668398,
        "y": 1.2571544647216797,
        "z": -0.04442138597369194
    },
    "tangent2": {
        "x": -0.735291063785553,
        "y": 2.944880247116089,
        "z": -0.08509349822998047
    },
    "endPos": {
        "x": -1.6017847061157227,
        "y": 4.19329309463501,
        "z": -0.18028876185417176
    }
}