{
    "_horizontalLines": 15.0,
    "_verticalLines": 16.0,
    "_radius": 0.11535613983869553,
    "_petalColour": {
        "r": 0.46927183866500857,
        "g": 0.3049471974372864,
        "b": 0.5662288069725037,
        "a": 1.0
    },
    "_cylinderVertexCount": 11.0,
    "_stemRadius": 0.08419612050056458,
    "_leafCount": 8.0,
    "_edgeRingCount": 50.0,
    "startPos": {
        "x": 0.0,
        "y": 0.0,
        "z": 0.0
    },
    "tangent1": {
        "x": 0.2855910062789917,
        "y": 0.5713233351707459,
        "z": 0.36532267928123476
    },
    "tangent2": {
        "x": 0.4102519154548645,
        "y": 2.008206844329834,
        "z": 0.8103471994400024
    },
    "endPos": {
        "x": 0.40263524651527407,
        "y": 4.0,
        "z": 0.9564316272735596
    }
}