{
    "_horizontalLines": 19.0,
    "_verticalLines": 19.0,
    "_radius": 0.08228642493486405,
    "_petalColour": {
        "r": 0.5461927056312561,
        "g": 0.12496912479400635,
        "b": 0.9752132892608643,
        "a": 1.0
    },
    "_cylinderVertexCount": 9.0,
    "_stemRadius": 0.054327867925167087,
    "_leafCount": 8.0,
    "_edgeRingCount": 64.0,
    "startPos": {
        "x": 0.0,
        "y": 0.0,
        "z": 0.0
    },
    "tangent1": {
        "x": -0.025286149233579637,
        "y": 0.502972424030304,
        "z": -0.22468571364879609
    },
    "tangent2": {
        "x": 0.005716897547245026,
        "y": 1.1558010578155518,
        "z": 0.18303732573986054
    },
    "endPos": {
        "x": 0.7806061506271362,
        "y": 4.0,
        "z": 0.2790524661540985
    }
}