{
    "_horizontalLines": 16.0,
    "_verticalLines": 19.0,
    "_radius": 0.143611878156662,
    "_petalColour": {
        "r": 0.1460421085357666,
        "g": 0.09458565711975098,
        "b": 0.25588279962539675,
        "a": 1.0
    },
    "_cylinderVertexCount": 7.0,
    "_stemRadius": 0.09459385275840759,
    "_leafCount": 8.0,
    "_edgeRingCount": 38.0,
    "startPos": {
        "x": 0.0,
        "y": 0.0,
        "z": 0.0
    },
    "tangent1": {
        "x": 0.2533336579799652,
        "y": 1.313151478767395,
        "z": -0.4078196585178375
    },
    "tangent2": {
        "x": -0.21804219484329225,
        "y": 2.043503999710083,
        "z": -0.5537239909172058
    },
    "endPos": {
        "x": 0.054195135831832889,
        "y": 4.0,
        "z": -0.40815526247024538
    }
}