{
    "_horizontalLines": 18.0,
    "_verticalLines": 16.0,
    "_radius": 0.14177128672599793,
    "_petalColour": {
        "r": 0.017461538314819337,
        "g": 0.9718658924102783,
        "b": 0.6974302530288696,
        "a": 1.0
    },
    "_cylinderVertexCount": 9.0,
    "_stemRadius": 0.09310142695903778,
    "_leafCount": 8.0,
    "_edgeRingCount": 50.0,
    "startPos": {
        "x": 0.0,
        "y": 0.0,
        "z": 0.0
    },
    "tangent1": {
        "x": -0.4884577691555023,
        "y": 0.349806010723114,
        "z": -0.36638620495796206
    },
    "tangent2": {
        "x": -0.03476104140281677,
        "y": 2.0712525844573976,
        "z": -0.14292755722999574
    },
    "endPos": {
        "x": -0.2422160655260086,
        "y": 5.428458213806152,
        "z": -0.4024848937988281
    }
}