{
    "_horizontalLines": 18.0,
    "_verticalLines": 16.0,
    "_radius": 0.07469626516103745,
    "_petalColour": {
        "r": 0.7246458530426025,
        "g": 0.22528600692749024,
        "b": 0.9370697736740112,
        "a": 1.0
    },
    "_cylinderVertexCount": 6.0,
    "_stemRadius": 0.038091693073511127,
    "_leafCount": 8.0,
    "_edgeRingCount": 50.0,
    "startPos": {
        "x": 0.0,
        "y": 0.0,
        "z": 0.0
    },
    "tangent1": {
        "x": -0.3629795014858246,
        "y": 0.7869124412536621,
        "z": 0.37825918197631838
    },
    "tangent2": {
        "x": 0.014660149812698365,
        "y": 2.6924657821655275,
        "z": 0.659781813621521
    },
    "endPos": {
        "x": -0.20340968668460847,
        "y": 4.0,
        "z": 1.2407565116882325
    }
}