{
    "_horizontalLines": 17.0,
    "_verticalLines": 19.0,
    "_radius": 0.0997464507818222,
    "_petalColour": {
        "r": 0.4556294083595276,
        "g": 0.16948437690734864,
        "b": 0.7293323278427124,
        "a": 1.0
    },
    "_cylinderVertexCount": 11.0,
    "_stemRadius": 0.05993489921092987,
    "_leafCount": 8.0,
    "_edgeRingCount": 10.0,
    "startPos": {
        "x": 0.0,
        "y": 0.0,
        "z": 0.0
    },
    "tangent1": {
        "x": 0.3763408660888672,
        "y": 1.4751982688903809,
        "z": -0.2229413539171219
    },
    "tangent2": {
        "x": 0.5745097398757935,
        "y": 3.2928218841552736,
        "z": 0.05287162959575653
    },
    "endPos": {
        "x": -0.1980540156364441,
        "y": 6.300000190734863,
        "z": -0.5963538289070129
    }
}