{
    "_horizontalLines": 17.0,
    "_verticalLines": 18.0,
    "_radius": 0.0547809861600399,
    "_petalColour": {
        "r": 0.2677667737007141,
        "g": 0.1397535800933838,
        "b": 0.9293384552001953,
        "a": 1.0
    },
    "_cylinderVertexCount": 7.0,
    "_stemRadius": 0.031777650117874148,
    "_leafCount": 8.0,
    "_edgeRingCount": 14.0,
    "startPos": {
        "x": 0.0,
        "y": 0.0,
        "z": 0.0
    },
    "tangent1": {
        "x": -0.3741513192653656,
        "y": 1.1596111059188843,
        "z": 0.08052916824817658
    },
    "tangent2": {
        "x": -0.079627126455307,
        "y": 2.2728240489959719,
        "z": -0.3773384690284729
    },
    "endPos": {
        "x": -0.7676539421081543,
        "y": 4.7200188636779789,
        "z": -0.8379666805267334
    }
}