{
    "_horizontalLines": 15.0,
    "_verticalLines": 19.0,
    "_radius": 0.0640484094619751,
    "_petalColour": {
        "r": 0.34570270776748659,
        "g": 0.8038054704666138,
        "b": 0.1587435007095337,
        "a": 1.0
    },
    "_cylinderVertexCount": 10.0,
    "_stemRadius": 0.02354026958346367,
    "_leafCount": 8.0,
    "_edgeRingCount": 29.0,
    "startPos": {
        "x": 0.0,
        "y": 0.0,
        "z": 0.0
    },
    "tangent1": {
        "x": 0.05301837995648384,
        "y": 1.7449508905410767,
        "z": 0.48615050315856936
    },
    "tangent2": {
        "x": 0.3514859080314636,
        "y": 3.4654572010040285,
        "z": 0.611825704574585
    },
    "endPos": {
        "x": 0.3504106104373932,
        "y": 6.300000190734863,
        "z": 1.164005160331726
    }
}