{
    "_horizontalLines": 16.0,
    "_verticalLines": 16.0,
    "_radius": 0.03315253555774689,
    "_petalColour": {
        "r": 0.47036129236221316,
        "g": 0.9346839189529419,
        "b": 0.3577805161476135,
        "a": 1.0
    },
    "_cylinderVertexCount": 8.0,
    "_stemRadius": 0.02422367036342621,
    "_leafCount": 8.0,
    "_edgeRingCount": 8.0,
    "startPos": {
        "x": 0.0,
        "y": 0.0,
        "z": 0.0
    },
    "tangent1": {
        "x": 0.12227244675159455,
        "y": 0.7814552187919617,
        "z": 0.19283923506736756
    },
    "tangent2": {
        "x": -0.19062180817127229,
        "y": 2.743865966796875,
        "z": 0.12956656515598298
    },
    "endPos": {
        "x": 0.22447238862514497,
        "y": 5.836239814758301,
        "z": -0.4681887626647949
    }
}