{
    "_horizontalLines": 17.0,
    "_verticalLines": 17.0,
    "_radius": 0.0998833179473877,
    "_petalColour": {
        "r": 0.9271417856216431,
        "g": 0.708283543586731,
        "b": 0.43662554025650027,
        "a": 1.0
    },
    "_cylinderVertexCount": 8.0,
    "_stemRadius": 0.0813201516866684,
    "_leafCount": 8.0,
    "_edgeRingCount": 31.0,
    "startPos": {
        "x": 0.0,
        "y": 0.0,
        "z": 0.0
    },
    "tangent1": {
        "x": 0.26922082901000979,
        "y": 1.7841640710830689,
        "z": -0.033158350735902789
    },
    "tangent2": {
        "x": 0.15873809158802033,
        "y": 1.8907297849655152,
        "z": -0.1163337230682373
    },
    "endPos": {
        "x": 0.06389563530683518,
        "y": 4.943846225738525,
        "z": 0.678781270980835
    }
}