{
    "_horizontalLines": 18.0,
    "_verticalLines": 18.0,
    "_radius": 0.12876619398593903,
    "_petalColour": {
        "r": 0.529775083065033,
        "g": 0.40748685598373415,
        "b": 0.22089171409606934,
        "a": 1.0
    },
    "_cylinderVertexCount": 6.0,
    "_stemRadius": 0.10587485879659653,
    "_leafCount": 8.0,
    "_edgeRingCount": 36.0,
    "startPos": {
        "x": 0.0,
        "y": 0.0,
        "z": 0.0
    },
    "tangent1": {
        "x": -0.05707116052508354,
        "y": 1.546125054359436,
        "z": -0.3738633096218109
    },
    "tangent2": {
        "x": -0.08738388866186142,
        "y": 1.8006129264831544,
        "z": -0.7043946385383606
    },
    "endPos": {
        "x": 0.4645049273967743,
        "y": 4.0,
        "z": -0.9581772089004517
    }
}