{
    "_horizontalLines": 19.0,
    "_verticalLines": 19.0,
    "_radius": 0.08287165313959122,
    "_petalColour": {
        "r": 0.4313463568687439,
        "g": 0.23894274234771729,
        "b": 0.6021382212638855,
        "a": 1.0
    },
    "_cylinderVertexCount": 7.0,
    "_stemRadius": 0.07738485187292099,
    "_leafCount": 8.0,
    "_edgeRingCount": 63.0,
    "startPos": {
        "x": 0.0,
        "y": 0.0,
        "z": 0.0
    },
    "tangent1": {
        "x": -0.12312264740467072,
        "y": 1.5440956354141236,
        "z": -0.1405680626630783
    },
    "tangent2": {
        "x": 0.24227584898471833,
        "y": 2.9376368522644045,
        "z": 0.3128396272659302
    },
    "endPos": {
        "x": 0.7317661643028259,
        "y": 5.954020977020264,
        "z": 0.218226820230484
    }
}