{
    "_horizontalLines": 18.0,
    "_verticalLines": 17.0,
    "_radius": 0.05646266043186188,
    "_petalColour": {
        "r": 0.4710612893104553,
        "g": 0.024657130241394044,
        "b": 0.6026803851127625,
        "a": 1.0
    },
    "_cylinderVertexCount": 7.0,
    "_stemRadius": 0.03152931481599808,
    "_leafCount": 8.0,
    "_edgeRingCount": 46.0,
    "startPos": {
        "x": 0.0,
        "y": 0.0,
        "z": 0.0
    },
    "tangent1": {
        "x": -0.015205192379653454,
        "y": 1.2176517248153687,
        "z": 0.06639690697193146
    },
    "tangent2": {
        "x": 0.012926959432661534,
        "y": 2.8371353149414064,
        "z": -0.4302433133125305
    },
    "endPos": {
        "x": 0.7748755812644959,
        "y": 4.0,
        "z": 0.4074740409851074
    }
}