{
    "_horizontalLines": 16.0,
    "_verticalLines": 17.0,
    "_radius": 0.059592217206954959,
    "_petalColour": {
        "r": 0.19208526611328126,
        "g": 0.6927629709243774,
        "b": 0.22963476181030274,
        "a": 1.0
    },
    "_cylinderVertexCount": 10.0,
    "_stemRadius": 0.030891770496964456,
    "_leafCount": 8.0,
    "_edgeRingCount": 47.0,
    "startPos": {
        "x": 0.0,
        "y": 0.0,
        "z": 0.0
    },
    "tangent1": {
        "x": 0.17551086843013764,
        "y": 0.8740534782409668,
        "z": -0.06660322844982147
    },
    "tangent2": {
        "x": -0.04580789804458618,
        "y": 1.5400631427764893,
        "z": -0.0967097282409668
    },
    "endPos": {
        "x": 0.49984270334243777,
        "y": 4.0,
        "z": -0.5565832853317261
    }
}