{
    "_horizontalLines": 18.0,
    "_verticalLines": 15.0,
    "_radius": 0.07179538160562515,
    "_petalColour": {
        "r": 0.41475754976272585,
        "g": 0.08782589435577393,
        "b": 0.7962514162063599,
        "a": 1.0
    },
    "_cylinderVertexCount": 9.0,
    "_stemRadius": 0.05476869270205498,
    "_leafCount": 8.0,
    "_edgeRingCount": 30.0,
    "startPos": {
        "x": 0.0,
        "y": 0.0,
        "z": 0.0
    },
    "tangent1": {
        "x": 0.49091681838035586,
        "y": 1.326422095298767,
        "z": 0.33243539929389956
    },
    "tangent2": {
        "x": 0.5427793264389038,
        "y": 3.05357027053833,
        "z": 0.021684914827346803
    },
    "endPos": {
        "x": 1.0947697162628174,
        "y": 4.0,
        "z": -0.5508362054824829
    }
}