{
    "_horizontalLines": 18.0,
    "_verticalLines": 16.0,
    "_radius": 0.04381103068590164,
    "_petalColour": {
        "r": 0.698833703994751,
        "g": 0.7442115545272827,
        "b": 0.1202324628829956,
        "a": 1.0
    },
    "_cylinderVertexCount": 11.0,
    "_stemRadius": 0.042764440178871158,
    "_leafCount": 8.0,
    "_edgeRingCount": 7.0,
    "startPos": {
        "x": 0.0,
        "y": 0.0,
        "z": 0.0
    },
    "tangent1": {
        "x": 0.3839283883571625,
        "y": 1.4895294904708863,
        "z": -0.108598992228508
    },
    "tangent2": {
        "x": 0.251118540763855,
        "y": 2.002293825149536,
        "z": -0.40375858545303347
    },
    "endPos": {
        "x": 0.13076163828372956,
        "y": 4.474575042724609,
        "z": -0.0021881461143493654
    }
}