{
    "_horizontalLines": 16.0,
    "_verticalLines": 17.0,
    "_radius": 0.0820746198296547,
    "_petalColour": {
        "r": 0.9419800043106079,
        "g": 0.07356774806976319,
        "b": 0.10526823997497559,
        "a": 1.0
    },
    "_cylinderVertexCount": 14.0,
    "_stemRadius": 0.04087015241384506,
    "_leafCount": 8.0,
    "_edgeRingCount": 40.0,
    "startPos": {
        "x": 0.0,
        "y": 0.0,
        "z": 0.0
    },
    "tangent1": {
        "x": 0.37651920318603518,
        "y": 1.2799190282821656,
        "z": -0.16326431930065156
    },
    "tangent2": {
        "x": 0.7740764617919922,
        "y": 2.088817834854126,
        "z": -0.2031996250152588
    },
    "endPos": {
        "x": 0.24411839246749879,
        "y": 4.635361671447754,
        "z": -0.3420453667640686
    }
}