{
    "_horizontalLines": 16.0,
    "_verticalLines": 19.0,
    "_radius": 0.1276482492685318,
    "_petalColour": {
        "r": 0.06693899631500244,
        "g": 0.33373910188674929,
        "b": 0.5237615704536438,
        "a": 1.0
    },
    "_cylinderVertexCount": 6.0,
    "_stemRadius": 0.08017856627702713,
    "_leafCount": 8.0,
    "_edgeRingCount": 62.0,
    "startPos": {
        "x": 0.0,
        "y": 0.0,
        "z": 0.0
    },
    "tangent1": {
        "x": -0.43355798721313479,
        "y": 1.4841018915176392,
        "z": -0.13394980132579804
    },
    "tangent2": {
        "x": -0.20598483085632325,
        "y": 2.5569992065429689,
        "z": -0.6052232384681702
    },
    "endPos": {
        "x": -0.33865177631378176,
        "y": 5.032019138336182,
        "z": 0.019883036613464357
    }
}