{
    "_horizontalLines": 18.0,
    "_verticalLines": 15.0,
    "_radius": 0.08097199350595474,
    "_petalColour": {
        "r": 0.009779572486877442,
        "g": 0.01761484146118164,
        "b": 0.7951856851577759,
        "a": 1.0
    },
    "_cylinderVertexCount": 11.0,
    "_stemRadius": 0.041141510009765628,
    "_leafCount": 8.0,
    "_edgeRingCount": 3.0,
    "startPos": {
        "x": 0.0,
        "y": 0.0,
        "z": 0.0
    },
    "tangent1": {
        "x": -0.4190223813056946,
        "y": 1.449241280555725,
        "z": 0.3708118200302124
    },
    "tangent2": {
        "x": -0.5577610731124878,
        "y": 2.2216591835021974,
        "z": 0.3836577534675598
    },
    "endPos": {
        "x": -0.9329890012741089,
        "y": 4.075629711151123,
        "z": -0.02003064751625061
    }
}