{
    "_horizontalLines": 17.0,
    "_verticalLines": 16.0,
    "_radius": 0.09051493555307388,
    "_petalColour": {
        "r": 0.9184941053390503,
        "g": 0.5328038334846497,
        "b": 0.19972646236419679,
        "a": 1.0
    },
    "_cylinderVertexCount": 7.0,
    "_stemRadius": 0.06527600437402725,
    "_leafCount": 8.0,
    "_edgeRingCount": 15.0,
    "startPos": {
        "x": 0.0,
        "y": 0.0,
        "z": 0.0
    },
    "tangent1": {
        "x": -0.31276360154151919,
        "y": 1.1373310089111329,
        "z": -0.06389765441417694
    },
    "tangent2": {
        "x": -0.20693011581897736,
        "y": 2.5512256622314455,
        "z": -0.4190770387649536
    },
    "endPos": {
        "x": -0.5296128392219544,
        "y": 4.0,
        "z": -0.6971111297607422
    }
}