{
    "_horizontalLines": 16.0,
    "_verticalLines": 17.0,
    "_radius": 0.02073899284005165,
    "_petalColour": {
        "r": 0.05095779895782471,
        "g": 0.8394685983657837,
        "b": 0.3227049708366394,
        "a": 1.0
    },
    "_cylinderVertexCount": 6.0,
    "_stemRadius": 0.004865866154432297,
    "_leafCount": 8.0,
    "_edgeRingCount": 23.0,
    "startPos": {
        "x": 0.0,
        "y": 0.0,
        "z": 0.0
    },
    "tangent1": {
        "x": 0.1583627462387085,
        "y": 0.5267686247825623,
        "z": 0.05319051817059517
    },
    "tangent2": {
        "x": -0.03564174473285675,
        "y": 0.8948718309402466,
        "z": -0.08079639077186585
    },
    "endPos": {
        "x": 0.5281117558479309,
        "y": 4.0,
        "z": -0.6115630865097046
    }
}