{
    "_horizontalLines": 12.0,
    "_verticalLines": 10.0,
    "_radius": 0.11418303102254868,
    "_petalColour": {
        "r": 0.5501684546470642,
        "g": 0.3133617043495178,
        "b": 0.49635177850723269,
        "a": 1.0
    },
    "_cylinderVertexCount": 9.0,
    "_stemRadius": 0.07970539480447769,
    "_leafCount": 8.0,
    "_edgeRingCount": 15.0,
    "startPos": {
        "x": 0.09815339744091034,
        "y": 0.3665247857570648,
        "z": -0.15123505890369416
    },
    "tangent1": {
        "x": 0.28854769468307497,
        "y": 1.959756851196289,
        "z": 0.1866023689508438
    },
    "tangent2": {
        "x": -0.052058786153793338,
        "y": 3.7206521034240724,
        "z": 0.10043054819107056
    },
    "endPos": {
        "x": -0.6251207590103149,
        "y": 5.227142810821533,
        "z": -0.29943928122520449
    }
}