{
    "_horizontalLines": 11,
    "_verticalLines": 9,
    "_radius": 0.09877586364746094,
    "_petalColour": {
        "r": 0.19517099857330323,
        "g": 0.20141172409057618,
        "b": 0.8241642713546753,
        "a": 1.0
    },
    "_cylinderVertexCount": 7,
    "_stemRadius": 0.09584813565015793,
    "_leafCount": 8,
    "_edgeRingCount": 10,
    "startPos": {
        "x": -0.0858294740319252,
        "y": 0.036841489374637607,
        "z": 0.17364931106567384
    },
    "tangent1": {
        "x": -0.04198281839489937,
        "y": 0.7344540953636169,
        "z": 0.5136291980743408
    },
    "tangent2": {
        "x": -0.2912975549697876,
        "y": 1.1575114727020264,
        "z": 0.7342432737350464
    },
    "endPos": {
        "x": -1.160804271697998,
        "y": 3.063523054122925,
        "z": 0.6262242794036865
    }
}