{
    "_horizontalLines": 15.0,
    "_verticalLines": 19.0,
    "_radius": 0.135072261095047,
    "_petalColour": {
        "r": 0.03232228755950928,
        "g": 0.12878763675689698,
        "b": 0.0982966423034668,
        "a": 1.0
    },
    "_cylinderVertexCount": 6.0,
    "_stemRadius": 0.09481919556856156,
    "_leafCount": 8.0,
    "_edgeRingCount": 57.0,
    "startPos": {
        "x": 0.0,
        "y": 0.0,
        "z": 0.0
    },
    "tangent1": {
        "x": 0.19355449080467225,
        "y": 1.5520583391189576,
        "z": 0.481787770986557
    },
    "tangent2": {
        "x": 0.5709117650985718,
        "y": 1.9366896152496338,
        "z": 0.9581729173660278
    },
    "endPos": {
        "x": -0.21930575370788575,
        "y": 4.0,
        "z": 0.35386353731155398
    }
}