{
    "_horizontalLines": 16.0,
    "_verticalLines": 17.0,
    "_radius": 0.07557904720306397,
    "_petalColour": {
        "r": 0.16392290592193604,
        "g": 0.8040460348129273,
        "b": 0.6116557717323303,
        "a": 1.0
    },
    "_cylinderVertexCount": 6.0,
    "_stemRadius": 0.04123474657535553,
    "_leafCount": 8.0,
    "_edgeRingCount": 52.0,
    "startPos": {
        "x": 0.0,
        "y": 0.0,
        "z": 0.0
    },
    "tangent1": {
        "x": 0.2937607765197754,
        "y": 1.0035343170166016,
        "z": 0.38169267773628237
    },
    "tangent2": {
        "x": -0.10156145691871643,
        "y": 2.747736692428589,
        "z": 0.7905251979827881
    },
    "endPos": {
        "x": -0.2684794068336487,
        "y": 4.0,
        "z": 1.557539939880371
    }
}