{
    "_horizontalLines": 19.0,
    "_verticalLines": 16.0,
    "_radius": 0.08658961951732636,
    "_petalColour": {
        "r": 0.05779695510864258,
        "g": 0.3926011919975281,
        "b": 0.16079986095428468,
        "a": 1.0
    },
    "_cylinderVertexCount": 10.0,
    "_stemRadius": 0.04650181904435158,
    "_leafCount": 8.0,
    "_edgeRingCount": 32.0,
    "startPos": {
        "x": 0.0,
        "y": 0.0,
        "z": 0.0
    },
    "tangent1": {
        "x": 0.19604194164276124,
        "y": 1.332128882408142,
        "z": 0.37463435530662539
    },
    "tangent2": {
        "x": -0.007829979062080384,
        "y": 3.1680305004119875,
        "z": 0.08247527480125427
    },
    "endPos": {
        "x": 0.01428593136370182,
        "y": 6.2744460105896,
        "z": -0.40560317039489748
    }
}