{
    "_horizontalLines": 15.0,
    "_verticalLines": 17.0,
    "_radius": 0.05083499103784561,
    "_petalColour": {
        "r": 0.0462566614151001,
        "g": 0.1507493257522583,
        "b": 0.8328367471694946,
        "a": 1.0
    },
    "_cylinderVertexCount": 14.0,
    "_stemRadius": 0.03265904635190964,
    "_leafCount": 8.0,
    "_edgeRingCount": 63.0,
    "startPos": {
        "x": 0.0,
        "y": 0.0,
        "z": 0.0
    },
    "tangent1": {
        "x": 0.19862544536590577,
        "y": 0.8435896039009094,
        "z": 0.15993760526180268
    },
    "tangent2": {
        "x": 0.6017452478408814,
        "y": 1.208399772644043,
        "z": 0.3246879279613495
    },
    "endPos": {
        "x": 0.524327278137207,
        "y": 4.572266578674316,
        "z": 0.894801139831543
    }
}