{
    "_horizontalLines": 15.0,
    "_verticalLines": 17.0,
    "_radius": 0.13156642019748689,
    "_petalColour": {
        "r": 0.9199188947677612,
        "g": 0.8277006149291992,
        "b": 0.24009418487548829,
        "a": 1.0
    },
    "_cylinderVertexCount": 5.0,
    "_stemRadius": 0.10012038052082062,
    "_leafCount": 8.0,
    "_edgeRingCount": 51.0,
    "startPos": {
        "x": 0.0,
        "y": 0.0,
        "z": 0.0
    },
    "tangent1": {
        "x": -0.35810089111328127,
        "y": 1.6712844371795655,
        "z": -0.1667681187391281
    },
    "tangent2": {
        "x": -0.20511581003665925,
        "y": 2.595696449279785,
        "z": -0.11225438117980957
    },
    "endPos": {
        "x": -0.7527132630348206,
        "y": 5.113807201385498,
        "z": -0.2534399628639221
    }
}