{
    "_horizontalLines": 16.0,
    "_verticalLines": 15.0,
    "_radius": 0.06323325634002686,
    "_petalColour": {
        "r": 0.9411042928695679,
        "g": 0.22610986232757569,
        "b": 0.9018536806106567,
        "a": 1.0
    },
    "_cylinderVertexCount": 7.0,
    "_stemRadius": 0.061084896326065066,
    "_leafCount": 8.0,
    "_edgeRingCount": 19.0,
    "startPos": {
        "x": 0.0,
        "y": 0.0,
        "z": 0.0
    },
    "tangent1": {
        "x": 0.4226650297641754,
        "y": 1.3461028337478638,
        "z": 0.3934783935546875
    },
    "tangent2": {
        "x": 0.4616100490093231,
        "y": 1.809520959854126,
        "z": 0.3507283329963684
    },
    "endPos": {
        "x": 1.0045164823532105,
        "y": 4.0,
        "z": 0.5207815170288086
    }
}