{
    "_horizontalLines": 18.0,
    "_verticalLines": 19.0,
    "_radius": 0.12386462092399597,
    "_petalColour": {
        "r": 0.24277257919311524,
        "g": 0.4101826548576355,
        "b": 0.5717574954032898,
        "a": 1.0
    },
    "_cylinderVertexCount": 11.0,
    "_stemRadius": 0.11885873228311539,
    "_leafCount": 8.0,
    "_edgeRingCount": 15.0,
    "startPos": {
        "x": 0.0,
        "y": 0.0,
        "z": 0.0
    },
    "tangent1": {
        "x": -0.36404332518577578,
        "y": 1.809133529663086,
        "z": -0.16571931540966035
    },
    "tangent2": {
        "x": 0.0736643373966217,
        "y": 2.5296547412872316,
        "z": -0.22338223457336427
    },
    "endPos": {
        "x": -0.5133843421936035,
        "y": 4.0,
        "z": -1.0152337551116944
    }
}