{
    "_horizontalLines": 18.0,
    "_verticalLines": 18.0,
    "_radius": 0.04320795461535454,
    "_petalColour": {
        "r": 0.36298781633377077,
        "g": 0.2463909387588501,
        "b": 0.7403508424758911,
        "a": 1.0
    },
    "_cylinderVertexCount": 14.0,
    "_stemRadius": 0.018207335844635965,
    "_leafCount": 8.0,
    "_edgeRingCount": 61.0,
    "startPos": {
        "x": 0.0,
        "y": 0.0,
        "z": 0.0
    },
    "tangent1": {
        "x": -0.3696512281894684,
        "y": 1.8489043712615967,
        "z": 0.3689016103744507
    },
    "tangent2": {
        "x": -0.031759172677993777,
        "y": 1.858759880065918,
        "z": 0.1732591837644577
    },
    "endPos": {
        "x": 0.38781026005744936,
        "y": 4.0,
        "z": 0.7423766255378723
    }
}