{
    "_horizontalLines": 16.0,
    "_verticalLines": 18.0,
    "_radius": 0.07012956589460373,
    "_petalColour": {
        "r": 0.5130380988121033,
        "g": 0.9061018228530884,
        "b": 0.6029401421546936,
        "a": 1.0
    },
    "_cylinderVertexCount": 6.0,
    "_stemRadius": 0.021226778626441957,
    "_leafCount": 8.0,
    "_edgeRingCount": 17.0,
    "startPos": {
        "x": 0.0,
        "y": 0.0,
        "z": 0.0
    },
    "tangent1": {
        "x": -0.1338486224412918,
        "y": 1.2714797258377076,
        "z": 0.1613503396511078
    },
    "tangent2": {
        "x": -0.07238021492958069,
        "y": 2.9473752975463869,
        "z": 0.5027796626091003
    },
    "endPos": {
        "x": 0.23500871658325196,
        "y": 5.441445350646973,
        "z": 1.1201648712158204
    }
}