{
    "_horizontalLines": 18.0,
    "_verticalLines": 18.0,
    "_radius": 0.14875967800617219,
    "_petalColour": {
        "r": 0.6728284358978272,
        "g": 0.9500266313552856,
        "b": 0.5886760354042053,
        "a": 1.0
    },
    "_cylinderVertexCount": 11.0,
    "_stemRadius": 0.11482394486665726,
    "_leafCount": 8.0,
    "_edgeRingCount": 45.0,
    "startPos": {
        "x": 0.0,
        "y": 0.0,
        "z": 0.0
    },
    "tangent1": {
        "x": -0.4989418089389801,
        "y": 1.9721965789794922,
        "z": -0.2704753875732422
    },
    "tangent2": {
        "x": -0.20486155152320863,
        "y": 3.9704837799072267,
        "z": -0.21067900955677033
    },
    "endPos": {
        "x": -0.6519333124160767,
        "y": 6.1239423751831059,
        "z": 0.50496506690979
    }
}