{
    "_horizontalLines": 15.0,
    "_verticalLines": 16.0,
    "_radius": 0.1251532882452011,
    "_petalColour": {
        "r": 0.7916741371154785,
        "g": 0.9682246446609497,
        "b": 0.8266748189926148,
        "a": 1.0
    },
    "_cylinderVertexCount": 10.0,
    "_stemRadius": 0.09895367175340653,
    "_leafCount": 8.0,
    "_edgeRingCount": 52.0,
    "startPos": {
        "x": 0.0,
        "y": 0.0,
        "z": 0.0
    },
    "tangent1": {
        "x": 0.30567607283592226,
        "y": 0.8212974667549133,
        "z": -0.36273956298828127
    },
    "tangent2": {
        "x": 0.6761252284049988,
        "y": 1.1032485961914063,
        "z": -0.05963975191116333
    },
    "endPos": {
        "x": 1.0495591163635255,
        "y": 4.520479202270508,
        "z": 0.6794912815093994
    }
}