{
    "_horizontalLines": 19.0,
    "_verticalLines": 18.0,
    "_radius": 0.07058519870042801,
    "_petalColour": {
        "r": 0.41554397344589236,
        "g": 0.08340048789978028,
        "b": 0.2228679656982422,
        "a": 1.0
    },
    "_cylinderVertexCount": 5.0,
    "_stemRadius": 0.05756016820669174,
    "_leafCount": 8.0,
    "_edgeRingCount": 12.0,
    "startPos": {
        "x": 0.0,
        "y": 0.0,
        "z": 0.0
    },
    "tangent1": {
        "x": -0.2962707579135895,
        "y": 0.5478886961936951,
        "z": 0.2018282413482666
    },
    "tangent2": {
        "x": -0.03206697106361389,
        "y": 1.4310595989227296,
        "z": -0.272117555141449
    },
    "endPos": {
        "x": -0.5660935640335083,
        "y": 4.0,
        "z": 0.3345443606376648
    }
}