{
    "_horizontalLines": 15.0,
    "_verticalLines": 18.0,
    "_radius": 0.1295749545097351,
    "_petalColour": {
        "r": 0.22141492366790772,
        "g": 0.6043336987495422,
        "b": 0.30574899911880495,
        "a": 1.0
    },
    "_cylinderVertexCount": 11.0,
    "_stemRadius": 0.09791230410337448,
    "_leafCount": 8.0,
    "_edgeRingCount": 20.0,
    "startPos": {
        "x": 0.0,
        "y": 0.0,
        "z": 0.0
    },
    "tangent1": {
        "x": -0.4733262062072754,
        "y": 1.013620376586914,
        "z": 0.45004501938819888
    },
    "tangent2": {
        "x": -0.08060693740844727,
        "y": 1.780992865562439,
        "z": 0.07059326767921448
    },
    "endPos": {
        "x": -0.12494716048240662,
        "y": 4.0,
        "z": 0.7143633365631104
    }
}