{
    "_horizontalLines": 19.0,
    "_verticalLines": 16.0,
    "_radius": 0.07961253076791763,
    "_petalColour": {
        "r": 0.9440040588378906,
        "g": 0.21189439296722413,
        "b": 0.0678853988647461,
        "a": 1.0
    },
    "_cylinderVertexCount": 13.0,
    "_stemRadius": 0.049897339195013049,
    "_leafCount": 8.0,
    "_edgeRingCount": 44.0,
    "startPos": {
        "x": 0.0,
        "y": 0.0,
        "z": 0.0
    },
    "tangent1": {
        "x": -0.2681450843811035,
        "y": 1.8096195459365845,
        "z": -0.21003194153308869
    },
    "tangent2": {
        "x": -0.514508068561554,
        "y": 1.9701498746871949,
        "z": -0.0014030486345291138
    },
    "endPos": {
        "x": 0.28653597831726076,
        "y": 4.0,
        "z": -0.768718957901001
    }
}