{
    "_horizontalLines": 16.0,
    "_verticalLines": 18.0,
    "_radius": 0.05942694842815399,
    "_petalColour": {
        "r": 0.8128249645233154,
        "g": 0.45104604959487917,
        "b": 0.5610197186470032,
        "a": 1.0
    },
    "_cylinderVertexCount": 11.0,
    "_stemRadius": 0.040310636162757876,
    "_leafCount": 8.0,
    "_edgeRingCount": 18.0,
    "startPos": {
        "x": 0.0,
        "y": 0.0,
        "z": 0.0
    },
    "tangent1": {
        "x": -0.4095708727836609,
        "y": 1.3316112756729127,
        "z": -0.22252945601940156
    },
    "tangent2": {
        "x": -0.8430767059326172,
        "y": 2.720837116241455,
        "z": -0.5030326247215271
    },
    "endPos": {
        "x": -1.4078813791275025,
        "y": 4.0,
        "z": -1.1473883390426636
    }
}