{
    "_horizontalLines": 19.0,
    "_verticalLines": 16.0,
    "_radius": 0.048446495085954669,
    "_petalColour": {
        "r": 0.44907182455062868,
        "g": 0.24968743324279786,
        "b": 0.07563483715057373,
        "a": 1.0
    },
    "_cylinderVertexCount": 11.0,
    "_stemRadius": 0.033174317330121997,
    "_leafCount": 8.0,
    "_edgeRingCount": 55.0,
    "startPos": {
        "x": 0.0,
        "y": 0.0,
        "z": 0.0
    },
    "tangent1": {
        "x": 0.00004653930591302924,
        "y": 0.3124740719795227,
        "z": -0.36176469922065737
    },
    "tangent2": {
        "x": -0.0035282610915601255,
        "y": 0.3252664804458618,
        "z": -0.3426785171031952
    },
    "endPos": {
        "x": -0.42289233207702639,
        "y": 4.0,
        "z": -1.1767199039459229
    }
}