{
    "_horizontalLines": 19.0,
    "_verticalLines": 17.0,
    "_radius": 0.04078270494937897,
    "_petalColour": {
        "r": 0.3528342843055725,
        "g": 0.5389006733894348,
        "b": 0.8677444458007813,
        "a": 1.0
    },
    "_cylinderVertexCount": 5.0,
    "_stemRadius": 0.03491755574941635,
    "_leafCount": 8.0,
    "_edgeRingCount": 58.0,
    "startPos": {
        "x": 0.0,
        "y": 0.0,
        "z": 0.0
    },
    "tangent1": {
        "x": -0.08699150383472443,
        "y": 0.1777351349592209,
        "z": 0.42611178755760195
    },
    "tangent2": {
        "x": 0.36397743225097659,
        "y": 1.2120954990386963,
        "z": 0.4060341417789459
    },
    "endPos": {
        "x": 0.247610941529274,
        "y": 4.0,
        "z": 0.14365673065185548
    }
}