{
    "_horizontalLines": 19.0,
    "_verticalLines": 19.0,
    "_radius": 0.045748017728328708,
    "_petalColour": {
        "r": 0.4589715600013733,
        "g": 0.8406351804733276,
        "b": 0.08352649211883545,
        "a": 1.0
    },
    "_cylinderVertexCount": 7.0,
    "_stemRadius": 0.03406841307878494,
    "_leafCount": 8.0,
    "_edgeRingCount": 42.0,
    "startPos": {
        "x": 0.0,
        "y": 0.0,
        "z": 0.0
    },
    "tangent1": {
        "x": 0.4190025329589844,
        "y": 0.2332036942243576,
        "z": 0.00904459971934557
    },
    "tangent2": {
        "x": 0.6806966066360474,
        "y": 1.5655492544174195,
        "z": -0.30438515543937685
    },
    "endPos": {
        "x": 0.8002128005027771,
        "y": 4.0,
        "z": -1.1789147853851319
    }
}