{
    "_horizontalLines": 15.0,
    "_verticalLines": 15.0,
    "_radius": 0.1609506905078888,
    "_petalColour": {
        "r": 0.13279592990875245,
        "g": 0.7354388236999512,
        "b": 0.5679871439933777,
        "a": 1.0
    },
    "_cylinderVertexCount": 10.0,
    "_stemRadius": 0.11309697479009628,
    "_leafCount": 8.0,
    "_edgeRingCount": 54.0,
    "startPos": {
        "x": 0.0,
        "y": 0.0,
        "z": 0.0
    },
    "tangent1": {
        "x": -0.4129160940647125,
        "y": 0.9176586270332336,
        "z": 0.20901498198509217
    },
    "tangent2": {
        "x": 0.014984935522079468,
        "y": 2.14343523979187,
        "z": 0.07626499235630036
    },
    "endPos": {
        "x": -0.8590573072433472,
        "y": 4.043492794036865,
        "z": 0.2921973466873169
    }
}