{
    "_horizontalLines": 15.0,
    "_verticalLines": 15.0,
    "_radius": 0.08996398001909256,
    "_petalColour": {
        "r": 0.6842657327651978,
        "g": 0.25190669298171999,
        "b": 0.5707225203514099,
        "a": 1.0
    },
    "_cylinderVertexCount": 7.0,
    "_stemRadius": 0.06795736402273178,
    "_leafCount": 8.0,
    "_edgeRingCount": 15.0,
    "startPos": {
        "x": 0.0,
        "y": 0.0,
        "z": 0.0
    },
    "tangent1": {
        "x": 0.17457473278045655,
        "y": 0.1142847090959549,
        "z": 0.1649225950241089
    },
    "tangent2": {
        "x": -0.2428095042705536,
        "y": 1.3330347537994385,
        "z": 0.0012211054563522339
    },
    "endPos": {
        "x": -0.05460335314273834,
        "y": 4.0,
        "z": 0.40975892543792727
    }
}