{
    "_horizontalLines": 15.0,
    "_verticalLines": 18.0,
    "_radius": 0.0858987495303154,
    "_petalColour": {
        "r": 0.13867104053497315,
        "g": 0.46108466386795046,
        "b": 0.08613753318786621,
        "a": 1.0
    },
    "_cylinderVertexCount": 10.0,
    "_stemRadius": 0.04232914000749588,
    "_leafCount": 8.0,
    "_edgeRingCount": 41.0,
    "startPos": {
        "x": 0.0,
        "y": 0.0,
        "z": 0.0
    },
    "tangent1": {
        "x": 0.4097476899623871,
        "y": 1.8910274505615235,
        "z": 0.22314727306365968
    },
    "tangent2": {
        "x": 0.3658572733402252,
        "y": 3.7160236835479738,
        "z": 0.44294416904449465
    },
    "endPos": {
        "x": 0.06892281770706177,
        "y": 5.383759498596191,
        "z": 1.184052586555481
    }
}