{
    "_horizontalLines": 16.0,
    "_verticalLines": 19.0,
    "_radius": 0.059386685490608218,
    "_petalColour": {
        "r": 0.25775331258773806,
        "g": 0.30238932371139529,
        "b": 0.5717248320579529,
        "a": 1.0
    },
    "_cylinderVertexCount": 9.0,
    "_stemRadius": 0.0388941615819931,
    "_leafCount": 8.0,
    "_edgeRingCount": 33.0,
    "startPos": {
        "x": 0.0,
        "y": 0.0,
        "z": 0.0
    },
    "tangent1": {
        "x": -0.3064657151699066,
        "y": 0.37565821409225466,
        "z": -0.12274403870105744
    },
    "tangent2": {
        "x": -0.07562121748924256,
        "y": 0.5574182271957398,
        "z": 0.10714353621006012
    },
    "endPos": {
        "x": -0.3527141809463501,
        "y": 4.0,
        "z": 0.021446816623210908
    }
}