{
    "_horizontalLines": 15.0,
    "_verticalLines": 15.0,
    "_radius": 0.07135692238807678,
    "_petalColour": {
        "r": 0.5628160834312439,
        "g": 0.09389448165893555,
        "b": 0.4994505047798157,
        "a": 1.0
    },
    "_cylinderVertexCount": 9.0,
    "_stemRadius": 0.061086397618055347,
    "_leafCount": 8.0,
    "_edgeRingCount": 53.0,
    "startPos": {
        "x": 0.0,
        "y": 0.0,
        "z": 0.0
    },
    "tangent1": {
        "x": -0.39147165417671206,
        "y": 1.4680343866348267,
        "z": -0.3457365036010742
    },
    "tangent2": {
        "x": -0.5672187805175781,
        "y": 2.1951894760131838,
        "z": -0.43891721963882449
    },
    "endPos": {
        "x": -0.7582311034202576,
        "y": 4.646846771240234,
        "z": -0.36726120114326479
    }
}