{
    "_horizontalLines": 15.0,
    "_verticalLines": 15.0,
    "_radius": 0.10396708548069,
    "_petalColour": {
        "r": 0.15518081188201905,
        "g": 0.4815977215766907,
        "b": 0.9688491821289063,
        "a": 1.0
    },
    "_cylinderVertexCount": 10.0,
    "_stemRadius": 0.06340202689170838,
    "_leafCount": 8.0,
    "_edgeRingCount": 19.0,
    "startPos": {
        "x": 0.0,
        "y": 0.0,
        "z": 0.0
    },
    "tangent1": {
        "x": -0.209394171833992,
        "y": 1.0567283630371094,
        "z": 0.11507658660411835
    },
    "tangent2": {
        "x": -0.3030487596988678,
        "y": 1.3369858264923096,
        "z": 0.06071138009428978
    },
    "endPos": {
        "x": -0.06232857704162598,
        "y": 4.0,
        "z": -0.3652925193309784
    }
}