{
    "_horizontalLines": 17.0,
    "_verticalLines": 18.0,
    "_radius": 0.09014661610126496,
    "_petalColour": {
        "r": 0.5171079039573669,
        "g": 0.49726003408432009,
        "b": 0.23616421222686768,
        "a": 1.0
    },
    "_cylinderVertexCount": 10.0,
    "_stemRadius": 0.06714223325252533,
    "_leafCount": 8.0,
    "_edgeRingCount": 30.0,
    "startPos": {
        "x": 0.0,
        "y": 0.0,
        "z": 0.0
    },
    "tangent1": {
        "x": -0.38692358136177065,
        "y": 1.165382742881775,
        "z": -0.26137566566467287
    },
    "tangent2": {
        "x": -0.7202078700065613,
        "y": 1.9263958930969239,
        "z": -0.5984206199645996
    },
    "endPos": {
        "x": -0.9735968112945557,
        "y": 4.140362739562988,
        "z": -0.05773967504501343
    }
}