{
    "_horizontalLines": 16.0,
    "_verticalLines": 16.0,
    "_radius": 0.10124687105417252,
    "_petalColour": {
        "r": 0.7462213039398193,
        "g": 0.09477818012237549,
        "b": 0.7894871234893799,
        "a": 1.0
    },
    "_cylinderVertexCount": 7.0,
    "_stemRadius": 0.08872655779123306,
    "_leafCount": 8.0,
    "_edgeRingCount": 32.0,
    "startPos": {
        "x": 0.0,
        "y": 0.0,
        "z": 0.0
    },
    "tangent1": {
        "x": -0.25451040267944338,
        "y": 0.46442967653274538,
        "z": -0.49422502517700198
    },
    "tangent2": {
        "x": 0.24153947830200196,
        "y": 0.6167656183242798,
        "z": -0.935702919960022
    },
    "endPos": {
        "x": -0.540330708026886,
        "y": 4.0,
        "z": -1.170960783958435
    }
}