{
    "_horizontalLines": 15.0,
    "_verticalLines": 17.0,
    "_radius": 0.11326105147600174,
    "_petalColour": {
        "r": 0.8820706605911255,
        "g": 0.22367966175079347,
        "b": 0.010889887809753418,
        "a": 1.0
    },
    "_cylinderVertexCount": 10.0,
    "_stemRadius": 0.09993979334831238,
    "_leafCount": 8.0,
    "_edgeRingCount": 63.0,
    "startPos": {
        "x": 0.0,
        "y": 0.0,
        "z": 0.0
    },
    "tangent1": {
        "x": 0.0848255604505539,
        "y": 1.0980552434921265,
        "z": -0.0884118527173996
    },
    "tangent2": {
        "x": 0.10114368796348572,
        "y": 1.1349726915359498,
        "z": 0.292339563369751
    },
    "endPos": {
        "x": -0.11716870963573456,
        "y": 4.0,
        "z": 1.081575870513916
    }
}