{
    "_horizontalLines": 19.0,
    "_verticalLines": 16.0,
    "_radius": 0.11321406811475754,
    "_petalColour": {
        "r": 0.777061939239502,
        "g": 0.6189084649085999,
        "b": 0.47756248712539675,
        "a": 1.0
    },
    "_cylinderVertexCount": 12.0,
    "_stemRadius": 0.09492544829845429,
    "_leafCount": 8.0,
    "_edgeRingCount": 3.0,
    "startPos": {
        "x": 0.0,
        "y": 0.0,
        "z": 0.0
    },
    "tangent1": {
        "x": -0.07657270133495331,
        "y": 0.8009235262870789,
        "z": -0.1948525458574295
    },
    "tangent2": {
        "x": 0.1992475539445877,
        "y": 1.9787189960479737,
        "z": -0.3347766399383545
    },
    "endPos": {
        "x": 0.9754287004470825,
        "y": 4.490374565124512,
        "z": -0.817489743232727
    }
}