{
    "_horizontalLines": 18.0,
    "_verticalLines": 19.0,
    "_radius": 0.05789348483085632,
    "_petalColour": {
        "r": 0.7191002368927002,
        "g": 0.19761621952056886,
        "b": 0.676210880279541,
        "a": 1.0
    },
    "_cylinderVertexCount": 11.0,
    "_stemRadius": 0.025526532903313638,
    "_leafCount": 8.0,
    "_edgeRingCount": 39.0,
    "startPos": {
        "x": 0.0,
        "y": 0.0,
        "z": 0.0
    },
    "tangent1": {
        "x": -0.4639945924282074,
        "y": 0.6532282829284668,
        "z": 0.21503829956054688
    },
    "tangent2": {
        "x": -0.3324923515319824,
        "y": 1.7814393043518067,
        "z": 0.12846560776233674
    },
    "endPos": {
        "x": -1.0100514888763428,
        "y": 5.019287109375,
        "z": -0.6367446780204773
    }
}