{
    "_horizontalLines": 15.0,
    "_verticalLines": 18.0,
    "_radius": 0.08388825505971909,
    "_petalColour": {
        "r": 0.42792195081710818,
        "g": 0.3789241909980774,
        "b": 0.7497310638427734,
        "a": 1.0
    },
    "_cylinderVertexCount": 7.0,
    "_stemRadius": 0.04566923528909683,
    "_leafCount": 8.0,
    "_edgeRingCount": 61.0,
    "startPos": {
        "x": 0.0,
        "y": 0.0,
        "z": 0.0
    },
    "tangent1": {
        "x": -0.08312396705150604,
        "y": 0.24318523705005647,
        "z": 0.0725424736738205
    },
    "tangent2": {
        "x": 0.33539879322052,
        "y": 1.8862417936325074,
        "z": 0.4335950016975403
    },
    "endPos": {
        "x": 0.9637824296951294,
        "y": 4.3319926261901859,
        "z": 0.42100033164024355
    }
}