{
    "_horizontalLines": 17.0,
    "_verticalLines": 16.0,
    "_radius": 0.07170233875513077,
    "_petalColour": {
        "r": 0.0721205472946167,
        "g": 0.30207866430282595,
        "b": 0.7759846448898315,
        "a": 1.0
    },
    "_cylinderVertexCount": 14.0,
    "_stemRadius": 0.03521207720041275,
    "_leafCount": 8.0,
    "_edgeRingCount": 12.0,
    "startPos": {
        "x": 0.0,
        "y": 0.0,
        "z": 0.0
    },
    "tangent1": {
        "x": 0.04307608678936958,
        "y": 1.0065317153930665,
        "z": -0.4006728231906891
    },
    "tangent2": {
        "x": 0.34279710054397585,
        "y": 2.5616402626037599,
        "z": -0.4768151640892029
    },
    "endPos": {
        "x": 0.8456544876098633,
        "y": 4.0,
        "z": 0.18828368186950684
    }
}