{
    "_horizontalLines": 19.0,
    "_verticalLines": 15.0,
    "_radius": 0.052190087735652927,
    "_petalColour": {
        "r": 0.01895427703857422,
        "g": 0.46490591764450076,
        "b": 0.6404926776885986,
        "a": 1.0
    },
    "_cylinderVertexCount": 14.0,
    "_stemRadius": 0.03231847658753395,
    "_leafCount": 8.0,
    "_edgeRingCount": 27.0,
    "startPos": {
        "x": 0.0,
        "y": 0.0,
        "z": 0.0
    },
    "tangent1": {
        "x": 0.1963941901922226,
        "y": 0.9732494354248047,
        "z": -0.1385013610124588
    },
    "tangent2": {
        "x": 0.6018118262290955,
        "y": 1.1321747303009034,
        "z": 0.1786014288663864
    },
    "endPos": {
        "x": 0.5879921913146973,
        "y": 4.0,
        "z": 0.2022853046655655
    }
}