{
    "_horizontalLines": 16.0,
    "_verticalLines": 15.0,
    "_radius": 0.09861870855093003,
    "_petalColour": {
        "r": 0.5095686316490173,
        "g": 0.9148935079574585,
        "b": 0.665674090385437,
        "a": 1.0
    },
    "_cylinderVertexCount": 7.0,
    "_stemRadius": 0.08767279982566834,
    "_leafCount": 8.0,
    "_edgeRingCount": 5.0,
    "startPos": {
        "x": 0.0,
        "y": 0.0,
        "z": 0.0
    },
    "tangent1": {
        "x": -0.25887250900268557,
        "y": 0.06315784156322479,
        "z": 0.39289435744285586
    },
    "tangent2": {
        "x": -0.6747394800186157,
        "y": 1.6791932582855225,
        "z": 0.38656583428382876
    },
    "endPos": {
        "x": -0.34429988265037539,
        "y": 4.0,
        "z": 1.119923710823059
    }
}