{
    "_horizontalLines": 19.0,
    "_verticalLines": 16.0,
    "_radius": 0.09096035361289978,
    "_petalColour": {
        "r": 0.05746197700500488,
        "g": 0.23019039630889893,
        "b": 0.34430164098739626,
        "a": 1.0
    },
    "_cylinderVertexCount": 12.0,
    "_stemRadius": 0.05265377461910248,
    "_leafCount": 8.0,
    "_edgeRingCount": 11.0,
    "startPos": {
        "x": 0.0,
        "y": 0.0,
        "z": 0.0
    },
    "tangent1": {
        "x": -0.40768346190452578,
        "y": 1.2953472137451172,
        "z": -0.020419549196958543
    },
    "tangent2": {
        "x": -0.7729698419570923,
        "y": 2.520418643951416,
        "z": 0.011689186096191407
    },
    "endPos": {
        "x": -0.36406299471855166,
        "y": 4.0,
        "z": -0.8252077698707581
    }
}