{
    "_horizontalLines": 15.0,
    "_verticalLines": 15.0,
    "_radius": 0.04494072496891022,
    "_petalColour": {
        "r": 0.16575515270233155,
        "g": 0.711166262626648,
        "b": 0.9207615852355957,
        "a": 1.0
    },
    "_cylinderVertexCount": 9.0,
    "_stemRadius": 0.039563000202178958,
    "_leafCount": 8.0,
    "_edgeRingCount": 45.0,
    "startPos": {
        "x": 0.0,
        "y": 0.0,
        "z": 0.0
    },
    "tangent1": {
        "x": 0.43399161100387576,
        "y": 0.49179190397262576,
        "z": 0.4486839175224304
    },
    "tangent2": {
        "x": 0.028164267539978029,
        "y": 1.9533324241638184,
        "z": 0.865609884262085
    },
    "endPos": {
        "x": -0.7924116253852844,
        "y": 4.0,
        "z": 0.9108066558837891
    }
}