{
    "_horizontalLines": 19.0,
    "_verticalLines": 16.0,
    "_radius": 0.09174197167158127,
    "_petalColour": {
        "r": 0.5404929518699646,
        "g": 0.6503515243530273,
        "b": 0.21030938625335694,
        "a": 1.0
    },
    "_cylinderVertexCount": 5.0,
    "_stemRadius": 0.08598165214061737,
    "_leafCount": 8.0,
    "_edgeRingCount": 28.0,
    "startPos": {
        "x": 0.0,
        "y": 0.0,
        "z": 0.0
    },
    "tangent1": {
        "x": 0.29327189922332766,
        "y": 0.5214934349060059,
        "z": -0.41354674100875857
    },
    "tangent2": {
        "x": 0.261772096157074,
        "y": 2.031850814819336,
        "z": -0.3176238536834717
    },
    "endPos": {
        "x": -0.3138495683670044,
        "y": 4.657700061798096,
        "z": 0.48723870515823367
    }
}