{
    "_horizontalLines": 19.0,
    "_verticalLines": 19.0,
    "_radius": 0.12116269767284394,
    "_petalColour": {
        "r": 0.4544829726219177,
        "g": 0.2889280915260315,
        "b": 0.8925306797027588,
        "a": 1.0
    },
    "_cylinderVertexCount": 6.0,
    "_stemRadius": 0.09987030923366547,
    "_leafCount": 8.0,
    "_edgeRingCount": 34.0,
    "startPos": {
        "x": 0.0,
        "y": 0.0,
        "z": 0.0
    },
    "tangent1": {
        "x": -0.3399345576763153,
        "y": 0.06910876929759979,
        "z": -0.30290842056274416
    },
    "tangent2": {
        "x": -0.5788109302520752,
        "y": 1.5784204006195069,
        "z": -0.22470955550670625
    },
    "endPos": {
        "x": -0.5643638968467712,
        "y": 4.0,
        "z": -0.36536455154418948
    }
}