{
    "_horizontalLines": 19.0,
    "_verticalLines": 19.0,
    "_radius": 0.06183026358485222,
    "_petalColour": {
        "r": 0.39030057191848757,
        "g": 0.19279682636260987,
        "b": 0.664444088935852,
        "a": 1.0
    },
    "_cylinderVertexCount": 12.0,
    "_stemRadius": 0.0383339487016201,
    "_leafCount": 8.0,
    "_edgeRingCount": 57.0,
    "startPos": {
        "x": 0.0,
        "y": 0.0,
        "z": 0.0
    },
    "tangent1": {
        "x": 0.480928510427475,
        "y": 0.30317384004592898,
        "z": -0.43963831663131716
    },
    "tangent2": {
        "x": 0.5685973763465881,
        "y": 1.235557198524475,
        "z": -0.8686482906341553
    },
    "endPos": {
        "x": 0.9598486423492432,
        "y": 4.0,
        "z": -1.3618664741516114
    }
}