{
    "_horizontalLines": 15.0,
    "_verticalLines": 15.0,
    "_radius": 0.07894058525562287,
    "_petalColour": {
        "r": 0.7431603670120239,
        "g": 0.7371336221694946,
        "b": 0.7312182188034058,
        "a": 1.0
    },
    "_cylinderVertexCount": 14.0,
    "_stemRadius": 0.041152458637952808,
    "_leafCount": 8.0,
    "_edgeRingCount": 7.0,
    "startPos": {
        "x": 0.0,
        "y": 0.0,
        "z": 0.0
    },
    "tangent1": {
        "x": 0.15028676390647889,
        "y": 1.3599289655685425,
        "z": -0.08125977218151093
    },
    "tangent2": {
        "x": 0.09472660720348358,
        "y": 3.1040680408477785,
        "z": 0.2247810810804367
    },
    "endPos": {
        "x": 0.05276419594883919,
        "y": 4.423105239868164,
        "z": -0.340135395526886
    }
}