{
    "_horizontalLines": 18.0,
    "_verticalLines": 15.0,
    "_radius": 0.08528797328472138,
    "_petalColour": {
        "r": 0.18484652042388917,
        "g": 0.8627966642379761,
        "b": 0.41439205408096316,
        "a": 1.0
    },
    "_cylinderVertexCount": 12.0,
    "_stemRadius": 0.06894098222255707,
    "_leafCount": 8.0,
    "_edgeRingCount": 31.0,
    "startPos": {
        "x": 0.0,
        "y": 0.0,
        "z": 0.0
    },
    "tangent1": {
        "x": -0.10450859367847443,
        "y": 0.29490166902542117,
        "z": 0.35977399349212649
    },
    "tangent2": {
        "x": 0.16159285604953767,
        "y": 2.278109073638916,
        "z": 0.0635298490524292
    },
    "endPos": {
        "x": -0.2075328379869461,
        "y": 4.525110244750977,
        "z": 0.17626823484897614
    }
}