{
    "_horizontalLines": 19.0,
    "_verticalLines": 18.0,
    "_radius": 0.10335142910480499,
    "_petalColour": {
        "r": 0.3130189776420593,
        "g": 0.10081863403320313,
        "b": 0.43660086393356326,
        "a": 1.0
    },
    "_cylinderVertexCount": 12.0,
    "_stemRadius": 0.08474595099687576,
    "_leafCount": 8.0,
    "_edgeRingCount": 50.0,
    "startPos": {
        "x": 0.0,
        "y": 0.0,
        "z": 0.0
    },
    "tangent1": {
        "x": 0.28674325346946719,
        "y": 1.5560044050216675,
        "z": 0.1266028732061386
    },
    "tangent2": {
        "x": 0.5533367991447449,
        "y": 3.180853843688965,
        "z": 0.1754578948020935
    },
    "endPos": {
        "x": 0.14495787024497987,
        "y": 5.110771179199219,
        "z": 0.6425434350967407
    }
}