{
    "_horizontalLines": 16.0,
    "_verticalLines": 19.0,
    "_radius": 0.1011449471116066,
    "_petalColour": {
        "r": 0.905697226524353,
        "g": 0.9124023914337158,
        "b": 0.8385542631149292,
        "a": 1.0
    },
    "_cylinderVertexCount": 13.0,
    "_stemRadius": 0.08711649477481842,
    "_leafCount": 8.0,
    "_edgeRingCount": 43.0,
    "startPos": {
        "x": 0.0,
        "y": 0.0,
        "z": 0.0
    },
    "tangent1": {
        "x": 0.41385817527770998,
        "y": 1.355446696281433,
        "z": 0.25690174102783205
    },
    "tangent2": {
        "x": 0.8072744607925415,
        "y": 1.4953256845474244,
        "z": 0.36748725175857546
    },
    "endPos": {
        "x": 1.560291051864624,
        "y": 4.0,
        "z": 0.9791377782821655
    }
}