{
    "_horizontalLines": 17.0,
    "_verticalLines": 18.0,
    "_radius": 0.09941384196281433,
    "_petalColour": {
        "r": 0.380219042301178,
        "g": 0.7061867713928223,
        "b": 0.19470882415771485,
        "a": 1.0
    },
    "_cylinderVertexCount": 7.0,
    "_stemRadius": 0.09131517261266709,
    "_leafCount": 8.0,
    "_edgeRingCount": 20.0,
    "startPos": {
        "x": 0.0,
        "y": 0.0,
        "z": 0.0
    },
    "tangent1": {
        "x": 0.08918781578540802,
        "y": 0.798173725605011,
        "z": 0.3949918746948242
    },
    "tangent2": {
        "x": 0.13152065873146058,
        "y": 2.551190137863159,
        "z": 0.532544732093811
    },
    "endPos": {
        "x": -0.4131695330142975,
        "y": 4.492363452911377,
        "z": 1.1961594820022584
    }
}