{
    "_horizontalLines": 17.0,
    "_verticalLines": 16.0,
    "_radius": 0.04022914543747902,
    "_petalColour": {
        "r": 0.19107961654663087,
        "g": 0.4210057854652405,
        "b": 0.8140826225280762,
        "a": 1.0
    },
    "_cylinderVertexCount": 10.0,
    "_stemRadius": 0.022100215777754785,
    "_leafCount": 8.0,
    "_edgeRingCount": 12.0,
    "startPos": {
        "x": 0.0,
        "y": 0.0,
        "z": 0.0
    },
    "tangent1": {
        "x": -0.3084390461444855,
        "y": 0.0962703675031662,
        "z": 0.1265932023525238
    },
    "tangent2": {
        "x": -0.6676771640777588,
        "y": 0.6472342610359192,
        "z": 0.34883400797843935
    },
    "endPos": {
        "x": -0.6810890436172485,
        "y": 4.0,
        "z": 0.271096408367157
    }
}