{
    "_horizontalLines": 16.0,
    "_verticalLines": 16.0,
    "_radius": 0.08373359590768814,
    "_petalColour": {
        "r": 0.6667830944061279,
        "g": 0.1717919111251831,
        "b": 0.7856906652450562,
        "a": 1.0
    },
    "_cylinderVertexCount": 6.0,
    "_stemRadius": 0.05431939288973808,
    "_leafCount": 8.0,
    "_edgeRingCount": 31.0,
    "startPos": {
        "x": 0.0,
        "y": 0.0,
        "z": 0.0
    },
    "tangent1": {
        "x": -0.2515544891357422,
        "y": 1.8604278564453126,
        "z": -0.4291190207004547
    },
    "tangent2": {
        "x": -0.5542857646942139,
        "y": 2.516550064086914,
        "z": -0.09162682294845581
    },
    "endPos": {
        "x": -0.8794366121292114,
        "y": 4.36435604095459,
        "z": -0.009683690965175629
    }
}