{
    "_horizontalLines": 15.0,
    "_verticalLines": 16.0,
    "_radius": 0.046026330441236499,
    "_petalColour": {
        "r": 0.41271573305130007,
        "g": 0.7565392255783081,
        "b": 0.9085937738418579,
        "a": 1.0
    },
    "_cylinderVertexCount": 7.0,
    "_stemRadius": 0.025688011199235917,
    "_leafCount": 8.0,
    "_edgeRingCount": 28.0,
    "startPos": {
        "x": 0.0,
        "y": 0.0,
        "z": 0.0
    },
    "tangent1": {
        "x": -0.35867977142333987,
        "y": 0.6704958081245422,
        "z": -0.0180327408015728
    },
    "tangent2": {
        "x": -0.3753262162208557,
        "y": 2.646040439605713,
        "z": 0.33485621213912966
    },
    "endPos": {
        "x": -0.7177556753158569,
        "y": 4.594345569610596,
        "z": 0.7241258025169373
    }
}