{
    "_horizontalLines": 15.0,
    "_verticalLines": 19.0,
    "_radius": 0.03397728502750397,
    "_petalColour": {
        "r": 0.20150578022003175,
        "g": 0.755012035369873,
        "b": 0.48716050386428835,
        "a": 1.0
    },
    "_cylinderVertexCount": 11.0,
    "_stemRadius": 0.026059694588184358,
    "_leafCount": 8.0,
    "_edgeRingCount": 36.0,
    "startPos": {
        "x": 0.0,
        "y": 0.0,
        "z": 0.0
    },
    "tangent1": {
        "x": 0.48648491501808169,
        "y": 1.5467796325683594,
        "z": -0.09193877875804901
    },
    "tangent2": {
        "x": 0.2796902060508728,
        "y": 3.168893814086914,
        "z": 0.3285471200942993
    },
    "endPos": {
        "x": 0.8109827041625977,
        "y": 6.300000190734863,
        "z": 1.1869616508483887
    }
}