{
    "_horizontalLines": 18.0,
    "_verticalLines": 15.0,
    "_radius": 0.04175028204917908,
    "_petalColour": {
        "r": 0.7803217172622681,
        "g": 0.8952282667160034,
        "b": 0.779936671257019,
        "a": 1.0
    },
    "_cylinderVertexCount": 5.0,
    "_stemRadius": 0.014506977051496506,
    "_leafCount": 8.0,
    "_edgeRingCount": 7.0,
    "startPos": {
        "x": 0.0,
        "y": 0.0,
        "z": 0.0
    },
    "tangent1": {
        "x": -0.06277231872081757,
        "y": 0.40944498777389529,
        "z": -0.04738478735089302
    },
    "tangent2": {
        "x": -0.5085229277610779,
        "y": 2.108992576599121,
        "z": 0.31173259019851687
    },
    "endPos": {
        "x": -0.2692165672779083,
        "y": 4.0,
        "z": 0.35009220242500307
    }
}