{
    "_horizontalLines": 19.0,
    "_verticalLines": 16.0,
    "_radius": 0.15217216312885285,
    "_petalColour": {
        "r": 0.3567813038825989,
        "g": 0.2740744948387146,
        "b": 0.37160366773605349,
        "a": 1.0
    },
    "_cylinderVertexCount": 9.0,
    "_stemRadius": 0.12070530652999878,
    "_leafCount": 8.0,
    "_edgeRingCount": 10.0,
    "startPos": {
        "x": 0.0,
        "y": 0.0,
        "z": 0.0
    },
    "tangent1": {
        "x": 0.07582135498523712,
        "y": 0.1065862625837326,
        "z": -0.2553856372833252
    },
    "tangent2": {
        "x": 0.2199053168296814,
        "y": 1.4559773206710816,
        "z": -0.5608550310134888
    },
    "endPos": {
        "x": -0.32859939336776736,
        "y": 4.020849227905273,
        "z": -0.39719343185424807
    }
}