{
    "_horizontalLines": 17.0,
    "_verticalLines": 16.0,
    "_radius": 0.10323278605937958,
    "_petalColour": {
        "r": 0.1912626028060913,
        "g": 0.6131375432014465,
        "b": 0.31627005338668826,
        "a": 1.0
    },
    "_cylinderVertexCount": 10.0,
    "_stemRadius": 0.0874217227101326,
    "_leafCount": 8.0,
    "_edgeRingCount": 7.0,
    "startPos": {
        "x": 0.0,
        "y": 0.0,
        "z": 0.0
    },
    "tangent1": {
        "x": -0.49671706557273867,
        "y": 1.0663188695907593,
        "z": 0.36054250597953799
    },
    "tangent2": {
        "x": -0.8243097066879273,
        "y": 1.8854221105575562,
        "z": 0.6064870953559876
    },
    "endPos": {
        "x": -1.028486728668213,
        "y": 4.0,
        "z": 0.49618422985076907
    }
}