{
    "_horizontalLines": 16.0,
    "_verticalLines": 18.0,
    "_radius": 0.0828435942530632,
    "_petalColour": {
        "r": 0.4044364094734192,
        "g": 0.37980109453201296,
        "b": 0.6142544150352478,
        "a": 1.0
    },
    "_cylinderVertexCount": 13.0,
    "_stemRadius": 0.05623331665992737,
    "_leafCount": 8.0,
    "_edgeRingCount": 3.0,
    "startPos": {
        "x": 0.0,
        "y": 0.0,
        "z": 0.0
    },
    "tangent1": {
        "x": 0.3575969636440277,
        "y": 1.2411441802978516,
        "z": -0.07826022803783417
    },
    "tangent2": {
        "x": 0.5172596573829651,
        "y": 3.0045838356018068,
        "z": -0.42602092027664187
    },
    "endPos": {
        "x": 0.1536005437374115,
        "y": 4.0,
        "z": -1.1499303579330445
    }
}