{
    "_horizontalLines": 15.0,
    "_verticalLines": 17.0,
    "_radius": 0.07586468011140824,
    "_petalColour": {
        "r": 0.5823797583580017,
        "g": 0.3326182961463928,
        "b": 0.1199413537979126,
        "a": 1.0
    },
    "_cylinderVertexCount": 8.0,
    "_stemRadius": 0.03399749845266342,
    "_leafCount": 8.0,
    "_edgeRingCount": 13.0,
    "startPos": {
        "x": 0.0,
        "y": 0.0,
        "z": 0.0
    },
    "tangent1": {
        "x": -0.34118977189064028,
        "y": 0.9405845403671265,
        "z": 0.4618799090385437
    },
    "tangent2": {
        "x": -0.7195871472358704,
        "y": 1.2713160514831544,
        "z": 0.7415270209312439
    },
    "endPos": {
        "x": -0.2775230407714844,
        "y": 4.623867034912109,
        "z": 1.3512530326843262
    }
}