{
    "_horizontalLines": 15.0,
    "_verticalLines": 17.0,
    "_radius": 0.10053328424692154,
    "_petalColour": {
        "r": 0.15581226348876954,
        "g": 0.21018290519714356,
        "b": 0.9295470714569092,
        "a": 1.0
    },
    "_cylinderVertexCount": 8.0,
    "_stemRadius": 0.06718277931213379,
    "_leafCount": 8.0,
    "_edgeRingCount": 6.0,
    "startPos": {
        "x": 0.0,
        "y": 0.0,
        "z": 0.0
    },
    "tangent1": {
        "x": -0.10977859795093537,
        "y": 0.359724223613739,
        "z": 0.3478889465332031
    },
    "tangent2": {
        "x": -0.3446270525455475,
        "y": 1.1892969608306885,
        "z": 0.1340629607439041
    },
    "endPos": {
        "x": -0.9991726875305176,
        "y": 4.21754789352417,
        "z": -0.064319908618927
    }
}