{
    "_horizontalLines": 18.0,
    "_verticalLines": 18.0,
    "_radius": 0.09561607986688614,
    "_petalColour": {
        "r": 0.355974018573761,
        "g": 0.197251558303833,
        "b": 0.4450156092643738,
        "a": 1.0
    },
    "_cylinderVertexCount": 12.0,
    "_stemRadius": 0.06648518145084381,
    "_leafCount": 8.0,
    "_edgeRingCount": 53.0,
    "startPos": {
        "x": 0.0,
        "y": 0.0,
        "z": 0.0
    },
    "tangent1": {
        "x": -0.4216190278530121,
        "y": 1.2824039459228516,
        "z": 0.061254214495420459
    },
    "tangent2": {
        "x": -0.2816478908061981,
        "y": 2.9301304817199709,
        "z": -0.11811289191246033
    },
    "endPos": {
        "x": -0.968643069267273,
        "y": 5.900491714477539,
        "z": 0.4800553619861603
    }
}