{
    "_horizontalLines": 19.0,
    "_verticalLines": 16.0,
    "_radius": 0.07321381568908692,
    "_petalColour": {
        "r": 0.8713318109512329,
        "g": 0.4075489640235901,
        "b": 0.4960172772407532,
        "a": 1.0
    },
    "_cylinderVertexCount": 7.0,
    "_stemRadius": 0.05709085986018181,
    "_leafCount": 8.0,
    "_edgeRingCount": 30.0,
    "startPos": {
        "x": 0.0,
        "y": 0.0,
        "z": 0.0
    },
    "tangent1": {
        "x": -0.1812601536512375,
        "y": 0.8777618408203125,
        "z": -0.10972471535205841
    },
    "tangent2": {
        "x": 0.2754639983177185,
        "y": 2.8055782318115236,
        "z": -0.04884376749396324
    },
    "endPos": {
        "x": -0.11516168713569641,
        "y": 4.0,
        "z": 0.7734531164169312
    }
}