{
    "_horizontalLines": 18.0,
    "_verticalLines": 16.0,
    "_radius": 0.014390536583960057,
    "_petalColour": {
        "r": 0.7745459079742432,
        "g": 0.6148461699485779,
        "b": 0.9851843118667603,
        "a": 1.0
    },
    "_cylinderVertexCount": 7.0,
    "_stemRadius": 0.010308400727808476,
    "_leafCount": 8.0,
    "_edgeRingCount": 49.0,
    "startPos": {
        "x": 0.0,
        "y": 0.0,
        "z": 0.0
    },
    "tangent1": {
        "x": 0.26229071617126467,
        "y": 0.9753839373588562,
        "z": -0.4035468101501465
    },
    "tangent2": {
        "x": -0.1374882161617279,
        "y": 2.4066102504730226,
        "z": -0.46005886793136599
    },
    "endPos": {
        "x": 0.5524964332580566,
        "y": 4.0,
        "z": -0.3199129104614258
    }
}