{
    "_horizontalLines": 19.0,
    "_verticalLines": 18.0,
    "_radius": 0.13323500752449037,
    "_petalColour": {
        "r": 0.24187791347503663,
        "g": 0.6797007322311401,
        "b": 0.0451275110244751,
        "a": 1.0
    },
    "_cylinderVertexCount": 8.0,
    "_stemRadius": 0.10324729233980179,
    "_leafCount": 8.0,
    "_edgeRingCount": 57.0,
    "startPos": {
        "x": 0.0,
        "y": 0.0,
        "z": 0.0
    },
    "tangent1": {
        "x": 0.4393792152404785,
        "y": 1.9323711395263672,
        "z": -0.33818015456199648
    },
    "tangent2": {
        "x": 0.330152690410614,
        "y": 3.6719775199890138,
        "z": -0.6353034973144531
    },
    "endPos": {
        "x": 0.780224084854126,
        "y": 5.287607669830322,
        "z": -0.9379100799560547
    }
}