{
    "_horizontalLines": 17.0,
    "_verticalLines": 15.0,
    "_radius": 0.13911813497543336,
    "_petalColour": {
        "r": 0.6366406679153442,
        "g": 0.1701451539993286,
        "b": 0.5673477053642273,
        "a": 1.0
    },
    "_cylinderVertexCount": 7.0,
    "_stemRadius": 0.1038053035736084,
    "_leafCount": 8.0,
    "_edgeRingCount": 7.0,
    "startPos": {
        "x": 0.0,
        "y": 0.0,
        "z": 0.0
    },
    "tangent1": {
        "x": 0.024398375302553178,
        "y": 0.9238615036010742,
        "z": 0.19130000472068788
    },
    "tangent2": {
        "x": 0.3072599768638611,
        "y": 1.9741058349609376,
        "z": -0.2414107322692871
    },
    "endPos": {
        "x": 0.9495413899421692,
        "y": 4.8387651443481449,
        "z": -1.0942554473876954
    }
}