{
    "_horizontalLines": 18.0,
    "_verticalLines": 15.0,
    "_radius": 0.045058269053697589,
    "_petalColour": {
        "r": 0.120269775390625,
        "g": 0.2591739296913147,
        "b": 0.4289243817329407,
        "a": 1.0
    },
    "_cylinderVertexCount": 7.0,
    "_stemRadius": 0.02473379671573639,
    "_leafCount": 8.0,
    "_edgeRingCount": 39.0,
    "startPos": {
        "x": 0.0,
        "y": 0.0,
        "z": 0.0
    },
    "tangent1": {
        "x": -0.40015849471092226,
        "y": 0.04814891889691353,
        "z": -0.46690312027931216
    },
    "tangent2": {
        "x": -0.22668477892875672,
        "y": 1.7029973268508912,
        "z": -0.4832986295223236
    },
    "endPos": {
        "x": -0.25937211513519289,
        "y": 4.0,
        "z": -0.9708032608032227
    }
}