{
    "_horizontalLines": 19.0,
    "_verticalLines": 15.0,
    "_radius": 0.03407708555459976,
    "_petalColour": {
        "r": 0.25202542543411257,
        "g": 0.5472072958946228,
        "b": 0.8434779644012451,
        "a": 1.0
    },
    "_cylinderVertexCount": 6.0,
    "_stemRadius": 0.007882455363869667,
    "_leafCount": 8.0,
    "_edgeRingCount": 50.0,
    "startPos": {
        "x": 0.0,
        "y": 0.0,
        "z": 0.0
    },
    "tangent1": {
        "x": -0.11472420394420624,
        "y": 0.7166175246238709,
        "z": -0.17991848289966584
    },
    "tangent2": {
        "x": -0.3255016803741455,
        "y": 2.0979413986206056,
        "z": 0.10662524402141571
    },
    "endPos": {
        "x": -0.4031946361064911,
        "y": 4.952360153198242,
        "z": 0.7705006003379822
    }
}