{
    "_horizontalLines": 17.0,
    "_verticalLines": 17.0,
    "_radius": 0.11069709062576294,
    "_petalColour": {
        "r": 0.8443256616592407,
        "g": 0.2642466425895691,
        "b": 0.8427425622940064,
        "a": 1.0
    },
    "_cylinderVertexCount": 11.0,
    "_stemRadius": 0.10181159526109696,
    "_leafCount": 8.0,
    "_edgeRingCount": 38.0,
    "startPos": {
        "x": 0.0,
        "y": 0.0,
        "z": 0.0
    },
    "tangent1": {
        "x": -0.05338020250201225,
        "y": 0.9167685508728027,
        "z": -0.07689900696277619
    },
    "tangent2": {
        "x": -0.08499731868505478,
        "y": 2.29534912109375,
        "z": -0.143442302942276
    },
    "endPos": {
        "x": -0.6678195595741272,
        "y": 5.018103122711182,
        "z": -0.35648924112319949
    }
}