{
    "_horizontalLines": 18.0,
    "_verticalLines": 17.0,
    "_radius": 0.12187003344297409,
    "_petalColour": {
        "r": 0.029167890548706056,
        "g": 0.1180344820022583,
        "b": 0.6064302325248718,
        "a": 1.0
    },
    "_cylinderVertexCount": 10.0,
    "_stemRadius": 0.09528172761201859,
    "_leafCount": 8.0,
    "_edgeRingCount": 34.0,
    "startPos": {
        "x": 0.0,
        "y": 0.0,
        "z": 0.0
    },
    "tangent1": {
        "x": 0.31245946884155276,
        "y": 0.968540370464325,
        "z": 0.3890484571456909
    },
    "tangent2": {
        "x": 0.6370643377304077,
        "y": 1.1960633993148804,
        "z": 0.3980167508125305
    },
    "endPos": {
        "x": 0.6076232194900513,
        "y": 4.0,
        "z": -0.4402332305908203
    }
}