{
    "_horizontalLines": 9,
    "_verticalLines": 8,
    "_radius": 0.04876355826854706,
    "_petalColour": {
        "r": 0.5130813717842102,
        "g": 0.4140837788581848,
        "b": 0.09002828598022461,
        "a": 1.0
    },
    "_cylinderVertexCount": 6,
    "_stemRadius": 0.04028445854783058,
    "_leafCount": 8,
    "_edgeRingCount": 54,
    "startPos": {
        "x": 0.17582063376903535,
        "y": 0.42820319533348086,
        "z": -0.08462200313806534
    },
    "tangent1": {
        "x": 0.10801157355308533,
        "y": 0.4415014088153839,
        "z": 0.11756636947393418
    },
    "tangent2": {
        "x": 0.3778025805950165,
        "y": 1.9021356105804444,
        "z": 0.2885885238647461
    },
    "endPos": {
        "x": 0.02918112277984619,
        "y": 3.6240975856781008,
        "z": 0.408926397562027
    }
}