{
    "_horizontalLines": 7.0,
    "_verticalLines": 5.0,
    "_radius": 0.13128452003002168,
    "_petalColour": {
        "r": 0.1802513599395752,
        "g": 0.4060850739479065,
        "b": 0.01049494743347168,
        "a": 1.0
    },
    "_cylinderVertexCount": 5.0,
    "_stemRadius": 0.11294481158256531,
    "_leafCount": 8.0,
    "_edgeRingCount": 17.0,
    "startPos": {
        "x": -0.0028530596755445005,
        "y": 0.8753883242607117,
        "z": 0.13999104499816895
    },
    "tangent1": {
        "x": -0.40198618173599245,
        "y": 2.080106019973755,
        "z": 0.5982319116592407
    },
    "tangent2": {
        "x": -0.10405164957046509,
        "y": 3.7896361351013185,
        "z": 0.1253218948841095
    },
    "endPos": {
        "x": -0.971190333366394,
        "y": 5.79182767868042,
        "z": 1.1138776540756226
    }
}