{
    "_horizontalLines": 16.0,
    "_verticalLines": 15.0,
    "_radius": 0.030714940279722215,
    "_petalColour": {
        "r": 0.07001352310180664,
        "g": 0.22686231136322022,
        "b": 0.045787811279296878,
        "a": 1.0
    },
    "_cylinderVertexCount": 12.0,
    "_stemRadius": 0.021427864208817483,
    "_leafCount": 8.0,
    "_edgeRingCount": 17.0,
    "startPos": {
        "x": 0.0,
        "y": 0.0,
        "z": 0.0
    },
    "tangent1": {
        "x": 0.3503868281841278,
        "y": 1.1349406242370606,
        "z": 0.4388905465602875
    },
    "tangent2": {
        "x": 0.1348206251859665,
        "y": 2.8267321586608888,
        "z": 0.2519133687019348
    },
    "endPos": {
        "x": 0.41010040044784548,
        "y": 4.0,
        "z": 0.18150028586387635
    }
}