{
    "_horizontalLines": 19.0,
    "_verticalLines": 18.0,
    "_radius": 0.06041784957051277,
    "_petalColour": {
        "r": 0.12713217735290528,
        "g": 0.6307395696640015,
        "b": 0.7076951265335083,
        "a": 1.0
    },
    "_cylinderVertexCount": 9.0,
    "_stemRadius": 0.050773099064826968,
    "_leafCount": 8.0,
    "_edgeRingCount": 64.0,
    "startPos": {
        "x": 0.0,
        "y": 0.0,
        "z": 0.0
    },
    "tangent1": {
        "x": 0.38333871960639956,
        "y": 0.3019559979438782,
        "z": -0.18833260238170625
    },
    "tangent2": {
        "x": 0.28086215257644656,
        "y": 2.0704073905944826,
        "z": -0.4911089539527893
    },
    "endPos": {
        "x": 0.08184884488582611,
        "y": 4.02087926864624,
        "z": -0.666196882724762
    }
}