{
    "_horizontalLines": 17.0,
    "_verticalLines": 17.0,
    "_radius": 0.1662348061800003,
    "_petalColour": {
        "r": 0.8438855409622192,
        "g": 0.7484115362167358,
        "b": 0.18549811840057374,
        "a": 1.0
    },
    "_cylinderVertexCount": 8.0,
    "_stemRadius": 0.12001444399356842,
    "_leafCount": 8.0,
    "_edgeRingCount": 47.0,
    "startPos": {
        "x": 0.0,
        "y": 0.0,
        "z": 0.0
    },
    "tangent1": {
        "x": 0.06489486992359162,
        "y": 1.9626842737197877,
        "z": 0.45722541213035586
    },
    "tangent2": {
        "x": 0.49208635091781618,
        "y": 2.0718743801116945,
        "z": 0.8141289949417114
    },
    "endPos": {
        "x": 0.7872574329376221,
        "y": 4.0,
        "z": 0.8501324653625488
    }
}