{
    "_horizontalLines": 17.0,
    "_verticalLines": 15.0,
    "_radius": 0.13729426264762879,
    "_petalColour": {
        "r": 0.19051599502563477,
        "g": 0.9242972135543823,
        "b": 0.7941393852233887,
        "a": 1.0
    },
    "_cylinderVertexCount": 9.0,
    "_stemRadius": 0.09440066665410996,
    "_leafCount": 8.0,
    "_edgeRingCount": 23.0,
    "startPos": {
        "x": 0.0,
        "y": 0.0,
        "z": 0.0
    },
    "tangent1": {
        "x": -0.16719774901866914,
        "y": 1.6614707708358765,
        "z": 0.4328583776950836
    },
    "tangent2": {
        "x": -0.23353442549705506,
        "y": 2.3969271183013918,
        "z": 0.908024787902832
    },
    "endPos": {
        "x": -0.2561631202697754,
        "y": 4.0,
        "z": 0.17801976203918458
    }
}