{
    "_horizontalLines": 19.0,
    "_verticalLines": 18.0,
    "_radius": 0.10283520072698593,
    "_petalColour": {
        "r": 0.3194419741630554,
        "g": 0.8584133386611939,
        "b": 0.9756438732147217,
        "a": 1.0
    },
    "_cylinderVertexCount": 12.0,
    "_stemRadius": 0.10106200724840164,
    "_leafCount": 8.0,
    "_edgeRingCount": 15.0,
    "startPos": {
        "x": 0.0,
        "y": 0.0,
        "z": 0.0
    },
    "tangent1": {
        "x": 0.18514859676361085,
        "y": 0.1344793289899826,
        "z": 0.28617119789123537
    },
    "tangent2": {
        "x": -0.22829172015190125,
        "y": 1.099470853805542,
        "z": 0.4129045009613037
    },
    "endPos": {
        "x": -0.09932048618793488,
        "y": 4.0,
        "z": -0.2869020700454712
    }
}