{
    "_horizontalLines": 16.0,
    "_verticalLines": 19.0,
    "_radius": 0.13458165526390077,
    "_petalColour": {
        "r": 0.2737806439399719,
        "g": 0.27083152532577517,
        "b": 0.8823058605194092,
        "a": 1.0
    },
    "_cylinderVertexCount": 12.0,
    "_stemRadius": 0.09176989644765854,
    "_leafCount": 8.0,
    "_edgeRingCount": 26.0,
    "startPos": {
        "x": 0.0,
        "y": 0.0,
        "z": 0.0
    },
    "tangent1": {
        "x": 0.2741125822067261,
        "y": 1.8276618719100953,
        "z": -0.12958888709545136
    },
    "tangent2": {
        "x": -0.12442007660865784,
        "y": 1.899025559425354,
        "z": -0.0897115170955658
    },
    "endPos": {
        "x": -0.06840819120407105,
        "y": 5.179837703704834,
        "z": -0.07408399134874344
    }
}