{
    "_horizontalLines": 17.0,
    "_verticalLines": 18.0,
    "_radius": 0.14002004265785218,
    "_petalColour": {
        "r": 0.9605797529220581,
        "g": 0.031855106353759769,
        "b": 0.16959989070892335,
        "a": 1.0
    },
    "_cylinderVertexCount": 13.0,
    "_stemRadius": 0.10513915121555329,
    "_leafCount": 8.0,
    "_edgeRingCount": 24.0,
    "startPos": {
        "x": 0.0,
        "y": 0.0,
        "z": 0.0
    },
    "tangent1": {
        "x": -0.3080024719238281,
        "y": 0.967381477355957,
        "z": -0.14468713104724885
    },
    "tangent2": {
        "x": -0.5417605042457581,
        "y": 1.0319373607635499,
        "z": -0.5285719633102417
    },
    "endPos": {
        "x": -0.4134519696235657,
        "y": 4.0,
        "z": 0.0891958475112915
    }
}