{
    "_horizontalLines": 15.0,
    "_verticalLines": 17.0,
    "_radius": 0.09116892516613007,
    "_petalColour": {
        "r": 0.17702460289001466,
        "g": 0.49492138624191286,
        "b": 0.11938726902008057,
        "a": 1.0
    },
    "_cylinderVertexCount": 12.0,
    "_stemRadius": 0.06453686952590943,
    "_leafCount": 8.0,
    "_edgeRingCount": 26.0,
    "startPos": {
        "x": 0.0,
        "y": 0.0,
        "z": 0.0
    },
    "tangent1": {
        "x": -0.39527884125709536,
        "y": 1.5903412103652955,
        "z": -0.18839244544506074
    },
    "tangent2": {
        "x": -0.4574063718318939,
        "y": 2.6318273544311525,
        "z": -0.03268033266067505
    },
    "endPos": {
        "x": 0.30338403582572939,
        "y": 4.039529323577881,
        "z": 0.6738618612289429
    }
}