{
    "_horizontalLines": 15.0,
    "_verticalLines": 18.0,
    "_radius": 0.10299166291952133,
    "_petalColour": {
        "r": 0.1555171012878418,
        "g": 0.7921352386474609,
        "b": 0.08852207660675049,
        "a": 1.0
    },
    "_cylinderVertexCount": 5.0,
    "_stemRadius": 0.07451573759317398,
    "_leafCount": 8.0,
    "_edgeRingCount": 9.0,
    "startPos": {
        "x": 0.0,
        "y": 0.0,
        "z": 0.0
    },
    "tangent1": {
        "x": -0.03780679777264595,
        "y": 1.9704914093017579,
        "z": 0.42035922408103945
    },
    "tangent2": {
        "x": -0.15340709686279298,
        "y": 3.3853588104248049,
        "z": 0.03979453444480896
    },
    "endPos": {
        "x": -0.3562946915626526,
        "y": 5.358077526092529,
        "z": -0.11466793715953827
    }
}