{
    "_horizontalLines": 19.0,
    "_verticalLines": 15.0,
    "_radius": 0.11675841361284256,
    "_petalColour": {
        "r": 0.30848127603530886,
        "g": 0.21542763710021974,
        "b": 0.482634961605072,
        "a": 1.0
    },
    "_cylinderVertexCount": 10.0,
    "_stemRadius": 0.09839358180761337,
    "_leafCount": 8.0,
    "_edgeRingCount": 18.0,
    "startPos": {
        "x": 0.0,
        "y": 0.0,
        "z": 0.0
    },
    "tangent1": {
        "x": -0.025387000292539598,
        "y": 0.8508245348930359,
        "z": -0.408090204000473
    },
    "tangent2": {
        "x": 0.26685911417007449,
        "y": 2.16245698928833,
        "z": -0.5918999910354614
    },
    "endPos": {
        "x": 0.5969672203063965,
        "y": 4.814477920532227,
        "z": -1.3905646800994874
    }
}