{
    "_horizontalLines": 16.0,
    "_verticalLines": 17.0,
    "_radius": 0.07080798596143723,
    "_petalColour": {
        "r": 0.21692776679992677,
        "g": 0.1730051040649414,
        "b": 0.27588313817977908,
        "a": 1.0
    },
    "_cylinderVertexCount": 13.0,
    "_stemRadius": 0.06305728107690811,
    "_leafCount": 8.0,
    "_edgeRingCount": 13.0,
    "startPos": {
        "x": 0.0,
        "y": 0.0,
        "z": 0.0
    },
    "tangent1": {
        "x": -0.45306262373924258,
        "y": 1.4178775548934937,
        "z": 0.06923751533031464
    },
    "tangent2": {
        "x": -0.16608843207359315,
        "y": 1.8426461219787598,
        "z": 0.430084764957428
    },
    "endPos": {
        "x": -0.9318742752075195,
        "y": 4.0,
        "z": 0.34399810433387759
    }
}