{
    "_horizontalLines": 16.0,
    "_verticalLines": 16.0,
    "_radius": 0.05630654841661453,
    "_petalColour": {
        "r": 0.06428909301757813,
        "g": 0.14055657386779786,
        "b": 0.24344611167907716,
        "a": 1.0
    },
    "_cylinderVertexCount": 11.0,
    "_stemRadius": 0.045038118958473209,
    "_leafCount": 8.0,
    "_edgeRingCount": 60.0,
    "startPos": {
        "x": 0.0,
        "y": 0.0,
        "z": 0.0
    },
    "tangent1": {
        "x": -0.35339832305908205,
        "y": 0.08113785088062287,
        "z": 0.2279563844203949
    },
    "tangent2": {
        "x": -0.0008112192153930664,
        "y": 1.3086296319961548,
        "z": 0.054426953196525577
    },
    "endPos": {
        "x": 0.7739952206611633,
        "y": 4.728266716003418,
        "z": -0.4991227388381958
    }
}