{
    "_horizontalLines": 19.0,
    "_verticalLines": 16.0,
    "_radius": 0.09070607274770737,
    "_petalColour": {
        "r": 0.45529860258102419,
        "g": 0.24915790557861329,
        "b": 0.24066483974456788,
        "a": 1.0
    },
    "_cylinderVertexCount": 9.0,
    "_stemRadius": 0.06661761552095413,
    "_leafCount": 8.0,
    "_edgeRingCount": 12.0,
    "startPos": {
        "x": 0.0,
        "y": 0.0,
        "z": 0.0
    },
    "tangent1": {
        "x": 0.4219955503940582,
        "y": 1.4874500036239625,
        "z": -0.26718974113464358
    },
    "tangent2": {
        "x": 0.5233539938926697,
        "y": 2.456787586212158,
        "z": -0.24658150970935822
    },
    "endPos": {
        "x": -0.24525439739227296,
        "y": 4.552111625671387,
        "z": -0.7164633274078369
    }
}