{
    "_horizontalLines": 16.0,
    "_verticalLines": 17.0,
    "_radius": 0.074928417801857,
    "_petalColour": {
        "r": 0.7596021890640259,
        "g": 0.9784425497055054,
        "b": 0.6412835121154785,
        "a": 1.0
    },
    "_cylinderVertexCount": 12.0,
    "_stemRadius": 0.05219915881752968,
    "_leafCount": 8.0,
    "_edgeRingCount": 26.0,
    "startPos": {
        "x": 0.0,
        "y": 0.0,
        "z": 0.0
    },
    "tangent1": {
        "x": -0.14514751732349397,
        "y": 0.014036369509994984,
        "z": 0.4502629339694977
    },
    "tangent2": {
        "x": -0.6355232000350952,
        "y": 1.2253462076187134,
        "z": 0.8962002992630005
    },
    "endPos": {
        "x": -1.4777677059173585,
        "y": 4.0,
        "z": 0.18707126379013062
    }
}