{
    "_horizontalLines": 15.0,
    "_verticalLines": 17.0,
    "_radius": 0.06914187222719193,
    "_petalColour": {
        "r": 0.5838208794593811,
        "g": 0.436811625957489,
        "b": 0.662097692489624,
        "a": 1.0
    },
    "_cylinderVertexCount": 12.0,
    "_stemRadius": 0.049691662192344668,
    "_leafCount": 8.0,
    "_edgeRingCount": 35.0,
    "startPos": {
        "x": 0.0,
        "y": 0.0,
        "z": 0.0
    },
    "tangent1": {
        "x": 0.46845316886901858,
        "y": 0.406477153301239,
        "z": 0.4983487129211426
    },
    "tangent2": {
        "x": 0.2040964663028717,
        "y": 0.9633922576904297,
        "z": 0.8149065971374512
    },
    "endPos": {
        "x": 0.07386977970600128,
        "y": 4.0,
        "z": 1.2115153074264527
    }
}