{
    "_horizontalLines": 18.0,
    "_verticalLines": 18.0,
    "_radius": 0.14175203442573548,
    "_petalColour": {
        "r": 0.7905439138412476,
        "g": 0.47531431913375857,
        "b": 0.6037291884422302,
        "a": 1.0
    },
    "_cylinderVertexCount": 7.0,
    "_stemRadius": 0.10446851700544357,
    "_leafCount": 8.0,
    "_edgeRingCount": 47.0,
    "startPos": {
        "x": 0.0,
        "y": 0.0,
        "z": 0.0
    },
    "tangent1": {
        "x": 0.16611336171627046,
        "y": 1.3606215715408326,
        "z": 0.4086003303527832
    },
    "tangent2": {
        "x": -0.002628535032272339,
        "y": 2.8447604179382326,
        "z": 0.7130587100982666
    },
    "endPos": {
        "x": 0.2593335509300232,
        "y": 4.287675857543945,
        "z": 1.4033007621765137
    }
}