{
    "_horizontalLines": 19.0,
    "_verticalLines": 19.0,
    "_radius": 0.037803612649440768,
    "_petalColour": {
        "r": 0.34895187616348269,
        "g": 0.11822152137756348,
        "b": 0.8336825370788574,
        "a": 1.0
    },
    "_cylinderVertexCount": 8.0,
    "_stemRadius": 0.03366924077272415,
    "_leafCount": 8.0,
    "_edgeRingCount": 27.0,
    "startPos": {
        "x": 0.0,
        "y": 0.0,
        "z": 0.0
    },
    "tangent1": {
        "x": 0.42955607175827029,
        "y": 0.6399787664413452,
        "z": 0.3979780375957489
    },
    "tangent2": {
        "x": 0.36847829818725588,
        "y": 1.6582778692245484,
        "z": 0.020435750484466554
    },
    "endPos": {
        "x": -0.14769572019577027,
        "y": 4.0,
        "z": -0.20571129024028779
    }
}