{
    "_horizontalLines": 15.0,
    "_verticalLines": 17.0,
    "_radius": 0.036513008177280429,
    "_petalColour": {
        "r": 0.49330824613571169,
        "g": 0.522072970867157,
        "b": 0.5290701985359192,
        "a": 1.0
    },
    "_cylinderVertexCount": 9.0,
    "_stemRadius": 0.014685375615954399,
    "_leafCount": 8.0,
    "_edgeRingCount": 27.0,
    "startPos": {
        "x": 0.0,
        "y": 0.0,
        "z": 0.0
    },
    "tangent1": {
        "x": -0.17364530265331269,
        "y": 0.16662482917308808,
        "z": 0.12945115566253663
    },
    "tangent2": {
        "x": -0.44418781995773318,
        "y": 2.0405077934265138,
        "z": -0.10714395344257355
    },
    "endPos": {
        "x": 0.2547886371612549,
        "y": 4.0,
        "z": -0.9748775959014893
    }
}