{
    "_horizontalLines": 16.0,
    "_verticalLines": 17.0,
    "_radius": 0.12185543030500412,
    "_petalColour": {
        "r": 0.9831446409225464,
        "g": 0.2773898243904114,
        "b": 0.4509008526802063,
        "a": 1.0
    },
    "_cylinderVertexCount": 5.0,
    "_stemRadius": 0.10609759390354157,
    "_leafCount": 8.0,
    "_edgeRingCount": 55.0,
    "startPos": {
        "x": 0.0,
        "y": 0.0,
        "z": 0.0
    },
    "tangent1": {
        "x": -0.22790245711803437,
        "y": 0.030478667467832567,
        "z": 0.49499139189720156
    },
    "tangent2": {
        "x": -0.1844705045223236,
        "y": 1.9705761671066285,
        "z": 0.9870054721832275
    },
    "endPos": {
        "x": 0.6373647451400757,
        "y": 4.807157039642334,
        "z": 1.6590441465377808
    }
}