{
    "_horizontalLines": 17.0,
    "_verticalLines": 18.0,
    "_radius": 0.06666269153356552,
    "_petalColour": {
        "r": 0.6258823871612549,
        "g": 0.08692514896392822,
        "b": 0.42949944734573367,
        "a": 1.0
    },
    "_cylinderVertexCount": 13.0,
    "_stemRadius": 0.05893823504447937,
    "_leafCount": 8.0,
    "_edgeRingCount": 43.0,
    "startPos": {
        "x": 0.0,
        "y": 0.0,
        "z": 0.0
    },
    "tangent1": {
        "x": -0.17580704391002656,
        "y": 1.9176931381225587,
        "z": -0.3825881779193878
    },
    "tangent2": {
        "x": -0.5481447577476502,
        "y": 2.1773102283477785,
        "z": -0.6641950607299805
    },
    "endPos": {
        "x": 0.24488574266433717,
        "y": 4.23383092880249,
        "z": -1.024703860282898
    }
}