{
    "_horizontalLines": 19.0,
    "_verticalLines": 18.0,
    "_radius": 0.0906074196100235,
    "_petalColour": {
        "r": 0.05004394054412842,
        "g": 0.1823974847793579,
        "b": 0.9066644906997681,
        "a": 1.0
    },
    "_cylinderVertexCount": 9.0,
    "_stemRadius": 0.06294947862625122,
    "_leafCount": 8.0,
    "_edgeRingCount": 6.0,
    "startPos": {
        "x": 0.0,
        "y": 0.0,
        "z": 0.0
    },
    "tangent1": {
        "x": -0.34187784790992739,
        "y": 0.19343070685863496,
        "z": 0.49803751707077029
    },
    "tangent2": {
        "x": 0.1425134539604187,
        "y": 2.1118972301483156,
        "z": 0.7851915955543518
    },
    "endPos": {
        "x": -0.6786011457443237,
        "y": 4.0,
        "z": 0.8191037774085999
    }
}