{
    "_horizontalLines": 19.0,
    "_verticalLines": 15.0,
    "_radius": 0.1280629187822342,
    "_petalColour": {
        "r": 0.13529062271118165,
        "g": 0.46328777074813845,
        "b": 0.4310876727104187,
        "a": 1.0
    },
    "_cylinderVertexCount": 5.0,
    "_stemRadius": 0.09151393175125122,
    "_leafCount": 8.0,
    "_edgeRingCount": 49.0,
    "startPos": {
        "x": 0.0,
        "y": 0.0,
        "z": 0.0
    },
    "tangent1": {
        "x": 0.06723971664905548,
        "y": 0.21289272606372834,
        "z": 0.3961063325405121
    },
    "tangent2": {
        "x": 0.42439693212509158,
        "y": 1.4405643939971924,
        "z": 0.313679575920105
    },
    "endPos": {
        "x": 0.3321494162082672,
        "y": 4.0,
        "z": -0.3641204833984375
    }
}