{
    "_horizontalLines": 15.0,
    "_verticalLines": 19.0,
    "_radius": 0.0759684145450592,
    "_petalColour": {
        "r": 0.947445273399353,
        "g": 0.9029332399368286,
        "b": 0.41771382093429568,
        "a": 1.0
    },
    "_cylinderVertexCount": 12.0,
    "_stemRadius": 0.04172317683696747,
    "_leafCount": 8.0,
    "_edgeRingCount": 14.0,
    "startPos": {
        "x": 0.0,
        "y": 0.0,
        "z": 0.0
    },
    "tangent1": {
        "x": -0.4417608380317688,
        "y": 0.2866714596748352,
        "z": -0.3254614770412445
    },
    "tangent2": {
        "x": -0.7430747151374817,
        "y": 0.6848945617675781,
        "z": -0.6809706687927246
    },
    "endPos": {
        "x": -0.8970167636871338,
        "y": 4.0,
        "z": -0.7460860013961792
    }
}