{
    "_horizontalLines": 15.0,
    "_verticalLines": 15.0,
    "_radius": 0.16249306499958039,
    "_petalColour": {
        "r": 0.44663625955581667,
        "g": 0.25485509634017947,
        "b": 0.25483399629592898,
        "a": 1.0
    },
    "_cylinderVertexCount": 6.0,
    "_stemRadius": 0.11565779149532318,
    "_leafCount": 8.0,
    "_edgeRingCount": 52.0,
    "startPos": {
        "x": 0.0,
        "y": 0.0,
        "z": 0.0
    },
    "tangent1": {
        "x": -0.30603551864624026,
        "y": 0.7868285179138184,
        "z": -0.2985246181488037
    },
    "tangent2": {
        "x": -0.23547153174877168,
        "y": 1.821479320526123,
        "z": -0.27122098207473757
    },
    "endPos": {
        "x": 0.1063111275434494,
        "y": 4.145596504211426,
        "z": -1.1271953582763672
    }
}