{
    "_horizontalLines": 18.0,
    "_verticalLines": 16.0,
    "_radius": 0.06412938237190247,
    "_petalColour": {
        "r": 0.7046148777008057,
        "g": 0.2893133759498596,
        "b": 0.9827398061752319,
        "a": 1.0
    },
    "_cylinderVertexCount": 11.0,
    "_stemRadius": 0.033468812704086307,
    "_leafCount": 8.0,
    "_edgeRingCount": 54.0,
    "startPos": {
        "x": 0.0,
        "y": 0.0,
        "z": 0.0
    },
    "tangent1": {
        "x": -0.3870832622051239,
        "y": 1.2134917974472047,
        "z": 0.28935980796813967
    },
    "tangent2": {
        "x": -0.01196560263633728,
        "y": 1.598344326019287,
        "z": 0.3579280972480774
    },
    "endPos": {
        "x": -0.2706676125526428,
        "y": 4.0,
        "z": 1.1516910791397095
    }
}