{
    "_horizontalLines": 16.0,
    "_verticalLines": 16.0,
    "_radius": 0.029433127492666246,
    "_petalColour": {
        "r": 0.8064724206924439,
        "g": 0.39821070432662966,
        "b": 0.8486182689666748,
        "a": 1.0
    },
    "_cylinderVertexCount": 13.0,
    "_stemRadius": 0.00535669457167387,
    "_leafCount": 8.0,
    "_edgeRingCount": 47.0,
    "startPos": {
        "x": 0.0,
        "y": 0.0,
        "z": 0.0
    },
    "tangent1": {
        "x": -0.07665129005908966,
        "y": 0.03783111646771431,
        "z": 0.27849873900413515
    },
    "tangent2": {
        "x": 0.08812287449836731,
        "y": 0.7464004755020142,
        "z": -0.1562584936618805
    },
    "endPos": {
        "x": 0.44197192788124087,
        "y": 4.0,
        "z": -0.3973620533943176
    }
}