{
    "_horizontalLines": 15.0,
    "_verticalLines": 15.0,
    "_radius": 0.0801616832613945,
    "_petalColour": {
        "r": 0.8888267278671265,
        "g": 0.9529902935028076,
        "b": 0.654647946357727,
        "a": 1.0
    },
    "_cylinderVertexCount": 14.0,
    "_stemRadius": 0.03048144467175007,
    "_leafCount": 8.0,
    "_edgeRingCount": 64.0,
    "startPos": {
        "x": 0.0,
        "y": 0.0,
        "z": 0.0
    },
    "tangent1": {
        "x": 0.2919330596923828,
        "y": 0.6946317553520203,
        "z": 0.3774118423461914
    },
    "tangent2": {
        "x": 0.19037885963916779,
        "y": 0.9848932027816773,
        "z": 0.2712624669075012
    },
    "endPos": {
        "x": 0.34854745864868166,
        "y": 4.016311168670654,
        "z": 0.27636054158210757
    }
}