{
    "_horizontalLines": 18.0,
    "_verticalLines": 15.0,
    "_radius": 0.12921039760112763,
    "_petalColour": {
        "r": 0.04854440689086914,
        "g": 0.9957200288772583,
        "b": 0.6371328830718994,
        "a": 1.0
    },
    "_cylinderVertexCount": 13.0,
    "_stemRadius": 0.10699049383401871,
    "_leafCount": 8.0,
    "_edgeRingCount": 56.0,
    "startPos": {
        "x": 0.0,
        "y": 0.0,
        "z": 0.0
    },
    "tangent1": {
        "x": 0.12307243049144745,
        "y": 0.08092327415943146,
        "z": 0.25595319271087649
    },
    "tangent2": {
        "x": -0.2585000991821289,
        "y": 1.7832083702087403,
        "z": -0.23538190126419068
    },
    "endPos": {
        "x": -1.049701452255249,
        "y": 4.0,
        "z": -0.9944248199462891
    }
}