{
    "_horizontalLines": 16.0,
    "_verticalLines": 17.0,
    "_radius": 0.0309341661632061,
    "_petalColour": {
        "r": 0.018724799156188966,
        "g": 0.47449690103530886,
        "b": 0.3211011290550232,
        "a": 1.0
    },
    "_cylinderVertexCount": 9.0,
    "_stemRadius": 0.028768019750714303,
    "_leafCount": 8.0,
    "_edgeRingCount": 19.0,
    "startPos": {
        "x": 0.0,
        "y": 0.0,
        "z": 0.0
    },
    "tangent1": {
        "x": -0.17849592864513398,
        "y": 0.976222038269043,
        "z": -0.3094349801540375
    },
    "tangent2": {
        "x": -0.3377060890197754,
        "y": 2.462677001953125,
        "z": -0.28723302483558657
    },
    "endPos": {
        "x": -0.7970658540725708,
        "y": 4.0,
        "z": 0.1382538080215454
    }
}