{
    "_horizontalLines": 18.0,
    "_verticalLines": 15.0,
    "_radius": 0.09119503945112229,
    "_petalColour": {
        "r": 0.167718768119812,
        "g": 0.8448132276535034,
        "b": 0.47266072034835818,
        "a": 1.0
    },
    "_cylinderVertexCount": 8.0,
    "_stemRadius": 0.07813799381256104,
    "_leafCount": 8.0,
    "_edgeRingCount": 41.0,
    "startPos": {
        "x": 0.0,
        "y": 0.0,
        "z": 0.0
    },
    "tangent1": {
        "x": 0.22941482067108155,
        "y": 0.6529733538627625,
        "z": -0.033750247210264209
    },
    "tangent2": {
        "x": -0.010989025235176087,
        "y": 1.5617666244506837,
        "z": 0.3659133017063141
    },
    "endPos": {
        "x": 0.39686620235443118,
        "y": 4.0,
        "z": 1.2391672134399415
    }
}