{
    "_horizontalLines": 15.0,
    "_verticalLines": 17.0,
    "_radius": 0.049960725009441379,
    "_petalColour": {
        "r": 0.43076640367507937,
        "g": 0.7302933931350708,
        "b": 0.00326693058013916,
        "a": 1.0
    },
    "_cylinderVertexCount": 6.0,
    "_stemRadius": 0.04267241805791855,
    "_leafCount": 8.0,
    "_edgeRingCount": 16.0,
    "startPos": {
        "x": 0.0,
        "y": 0.0,
        "z": 0.0
    },
    "tangent1": {
        "x": 0.038144301623106,
        "y": 0.574434220790863,
        "z": 0.23630797863006593
    },
    "tangent2": {
        "x": 0.37202051281929018,
        "y": 1.8972411155700684,
        "z": -0.11174711585044861
    },
    "endPos": {
        "x": -0.4577611982822418,
        "y": 4.0,
        "z": -0.7791904211044312
    }
}