{
    "_horizontalLines": 15.0,
    "_verticalLines": 17.0,
    "_radius": 0.026066936552524568,
    "_petalColour": {
        "r": 0.7931289672851563,
        "g": 0.7623478174209595,
        "b": 0.5291903614997864,
        "a": 1.0
    },
    "_cylinderVertexCount": 8.0,
    "_stemRadius": 0.016721218824386598,
    "_leafCount": 8.0,
    "_edgeRingCount": 36.0,
    "startPos": {
        "x": 0.0,
        "y": 0.0,
        "z": 0.0
    },
    "tangent1": {
        "x": -0.21190805733203889,
        "y": 1.7955089807510377,
        "z": -0.3509941101074219
    },
    "tangent2": {
        "x": 0.127374067902565,
        "y": 3.6752548217773439,
        "z": -0.6916520595550537
    },
    "endPos": {
        "x": -0.44004112482070925,
        "y": 6.300000190734863,
        "z": -0.4358493387699127
    }
}