{
    "_horizontalLines": 17.0,
    "_verticalLines": 18.0,
    "_radius": 0.039264511317014697,
    "_petalColour": {
        "r": 0.708208441734314,
        "g": 0.8157219886779785,
        "b": 0.9243566989898682,
        "a": 1.0
    },
    "_cylinderVertexCount": 7.0,
    "_stemRadius": 0.003340852214023471,
    "_leafCount": 8.0,
    "_edgeRingCount": 16.0,
    "startPos": {
        "x": 0.0,
        "y": 0.0,
        "z": 0.0
    },
    "tangent1": {
        "x": -0.05934495851397514,
        "y": 0.2671583294868469,
        "z": 0.3313606083393097
    },
    "tangent2": {
        "x": -0.23694682121276856,
        "y": 0.5749889612197876,
        "z": 0.3585720956325531
    },
    "endPos": {
        "x": 0.10555830597877503,
        "y": 4.0,
        "z": 0.15860958397388459
    }
}