{
    "_horizontalLines": 19.0,
    "_verticalLines": 17.0,
    "_radius": 0.16147418320178986,
    "_petalColour": {
        "r": 0.0903174877166748,
        "g": 0.6873207092285156,
        "b": 0.8057757616043091,
        "a": 1.0
    },
    "_cylinderVertexCount": 13.0,
    "_stemRadius": 0.11806310713291168,
    "_leafCount": 8.0,
    "_edgeRingCount": 21.0,
    "startPos": {
        "x": 0.0,
        "y": 0.0,
        "z": 0.0
    },
    "tangent1": {
        "x": 0.2719193398952484,
        "y": 1.817997694015503,
        "z": 0.3173019587993622
    },
    "tangent2": {
        "x": 0.7485418319702148,
        "y": 1.8688931465148926,
        "z": -0.1229574978351593
    },
    "endPos": {
        "x": 1.1654272079467774,
        "y": 4.949614524841309,
        "z": -0.5176201462745667
    }
}