{
    "_horizontalLines": 15.0,
    "_verticalLines": 18.0,
    "_radius": 0.03019658662378788,
    "_petalColour": {
        "r": 0.7595480680465698,
        "g": 0.827204704284668,
        "b": 0.6698555946350098,
        "a": 1.0
    },
    "_cylinderVertexCount": 12.0,
    "_stemRadius": 0.014253384433686734,
    "_leafCount": 8.0,
    "_edgeRingCount": 3.0,
    "startPos": {
        "x": 0.0,
        "y": 0.0,
        "z": 0.0
    },
    "tangent1": {
        "x": -0.39679765701293948,
        "y": 1.0287227630615235,
        "z": -0.33607587218284609
    },
    "tangent2": {
        "x": -0.02069273591041565,
        "y": 2.1138954162597658,
        "z": -0.4506121277809143
    },
    "endPos": {
        "x": 0.851244330406189,
        "y": 4.0,
        "z": -0.7818841934204102
    }
}