{
    "_horizontalLines": 17.0,
    "_verticalLines": 18.0,
    "_radius": 0.0713232234120369,
    "_petalColour": {
        "r": 0.5942677855491638,
        "g": 0.22526836395263673,
        "b": 0.5587758421897888,
        "a": 1.0
    },
    "_cylinderVertexCount": 5.0,
    "_stemRadius": 0.03174441307783127,
    "_leafCount": 8.0,
    "_edgeRingCount": 31.0,
    "startPos": {
        "x": 0.0,
        "y": 0.0,
        "z": 0.0
    },
    "tangent1": {
        "x": -0.28720998764038088,
        "y": 0.8178482055664063,
        "z": -0.25060519576072695
    },
    "tangent2": {
        "x": -0.7119662165641785,
        "y": 2.60740327835083,
        "z": -0.43352991342544558
    },
    "endPos": {
        "x": -1.3022232055664063,
        "y": 4.288266658782959,
        "z": -0.41236862540245058
    }
}