{
    "_horizontalLines": 18.0,
    "_verticalLines": 15.0,
    "_radius": 0.11200439929962158,
    "_petalColour": {
        "r": 0.48496681451797488,
        "g": 0.25569993257522585,
        "b": 0.7673470973968506,
        "a": 1.0
    },
    "_cylinderVertexCount": 8.0,
    "_stemRadius": 0.10876098275184632,
    "_leafCount": 8.0,
    "_edgeRingCount": 63.0,
    "startPos": {
        "x": 0.0,
        "y": 0.0,
        "z": 0.0
    },
    "tangent1": {
        "x": 0.27056893706321719,
        "y": 1.1125472784042359,
        "z": -0.2123573273420334
    },
    "tangent2": {
        "x": 0.7705477476119995,
        "y": 2.085817813873291,
        "z": -0.03340904414653778
    },
    "endPos": {
        "x": 1.580909252166748,
        "y": 4.368346214294434,
        "z": 0.37249958515167239
    }
}