{
    "_horizontalLines": 18.0,
    "_verticalLines": 19.0,
    "_radius": 0.10542470216751099,
    "_petalColour": {
        "r": 0.3652966618537903,
        "g": 0.8555195331573486,
        "b": 0.4268025755882263,
        "a": 1.0
    },
    "_cylinderVertexCount": 14.0,
    "_stemRadius": 0.08234985917806626,
    "_leafCount": 8.0,
    "_edgeRingCount": 16.0,
    "startPos": {
        "x": 0.0,
        "y": 0.0,
        "z": 0.0
    },
    "tangent1": {
        "x": -0.3811917304992676,
        "y": 0.8118076324462891,
        "z": 0.41440287232398989
    },
    "tangent2": {
        "x": -0.11213436722755432,
        "y": 1.2942016124725342,
        "z": 0.4062616527080536
    },
    "endPos": {
        "x": -0.8983391523361206,
        "y": 4.0,
        "z": 0.24683912098407746
    }
}