{
    "_horizontalLines": 17.0,
    "_verticalLines": 16.0,
    "_radius": 0.08856568485498429,
    "_petalColour": {
        "r": 0.3828088641166687,
        "g": 0.5032238364219666,
        "b": 0.8146722316741943,
        "a": 1.0
    },
    "_cylinderVertexCount": 6.0,
    "_stemRadius": 0.052556298673152927,
    "_leafCount": 8.0,
    "_edgeRingCount": 64.0,
    "startPos": {
        "x": 0.0,
        "y": 0.0,
        "z": 0.0
    },
    "tangent1": {
        "x": -0.44711026549339297,
        "y": 1.3836334943771363,
        "z": 0.15983569622039796
    },
    "tangent2": {
        "x": -0.18276357650756837,
        "y": 3.349630832672119,
        "z": -0.01754610240459442
    },
    "endPos": {
        "x": -0.42686039209365847,
        "y": 4.318334102630615,
        "z": -0.8650094270706177
    }
}