{
    "_horizontalLines": 17.0,
    "_verticalLines": 18.0,
    "_radius": 0.06573615968227387,
    "_petalColour": {
        "r": 0.586409866809845,
        "g": 0.7345677614212036,
        "b": 0.38491493463516238,
        "a": 1.0
    },
    "_cylinderVertexCount": 11.0,
    "_stemRadius": 0.03978944197297096,
    "_leafCount": 8.0,
    "_edgeRingCount": 3.0,
    "startPos": {
        "x": 0.0,
        "y": 0.0,
        "z": 0.0
    },
    "tangent1": {
        "x": 0.2674245834350586,
        "y": 0.884091854095459,
        "z": -0.19299288094043733
    },
    "tangent2": {
        "x": 0.6490633487701416,
        "y": 1.7469279766082764,
        "z": -0.240136057138443
    },
    "endPos": {
        "x": 0.06711912155151367,
        "y": 4.926476001739502,
        "z": 0.036141276359558108
    }
}