{
    "_horizontalLines": 17.0,
    "_verticalLines": 15.0,
    "_radius": 0.03162118420004845,
    "_petalColour": {
        "r": 0.727615237236023,
        "g": 0.3652828335762024,
        "b": 0.26780837774276736,
        "a": 1.0
    },
    "_cylinderVertexCount": 14.0,
    "_stemRadius": 0.021001659333705903,
    "_leafCount": 8.0,
    "_edgeRingCount": 44.0,
    "startPos": {
        "x": 0.0,
        "y": 0.0,
        "z": 0.0
    },
    "tangent1": {
        "x": 0.052169036120176318,
        "y": 0.4841691851615906,
        "z": -0.29713907837867739
    },
    "tangent2": {
        "x": 0.39034077525138857,
        "y": 1.9025559425354005,
        "z": -0.5564202070236206
    },
    "endPos": {
        "x": 0.749364972114563,
        "y": 4.579524993896484,
        "z": -1.1444621086120606
    }
}