{
    "_horizontalLines": 16.0,
    "_verticalLines": 18.0,
    "_radius": 0.12529437243938447,
    "_petalColour": {
        "r": 0.2674253582954407,
        "g": 0.14245057106018067,
        "b": 0.6623433828353882,
        "a": 1.0
    },
    "_cylinderVertexCount": 9.0,
    "_stemRadius": 0.1001034751534462,
    "_leafCount": 8.0,
    "_edgeRingCount": 13.0,
    "startPos": {
        "x": 0.0,
        "y": 0.0,
        "z": 0.0
    },
    "tangent1": {
        "x": 0.26227355003356936,
        "y": 1.36530339717865,
        "z": -0.4826316833496094
    },
    "tangent2": {
        "x": 0.41790449619293215,
        "y": 2.7235400676727297,
        "z": -0.31344711780548098
    },
    "endPos": {
        "x": 0.4017297327518463,
        "y": 4.0,
        "z": 0.16252020001411439
    }
}