{
    "_horizontalLines": 19.0,
    "_verticalLines": 17.0,
    "_radius": 0.04724055901169777,
    "_petalColour": {
        "r": 0.36121422052383425,
        "g": 0.7524555921554565,
        "b": 0.8382692337036133,
        "a": 1.0
    },
    "_cylinderVertexCount": 10.0,
    "_stemRadius": 0.029670245945453645,
    "_leafCount": 8.0,
    "_edgeRingCount": 41.0,
    "startPos": {
        "x": 0.0,
        "y": 0.0,
        "z": 0.0
    },
    "tangent1": {
        "x": -0.04280810430645943,
        "y": 0.8286027908325195,
        "z": -0.11044307053089142
    },
    "tangent2": {
        "x": 0.23056025803089143,
        "y": 1.2498514652252198,
        "z": -0.384074866771698
    },
    "endPos": {
        "x": -0.2563543915748596,
        "y": 4.0,
        "z": -0.22294293344020844
    }
}