{
    "_horizontalLines": 16.0,
    "_verticalLines": 15.0,
    "_radius": 0.0682494044303894,
    "_petalColour": {
        "r": 0.6249598860740662,
        "g": 0.7386412620544434,
        "b": 0.7352868318557739,
        "a": 1.0
    },
    "_cylinderVertexCount": 13.0,
    "_stemRadius": 0.035336293280124667,
    "_leafCount": 8.0,
    "_edgeRingCount": 48.0,
    "startPos": {
        "x": 0.0,
        "y": 0.0,
        "z": 0.0
    },
    "tangent1": {
        "x": 0.4243244230747223,
        "y": 0.2389957457780838,
        "z": -0.16982655227184297
    },
    "tangent2": {
        "x": 0.6996250152587891,
        "y": 1.1324923038482667,
        "z": -0.2509777545928955
    },
    "endPos": {
        "x": 0.11870449781417847,
        "y": 4.0,
        "z": -0.13399986922740937
    }
}