{
    "_horizontalLines": 16.0,
    "_verticalLines": 16.0,
    "_radius": 0.02423122711479664,
    "_petalColour": {
        "r": 0.6825954914093018,
        "g": 0.5124621987342835,
        "b": 0.2526403069496155,
        "a": 1.0
    },
    "_cylinderVertexCount": 12.0,
    "_stemRadius": -0.0006628908449783921,
    "_leafCount": 8.0,
    "_edgeRingCount": 34.0,
    "startPos": {
        "x": 0.0,
        "y": 0.0,
        "z": 0.0
    },
    "tangent1": {
        "x": 0.2020103931427002,
        "y": 0.9825118780136108,
        "z": -0.16036419570446015
    },
    "tangent2": {
        "x": 0.5487375259399414,
        "y": 2.200833797454834,
        "z": 0.09927494823932648
    },
    "endPos": {
        "x": 0.8272418975830078,
        "y": 5.026538848876953,
        "z": 0.7178652882575989
    }
}