{
    "_horizontalLines": 16.0,
    "_verticalLines": 18.0,
    "_radius": 0.11263583600521088,
    "_petalColour": {
        "r": 0.9803857803344727,
        "g": 0.954271674156189,
        "b": 0.7645872831344605,
        "a": 1.0
    },
    "_cylinderVertexCount": 9.0,
    "_stemRadius": 0.08390124887228012,
    "_leafCount": 8.0,
    "_edgeRingCount": 37.0,
    "startPos": {
        "x": 0.0,
        "y": 0.0,
        "z": 0.0
    },
    "tangent1": {
        "x": -0.44803866744041445,
        "y": 1.6020171642303467,
        "z": 0.16099761426448823
    },
    "tangent2": {
        "x": -0.6198709607124329,
        "y": 2.4341773986816408,
        "z": -0.2674262523651123
    },
    "endPos": {
        "x": -0.7463365793228149,
        "y": 4.965962886810303,
        "z": -1.0990991592407227
    }
}