{
    "_horizontalLines": 19.0,
    "_verticalLines": 18.0,
    "_radius": 0.1392012983560562,
    "_petalColour": {
        "r": 0.48310667276382449,
        "g": 0.4412311911582947,
        "b": 0.384803831577301,
        "a": 1.0
    },
    "_cylinderVertexCount": 11.0,
    "_stemRadius": 0.10516492277383805,
    "_leafCount": 8.0,
    "_edgeRingCount": 41.0,
    "startPos": {
        "x": 0.0,
        "y": 0.0,
        "z": 0.0
    },
    "tangent1": {
        "x": 0.499304860830307,
        "y": 0.46114712953567507,
        "z": 0.373629093170166
    },
    "tangent2": {
        "x": 0.9048787951469421,
        "y": 1.5357401371002198,
        "z": 0.23913688957691194
    },
    "endPos": {
        "x": 0.7607065439224243,
        "y": 4.703729629516602,
        "z": 0.5864489078521729
    }
}