{
    "_horizontalLines": 18.0,
    "_verticalLines": 16.0,
    "_radius": 0.09065613895654679,
    "_petalColour": {
        "r": 0.797176718711853,
        "g": 0.9824146032333374,
        "b": 0.006907939910888672,
        "a": 1.0
    },
    "_cylinderVertexCount": 12.0,
    "_stemRadius": 0.061260536313056949,
    "_leafCount": 8.0,
    "_edgeRingCount": 4.0,
    "startPos": {
        "x": 0.0,
        "y": 0.0,
        "z": 0.0
    },
    "tangent1": {
        "x": -0.0903453379869461,
        "y": 1.2756690979003907,
        "z": 0.21409296989440919
    },
    "tangent2": {
        "x": 0.13536839187145234,
        "y": 1.2861578464508057,
        "z": -0.12350985407829285
    },
    "endPos": {
        "x": 0.2515629827976227,
        "y": 4.0,
        "z": 0.47584107518196108
    }
}