{
    "_horizontalLines": 19.0,
    "_verticalLines": 17.0,
    "_radius": 0.08211041986942291,
    "_petalColour": {
        "r": 0.6183441281318665,
        "g": 0.05848407745361328,
        "b": 0.3884778618812561,
        "a": 1.0
    },
    "_cylinderVertexCount": 13.0,
    "_stemRadius": 0.04032899811863899,
    "_leafCount": 8.0,
    "_edgeRingCount": 14.0,
    "startPos": {
        "x": 0.0,
        "y": 0.0,
        "z": 0.0
    },
    "tangent1": {
        "x": 0.37510278820991518,
        "y": 1.488074779510498,
        "z": 0.41290855407714846
    },
    "tangent2": {
        "x": 0.10017812252044678,
        "y": 3.246394634246826,
        "z": 0.10567465424537659
    },
    "endPos": {
        "x": 0.5957649946212769,
        "y": 5.987939357757568,
        "z": 0.7767343521118164
    }
}