{
    "_horizontalLines": 18.0,
    "_verticalLines": 18.0,
    "_radius": 0.099666528403759,
    "_petalColour": {
        "r": 0.29265767335891726,
        "g": 0.036713361740112308,
        "b": 0.19684600830078126,
        "a": 1.0
    },
    "_cylinderVertexCount": 9.0,
    "_stemRadius": 0.0922006145119667,
    "_leafCount": 8.0,
    "_edgeRingCount": 3.0,
    "startPos": {
        "x": 0.0,
        "y": 0.0,
        "z": 0.0
    },
    "tangent1": {
        "x": -0.09502415359020233,
        "y": 1.9965667724609376,
        "z": 0.32059669494628909
    },
    "tangent2": {
        "x": -0.24167585372924806,
        "y": 2.040569543838501,
        "z": -0.12539920210838319
    },
    "endPos": {
        "x": 0.08920684456825257,
        "y": 5.521877288818359,
        "z": -0.3522035479545593
    }
}