{
    "_horizontalLines": 19.0,
    "_verticalLines": 18.0,
    "_radius": 0.04828408360481262,
    "_petalColour": {
        "r": 0.8534607887268066,
        "g": 0.27165406942367556,
        "b": 0.44511038064956667,
        "a": 1.0
    },
    "_cylinderVertexCount": 8.0,
    "_stemRadius": 0.029685435816645623,
    "_leafCount": 8.0,
    "_edgeRingCount": 35.0,
    "startPos": {
        "x": 0.0,
        "y": 0.0,
        "z": 0.0
    },
    "tangent1": {
        "x": 0.41702309250831606,
        "y": 0.00010185241990257055,
        "z": -0.20525769889354707
    },
    "tangent2": {
        "x": 0.279197096824646,
        "y": 0.11539420485496521,
        "z": -0.5435255765914917
    },
    "endPos": {
        "x": 0.10982607305049896,
        "y": 4.0,
        "z": 0.3279039263725281
    }
}