{
    "_horizontalLines": 16.0,
    "_verticalLines": 17.0,
    "_radius": 0.11881476640701294,
    "_petalColour": {
        "r": 0.43443137407302859,
        "g": 0.9892058372497559,
        "b": 0.33174997568130495,
        "a": 1.0
    },
    "_cylinderVertexCount": 10.0,
    "_stemRadius": 0.09710661321878433,
    "_leafCount": 8.0,
    "_edgeRingCount": 27.0,
    "startPos": {
        "x": 0.0,
        "y": 0.0,
        "z": 0.0
    },
    "tangent1": {
        "x": -0.12641029059886933,
        "y": 0.3778570294380188,
        "z": -0.157138392329216
    },
    "tangent2": {
        "x": -0.29453811049461367,
        "y": 2.1194746494293215,
        "z": 0.10108013451099396
    },
    "endPos": {
        "x": -0.3997008204460144,
        "y": 4.202944278717041,
        "z": 0.9165745973587036
    }
}