{
    "_horizontalLines": 18.0,
    "_verticalLines": 15.0,
    "_radius": 0.13913515210151673,
    "_petalColour": {
        "r": 0.9876283407211304,
        "g": 0.6607383489608765,
        "b": 0.5451105237007141,
        "a": 1.0
    },
    "_cylinderVertexCount": 14.0,
    "_stemRadius": 0.10742582380771637,
    "_leafCount": 8.0,
    "_edgeRingCount": 44.0,
    "startPos": {
        "x": 0.0,
        "y": 0.0,
        "z": 0.0
    },
    "tangent1": {
        "x": -0.2103138417005539,
        "y": 0.09512157738208771,
        "z": 0.09943480789661408
    },
    "tangent2": {
        "x": -0.5311580896377564,
        "y": 1.4042242765426636,
        "z": -0.0380917489528656
    },
    "endPos": {
        "x": -0.8266787528991699,
        "y": 4.0,
        "z": -0.897884726524353
    }
}