{
    "_horizontalLines": 19.0,
    "_verticalLines": 17.0,
    "_radius": 0.052498336881399158,
    "_petalColour": {
        "r": 0.028375625610351564,
        "g": 0.056851983070373538,
        "b": 0.3035711646080017,
        "a": 1.0
    },
    "_cylinderVertexCount": 9.0,
    "_stemRadius": 0.04742572456598282,
    "_leafCount": 8.0,
    "_edgeRingCount": 62.0,
    "startPos": {
        "x": 0.0,
        "y": 0.0,
        "z": 0.0
    },
    "tangent1": {
        "x": -0.34419527649879458,
        "y": 0.4846460223197937,
        "z": 0.052205849438905719
    },
    "tangent2": {
        "x": -0.7341971397399902,
        "y": 1.1204885244369507,
        "z": -0.20419083535671235
    },
    "endPos": {
        "x": -0.6071244478225708,
        "y": 4.0,
        "z": 0.32148998975753786
    }
}