{
    "_horizontalLines": 15.0,
    "_verticalLines": 19.0,
    "_radius": 0.09001148492097855,
    "_petalColour": {
        "r": 0.15081477165222169,
        "g": 0.7724933624267578,
        "b": 0.8129968643188477,
        "a": 1.0
    },
    "_cylinderVertexCount": 9.0,
    "_stemRadius": 0.04457120969891548,
    "_leafCount": 8.0,
    "_edgeRingCount": 40.0,
    "startPos": {
        "x": 0.0,
        "y": 0.0,
        "z": 0.0
    },
    "tangent1": {
        "x": -0.1453825980424881,
        "y": 0.7057375907897949,
        "z": -0.371915727853775
    },
    "tangent2": {
        "x": -0.03664842247962952,
        "y": 0.9349934458732605,
        "z": -0.4965938329696655
    },
    "endPos": {
        "x": 0.48771312832832339,
        "y": 4.0616350173950199,
        "z": -0.18790188431739808
    }
}