{
    "_horizontalLines": 17.0,
    "_verticalLines": 16.0,
    "_radius": 0.024939628317952157,
    "_petalColour": {
        "r": 0.08805704116821289,
        "g": 0.9368680715560913,
        "b": 0.14041972160339356,
        "a": 1.0
    },
    "_cylinderVertexCount": 14.0,
    "_stemRadius": 0.012597489170730114,
    "_leafCount": 8.0,
    "_edgeRingCount": 29.0,
    "startPos": {
        "x": 0.0,
        "y": 0.0,
        "z": 0.0
    },
    "tangent1": {
        "x": -0.36501607298851015,
        "y": 1.8706401586532593,
        "z": 0.04423074796795845
    },
    "tangent2": {
        "x": -0.5064008831977844,
        "y": 3.3436553478240969,
        "z": 0.18629471957683564
    },
    "endPos": {
        "x": -0.4883279502391815,
        "y": 5.90899658203125,
        "z": 0.414297878742218
    }
}