{
    "_horizontalLines": 17.0,
    "_verticalLines": 18.0,
    "_radius": 0.041699159890413287,
    "_petalColour": {
        "r": 0.21476852893829347,
        "g": 0.4205295443534851,
        "b": 0.9403687715530396,
        "a": 1.0
    },
    "_cylinderVertexCount": 13.0,
    "_stemRadius": 0.027752241119742395,
    "_leafCount": 8.0,
    "_edgeRingCount": 44.0,
    "startPos": {
        "x": 0.0,
        "y": 0.0,
        "z": 0.0
    },
    "tangent1": {
        "x": 0.223441481590271,
        "y": 1.0529003143310547,
        "z": 0.4813965857028961
    },
    "tangent2": {
        "x": -0.08052217960357666,
        "y": 2.951589584350586,
        "z": 0.0733189582824707
    },
    "endPos": {
        "x": 0.47172093391418459,
        "y": 4.0,
        "z": 0.8704002499580383
    }
}