{
    "_horizontalLines": 18.0,
    "_verticalLines": 18.0,
    "_radius": 0.1315813958644867,
    "_petalColour": {
        "r": 0.28872376680374148,
        "g": 0.7565082311630249,
        "b": 0.11548209190368653,
        "a": 1.0
    },
    "_cylinderVertexCount": 10.0,
    "_stemRadius": 0.09977182000875473,
    "_leafCount": 8.0,
    "_edgeRingCount": 22.0,
    "startPos": {
        "x": 0.0,
        "y": 0.0,
        "z": 0.0
    },
    "tangent1": {
        "x": 0.3375018835067749,
        "y": 1.1321865320205689,
        "z": 0.25413140654563906
    },
    "tangent2": {
        "x": 0.6714540719985962,
        "y": 2.8797810077667238,
        "z": 0.6847649812698364
    },
    "endPos": {
        "x": 0.799257755279541,
        "y": 4.0,
        "z": 0.7843837738037109
    }
}