{
    "_horizontalLines": 17.0,
    "_verticalLines": 18.0,
    "_radius": 0.06125527247786522,
    "_petalColour": {
        "r": 0.8852260112762451,
        "g": 0.39882415533065798,
        "b": 0.02525472640991211,
        "a": 1.0
    },
    "_cylinderVertexCount": 10.0,
    "_stemRadius": 0.059300746768713,
    "_leafCount": 8.0,
    "_edgeRingCount": 42.0,
    "startPos": {
        "x": 0.0,
        "y": 0.0,
        "z": 0.0
    },
    "tangent1": {
        "x": 0.27523088455200198,
        "y": 1.6672309637069703,
        "z": 0.2682386338710785
    },
    "tangent2": {
        "x": 0.3296235203742981,
        "y": 2.6962954998016359,
        "z": 0.3597673177719116
    },
    "endPos": {
        "x": -0.40769457817077639,
        "y": 5.580674171447754,
        "z": 0.5383228659629822
    }
}