{
    "_horizontalLines": 16.0,
    "_verticalLines": 15.0,
    "_radius": 0.07490123063325882,
    "_petalColour": {
        "r": 0.9768838882446289,
        "g": 0.7720565795898438,
        "b": 0.5236585736274719,
        "a": 1.0
    },
    "_cylinderVertexCount": 13.0,
    "_stemRadius": 0.05197153985500336,
    "_leafCount": 8.0,
    "_edgeRingCount": 12.0,
    "startPos": {
        "x": 0.0,
        "y": 0.0,
        "z": 0.0
    },
    "tangent1": {
        "x": 0.25272512435913088,
        "y": 0.9680545926094055,
        "z": -0.050993870943784717
    },
    "tangent2": {
        "x": 0.13800211250782014,
        "y": 1.6730514764785767,
        "z": 0.026305202394723893
    },
    "endPos": {
        "x": 0.10703353583812714,
        "y": 4.0,
        "z": 0.32523223757743838
    }
}