{
    "_horizontalLines": 19.0,
    "_verticalLines": 16.0,
    "_radius": 0.10986880213022232,
    "_petalColour": {
        "r": 0.03548312187194824,
        "g": 0.15847432613372804,
        "b": 0.7814689874649048,
        "a": 1.0
    },
    "_cylinderVertexCount": 12.0,
    "_stemRadius": 0.10620108246803284,
    "_leafCount": 8.0,
    "_edgeRingCount": 61.0,
    "startPos": {
        "x": 0.0,
        "y": 0.0,
        "z": 0.0
    },
    "tangent1": {
        "x": -0.19624333083629609,
        "y": 0.12226887047290802,
        "z": -0.06752271950244904
    },
    "tangent2": {
        "x": -0.640200674533844,
        "y": 1.525394320487976,
        "z": 0.025995254516601564
    },
    "endPos": {
        "x": -1.1791996955871583,
        "y": 4.5295939445495609,
        "z": -0.03490975871682167
    }
}