{
    "_horizontalLines": 17.0,
    "_verticalLines": 18.0,
    "_radius": 0.0501672625541687,
    "_petalColour": {
        "r": 0.014956474304199219,
        "g": 0.6941043138504028,
        "b": 0.8162655830383301,
        "a": 1.0
    },
    "_cylinderVertexCount": 9.0,
    "_stemRadius": 0.028165755793452264,
    "_leafCount": 8.0,
    "_edgeRingCount": 63.0,
    "startPos": {
        "x": 0.0,
        "y": 0.0,
        "z": 0.0
    },
    "tangent1": {
        "x": -0.09410472214221955,
        "y": 1.8234450817108155,
        "z": -0.4476194381713867
    },
    "tangent2": {
        "x": -0.28322258591651919,
        "y": 3.781977415084839,
        "z": -0.6931644082069397
    },
    "endPos": {
        "x": 0.5895487070083618,
        "y": 5.5640034675598148,
        "z": -1.3292341232299805
    }
}