{
    "_horizontalLines": 19.0,
    "_verticalLines": 19.0,
    "_radius": 0.10523762553930283,
    "_petalColour": {
        "r": 0.34101587533950808,
        "g": 0.08203411102294922,
        "b": 0.48088282346725466,
        "a": 1.0
    },
    "_cylinderVertexCount": 8.0,
    "_stemRadius": 0.09797318279743195,
    "_leafCount": 8.0,
    "_edgeRingCount": 48.0,
    "startPos": {
        "x": 0.0,
        "y": 0.0,
        "z": 0.0
    },
    "tangent1": {
        "x": 0.07153673470020294,
        "y": 1.117498755455017,
        "z": -0.03642087057232857
    },
    "tangent2": {
        "x": -0.217668816447258,
        "y": 2.361124038696289,
        "z": 0.4352964758872986
    },
    "endPos": {
        "x": -0.055895596742630008,
        "y": 4.0,
        "z": 0.20541144907474519
    }
}