{
    "_horizontalLines": 16.0,
    "_verticalLines": 16.0,
    "_radius": 0.0677110031247139,
    "_petalColour": {
        "r": 0.009698867797851563,
        "g": 0.15161359310150147,
        "b": 0.5463537573814392,
        "a": 1.0
    },
    "_cylinderVertexCount": 10.0,
    "_stemRadius": 0.027405083179473878,
    "_leafCount": 8.0,
    "_edgeRingCount": 48.0,
    "startPos": {
        "x": 0.0,
        "y": 0.0,
        "z": 0.0
    },
    "tangent1": {
        "x": -0.17459292709827424,
        "y": 0.569719672203064,
        "z": -0.08148117363452912
    },
    "tangent2": {
        "x": 0.12710784375667573,
        "y": 2.0936779975891115,
        "z": -0.32634973526000979
    },
    "endPos": {
        "x": -0.38939887285232546,
        "y": 4.544828414916992,
        "z": 0.18226754665374757
    }
}