{
    "_horizontalLines": 19.0,
    "_verticalLines": 17.0,
    "_radius": 0.050335586071014407,
    "_petalColour": {
        "r": 0.7322092056274414,
        "g": 0.04200279712677002,
        "b": 0.6586302518844605,
        "a": 1.0
    },
    "_cylinderVertexCount": 10.0,
    "_stemRadius": 0.014546419493854046,
    "_leafCount": 8.0,
    "_edgeRingCount": 20.0,
    "startPos": {
        "x": 0.0,
        "y": 0.0,
        "z": 0.0
    },
    "tangent1": {
        "x": -0.4372430741786957,
        "y": 1.0683112144470215,
        "z": -0.33624267578125
    },
    "tangent2": {
        "x": -0.5296655893325806,
        "y": 1.4029085636138917,
        "z": -0.12653744220733643
    },
    "endPos": {
        "x": -0.9257618188858032,
        "y": 4.4819817543029789,
        "z": 0.5201572775840759
    }
}