{
    "_horizontalLines": 19.0,
    "_verticalLines": 16.0,
    "_radius": 0.12454517930746079,
    "_petalColour": {
        "r": 0.15769219398498536,
        "g": 0.6626675128936768,
        "b": 0.9772024154663086,
        "a": 1.0
    },
    "_cylinderVertexCount": 5.0,
    "_stemRadius": 0.10001234710216522,
    "_leafCount": 8.0,
    "_edgeRingCount": 60.0,
    "startPos": {
        "x": 0.0,
        "y": 0.0,
        "z": 0.0
    },
    "tangent1": {
        "x": 0.04830284044146538,
        "y": 0.5531653761863709,
        "z": -0.4651414752006531
    },
    "tangent2": {
        "x": 0.08813991397619248,
        "y": 0.9999282360076904,
        "z": -0.3631322383880615
    },
    "endPos": {
        "x": -0.20369136333465577,
        "y": 4.0,
        "z": -0.08352974057197571
    }
}