{
    "_horizontalLines": 18.0,
    "_verticalLines": 17.0,
    "_radius": 0.161270409822464,
    "_petalColour": {
        "r": 0.8529433012008667,
        "g": 0.35934752225875857,
        "b": 0.6245447993278503,
        "a": 1.0
    },
    "_cylinderVertexCount": 5.0,
    "_stemRadius": 0.12203500419855118,
    "_leafCount": 8.0,
    "_edgeRingCount": 49.0,
    "startPos": {
        "x": 0.0,
        "y": 0.0,
        "z": 0.0
    },
    "tangent1": {
        "x": 0.11375980079174042,
        "y": 1.0239982604980469,
        "z": 0.32904052734375
    },
    "tangent2": {
        "x": 0.5260854363441467,
        "y": 2.1507673263549806,
        "z": 0.1388508826494217
    },
    "endPos": {
        "x": 0.3939838409423828,
        "y": 4.0,
        "z": 0.2489413619041443
    }
}