{
    "_horizontalLines": 19.0,
    "_verticalLines": 17.0,
    "_radius": 0.014184367842972279,
    "_petalColour": {
        "r": 0.09247660636901856,
        "g": 0.12274754047393799,
        "b": 0.2818586230278015,
        "a": 1.0
    },
    "_cylinderVertexCount": 9.0,
    "_stemRadius": 0.0003431692603044212,
    "_leafCount": 8.0,
    "_edgeRingCount": 37.0,
    "startPos": {
        "x": 0.0,
        "y": 0.0,
        "z": 0.0
    },
    "tangent1": {
        "x": -0.24372883141040803,
        "y": 1.5196871757507325,
        "z": 0.3825860917568207
    },
    "tangent2": {
        "x": -0.3703373968601227,
        "y": 3.3988280296325685,
        "z": 0.7401859164237976
    },
    "endPos": {
        "x": -0.5995811223983765,
        "y": 6.300000190734863,
        "z": 0.5054618120193481
    }
}