{
    "_horizontalLines": 18.0,
    "_verticalLines": 19.0,
    "_radius": 0.12634539604187013,
    "_petalColour": {
        "r": 0.03358471393585205,
        "g": 0.9184716939926148,
        "b": 0.4106946587562561,
        "a": 1.0
    },
    "_cylinderVertexCount": 6.0,
    "_stemRadius": 0.10574787855148316,
    "_leafCount": 8.0,
    "_edgeRingCount": 46.0,
    "startPos": {
        "x": 0.0,
        "y": 0.0,
        "z": 0.0
    },
    "tangent1": {
        "x": 0.20640873908996583,
        "y": 1.7281566858291627,
        "z": 0.14502547681331635
    },
    "tangent2": {
        "x": -0.2892947793006897,
        "y": 2.5496556758880617,
        "z": 0.5205051898956299
    },
    "endPos": {
        "x": -1.1263718605041505,
        "y": 4.185720443725586,
        "z": 1.3119226694107056
    }
}