{
    "_horizontalLines": 5,
    "_verticalLines": 8,
    "_radius": 0.03613532707095146,
    "_petalColour": {
        "r": 0.2174372673034668,
        "g": 0.5647068619728088,
        "b": 0.8797399997711182,
        "a": 1.0
    },
    "_cylinderVertexCount": 14,
    "_stemRadius": 0.03200601786375046,
    "_leafCount": 8,
    "_edgeRingCount": 48,
    "startPos": {
        "x": -0.135827898979187,
        "y": 0.31647181510925295,
        "z": 0.07984332740306854
    },
    "tangent1": {
        "x": -0.514409065246582,
        "y": 1.85114324092865,
        "z": -0.2528349757194519
    },
    "tangent2": {
        "x": -0.9858802556991577,
        "y": 3.4202239513397219,
        "z": -0.6557104587554932
    },
    "endPos": {
        "x": -0.9129424095153809,
        "y": 6.78790807723999,
        "z": -1.4740192890167237
    }
}