{
    "_horizontalLines": 16.0,
    "_verticalLines": 15.0,
    "_radius": 0.12503546476364137,
    "_petalColour": {
        "r": 0.18261432647705079,
        "g": 0.6064680218696594,
        "b": 0.2832551598548889,
        "a": 1.0
    },
    "_cylinderVertexCount": 10.0,
    "_stemRadius": 0.1048801988363266,
    "_leafCount": 8.0,
    "_edgeRingCount": 37.0,
    "startPos": {
        "x": 0.0,
        "y": 0.0,
        "z": 0.0
    },
    "tangent1": {
        "x": -0.18715663254261018,
        "y": 0.3802030682563782,
        "z": 0.4361400604248047
    },
    "tangent2": {
        "x": -0.41123533248901369,
        "y": 0.7475070953369141,
        "z": 0.44374459981918337
    },
    "endPos": {
        "x": -0.9969421625137329,
        "y": 4.0,
        "z": 0.22407911717891694
    }
}