{
    "_horizontalLines": 19.0,
    "_verticalLines": 16.0,
    "_radius": 0.10114476829767227,
    "_petalColour": {
        "r": 0.3915252089500427,
        "g": 0.3388248085975647,
        "b": 0.5845900177955627,
        "a": 1.0
    },
    "_cylinderVertexCount": 8.0,
    "_stemRadius": 0.10090728104114533,
    "_leafCount": 8.0,
    "_edgeRingCount": 25.0,
    "startPos": {
        "x": 0.0,
        "y": 0.0,
        "z": 0.0
    },
    "tangent1": {
        "x": 0.30887556076049807,
        "y": 0.7793695330619812,
        "z": -0.013020324520766735
    },
    "tangent2": {
        "x": 0.24056653678417207,
        "y": 2.3942673206329347,
        "z": 0.20013980567455293
    },
    "endPos": {
        "x": -0.4113484025001526,
        "y": 4.0,
        "z": 1.0388858318328858
    }
}