{
    "_horizontalLines": 19.0,
    "_verticalLines": 18.0,
    "_radius": 0.11014458537101746,
    "_petalColour": {
        "r": 0.7223097085952759,
        "g": 0.07616162300109863,
        "b": 0.2988206744194031,
        "a": 1.0
    },
    "_cylinderVertexCount": 6.0,
    "_stemRadius": 0.07234158366918564,
    "_leafCount": 8.0,
    "_edgeRingCount": 56.0,
    "startPos": {
        "x": 0.0,
        "y": 0.0,
        "z": 0.0
    },
    "tangent1": {
        "x": 0.08282332122325897,
        "y": 0.8936794400215149,
        "z": -0.37066468596458437
    },
    "tangent2": {
        "x": 0.1993083953857422,
        "y": 2.6521217823028566,
        "z": -0.8672453165054321
    },
    "endPos": {
        "x": -0.35461580753326418,
        "y": 4.302616596221924,
        "z": -0.736183762550354
    }
}