{
    "_horizontalLines": 17.0,
    "_verticalLines": 19.0,
    "_radius": 0.06779514998197556,
    "_petalColour": {
        "r": 0.5705309510231018,
        "g": 0.7342672348022461,
        "b": 0.3122017979621887,
        "a": 1.0
    },
    "_cylinderVertexCount": 10.0,
    "_stemRadius": 0.04645843058824539,
    "_leafCount": 8.0,
    "_edgeRingCount": 35.0,
    "startPos": {
        "x": 0.0,
        "y": 0.0,
        "z": 0.0
    },
    "tangent1": {
        "x": 0.43919897079467776,
        "y": 0.19303302466869355,
        "z": -0.4854210913181305
    },
    "tangent2": {
        "x": 0.29128211736679079,
        "y": 0.9801242351531982,
        "z": -0.7572693824768066
    },
    "endPos": {
        "x": 0.37772509455680849,
        "y": 4.0,
        "z": -0.47188088297843935
    }
}