{
    "_horizontalLines": 18.0,
    "_verticalLines": 18.0,
    "_radius": 0.11865940690040589,
    "_petalColour": {
        "r": 0.3468860983848572,
        "g": 0.2878350615501404,
        "b": 0.9532202482223511,
        "a": 1.0
    },
    "_cylinderVertexCount": 12.0,
    "_stemRadius": 0.07892148196697235,
    "_leafCount": 8.0,
    "_edgeRingCount": 39.0,
    "startPos": {
        "x": 0.0,
        "y": 0.0,
        "z": 0.0
    },
    "tangent1": {
        "x": -0.45492830872535708,
        "y": 0.37661343812942507,
        "z": -0.44366854429244997
    },
    "tangent2": {
        "x": -0.8256238102912903,
        "y": 1.3034694194793702,
        "z": -0.7972428798675537
    },
    "endPos": {
        "x": -1.5531644821166993,
        "y": 4.0,
        "z": -0.15397948026657105
    }
}