{
    "_horizontalLines": 17.0,
    "_verticalLines": 18.0,
    "_radius": 0.050507139414548877,
    "_petalColour": {
        "r": 0.6528695821762085,
        "g": 0.14097416400909425,
        "b": 0.3409983515739441,
        "a": 1.0
    },
    "_cylinderVertexCount": 8.0,
    "_stemRadius": 0.021043218672275544,
    "_leafCount": 8.0,
    "_edgeRingCount": 10.0,
    "startPos": {
        "x": 0.0,
        "y": 0.0,
        "z": 0.0
    },
    "tangent1": {
        "x": 0.3296644389629364,
        "y": 1.053492546081543,
        "z": 0.08263678848743439
    },
    "tangent2": {
        "x": -0.12676027417182923,
        "y": 1.0575072765350342,
        "z": -0.0768338143825531
    },
    "endPos": {
        "x": 0.3580760061740875,
        "y": 4.0,
        "z": -0.30809569358825686
    }
}