{
    "_horizontalLines": 15.0,
    "_verticalLines": 15.0,
    "_radius": 0.05768883600831032,
    "_petalColour": {
        "r": 0.728043794631958,
        "g": 0.6379290819168091,
        "b": 0.157342791557312,
        "a": 1.0
    },
    "_cylinderVertexCount": 6.0,
    "_stemRadius": 0.03553631156682968,
    "_leafCount": 8.0,
    "_edgeRingCount": 23.0,
    "startPos": {
        "x": 0.0,
        "y": 0.0,
        "z": 0.0
    },
    "tangent1": {
        "x": 0.4422835409641266,
        "y": 1.872460126876831,
        "z": 0.33222758769989016
    },
    "tangent2": {
        "x": 0.045447468757629397,
        "y": 1.9750137329101563,
        "z": 0.41113024950027468
    },
    "endPos": {
        "x": 0.7309801578521729,
        "y": 4.114587306976318,
        "z": 1.2766191959381104
    }
}