{
    "_horizontalLines": 18.0,
    "_verticalLines": 19.0,
    "_radius": 0.1021893173456192,
    "_petalColour": {
        "r": 0.3024103045463562,
        "g": 0.033063650131225589,
        "b": 0.5184462666511536,
        "a": 1.0
    },
    "_cylinderVertexCount": 14.0,
    "_stemRadius": 0.06691046059131623,
    "_leafCount": 8.0,
    "_edgeRingCount": 27.0,
    "startPos": {
        "x": 0.0,
        "y": 0.0,
        "z": 0.0
    },
    "tangent1": {
        "x": 0.0434078685939312,
        "y": 1.7115856409072877,
        "z": -0.4274331033229828
    },
    "tangent2": {
        "x": 0.08757257461547852,
        "y": 3.353062868118286,
        "z": -0.22483348846435548
    },
    "endPos": {
        "x": 0.4981183111667633,
        "y": 4.0,
        "z": 0.429144024848938
    }
}