{
    "_horizontalLines": 17.0,
    "_verticalLines": 17.0,
    "_radius": 0.11044339090585709,
    "_petalColour": {
        "r": 0.2946624159812927,
        "g": 0.054334402084350589,
        "b": 0.8332984447479248,
        "a": 1.0
    },
    "_cylinderVertexCount": 6.0,
    "_stemRadius": 0.0816369354724884,
    "_leafCount": 8.0,
    "_edgeRingCount": 26.0,
    "startPos": {
        "x": 0.0,
        "y": 0.0,
        "z": 0.0
    },
    "tangent1": {
        "x": -0.08740238845348358,
        "y": 1.568032145500183,
        "z": -0.1053488701581955
    },
    "tangent2": {
        "x": 0.3358384370803833,
        "y": 1.8427515029907227,
        "z": -0.039775848388671878
    },
    "endPos": {
        "x": 0.6659717559814453,
        "y": 4.30410623550415,
        "z": 0.2654655873775482
    }
}