{
    "_horizontalLines": 15.0,
    "_verticalLines": 18.0,
    "_radius": 0.05378938466310501,
    "_petalColour": {
        "r": 0.2966383099555969,
        "g": 0.05910086631774902,
        "b": 0.9090102910995483,
        "a": 1.0
    },
    "_cylinderVertexCount": 12.0,
    "_stemRadius": 0.00975852645933628,
    "_leafCount": 8.0,
    "_edgeRingCount": 36.0,
    "startPos": {
        "x": 0.0,
        "y": 0.0,
        "z": 0.0
    },
    "tangent1": {
        "x": -0.436758816242218,
        "y": 1.5196075439453126,
        "z": -0.19221682846546174
    },
    "tangent2": {
        "x": -0.3070862889289856,
        "y": 3.1455254554748537,
        "z": -0.23769155144691468
    },
    "endPos": {
        "x": -1.1366665363311768,
        "y": 4.0,
        "z": -0.7580454349517822
    }
}