{
    "_horizontalLines": 15.0,
    "_verticalLines": 19.0,
    "_radius": 0.10703326761722565,
    "_petalColour": {
        "r": 0.3741777539253235,
        "g": 0.5019004940986633,
        "b": 0.6168938279151917,
        "a": 1.0
    },
    "_cylinderVertexCount": 14.0,
    "_stemRadius": 0.09873533993959427,
    "_leafCount": 8.0,
    "_edgeRingCount": 45.0,
    "startPos": {
        "x": 0.0,
        "y": 0.0,
        "z": 0.0
    },
    "tangent1": {
        "x": -0.32809850573539736,
        "y": 0.08653850853443146,
        "z": 0.03856639936566353
    },
    "tangent2": {
        "x": 0.16266819834709168,
        "y": 0.5279712677001953,
        "z": -0.05555247887969017
    },
    "endPos": {
        "x": 0.9464097023010254,
        "y": 4.0,
        "z": 0.4400045871734619
    }
}