{
    "_horizontalLines": 17.0,
    "_verticalLines": 18.0,
    "_radius": 0.04789934307336807,
    "_petalColour": {
        "r": 0.5222340226173401,
        "g": 0.5796858668327332,
        "b": 0.8804054260253906,
        "a": 1.0
    },
    "_cylinderVertexCount": 11.0,
    "_stemRadius": 0.04261043667793274,
    "_leafCount": 8.0,
    "_edgeRingCount": 23.0,
    "startPos": {
        "x": 0.0,
        "y": 0.0,
        "z": 0.0
    },
    "tangent1": {
        "x": 0.0019457817543298007,
        "y": 1.2917633056640626,
        "z": -0.2947108745574951
    },
    "tangent2": {
        "x": 0.3815141022205353,
        "y": 2.698420524597168,
        "z": -0.017843127250671388
    },
    "endPos": {
        "x": -0.1404736340045929,
        "y": 4.0,
        "z": 0.8059824705123901
    }
}