{
    "_horizontalLines": 19.0,
    "_verticalLines": 17.0,
    "_radius": 0.16648843884468079,
    "_petalColour": {
        "r": 0.4710419774055481,
        "g": 0.42221182584762576,
        "b": 0.10702347755432129,
        "a": 1.0
    },
    "_cylinderVertexCount": 7.0,
    "_stemRadius": 0.12109735608100891,
    "_leafCount": 8.0,
    "_edgeRingCount": 45.0,
    "startPos": {
        "x": 0.0,
        "y": 0.0,
        "z": 0.0
    },
    "tangent1": {
        "x": -0.3142758309841156,
        "y": 1.9925613403320313,
        "z": -0.1622643917798996
    },
    "tangent2": {
        "x": -0.012972444295883179,
        "y": 3.50809383392334,
        "z": -0.14797735214233399
    },
    "endPos": {
        "x": 0.2715832591056824,
        "y": 5.446244239807129,
        "z": -0.42285171151161196
    }
}