{
    "_horizontalLines": 19.0,
    "_verticalLines": 18.0,
    "_radius": 0.1343337446451187,
    "_petalColour": {
        "r": 0.8233301639556885,
        "g": 0.5381510853767395,
        "b": 0.9875881671905518,
        "a": 1.0
    },
    "_cylinderVertexCount": 11.0,
    "_stemRadius": 0.10275520384311676,
    "_leafCount": 8.0,
    "_edgeRingCount": 48.0,
    "startPos": {
        "x": 0.0,
        "y": 0.0,
        "z": 0.0
    },
    "tangent1": {
        "x": 0.4372953474521637,
        "y": 1.580583930015564,
        "z": 0.01107554417103529
    },
    "tangent2": {
        "x": 0.46730801463127139,
        "y": 2.32069993019104,
        "z": -0.05749335512518883
    },
    "endPos": {
        "x": -0.2826213538646698,
        "y": 4.0,
        "z": 0.21750497817993165
    }
}