{
    "_horizontalLines": 18.0,
    "_verticalLines": 19.0,
    "_radius": 0.056074295192956927,
    "_petalColour": {
        "r": 0.2894837260246277,
        "g": 0.5175085663795471,
        "b": 0.12034893035888672,
        "a": 1.0
    },
    "_cylinderVertexCount": 12.0,
    "_stemRadius": 0.05514160543680191,
    "_leafCount": 8.0,
    "_edgeRingCount": 35.0,
    "startPos": {
        "x": 0.0,
        "y": 0.0,
        "z": 0.0
    },
    "tangent1": {
        "x": -0.2644762098789215,
        "y": 0.562299907207489,
        "z": -0.3456927239894867
    },
    "tangent2": {
        "x": -0.7330152988433838,
        "y": 1.8347485065460206,
        "z": -0.45039594173431399
    },
    "endPos": {
        "x": -0.8981801867485046,
        "y": 4.0,
        "z": 0.17622238397598267
    }
}