{
    "_horizontalLines": 17.0,
    "_verticalLines": 18.0,
    "_radius": 0.07223912328481674,
    "_petalColour": {
        "r": 0.12114822864532471,
        "g": 0.285316526889801,
        "b": 0.8141891956329346,
        "a": 1.0
    },
    "_cylinderVertexCount": 6.0,
    "_stemRadius": 0.052691586315631869,
    "_leafCount": 8.0,
    "_edgeRingCount": 44.0,
    "startPos": {
        "x": 0.0,
        "y": 0.0,
        "z": 0.0
    },
    "tangent1": {
        "x": 0.17826852202415467,
        "y": 1.1646862030029297,
        "z": 0.11709637939929962
    },
    "tangent2": {
        "x": -0.10162726044654846,
        "y": 1.8253259658813477,
        "z": -0.21915222704410554
    },
    "endPos": {
        "x": -0.22205106914043427,
        "y": 4.0,
        "z": 0.12455405294895172
    }
}