{
    "_horizontalLines": 16.0,
    "_verticalLines": 18.0,
    "_radius": 0.09995923191308975,
    "_petalColour": {
        "r": 0.226568341255188,
        "g": 0.2760651707649231,
        "b": 0.7890051603317261,
        "a": 1.0
    },
    "_cylinderVertexCount": 7.0,
    "_stemRadius": 0.07827553153038025,
    "_leafCount": 8.0,
    "_edgeRingCount": 16.0,
    "startPos": {
        "x": 0.0,
        "y": 0.0,
        "z": 0.0
    },
    "tangent1": {
        "x": 0.0008223533513955772,
        "y": 1.1582523584365845,
        "z": 0.22491538524627686
    },
    "tangent2": {
        "x": 0.15453317761421204,
        "y": 1.6651564836502076,
        "z": 0.6966749429702759
    },
    "endPos": {
        "x": 0.9136713743209839,
        "y": 4.0,
        "z": 1.108214020729065
    }
}