{
    "_horizontalLines": 18.0,
    "_verticalLines": 17.0,
    "_radius": 0.053394220769405368,
    "_petalColour": {
        "r": 0.9527993202209473,
        "g": 0.6452999114990234,
        "b": 0.27026695013046267,
        "a": 1.0
    },
    "_cylinderVertexCount": 9.0,
    "_stemRadius": 0.04205762594938278,
    "_leafCount": 8.0,
    "_edgeRingCount": 37.0,
    "startPos": {
        "x": 0.0,
        "y": 0.0,
        "z": 0.0
    },
    "tangent1": {
        "x": 0.016680430620908738,
        "y": 1.4547061920166016,
        "z": -0.3066922128200531
    },
    "tangent2": {
        "x": 0.0005585178732872009,
        "y": 2.1510446071624758,
        "z": -0.7859978675842285
    },
    "endPos": {
        "x": 0.1861242651939392,
        "y": 5.481470584869385,
        "z": -0.00806492567062378
    }
}