{
    "_horizontalLines": 18.0,
    "_verticalLines": 18.0,
    "_radius": 0.11051840335130692,
    "_petalColour": {
        "r": 0.687012791633606,
        "g": 0.4476150870323181,
        "b": 0.2777041792869568,
        "a": 1.0
    },
    "_cylinderVertexCount": 7.0,
    "_stemRadius": 0.09817349910736084,
    "_leafCount": 8.0,
    "_edgeRingCount": 47.0,
    "startPos": {
        "x": 0.0,
        "y": 0.0,
        "z": 0.0
    },
    "tangent1": {
        "x": 0.12498144805431366,
        "y": 0.837796688079834,
        "z": 0.041124533861875537
    },
    "tangent2": {
        "x": -0.11863327026367188,
        "y": 1.9094351530075074,
        "z": 0.2054181843996048
    },
    "endPos": {
        "x": 0.49693286418914797,
        "y": 5.394439697265625,
        "z": -0.42130279541015627
    }
}