{
    "_horizontalLines": 18.0,
    "_verticalLines": 15.0,
    "_radius": 0.12741102278232575,
    "_petalColour": {
        "r": 0.9094393253326416,
        "g": 0.2426154613494873,
        "b": 0.17388367652893067,
        "a": 1.0
    },
    "_cylinderVertexCount": 8.0,
    "_stemRadius": 0.09093652665615082,
    "_leafCount": 8.0,
    "_edgeRingCount": 64.0,
    "startPos": {
        "x": 0.0,
        "y": 0.0,
        "z": 0.0
    },
    "tangent1": {
        "x": -0.36965200304985049,
        "y": 1.7882308959960938,
        "z": 0.01945967599749565
    },
    "tangent2": {
        "x": -0.5616281032562256,
        "y": 2.40645694732666,
        "z": 0.4549468457698822
    },
    "endPos": {
        "x": -0.5441974401473999,
        "y": 4.727145195007324,
        "z": 0.060455918312072757
    }
}