{
    "_horizontalLines": 19.0,
    "_verticalLines": 15.0,
    "_radius": 0.07771811634302139,
    "_petalColour": {
        "r": 0.4843866229057312,
        "g": 0.5417649149894714,
        "b": 0.33452337980270388,
        "a": 1.0
    },
    "_cylinderVertexCount": 14.0,
    "_stemRadius": 0.035791151225566867,
    "_leafCount": 8.0,
    "_edgeRingCount": 37.0,
    "startPos": {
        "x": 0.0,
        "y": 0.0,
        "z": 0.0
    },
    "tangent1": {
        "x": -0.22932906448841096,
        "y": 0.21634121239185334,
        "z": 0.2158876359462738
    },
    "tangent2": {
        "x": 0.07282714545726776,
        "y": 1.6908308267593384,
        "z": 0.3579964339733124
    },
    "endPos": {
        "x": 0.39301592111587527,
        "y": 4.0,
        "z": -0.4665249288082123
    }
}