{
    "_horizontalLines": 16.0,
    "_verticalLines": 17.0,
    "_radius": 0.11287462711334229,
    "_petalColour": {
        "r": 0.7559696435928345,
        "g": 0.590276300907135,
        "b": 0.7310960292816162,
        "a": 1.0
    },
    "_cylinderVertexCount": 9.0,
    "_stemRadius": 0.09523600339889527,
    "_leafCount": 8.0,
    "_edgeRingCount": 26.0,
    "startPos": {
        "x": 0.0,
        "y": 0.0,
        "z": 0.0
    },
    "tangent1": {
        "x": -0.31186580657958987,
        "y": 1.9832671880722047,
        "z": 0.136939138174057
    },
    "tangent2": {
        "x": -0.6783498525619507,
        "y": 3.625645160675049,
        "z": 0.38815706968307497
    },
    "endPos": {
        "x": -0.26710614562034609,
        "y": 5.280838966369629,
        "z": -0.4039047956466675
    }
}