{
    "_horizontalLines": 18.0,
    "_verticalLines": 16.0,
    "_radius": 0.041463639587163928,
    "_petalColour": {
        "r": 0.5420814156532288,
        "g": 0.018848657608032228,
        "b": 0.6698043346405029,
        "a": 1.0
    },
    "_cylinderVertexCount": 14.0,
    "_stemRadius": 0.008708667010068894,
    "_leafCount": 8.0,
    "_edgeRingCount": 18.0,
    "startPos": {
        "x": 0.0,
        "y": 0.0,
        "z": 0.0
    },
    "tangent1": {
        "x": 0.005133437924087048,
        "y": 1.5784645080566407,
        "z": -0.07067747414112091
    },
    "tangent2": {
        "x": 0.4193284213542938,
        "y": 2.9864320755004885,
        "z": 0.24378030002117158
    },
    "endPos": {
        "x": 0.5970032215118408,
        "y": 5.178884506225586,
        "z": 0.6757736802101135
    }
}