{
    "_horizontalLines": 15.0,
    "_verticalLines": 18.0,
    "_radius": 0.11641746014356613,
    "_petalColour": {
        "r": 0.7001101970672607,
        "g": 0.7262237071990967,
        "b": 0.8794374465942383,
        "a": 1.0
    },
    "_cylinderVertexCount": 6.0,
    "_stemRadius": 0.08419876545667649,
    "_leafCount": 8.0,
    "_edgeRingCount": 22.0,
    "startPos": {
        "x": 0.0,
        "y": 0.0,
        "z": 0.0
    },
    "tangent1": {
        "x": -0.29586243629455569,
        "y": 1.0155572891235352,
        "z": 0.2553795576095581
    },
    "tangent2": {
        "x": -0.4723430275917053,
        "y": 2.9167375564575197,
        "z": -0.1799478828907013
    },
    "endPos": {
        "x": -0.08001387119293213,
        "y": 4.60778284072876,
        "z": -0.7110358476638794
    }
}