{
    "_horizontalLines": 15.0,
    "_verticalLines": 16.0,
    "_radius": 0.02321656420826912,
    "_petalColour": {
        "r": 0.5692228674888611,
        "g": 0.4653612971305847,
        "b": 0.0195310115814209,
        "a": 1.0
    },
    "_cylinderVertexCount": 12.0,
    "_stemRadius": 0.008535157889127732,
    "_leafCount": 8.0,
    "_edgeRingCount": 62.0,
    "startPos": {
        "x": 0.0,
        "y": 0.0,
        "z": 0.0
    },
    "tangent1": {
        "x": 0.16208180785179139,
        "y": 1.5960001945495606,
        "z": 0.0066113946959376339
    },
    "tangent2": {
        "x": -0.043981269001960757,
        "y": 2.678147315979004,
        "z": -0.22543597221374513
    },
    "endPos": {
        "x": 0.5402600169181824,
        "y": 4.0,
        "z": -1.0265100002288819
    }
}