{
    "_horizontalLines": 16.0,
    "_verticalLines": 17.0,
    "_radius": 0.12029694020748139,
    "_petalColour": {
        "r": 0.609984815120697,
        "g": 0.9936697483062744,
        "b": 0.24435138702392579,
        "a": 1.0
    },
    "_cylinderVertexCount": 6.0,
    "_stemRadius": 0.08246883004903794,
    "_leafCount": 8.0,
    "_edgeRingCount": 30.0,
    "startPos": {
        "x": 0.0,
        "y": 0.0,
        "z": 0.0
    },
    "tangent1": {
        "x": 0.4770754873752594,
        "y": 1.3522239923477173,
        "z": -0.45475348830223086
    },
    "tangent2": {
        "x": 0.31535738706588747,
        "y": 2.592154026031494,
        "z": -0.7898082733154297
    },
    "endPos": {
        "x": 0.4458363652229309,
        "y": 4.0,
        "z": -0.3571338355541229
    }
}