{
    "_horizontalLines": 17.0,
    "_verticalLines": 18.0,
    "_radius": 0.1543586105108261,
    "_petalColour": {
        "r": 0.9446189403533936,
        "g": 0.08932161331176758,
        "b": 0.601294219493866,
        "a": 1.0
    },
    "_cylinderVertexCount": 7.0,
    "_stemRadius": 0.11390451341867447,
    "_leafCount": 8.0,
    "_edgeRingCount": 32.0,
    "startPos": {
        "x": 0.0,
        "y": 0.0,
        "z": 0.0
    },
    "tangent1": {
        "x": 0.4979739189147949,
        "y": 1.5912165641784669,
        "z": 0.11405034363269806
    },
    "tangent2": {
        "x": 0.8192298412322998,
        "y": 2.102987766265869,
        "z": -0.2580975890159607
    },
    "endPos": {
        "x": 1.2479218244552613,
        "y": 5.050357818603516,
        "z": 0.4503672122955322
    }
}