{
    "_horizontalLines": 18.0,
    "_verticalLines": 17.0,
    "_radius": 0.08343783020973206,
    "_petalColour": {
        "r": 0.8456553220748901,
        "g": 0.6788620948791504,
        "b": 0.17986583709716798,
        "a": 1.0
    },
    "_cylinderVertexCount": 6.0,
    "_stemRadius": 0.06994856148958206,
    "_leafCount": 8.0,
    "_edgeRingCount": 20.0,
    "startPos": {
        "x": 0.0,
        "y": 0.0,
        "z": 0.0
    },
    "tangent1": {
        "x": 0.2969413697719574,
        "y": 1.0338621139526368,
        "z": -0.28752651810646059
    },
    "tangent2": {
        "x": 0.6452835202217102,
        "y": 1.5177195072174073,
        "z": -0.44472014904022219
    },
    "endPos": {
        "x": 1.2251920700073243,
        "y": 4.0,
        "z": 0.19815003871917725
    }
}