{
    "_horizontalLines": 15.0,
    "_verticalLines": 15.0,
    "_radius": 0.12516851723194123,
    "_petalColour": {
        "r": 0.5836654305458069,
        "g": 0.44445711374282839,
        "b": 0.008293986320495606,
        "a": 1.0
    },
    "_cylinderVertexCount": 8.0,
    "_stemRadius": 0.1038014218211174,
    "_leafCount": 8.0,
    "_edgeRingCount": 58.0,
    "startPos": {
        "x": 0.0,
        "y": 0.0,
        "z": 0.0
    },
    "tangent1": {
        "x": 0.43170127272605898,
        "y": 0.9067661166191101,
        "z": -0.14166827499866486
    },
    "tangent2": {
        "x": 0.2696748971939087,
        "y": 1.5467694997787476,
        "z": -0.39423519372940066
    },
    "endPos": {
        "x": 0.9292149543762207,
        "y": 4.0,
        "z": -0.5692892074584961
    }
}