{
    "_horizontalLines": 19.0,
    "_verticalLines": 16.0,
    "_radius": 0.09088937938213349,
    "_petalColour": {
        "r": 0.5304800868034363,
        "g": 0.656792402267456,
        "b": 0.28179723024368288,
        "a": 1.0
    },
    "_cylinderVertexCount": 7.0,
    "_stemRadius": 0.08190009742975235,
    "_leafCount": 8.0,
    "_edgeRingCount": 61.0,
    "startPos": {
        "x": 0.0,
        "y": 0.0,
        "z": 0.0
    },
    "tangent1": {
        "x": 0.4737328588962555,
        "y": 0.7579211592674255,
        "z": -0.4777907431125641
    },
    "tangent2": {
        "x": 0.8816598653793335,
        "y": 1.2778035402297974,
        "z": -0.35806381702423098
    },
    "endPos": {
        "x": 1.6497564315795899,
        "y": 4.0,
        "z": -0.8748323321342468
    }
}