{
    "_horizontalLines": 19.0,
    "_verticalLines": 16.0,
    "_radius": 0.11918070167303086,
    "_petalColour": {
        "r": 0.26759058237075808,
        "g": 0.1703643798828125,
        "b": 0.8070906400680542,
        "a": 1.0
    },
    "_cylinderVertexCount": 10.0,
    "_stemRadius": 0.07879579812288284,
    "_leafCount": 8.0,
    "_edgeRingCount": 51.0,
    "startPos": {
        "x": 0.0,
        "y": 0.0,
        "z": 0.0
    },
    "tangent1": {
        "x": -0.031597185879945758,
        "y": 0.33895987272262576,
        "z": 0.14586389064788819
    },
    "tangent2": {
        "x": -0.2089134156703949,
        "y": 1.3150711059570313,
        "z": 0.013813808560371399
    },
    "endPos": {
        "x": 0.5902255773544312,
        "y": 4.0,
        "z": 0.35565656423568728
    }
}