{
    "_horizontalLines": 15.0,
    "_verticalLines": 15.0,
    "_radius": 0.015320030972361565,
    "_petalColour": {
        "r": 0.10393178462982178,
        "g": 0.5471897721290588,
        "b": 0.0014852285385131837,
        "a": 1.0
    },
    "_cylinderVertexCount": 5.0,
    "_stemRadius": 0.009428712539374829,
    "_leafCount": 8.0,
    "_edgeRingCount": 26.0,
    "startPos": {
        "x": 0.0,
        "y": 0.0,
        "z": 0.0
    },
    "tangent1": {
        "x": -0.4126415252685547,
        "y": 0.7709657549858093,
        "z": -0.20642761886119843
    },
    "tangent2": {
        "x": -0.46589452028274538,
        "y": 2.675445795059204,
        "z": -0.11060380935668946
    },
    "endPos": {
        "x": 0.39272475242614748,
        "y": 4.0,
        "z": 0.2839280664920807
    }
}