{
    "_horizontalLines": 19.0,
    "_verticalLines": 19.0,
    "_radius": 0.014734246768057347,
    "_petalColour": {
        "r": 0.852686882019043,
        "g": 0.002247452735900879,
        "b": 0.13856303691864015,
        "a": 1.0
    },
    "_cylinderVertexCount": 9.0,
    "_stemRadius": 0.0007131166639737785,
    "_leafCount": 8.0,
    "_edgeRingCount": 18.0,
    "startPos": {
        "x": 0.0,
        "y": 0.0,
        "z": 0.0
    },
    "tangent1": {
        "x": -0.04407234117388725,
        "y": 1.3877372741699219,
        "z": -0.0019670010078698398
    },
    "tangent2": {
        "x": -0.4311619699001312,
        "y": 2.6807379722595217,
        "z": 0.4279007315635681
    },
    "endPos": {
        "x": -0.6194034218788147,
        "y": 5.526665687561035,
        "z": 1.1184260845184327
    }
}