{
    "_horizontalLines": 18.0,
    "_verticalLines": 17.0,
    "_radius": 0.09540361166000366,
    "_petalColour": {
        "r": 0.520715057849884,
        "g": 0.9935235977172852,
        "b": 0.3990265727043152,
        "a": 1.0
    },
    "_cylinderVertexCount": 10.0,
    "_stemRadius": 0.08180942386388779,
    "_leafCount": 8.0,
    "_edgeRingCount": 11.0,
    "startPos": {
        "x": 0.0,
        "y": 0.0,
        "z": 0.0
    },
    "tangent1": {
        "x": 0.23848924040794373,
        "y": 1.2499679327011109,
        "z": 0.00851659756153822
    },
    "tangent2": {
        "x": 0.6169001460075378,
        "y": 1.2796941995620728,
        "z": -0.28444164991378786
    },
    "endPos": {
        "x": 0.6220625042915344,
        "y": 4.0,
        "z": -0.0838208943605423
    }
}