{
    "_horizontalLines": 16.0,
    "_verticalLines": 19.0,
    "_radius": 0.08070861548185349,
    "_petalColour": {
        "r": 0.681137204170227,
        "g": 0.9100965261459351,
        "b": 0.7691012620925903,
        "a": 1.0
    },
    "_cylinderVertexCount": 10.0,
    "_stemRadius": 0.04739396646618843,
    "_leafCount": 8.0,
    "_edgeRingCount": 58.0,
    "startPos": {
        "x": 0.0,
        "y": 0.0,
        "z": 0.0
    },
    "tangent1": {
        "x": 0.4694962501525879,
        "y": 0.6222720146179199,
        "z": -0.16363386809825898
    },
    "tangent2": {
        "x": 0.9308391809463501,
        "y": 1.705319881439209,
        "z": -0.5708271265029907
    },
    "endPos": {
        "x": 1.3604644536972047,
        "y": 5.143445014953613,
        "z": -1.367584228515625
    }
}