{
    "_horizontalLines": 16.0,
    "_verticalLines": 19.0,
    "_radius": 0.06839539855718613,
    "_petalColour": {
        "r": 0.8211557865142822,
        "g": 0.9343386888504028,
        "b": 0.3768334984779358,
        "a": 1.0
    },
    "_cylinderVertexCount": 5.0,
    "_stemRadius": 0.024761881679296495,
    "_leafCount": 8.0,
    "_edgeRingCount": 47.0,
    "startPos": {
        "x": 0.0,
        "y": 0.0,
        "z": 0.0
    },
    "tangent1": {
        "x": 0.1264885663986206,
        "y": 0.11850471794605255,
        "z": -0.04730873182415962
    },
    "tangent2": {
        "x": 0.39024388790130618,
        "y": 1.1049277782440186,
        "z": -0.11707735061645508
    },
    "endPos": {
        "x": 0.0019680559635162355,
        "y": 4.0,
        "z": -0.710784375667572
    }
}