{
    "_horizontalLines": 19.0,
    "_verticalLines": 17.0,
    "_radius": 0.03447970747947693,
    "_petalColour": {
        "r": 0.2694860100746155,
        "g": 0.3210609555244446,
        "b": 0.05755329132080078,
        "a": 1.0
    },
    "_cylinderVertexCount": 10.0,
    "_stemRadius": 0.024833057075738908,
    "_leafCount": 8.0,
    "_edgeRingCount": 4.0,
    "startPos": {
        "x": 0.0,
        "y": 0.0,
        "z": 0.0
    },
    "tangent1": {
        "x": 0.22183585166931153,
        "y": 0.19617100059986115,
        "z": 0.4153866767883301
    },
    "tangent2": {
        "x": 0.518323540687561,
        "y": 0.29251766204833987,
        "z": 0.07500848174095154
    },
    "endPos": {
        "x": 0.37411636114120486,
        "y": 4.0,
        "z": 0.16179627180099488
    }
}