{
    "_horizontalLines": 18.0,
    "_verticalLines": 16.0,
    "_radius": 0.09334873408079148,
    "_petalColour": {
        "r": 0.6548304557800293,
        "g": 0.7472853660583496,
        "b": 0.6513680219650269,
        "a": 1.0
    },
    "_cylinderVertexCount": 6.0,
    "_stemRadius": 0.05445857346057892,
    "_leafCount": 8.0,
    "_edgeRingCount": 54.0,
    "startPos": {
        "x": 0.0,
        "y": 0.0,
        "z": 0.0
    },
    "tangent1": {
        "x": -0.2510406970977783,
        "y": 1.2289031744003297,
        "z": 0.21260833740234376
    },
    "tangent2": {
        "x": -0.5391963720321655,
        "y": 1.635775089263916,
        "z": -0.07356825470924378
    },
    "endPos": {
        "x": 0.32184237241744997,
        "y": 4.0,
        "z": 0.7339210510253906
    }
}