{
    "_horizontalLines": 18.0,
    "_verticalLines": 15.0,
    "_radius": 0.10273947566747666,
    "_petalColour": {
        "r": 0.7654405832290649,
        "g": 0.5650510191917419,
        "b": 0.5355316996574402,
        "a": 1.0
    },
    "_cylinderVertexCount": 14.0,
    "_stemRadius": 0.06377232074737549,
    "_leafCount": 8.0,
    "_edgeRingCount": 27.0,
    "startPos": {
        "x": 0.0,
        "y": 0.0,
        "z": 0.0
    },
    "tangent1": {
        "x": -0.09757785499095917,
        "y": 1.5220218896865845,
        "z": 0.4048495292663574
    },
    "tangent2": {
        "x": -0.3177243173122406,
        "y": 2.1144700050354006,
        "z": 0.8356798887252808
    },
    "endPos": {
        "x": 0.49247345328330996,
        "y": 4.0,
        "z": 1.4713492393493653
    }
}