{
    "_horizontalLines": 18.0,
    "_verticalLines": 15.0,
    "_radius": 0.13952410221099854,
    "_petalColour": {
        "r": 0.5254704356193543,
        "g": 0.5930390954017639,
        "b": 0.28925925493240359,
        "a": 1.0
    },
    "_cylinderVertexCount": 13.0,
    "_stemRadius": 0.09455402940511704,
    "_leafCount": 8.0,
    "_edgeRingCount": 34.0,
    "startPos": {
        "x": 0.0,
        "y": 0.0,
        "z": 0.0
    },
    "tangent1": {
        "x": -0.35392093658447268,
        "y": 0.26704996824264529,
        "z": -0.44736021757125857
    },
    "tangent2": {
        "x": -0.797001838684082,
        "y": 0.36514759063720705,
        "z": -0.831307053565979
    },
    "endPos": {
        "x": -1.1629527807235718,
        "y": 4.0,
        "z": -0.5556932687759399
    }
}