{
    "_horizontalLines": 15.0,
    "_verticalLines": 15.0,
    "_radius": 0.08684314042329788,
    "_petalColour": {
        "r": 0.7976853847503662,
        "g": 0.6050100922584534,
        "b": 0.5298009514808655,
        "a": 1.0
    },
    "_cylinderVertexCount": 7.0,
    "_stemRadius": 0.06681964546442032,
    "_leafCount": 8.0,
    "_edgeRingCount": 5.0,
    "startPos": {
        "x": 0.0,
        "y": 0.0,
        "z": 0.0
    },
    "tangent1": {
        "x": -0.44615134596824648,
        "y": 0.25900763273239138,
        "z": 0.3774726688861847
    },
    "tangent2": {
        "x": -0.5682233572006226,
        "y": 1.5252354145050049,
        "z": 0.647525429725647
    },
    "endPos": {
        "x": -0.6564593315124512,
        "y": 4.0,
        "z": -0.1566685438156128
    }
}