{
    "_horizontalLines": 19.0,
    "_verticalLines": 18.0,
    "_radius": 0.12151075154542923,
    "_petalColour": {
        "r": 0.7014791965484619,
        "g": 0.1462777853012085,
        "b": 0.6345384120941162,
        "a": 1.0
    },
    "_cylinderVertexCount": 9.0,
    "_stemRadius": 0.10725115239620209,
    "_leafCount": 8.0,
    "_edgeRingCount": 26.0,
    "startPos": {
        "x": 0.0,
        "y": 0.0,
        "z": 0.0
    },
    "tangent1": {
        "x": 0.16653355956077577,
        "y": 1.9957596063613892,
        "z": 0.43889158964157107
    },
    "tangent2": {
        "x": -0.14472264051437379,
        "y": 3.6513988971710207,
        "z": 0.49120068550109866
    },
    "endPos": {
        "x": 0.3645588755607605,
        "y": 4.053982734680176,
        "z": 0.4997169077396393
    }
}