{
    "_horizontalLines": 16.0,
    "_verticalLines": 18.0,
    "_radius": 0.07232022285461426,
    "_petalColour": {
        "r": 0.27268606424331667,
        "g": 0.7521589994430542,
        "b": 0.6049661040306091,
        "a": 1.0
    },
    "_cylinderVertexCount": 10.0,
    "_stemRadius": 0.040208540856838229,
    "_leafCount": 8.0,
    "_edgeRingCount": 18.0,
    "startPos": {
        "x": 0.0,
        "y": 0.0,
        "z": 0.0
    },
    "tangent1": {
        "x": -0.11148400604724884,
        "y": 0.35423678159713747,
        "z": 0.2143338918685913
    },
    "tangent2": {
        "x": 0.2751445174217224,
        "y": 1.7747323513031006,
        "z": 0.18650634586811067
    },
    "endPos": {
        "x": -0.580332338809967,
        "y": 5.146144866943359,
        "z": 0.3292786478996277
    }
}