{
    "_horizontalLines": 15.0,
    "_verticalLines": 18.0,
    "_radius": 0.048777610063552859,
    "_petalColour": {
        "r": 0.42532867193222048,
        "g": 0.9136234521865845,
        "b": 0.4331992268562317,
        "a": 1.0
    },
    "_cylinderVertexCount": 8.0,
    "_stemRadius": 0.007371057756245136,
    "_leafCount": 8.0,
    "_edgeRingCount": 57.0,
    "startPos": {
        "x": 0.0,
        "y": 0.0,
        "z": 0.0
    },
    "tangent1": {
        "x": -0.48870420455932619,
        "y": 1.0614633560180665,
        "z": 0.493802934885025
    },
    "tangent2": {
        "x": -0.9226834177970886,
        "y": 2.5218968391418459,
        "z": 0.9828913807868958
    },
    "endPos": {
        "x": -1.079309105873108,
        "y": 5.257417678833008,
        "z": 1.2971076965332032
    }
}