{
    "_horizontalLines": 18.0,
    "_verticalLines": 17.0,
    "_radius": 0.06779196858406067,
    "_petalColour": {
        "r": 0.9245579242706299,
        "g": 0.8959321975708008,
        "b": 0.7019878625869751,
        "a": 1.0
    },
    "_cylinderVertexCount": 8.0,
    "_stemRadius": 0.02477881871163845,
    "_leafCount": 8.0,
    "_edgeRingCount": 8.0,
    "startPos": {
        "x": 0.0,
        "y": 0.0,
        "z": 0.0
    },
    "tangent1": {
        "x": -0.42045480012893679,
        "y": 1.1852840185165406,
        "z": -0.26509928703308108
    },
    "tangent2": {
        "x": -0.7358997464179993,
        "y": 1.4015918970108033,
        "z": -0.5843279361724854
    },
    "endPos": {
        "x": -0.2992152273654938,
        "y": 4.0,
        "z": -1.3359971046447755
    }
}