{
    "_horizontalLines": 15.0,
    "_verticalLines": 16.0,
    "_radius": 0.10753053426742554,
    "_petalColour": {
        "r": 0.19012880325317384,
        "g": 0.530668318271637,
        "b": 0.8250401020050049,
        "a": 1.0
    },
    "_cylinderVertexCount": 9.0,
    "_stemRadius": 0.09834650158882141,
    "_leafCount": 8.0,
    "_edgeRingCount": 60.0,
    "startPos": {
        "x": 0.0,
        "y": 0.0,
        "z": 0.0
    },
    "tangent1": {
        "x": 0.3809930980205536,
        "y": 1.5006781816482545,
        "z": 0.14507125318050385
    },
    "tangent2": {
        "x": 0.05515700578689575,
        "y": 2.480663299560547,
        "z": -0.1248876303434372
    },
    "endPos": {
        "x": -0.1678951531648636,
        "y": 4.0,
        "z": -0.8349838256835938
    }
}