{
    "_horizontalLines": 18.0,
    "_verticalLines": 18.0,
    "_radius": 0.0952247604727745,
    "_petalColour": {
        "r": 0.9193412065505981,
        "g": 0.047350525856018069,
        "b": 0.4547784924507141,
        "a": 1.0
    },
    "_cylinderVertexCount": 12.0,
    "_stemRadius": 0.08516854792833328,
    "_leafCount": 8.0,
    "_edgeRingCount": 57.0,
    "startPos": {
        "x": 0.0,
        "y": 0.0,
        "z": 0.0
    },
    "tangent1": {
        "x": -0.10746221244335175,
        "y": 1.070656180381775,
        "z": -0.4378635287284851
    },
    "tangent2": {
        "x": 0.3384785056114197,
        "y": 2.8830080032348635,
        "z": 0.04811221361160278
    },
    "endPos": {
        "x": 0.35588744282722475,
        "y": 4.0,
        "z": 0.3163747489452362
    }
}