{
    "_horizontalLines": 16.0,
    "_verticalLines": 15.0,
    "_radius": 0.16963797807693482,
    "_petalColour": {
        "r": 0.38215595483779909,
        "g": 0.3519822955131531,
        "b": 0.5784474015235901,
        "a": 1.0
    },
    "_cylinderVertexCount": 5.0,
    "_stemRadius": 0.12476369738578797,
    "_leafCount": 8.0,
    "_edgeRingCount": 34.0,
    "startPos": {
        "x": 0.0,
        "y": 0.0,
        "z": 0.0
    },
    "tangent1": {
        "x": -0.12478061020374298,
        "y": 0.590730607509613,
        "z": 0.04857688024640083
    },
    "tangent2": {
        "x": -0.06606674194335938,
        "y": 0.9361169338226318,
        "z": 0.3267224431037903
    },
    "endPos": {
        "x": 0.6925650238990784,
        "y": 4.0,
        "z": 0.9670007824897766
    }
}