{
    "_horizontalLines": 17.0,
    "_verticalLines": 18.0,
    "_radius": 0.04820144176483154,
    "_petalColour": {
        "r": 0.7067773342132568,
        "g": 0.9040502309799194,
        "b": 0.21615803241729737,
        "a": 1.0
    },
    "_cylinderVertexCount": 12.0,
    "_stemRadius": 0.04399886727333069,
    "_leafCount": 8.0,
    "_edgeRingCount": 24.0,
    "startPos": {
        "x": 0.0,
        "y": 0.0,
        "z": 0.0
    },
    "tangent1": {
        "x": 0.3272331953048706,
        "y": 0.2517663836479187,
        "z": -0.4753846228122711
    },
    "tangent2": {
        "x": 0.013605743646621704,
        "y": 1.4219629764556885,
        "z": -0.5606533288955689
    },
    "endPos": {
        "x": 0.42143815755844118,
        "y": 4.0,
        "z": 0.2907211184501648
    }
}