{
    "_horizontalLines": 16.0,
    "_verticalLines": 19.0,
    "_radius": 0.049603480845689777,
    "_petalColour": {
        "r": 0.5535514950752258,
        "g": 0.25956934690475466,
        "b": 0.0340876579284668,
        "a": 1.0
    },
    "_cylinderVertexCount": 6.0,
    "_stemRadius": 0.04331478849053383,
    "_leafCount": 8.0,
    "_edgeRingCount": 58.0,
    "startPos": {
        "x": 0.0,
        "y": 0.0,
        "z": 0.0
    },
    "tangent1": {
        "x": -0.08441261947154999,
        "y": 0.3794248700141907,
        "z": -0.14088816940784455
    },
    "tangent2": {
        "x": -0.4905666708946228,
        "y": 0.8835742473602295,
        "z": 0.012354403734207154
    },
    "endPos": {
        "x": 0.2329932451248169,
        "y": 4.0,
        "z": -0.07983637601137161
    }
}