{
    "_horizontalLines": 19.0,
    "_verticalLines": 19.0,
    "_radius": 0.10480703413486481,
    "_petalColour": {
        "r": 0.2115265130996704,
        "g": 0.553905189037323,
        "b": 0.24837040901184083,
        "a": 1.0
    },
    "_cylinderVertexCount": 7.0,
    "_stemRadius": 0.08405052870512009,
    "_leafCount": 8.0,
    "_edgeRingCount": 3.0,
    "startPos": {
        "x": 0.0,
        "y": 0.0,
        "z": 0.0
    },
    "tangent1": {
        "x": -0.2394549399614334,
        "y": 0.39640504121780398,
        "z": 0.18117225170135499
    },
    "tangent2": {
        "x": 0.22361163794994355,
        "y": 2.2627499103546144,
        "z": -0.045566871762275699
    },
    "endPos": {
        "x": -0.2121519297361374,
        "y": 4.0,
        "z": -0.31251609325408938
    }
}