{
    "_horizontalLines": 15.0,
    "_verticalLines": 15.0,
    "_radius": 0.06575959920883179,
    "_petalColour": {
        "r": 0.03283584117889404,
        "g": 0.5346203446388245,
        "b": 0.7458624839782715,
        "a": 1.0
    },
    "_cylinderVertexCount": 13.0,
    "_stemRadius": 0.04628376290202141,
    "_leafCount": 8.0,
    "_edgeRingCount": 11.0,
    "startPos": {
        "x": 0.0,
        "y": 0.0,
        "z": 0.0
    },
    "tangent1": {
        "x": 0.2728602886199951,
        "y": 0.5101545453071594,
        "z": 0.17809522151947022
    },
    "tangent2": {
        "x": 0.5777037143707275,
        "y": 1.8293988704681397,
        "z": -0.23057416081428529
    },
    "endPos": {
        "x": 0.7274714708328247,
        "y": 4.093976020812988,
        "z": -0.32798367738723757
    }
}