{
    "_horizontalLines": 15.0,
    "_verticalLines": 15.0,
    "_radius": 0.1291712075471878,
    "_petalColour": {
        "r": 0.4338756203651428,
        "g": 0.8932110071182251,
        "b": 0.036064982414245608,
        "a": 1.0
    },
    "_cylinderVertexCount": 6.0,
    "_stemRadius": 0.08239824324846268,
    "_leafCount": 8.0,
    "_edgeRingCount": 7.0,
    "startPos": {
        "x": 0.0,
        "y": 0.0,
        "z": 0.0
    },
    "tangent1": {
        "x": 0.04321117326617241,
        "y": 1.0285316705703736,
        "z": -0.04526333883404732
    },
    "tangent2": {
        "x": -0.28550806641578677,
        "y": 2.5726771354675295,
        "z": 0.19760151207447053
    },
    "endPos": {
        "x": -0.8959228992462158,
        "y": 5.469826698303223,
        "z": 0.6995914578437805
    }
}