{
    "_horizontalLines": 16.0,
    "_verticalLines": 15.0,
    "_radius": 0.04730560630559921,
    "_petalColour": {
        "r": 0.42898911237716677,
        "g": 0.628429651260376,
        "b": 0.9434789419174194,
        "a": 1.0
    },
    "_cylinderVertexCount": 10.0,
    "_stemRadius": 0.009032701142132283,
    "_leafCount": 8.0,
    "_edgeRingCount": 7.0,
    "startPos": {
        "x": 0.0,
        "y": 0.0,
        "z": 0.0
    },
    "tangent1": {
        "x": -0.04946451261639595,
        "y": 0.4866287112236023,
        "z": 0.03431444242596626
    },
    "tangent2": {
        "x": -0.4541533589363098,
        "y": 1.8510277271270753,
        "z": 0.34784558415412905
    },
    "endPos": {
        "x": -1.2001357078552247,
        "y": 4.529847145080566,
        "z": -0.4562499225139618
    }
}