{
    "_horizontalLines": 18.0,
    "_verticalLines": 17.0,
    "_radius": 0.10017218440771103,
    "_petalColour": {
        "r": 0.5689032673835754,
        "g": 0.27778667211532595,
        "b": 0.5623393654823303,
        "a": 1.0
    },
    "_cylinderVertexCount": 10.0,
    "_stemRadius": 0.0634772852063179,
    "_leafCount": 8.0,
    "_edgeRingCount": 59.0,
    "startPos": {
        "x": 0.0,
        "y": 0.0,
        "z": 0.0
    },
    "tangent1": {
        "x": 0.4983454644680023,
        "y": 0.36540335416793826,
        "z": 0.20791101455688477
    },
    "tangent2": {
        "x": 0.25804024934768679,
        "y": 1.8640837669372559,
        "z": 0.23048658668994904
    },
    "endPos": {
        "x": 0.4600462317466736,
        "y": 4.0,
        "z": 0.42174339294433596
    }
}