{
    "_horizontalLines": 19.0,
    "_verticalLines": 15.0,
    "_radius": 0.09157257527112961,
    "_petalColour": {
        "r": 0.14802396297454835,
        "g": 0.03871464729309082,
        "b": 0.6459668874740601,
        "a": 1.0
    },
    "_cylinderVertexCount": 9.0,
    "_stemRadius": 0.06722361594438553,
    "_leafCount": 8.0,
    "_edgeRingCount": 58.0,
    "startPos": {
        "x": 0.0,
        "y": 0.0,
        "z": 0.0
    },
    "tangent1": {
        "x": -0.32499638199806216,
        "y": 0.9664996862411499,
        "z": 0.3726026713848114
    },
    "tangent2": {
        "x": -0.36691948771476748,
        "y": 0.9936643242835999,
        "z": 0.6033893823623657
    },
    "endPos": {
        "x": -0.8132919073104858,
        "y": 4.0,
        "z": -0.15606588125228883
    }
}