{
    "_horizontalLines": 18.0,
    "_verticalLines": 16.0,
    "_radius": 0.08307451754808426,
    "_petalColour": {
        "r": 0.27987462282180788,
        "g": 0.898505449295044,
        "b": 0.03985786437988281,
        "a": 1.0
    },
    "_cylinderVertexCount": 11.0,
    "_stemRadius": 0.047065626829862598,
    "_leafCount": 8.0,
    "_edgeRingCount": 64.0,
    "startPos": {
        "x": 0.0,
        "y": 0.0,
        "z": 0.0
    },
    "tangent1": {
        "x": 0.26332545280456545,
        "y": 1.428414225578308,
        "z": -0.189731165766716
    },
    "tangent2": {
        "x": 0.7573567628860474,
        "y": 2.659010887145996,
        "z": -0.36101341247558596
    },
    "endPos": {
        "x": 0.8002089858055115,
        "y": 4.0,
        "z": -0.6067754030227661
    }
}