{
    "_horizontalLines": 16.0,
    "_verticalLines": 17.0,
    "_radius": 0.08932746946811676,
    "_petalColour": {
        "r": 0.6218345761299133,
        "g": 0.5084910988807678,
        "b": 0.8674952983856201,
        "a": 1.0
    },
    "_cylinderVertexCount": 12.0,
    "_stemRadius": 0.06068950891494751,
    "_leafCount": 8.0,
    "_edgeRingCount": 28.0,
    "startPos": {
        "x": 0.0,
        "y": 0.0,
        "z": 0.0
    },
    "tangent1": {
        "x": -0.18995289504528047,
        "y": 1.9406852722167969,
        "z": -0.3367328643798828
    },
    "tangent2": {
        "x": 0.11613304913043976,
        "y": 2.0613739490509035,
        "z": -0.01844349503517151
    },
    "endPos": {
        "x": 0.0810011476278305,
        "y": 4.0,
        "z": 0.12910376489162446
    }
}