{
    "_horizontalLines": 15.0,
    "_verticalLines": 15.0,
    "_radius": 0.0843307375907898,
    "_petalColour": {
        "r": 0.436989963054657,
        "g": 0.5040143132209778,
        "b": 0.9336448907852173,
        "a": 1.0
    },
    "_cylinderVertexCount": 13.0,
    "_stemRadius": 0.0628621056675911,
    "_leafCount": 8.0,
    "_edgeRingCount": 15.0,
    "startPos": {
        "x": 0.0,
        "y": 0.0,
        "z": 0.0
    },
    "tangent1": {
        "x": 0.0923742800951004,
        "y": 0.5957182049751282,
        "z": 0.14830563962459565
    },
    "tangent2": {
        "x": -0.02046188712120056,
        "y": 2.2257819175720217,
        "z": 0.5035374760627747
    },
    "endPos": {
        "x": -0.36994409561157229,
        "y": 4.0,
        "z": 1.054961919784546
    }
}