{
    "_horizontalLines": 18.0,
    "_verticalLines": 19.0,
    "_radius": 0.053180135786533359,
    "_petalColour": {
        "r": 0.23600661754608155,
        "g": 0.03624880313873291,
        "b": 0.7095659971237183,
        "a": 1.0
    },
    "_cylinderVertexCount": 5.0,
    "_stemRadius": 0.026270786300301553,
    "_leafCount": 8.0,
    "_edgeRingCount": 56.0,
    "startPos": {
        "x": 0.0,
        "y": 0.0,
        "z": 0.0
    },
    "tangent1": {
        "x": 0.08414249122142792,
        "y": 1.967067003250122,
        "z": 0.20618867874145509
    },
    "tangent2": {
        "x": -0.009579896926879883,
        "y": 3.6443910598754885,
        "z": 0.06505589187145233
    },
    "endPos": {
        "x": 0.5568286180496216,
        "y": 6.080077648162842,
        "z": 0.5814278721809387
    }
}