{
    "_horizontalLines": 19.0,
    "_verticalLines": 17.0,
    "_radius": 0.10828623920679093,
    "_petalColour": {
        "r": 0.04828464984893799,
        "g": 0.4752545952796936,
        "b": 0.9706616401672363,
        "a": 1.0
    },
    "_cylinderVertexCount": 11.0,
    "_stemRadius": 0.10467763245105744,
    "_leafCount": 8.0,
    "_edgeRingCount": 55.0,
    "startPos": {
        "x": 0.0,
        "y": 0.0,
        "z": 0.0
    },
    "tangent1": {
        "x": 0.18528269231319428,
        "y": 1.877751111984253,
        "z": -0.39584216475486758
    },
    "tangent2": {
        "x": 0.6098175644874573,
        "y": 3.416398525238037,
        "z": -0.32751429080963137
    },
    "endPos": {
        "x": 0.029430270195007325,
        "y": 5.563261985778809,
        "z": -0.7828210592269898
    }
}