{
    "_horizontalLines": 18.0,
    "_verticalLines": 18.0,
    "_radius": 0.023681089282035829,
    "_petalColour": {
        "r": 0.16830408573150636,
        "g": 0.005435824394226074,
        "b": 0.6519976854324341,
        "a": 1.0
    },
    "_cylinderVertexCount": 9.0,
    "_stemRadius": 0.01981542259454727,
    "_leafCount": 8.0,
    "_edgeRingCount": 4.0,
    "startPos": {
        "x": 0.0,
        "y": 0.0,
        "z": 0.0
    },
    "tangent1": {
        "x": 0.3276139199733734,
        "y": 1.2915664911270142,
        "z": -0.48616352677345278
    },
    "tangent2": {
        "x": 0.5830841064453125,
        "y": 1.9595023393630982,
        "z": -0.33511751890182497
    },
    "endPos": {
        "x": 1.3503873348236085,
        "y": 4.0,
        "z": -0.7720459699630737
    }
}