{
    "_horizontalLines": 16.0,
    "_verticalLines": 17.0,
    "_radius": 0.07887327671051026,
    "_petalColour": {
        "r": 0.17305541038513184,
        "g": 0.7758420705795288,
        "b": 0.12053298950195313,
        "a": 1.0
    },
    "_cylinderVertexCount": 10.0,
    "_stemRadius": 0.06182191148400307,
    "_leafCount": 8.0,
    "_edgeRingCount": 40.0,
    "startPos": {
        "x": 0.0,
        "y": 0.0,
        "z": 0.0
    },
    "tangent1": {
        "x": 0.4160023629665375,
        "y": 0.6144220232963562,
        "z": -0.14321355521678925
    },
    "tangent2": {
        "x": 0.8234353065490723,
        "y": 1.9750580787658692,
        "z": -0.5307286977767944
    },
    "endPos": {
        "x": 0.99892657995224,
        "y": 4.0,
        "z": -0.13910508155822755
    }
}