{
    "_horizontalLines": 17.0,
    "_verticalLines": 19.0,
    "_radius": 0.09936479479074478,
    "_petalColour": {
        "r": 0.07064878940582276,
        "g": 0.3170362114906311,
        "b": 0.2189502716064453,
        "a": 1.0
    },
    "_cylinderVertexCount": 11.0,
    "_stemRadius": 0.08197092264890671,
    "_leafCount": 8.0,
    "_edgeRingCount": 15.0,
    "startPos": {
        "x": 0.0,
        "y": 0.0,
        "z": 0.0
    },
    "tangent1": {
        "x": -0.37977513670921328,
        "y": 1.2998214960098267,
        "z": -0.336704820394516
    },
    "tangent2": {
        "x": -0.7025439143180847,
        "y": 3.1872856616973879,
        "z": -0.1892704963684082
    },
    "endPos": {
        "x": -0.20536783337593079,
        "y": 5.896980285644531,
        "z": 0.4322162866592407
    }
}