{
    "_horizontalLines": 17.0,
    "_verticalLines": 17.0,
    "_radius": 0.14388197660446168,
    "_petalColour": {
        "r": 0.29803019762039187,
        "g": 0.19244849681854249,
        "b": 0.828877329826355,
        "a": 1.0
    },
    "_cylinderVertexCount": 13.0,
    "_stemRadius": 0.10847257822751999,
    "_leafCount": 8.0,
    "_edgeRingCount": 3.0,
    "startPos": {
        "x": 0.0,
        "y": 0.0,
        "z": 0.0
    },
    "tangent1": {
        "x": 0.014056730084121228,
        "y": 0.7668803930282593,
        "z": 0.20738720893859864
    },
    "tangent2": {
        "x": 0.3477366864681244,
        "y": 0.8231549859046936,
        "z": 0.0033196955919265749
    },
    "endPos": {
        "x": 0.34283095598220827,
        "y": 4.0,
        "z": -0.5215291976928711
    }
}