{
    "_horizontalLines": 17.0,
    "_verticalLines": 18.0,
    "_radius": 0.10341648012399674,
    "_petalColour": {
        "r": 0.7688547372817993,
        "g": 0.00020611286163330078,
        "b": 0.2781206965446472,
        "a": 1.0
    },
    "_cylinderVertexCount": 5.0,
    "_stemRadius": 0.09217430651187897,
    "_leafCount": 8.0,
    "_edgeRingCount": 64.0,
    "startPos": {
        "x": 0.0,
        "y": 0.0,
        "z": 0.0
    },
    "tangent1": {
        "x": 0.03561811521649361,
        "y": 1.1085071563720704,
        "z": 0.13496264815330506
    },
    "tangent2": {
        "x": 0.14194750785827638,
        "y": 2.192232608795166,
        "z": 0.1776977926492691
    },
    "endPos": {
        "x": 0.06662318855524063,
        "y": 4.0,
        "z": 0.8469313979148865
    }
}