{
    "_horizontalLines": 18.0,
    "_verticalLines": 19.0,
    "_radius": 0.06617536395788193,
    "_petalColour": {
        "r": 0.8738490343093872,
        "g": 0.4691619277000427,
        "b": 0.24623751640319825,
        "a": 1.0
    },
    "_cylinderVertexCount": 11.0,
    "_stemRadius": 0.039198022335767749,
    "_leafCount": 8.0,
    "_edgeRingCount": 17.0,
    "startPos": {
        "x": 0.0,
        "y": 0.0,
        "z": 0.0
    },
    "tangent1": {
        "x": -0.13770361244678498,
        "y": 0.16883297264575959,
        "z": 0.0776389092206955
    },
    "tangent2": {
        "x": -0.30303215980529787,
        "y": 1.5426104068756104,
        "z": 0.2743498682975769
    },
    "endPos": {
        "x": -0.6568059921264648,
        "y": 4.0,
        "z": 0.8171491026878357
    }
}