{
    "_horizontalLines": 15.0,
    "_verticalLines": 17.0,
    "_radius": 0.08075445890426636,
    "_petalColour": {
        "r": 0.9093489646911621,
        "g": 0.7604577541351318,
        "b": 0.36402851343154909,
        "a": 1.0
    },
    "_cylinderVertexCount": 13.0,
    "_stemRadius": 0.03517119213938713,
    "_leafCount": 8.0,
    "_edgeRingCount": 4.0,
    "startPos": {
        "x": 0.0,
        "y": 0.0,
        "z": 0.0
    },
    "tangent1": {
        "x": -0.48529577255249026,
        "y": 0.9280085563659668,
        "z": 0.45169371366500857
    },
    "tangent2": {
        "x": -0.014864921569824219,
        "y": 1.2748568058013917,
        "z": 0.2011772096157074
    },
    "endPos": {
        "x": -0.13641150295734406,
        "y": 4.0,
        "z": 0.8912899494171143
    }
}