{
    "_horizontalLines": 16.0,
    "_verticalLines": 15.0,
    "_radius": 0.10149011015892029,
    "_petalColour": {
        "r": 0.9886370897293091,
        "g": 0.06615090370178223,
        "b": 0.361579954624176,
        "a": 1.0
    },
    "_cylinderVertexCount": 13.0,
    "_stemRadius": 0.10084263235330582,
    "_leafCount": 8.0,
    "_edgeRingCount": 38.0,
    "startPos": {
        "x": 0.0,
        "y": 0.0,
        "z": 0.0
    },
    "tangent1": {
        "x": -0.20754356682300569,
        "y": 1.8776557445526124,
        "z": -0.4474180340766907
    },
    "tangent2": {
        "x": -0.4346320629119873,
        "y": 2.6469993591308595,
        "z": -0.36348724365234377
    },
    "endPos": {
        "x": -0.13577470183372498,
        "y": 4.0,
        "z": 0.0730082094669342
    }
}