{
    "_horizontalLines": 17.0,
    "_verticalLines": 18.0,
    "_radius": 0.10730335116386414,
    "_petalColour": {
        "r": 0.8568174839019775,
        "g": 0.5972375273704529,
        "b": 0.43435531854629519,
        "a": 1.0
    },
    "_cylinderVertexCount": 8.0,
    "_stemRadius": 0.07459065318107605,
    "_leafCount": 8.0,
    "_edgeRingCount": 43.0,
    "startPos": {
        "x": 0.0,
        "y": 0.0,
        "z": 0.0
    },
    "tangent1": {
        "x": -0.3771437704563141,
        "y": 1.3508377075195313,
        "z": -0.48941534757614138
    },
    "tangent2": {
        "x": 0.09200748801231384,
        "y": 3.2394399642944338,
        "z": -0.23904427886009217
    },
    "endPos": {
        "x": -0.7248905897140503,
        "y": 4.960513591766357,
        "z": 0.042598068714141849
    }
}