{
    "_horizontalLines": 15.0,
    "_verticalLines": 16.0,
    "_radius": 0.08948037773370743,
    "_petalColour": {
        "r": 0.916967511177063,
        "g": 0.06919264793395996,
        "b": 0.7789946794509888,
        "a": 1.0
    },
    "_cylinderVertexCount": 12.0,
    "_stemRadius": 0.03969544172286987,
    "_leafCount": 8.0,
    "_edgeRingCount": 60.0,
    "startPos": {
        "x": 0.0,
        "y": 0.0,
        "z": 0.0
    },
    "tangent1": {
        "x": 0.12782275676727296,
        "y": 0.9720268249511719,
        "z": 0.4374581277370453
    },
    "tangent2": {
        "x": 0.17969362437725068,
        "y": 1.9775629043579102,
        "z": 0.37513068318367007
    },
    "endPos": {
        "x": 0.03529980778694153,
        "y": 4.45884895324707,
        "z": 0.447380006313324
    }
}