{
    "_horizontalLines": 16.0,
    "_verticalLines": 15.0,
    "_radius": 0.10468039661645889,
    "_petalColour": {
        "r": 0.9469398260116577,
        "g": 0.21557998657226563,
        "b": 0.18169093132019044,
        "a": 1.0
    },
    "_cylinderVertexCount": 10.0,
    "_stemRadius": 0.07723932713270188,
    "_leafCount": 8.0,
    "_edgeRingCount": 33.0,
    "startPos": {
        "x": 0.0,
        "y": 0.0,
        "z": 0.0
    },
    "tangent1": {
        "x": 0.491250216960907,
        "y": 1.7834746837615967,
        "z": -0.06424494087696076
    },
    "tangent2": {
        "x": 0.4842555522918701,
        "y": 3.245600700378418,
        "z": 0.22794727981090547
    },
    "endPos": {
        "x": 1.1161164045333863,
        "y": 4.0,
        "z": -0.4398406744003296
    }
}