{
    "_horizontalLines": 18.0,
    "_verticalLines": 15.0,
    "_radius": 0.12702783942222596,
    "_petalColour": {
        "r": 0.36878007650375368,
        "g": 0.8714313507080078,
        "b": 0.679439902305603,
        "a": 1.0
    },
    "_cylinderVertexCount": 5.0,
    "_stemRadius": 0.0866413563489914,
    "_leafCount": 8.0,
    "_edgeRingCount": 8.0,
    "startPos": {
        "x": 0.0,
        "y": 0.0,
        "z": 0.0
    },
    "tangent1": {
        "x": 0.3480890989303589,
        "y": 1.165085792541504,
        "z": -0.18662624061107636
    },
    "tangent2": {
        "x": -0.13841822743415833,
        "y": 1.8439233303070069,
        "z": -0.37611207365989687
    },
    "endPos": {
        "x": -0.5154638290405273,
        "y": 4.0,
        "z": -1.238891363143921
    }
}