{
    "_horizontalLines": 18.0,
    "_verticalLines": 17.0,
    "_radius": 0.11441367119550705,
    "_petalColour": {
        "r": 0.36341506242752077,
        "g": 0.9847183227539063,
        "b": 0.08291816711425781,
        "a": 1.0
    },
    "_cylinderVertexCount": 8.0,
    "_stemRadius": 0.07665199786424637,
    "_leafCount": 8.0,
    "_edgeRingCount": 8.0,
    "startPos": {
        "x": 0.0,
        "y": 0.0,
        "z": 0.0
    },
    "tangent1": {
        "x": -0.14788870513439179,
        "y": 1.1029729843139649,
        "z": -0.1866282969713211
    },
    "tangent2": {
        "x": -0.6155468225479126,
        "y": 1.6382043361663819,
        "z": -0.20355430245399476
    },
    "endPos": {
        "x": -0.8134514093399048,
        "y": 4.594026565551758,
        "z": -0.619339108467102
    }
}