{
    "_horizontalLines": 16.0,
    "_verticalLines": 19.0,
    "_radius": 0.06189388036727905,
    "_petalColour": {
        "r": 0.22974348068237306,
        "g": 0.8719580173492432,
        "b": 0.3628142476081848,
        "a": 1.0
    },
    "_cylinderVertexCount": 10.0,
    "_stemRadius": 0.024290261790156366,
    "_leafCount": 8.0,
    "_edgeRingCount": 48.0,
    "startPos": {
        "x": 0.0,
        "y": 0.0,
        "z": 0.0
    },
    "tangent1": {
        "x": 0.02644939348101616,
        "y": 1.7828060388565064,
        "z": 0.16911481320858003
    },
    "tangent2": {
        "x": -0.03895959630608559,
        "y": 3.160762310028076,
        "z": 0.668959379196167
    },
    "endPos": {
        "x": -0.7587493062019348,
        "y": 5.05889368057251,
        "z": 0.7325456738471985
    }
}