{
    "_horizontalLines": 17.0,
    "_verticalLines": 18.0,
    "_radius": 0.05579862371087074,
    "_petalColour": {
        "r": 0.5524422526359558,
        "g": 0.5751977562904358,
        "b": 0.08497297763824463,
        "a": 1.0
    },
    "_cylinderVertexCount": 14.0,
    "_stemRadius": 0.0228886716067791,
    "_leafCount": 8.0,
    "_edgeRingCount": 59.0,
    "startPos": {
        "x": 0.0,
        "y": 0.0,
        "z": 0.0
    },
    "tangent1": {
        "x": -0.03189868852496147,
        "y": 1.7140541076660157,
        "z": -0.3483200967311859
    },
    "tangent2": {
        "x": -0.43202686309814455,
        "y": 2.7070462703704836,
        "z": 0.09286943078041077
    },
    "endPos": {
        "x": -0.3879670202732086,
        "y": 5.7712578773498539,
        "z": 0.1737315058708191
    }
}