{
    "_horizontalLines": 15.0,
    "_verticalLines": 17.0,
    "_radius": 0.04447197914123535,
    "_petalColour": {
        "r": 0.6576673984527588,
        "g": 0.581925094127655,
        "b": 0.4624210000038147,
        "a": 1.0
    },
    "_cylinderVertexCount": 12.0,
    "_stemRadius": 0.012759638950228691,
    "_leafCount": 8.0,
    "_edgeRingCount": 20.0,
    "startPos": {
        "x": 0.0,
        "y": 0.0,
        "z": 0.0
    },
    "tangent1": {
        "x": 0.12133388221263886,
        "y": 0.2565982937812805,
        "z": -0.2529202401638031
    },
    "tangent2": {
        "x": 0.01880583167076111,
        "y": 1.3181164264678956,
        "z": 0.17100191116333009
    },
    "endPos": {
        "x": 0.8817484378814697,
        "y": 4.0,
        "z": -0.10605540871620178
    }
}