{
    "_horizontalLines": 15.0,
    "_verticalLines": 17.0,
    "_radius": 0.11677376925945282,
    "_petalColour": {
        "r": 0.8092483282089233,
        "g": 0.9378807544708252,
        "b": 0.46992117166519167,
        "a": 1.0
    },
    "_cylinderVertexCount": 11.0,
    "_stemRadius": 0.06936279684305191,
    "_leafCount": 8.0,
    "_edgeRingCount": 52.0,
    "startPos": {
        "x": 0.0,
        "y": 0.0,
        "z": 0.0
    },
    "tangent1": {
        "x": 0.4259486198425293,
        "y": 0.011400031857192517,
        "z": -0.4785095155239105
    },
    "tangent2": {
        "x": 0.43610161542892458,
        "y": 1.8959790468215943,
        "z": -0.03925865888595581
    },
    "endPos": {
        "x": 0.9475815296173096,
        "y": 4.0,
        "z": 0.0506235733628273
    }
}