{
    "_horizontalLines": 16.0,
    "_verticalLines": 18.0,
    "_radius": 0.14439600706100465,
    "_petalColour": {
        "r": 0.018502235412597657,
        "g": 0.03277873992919922,
        "b": 0.08844661712646485,
        "a": 1.0
    },
    "_cylinderVertexCount": 9.0,
    "_stemRadius": 0.10765130817890167,
    "_leafCount": 8.0,
    "_edgeRingCount": 15.0,
    "startPos": {
        "x": 0.0,
        "y": 0.0,
        "z": 0.0
    },
    "tangent1": {
        "x": -0.384345144033432,
        "y": 0.5669812560081482,
        "z": -0.2776450216770172
    },
    "tangent2": {
        "x": -0.5716775059700012,
        "y": 1.6742362976074219,
        "z": -0.532468318939209
    },
    "endPos": {
        "x": -0.6584267616271973,
        "y": 4.0,
        "z": -0.13987630605697633
    }
}