{
    "_horizontalLines": 16.0,
    "_verticalLines": 18.0,
    "_radius": 0.11468363553285599,
    "_petalColour": {
        "r": 0.03619515895843506,
        "g": 0.5349724888801575,
        "b": 0.047310590744018558,
        "a": 1.0
    },
    "_cylinderVertexCount": 13.0,
    "_stemRadius": 0.08688841760158539,
    "_leafCount": 8.0,
    "_edgeRingCount": 15.0,
    "startPos": {
        "x": 0.0,
        "y": 0.0,
        "z": 0.0
    },
    "tangent1": {
        "x": -0.47288647294044497,
        "y": 1.4043974876403809,
        "z": 0.15942132472991944
    },
    "tangent2": {
        "x": -0.5786792039871216,
        "y": 1.8126280307769776,
        "z": 0.5849400758743286
    },
    "endPos": {
        "x": -0.04224807024002075,
        "y": 5.191488742828369,
        "z": 1.334496021270752
    }
}