{
    "_horizontalLines": 18.0,
    "_verticalLines": 18.0,
    "_radius": 0.06412376463413239,
    "_petalColour": {
        "r": 0.10872530937194824,
        "g": 0.38020020723342898,
        "b": 0.6844528913497925,
        "a": 1.0
    },
    "_cylinderVertexCount": 11.0,
    "_stemRadius": 0.030781760811805726,
    "_leafCount": 8.0,
    "_edgeRingCount": 30.0,
    "startPos": {
        "x": 0.0,
        "y": 0.0,
        "z": 0.0
    },
    "tangent1": {
        "x": 0.23312053084373475,
        "y": 0.9985610842704773,
        "z": -0.05689578130841255
    },
    "tangent2": {
        "x": 0.07689513266086579,
        "y": 2.07696795463562,
        "z": -0.43415990471839907
    },
    "endPos": {
        "x": -0.7148109078407288,
        "y": 5.181549072265625,
        "z": -1.141400694847107
    }
}