{
    "_horizontalLines": 17.0,
    "_verticalLines": 17.0,
    "_radius": 0.11992418020963669,
    "_petalColour": {
        "r": 0.9515348672866821,
        "g": 0.7192879915237427,
        "b": 0.48697513341903689,
        "a": 1.0
    },
    "_cylinderVertexCount": 5.0,
    "_stemRadius": 0.07281601428985596,
    "_leafCount": 8.0,
    "_edgeRingCount": 59.0,
    "startPos": {
        "x": 0.0,
        "y": 0.0,
        "z": 0.0
    },
    "tangent1": {
        "x": 0.40128040313720705,
        "y": 1.4094399213790894,
        "z": -0.1040831059217453
    },
    "tangent2": {
        "x": 0.8302792310714722,
        "y": 1.8322789669036866,
        "z": 0.1946154087781906
    },
    "endPos": {
        "x": 1.5190086364746094,
        "y": 4.0,
        "z": 0.29067492485046389
    }
}