{
    "_horizontalLines": 18.0,
    "_verticalLines": 19.0,
    "_radius": 0.07019852101802826,
    "_petalColour": {
        "r": 0.9291346073150635,
        "g": 0.7958853244781494,
        "b": 0.014802217483520508,
        "a": 1.0
    },
    "_cylinderVertexCount": 10.0,
    "_stemRadius": 0.03463808074593544,
    "_leafCount": 8.0,
    "_edgeRingCount": 57.0,
    "startPos": {
        "x": 0.0,
        "y": 0.0,
        "z": 0.0
    },
    "tangent1": {
        "x": -0.42405739426612856,
        "y": 1.9224205017089844,
        "z": 0.48263224959373476
    },
    "tangent2": {
        "x": -0.733547568321228,
        "y": 2.8743677139282228,
        "z": 0.5654968023300171
    },
    "endPos": {
        "x": -0.09602570533752442,
        "y": 5.1564412117004398,
        "z": 0.39560145139694216
    }
}