{
    "_horizontalLines": 16.0,
    "_verticalLines": 18.0,
    "_radius": 0.1312304586172104,
    "_petalColour": {
        "r": 0.6212077736854553,
        "g": 0.11120212078094483,
        "b": 0.11598312854766846,
        "a": 1.0
    },
    "_cylinderVertexCount": 6.0,
    "_stemRadius": 0.10286374390125275,
    "_leafCount": 8.0,
    "_edgeRingCount": 9.0,
    "startPos": {
        "x": 0.0,
        "y": 0.0,
        "z": 0.0
    },
    "tangent1": {
        "x": 0.10713748633861542,
        "y": 1.5155010223388672,
        "z": 0.423433780670166
    },
    "tangent2": {
        "x": -0.20707054436206819,
        "y": 1.750575304031372,
        "z": 0.8285280466079712
    },
    "endPos": {
        "x": -0.9453115463256836,
        "y": 4.0,
        "z": 0.3553929030895233
    }
}