{
    "_horizontalLines": 19.0,
    "_verticalLines": 17.0,
    "_radius": 0.07789111137390137,
    "_petalColour": {
        "r": 0.9923126697540283,
        "g": 0.7756475210189819,
        "b": 0.9851224422454834,
        "a": 1.0
    },
    "_cylinderVertexCount": 13.0,
    "_stemRadius": 0.029323603957891465,
    "_leafCount": 8.0,
    "_edgeRingCount": 24.0,
    "startPos": {
        "x": 0.0,
        "y": 0.0,
        "z": 0.0
    },
    "tangent1": {
        "x": -0.3937416970729828,
        "y": 1.8756427764892579,
        "z": -0.30587825179100039
    },
    "tangent2": {
        "x": -0.6866208910942078,
        "y": 3.162297248840332,
        "z": -0.7088656425476074
    },
    "endPos": {
        "x": -0.5476915836334229,
        "y": 4.0,
        "z": -0.25258350372314455
    }
}