{
    "_horizontalLines": 16.0,
    "_verticalLines": 15.0,
    "_radius": 0.0994315817952156,
    "_petalColour": {
        "r": 0.16443145275115968,
        "g": 0.10807240009307862,
        "b": 0.13260257244110108,
        "a": 1.0
    },
    "_cylinderVertexCount": 11.0,
    "_stemRadius": 0.06333419680595398,
    "_leafCount": 8.0,
    "_edgeRingCount": 38.0,
    "startPos": {
        "x": 0.0,
        "y": 0.0,
        "z": 0.0
    },
    "tangent1": {
        "x": 0.30752667784690859,
        "y": 1.9627819061279297,
        "z": 0.4037747383117676
    },
    "tangent2": {
        "x": 0.7451974153518677,
        "y": 3.633347749710083,
        "z": 0.287354052066803
    },
    "endPos": {
        "x": 1.0621248483657838,
        "y": 5.950320243835449,
        "z": 0.14891164004802705
    }
}