{
    "_horizontalLines": 15.0,
    "_verticalLines": 19.0,
    "_radius": 0.0481802299618721,
    "_petalColour": {
        "r": 0.05980050563812256,
        "g": 0.03505074977874756,
        "b": 0.2442772388458252,
        "a": 1.0
    },
    "_cylinderVertexCount": 7.0,
    "_stemRadius": 0.024106035009026529,
    "_leafCount": 8.0,
    "_edgeRingCount": 40.0,
    "startPos": {
        "x": 0.0,
        "y": 0.0,
        "z": 0.0
    },
    "tangent1": {
        "x": -0.20981864631175996,
        "y": 1.08733332157135,
        "z": 0.09289602935314179
    },
    "tangent2": {
        "x": -0.20208382606506349,
        "y": 1.8999396562576295,
        "z": -0.07434606552124024
    },
    "endPos": {
        "x": -1.0136852264404297,
        "y": 4.0,
        "z": -0.09568033367395401
    }
}