{
    "_horizontalLines": 17.0,
    "_verticalLines": 16.0,
    "_radius": 0.1324390023946762,
    "_petalColour": {
        "r": 0.1470029354095459,
        "g": 0.10574328899383545,
        "b": 0.450497567653656,
        "a": 1.0
    },
    "_cylinderVertexCount": 10.0,
    "_stemRadius": 0.09490275382995606,
    "_leafCount": 8.0,
    "_edgeRingCount": 32.0,
    "startPos": {
        "x": 0.0,
        "y": 0.0,
        "z": 0.0
    },
    "tangent1": {
        "x": 0.4114314019680023,
        "y": 1.8681389093399048,
        "z": -0.47017621994018557
    },
    "tangent2": {
        "x": 0.44001510739326479,
        "y": 3.3662772178649904,
        "z": -0.9371228218078613
    },
    "endPos": {
        "x": -0.10261210799217224,
        "y": 5.418968200683594,
        "z": -1.8106416463851929
    }
}