{
    "_horizontalLines": 18.0,
    "_verticalLines": 16.0,
    "_radius": 0.03535430505871773,
    "_petalColour": {
        "r": 0.7217249870300293,
        "g": 0.7779364585876465,
        "b": 0.6619076728820801,
        "a": 1.0
    },
    "_cylinderVertexCount": 5.0,
    "_stemRadius": 0.014609746634960175,
    "_leafCount": 8.0,
    "_edgeRingCount": 60.0,
    "startPos": {
        "x": 0.0,
        "y": 0.0,
        "z": 0.0
    },
    "tangent1": {
        "x": 0.058985281735658649,
        "y": 0.5739163756370544,
        "z": -0.28605279326438906
    },
    "tangent2": {
        "x": 0.5155691504478455,
        "y": 1.0133435726165772,
        "z": 0.10195055603981018
    },
    "endPos": {
        "x": 0.16272303462028504,
        "y": 4.0,
        "z": 0.33427125215530398
    }
}