{
    "_horizontalLines": 18.0,
    "_verticalLines": 18.0,
    "_radius": 0.07058136910200119,
    "_petalColour": {
        "r": 0.23296022415161134,
        "g": 0.24509406089782716,
        "b": 0.7641633749008179,
        "a": 1.0
    },
    "_cylinderVertexCount": 6.0,
    "_stemRadius": 0.06585556268692017,
    "_leafCount": 8.0,
    "_edgeRingCount": 40.0,
    "startPos": {
        "x": 0.0,
        "y": 0.0,
        "z": 0.0
    },
    "tangent1": {
        "x": -0.34831666946411135,
        "y": 1.4391807317733765,
        "z": -0.3683399260044098
    },
    "tangent2": {
        "x": -0.42711716890335085,
        "y": 3.1946258544921877,
        "z": 0.042108625173568729
    },
    "endPos": {
        "x": -0.2090035229921341,
        "y": 4.121102809906006,
        "z": 0.18469275534152986
    }
}