{
    "_horizontalLines": 18.0,
    "_verticalLines": 15.0,
    "_radius": 0.07429417967796326,
    "_petalColour": {
        "r": 0.6852859258651733,
        "g": 0.9554756879806519,
        "b": 0.7427401542663574,
        "a": 1.0
    },
    "_cylinderVertexCount": 9.0,
    "_stemRadius": 0.0597565621137619,
    "_leafCount": 8.0,
    "_edgeRingCount": 12.0,
    "startPos": {
        "x": 0.0,
        "y": 0.0,
        "z": 0.0
    },
    "tangent1": {
        "x": -0.43607673048973086,
        "y": 1.8420989513397217,
        "z": -0.1419810801744461
    },
    "tangent2": {
        "x": -0.04549252986907959,
        "y": 3.7748818397521974,
        "z": -0.03676581382751465
    },
    "endPos": {
        "x": 0.7348684668540955,
        "y": 4.719980716705322,
        "z": 0.31881704926490786
    }
}