{
    "_horizontalLines": 19.0,
    "_verticalLines": 16.0,
    "_radius": 0.09738272428512573,
    "_petalColour": {
        "r": 0.7587071657180786,
        "g": 0.46289271116256716,
        "b": 0.9998805522918701,
        "a": 1.0
    },
    "_cylinderVertexCount": 12.0,
    "_stemRadius": 0.04919663071632385,
    "_leafCount": 8.0,
    "_edgeRingCount": 21.0,
    "startPos": {
        "x": 0.0,
        "y": 0.0,
        "z": 0.0
    },
    "tangent1": {
        "x": 0.3243502378463745,
        "y": 0.652009904384613,
        "z": -0.14917297661304475
    },
    "tangent2": {
        "x": 0.20931370556354524,
        "y": 1.448702096939087,
        "z": 0.06634728610515595
    },
    "endPos": {
        "x": -0.1346912533044815,
        "y": 4.0,
        "z": 0.6623395085334778
    }
}