{
    "_horizontalLines": 17.0,
    "_verticalLines": 15.0,
    "_radius": 0.14590588212013246,
    "_petalColour": {
        "r": 0.4930264353752136,
        "g": 0.0010824203491210938,
        "b": 0.7893033027648926,
        "a": 1.0
    },
    "_cylinderVertexCount": 6.0,
    "_stemRadius": 0.10472229868173599,
    "_leafCount": 8.0,
    "_edgeRingCount": 50.0,
    "startPos": {
        "x": 0.0,
        "y": 0.0,
        "z": 0.0
    },
    "tangent1": {
        "x": 0.23291921615600587,
        "y": 1.0673103332519532,
        "z": -0.03788428381085396
    },
    "tangent2": {
        "x": 0.11612038314342499,
        "y": 2.3125338554382326,
        "z": 0.263746440410614
    },
    "endPos": {
        "x": -0.6296820640563965,
        "y": 5.327411651611328,
        "z": 0.3086167871952057
    }
}