{
    "_horizontalLines": 19.0,
    "_verticalLines": 17.0,
    "_radius": 0.037019308656454089,
    "_petalColour": {
        "r": 0.8838931322097778,
        "g": 0.977859377861023,
        "b": 0.4093782305717468,
        "a": 1.0
    },
    "_cylinderVertexCount": 6.0,
    "_stemRadius": 0.01981401816010475,
    "_leafCount": 8.0,
    "_edgeRingCount": 12.0,
    "startPos": {
        "x": 0.0,
        "y": 0.0,
        "z": 0.0
    },
    "tangent1": {
        "x": 0.3500996530056,
        "y": 0.3762208819389343,
        "z": 0.2612931728363037
    },
    "tangent2": {
        "x": 0.6593804359436035,
        "y": 1.3082002401351929,
        "z": 0.5205124616622925
    },
    "endPos": {
        "x": 1.2103219032287598,
        "y": 4.404675483703613,
        "z": 1.240825891494751
    }
}