{
    "_horizontalLines": 19.0,
    "_verticalLines": 15.0,
    "_radius": 0.11085914075374603,
    "_petalColour": {
        "r": 0.5530981421470642,
        "g": 0.329933226108551,
        "b": 0.4940350651741028,
        "a": 1.0
    },
    "_cylinderVertexCount": 10.0,
    "_stemRadius": 0.06762096285820008,
    "_leafCount": 8.0,
    "_edgeRingCount": 45.0,
    "startPos": {
        "x": 0.0,
        "y": 0.0,
        "z": 0.0
    },
    "tangent1": {
        "x": -0.09342451393604279,
        "y": 0.39867955446243288,
        "z": -0.039215851575136188
    },
    "tangent2": {
        "x": -0.21548309922218324,
        "y": 0.8114128112792969,
        "z": -0.3279436230659485
    },
    "endPos": {
        "x": -0.840682864189148,
        "y": 4.0,
        "z": -0.517197847366333
    }
}