{
    "_horizontalLines": 16.0,
    "_verticalLines": 17.0,
    "_radius": 0.13229405879974366,
    "_petalColour": {
        "r": 0.020026206970214845,
        "g": 0.7067389488220215,
        "b": 0.17708098888397218,
        "a": 1.0
    },
    "_cylinderVertexCount": 12.0,
    "_stemRadius": 0.08636561781167984,
    "_leafCount": 8.0,
    "_edgeRingCount": 9.0,
    "startPos": {
        "x": 0.0,
        "y": 0.0,
        "z": 0.0
    },
    "tangent1": {
        "x": 0.47134295105934145,
        "y": 1.8701118230819703,
        "z": 0.26399001479148867
    },
    "tangent2": {
        "x": 0.6297155618667603,
        "y": 3.5284056663513185,
        "z": 0.40358883142471316
    },
    "endPos": {
        "x": 0.5314498543739319,
        "y": 6.300000190734863,
        "z": 0.41147276759147646
    }
}