{
    "_horizontalLines": 19.0,
    "_verticalLines": 18.0,
    "_radius": 0.07643596827983856,
    "_petalColour": {
        "r": 0.8574469089508057,
        "g": 0.33285921812057497,
        "b": 0.029271721839904786,
        "a": 1.0
    },
    "_cylinderVertexCount": 6.0,
    "_stemRadius": 0.044621799141168597,
    "_leafCount": 8.0,
    "_edgeRingCount": 51.0,
    "startPos": {
        "x": 0.0,
        "y": 0.0,
        "z": 0.0
    },
    "tangent1": {
        "x": 0.37587928771972659,
        "y": 1.5578986406326295,
        "z": -0.15427593886852265
    },
    "tangent2": {
        "x": 0.09190550446510315,
        "y": 2.5333547592163088,
        "z": -0.5305076241493225
    },
    "endPos": {
        "x": 0.7122147083282471,
        "y": 4.0,
        "z": -0.1263313591480255
    }
}