{
    "_horizontalLines": 18.0,
    "_verticalLines": 15.0,
    "_radius": 0.08337259292602539,
    "_petalColour": {
        "r": 0.9299132823944092,
        "g": 0.861767053604126,
        "b": 0.8970193862915039,
        "a": 1.0
    },
    "_cylinderVertexCount": 6.0,
    "_stemRadius": 0.05756213515996933,
    "_leafCount": 8.0,
    "_edgeRingCount": 7.0,
    "startPos": {
        "x": 0.0,
        "y": 0.0,
        "z": 0.0
    },
    "tangent1": {
        "x": -0.339303582906723,
        "y": 0.4985772967338562,
        "z": 0.4265526831150055
    },
    "tangent2": {
        "x": -0.3622719347476959,
        "y": 1.155112385749817,
        "z": 0.733457088470459
    },
    "endPos": {
        "x": -1.123350739479065,
        "y": 4.08269739151001,
        "z": 0.6386534571647644
    }
}