{
    "_horizontalLines": 19.0,
    "_verticalLines": 19.0,
    "_radius": 0.06231057643890381,
    "_petalColour": {
        "r": 0.10383367538452149,
        "g": 0.35972386598587038,
        "b": 0.3949773907661438,
        "a": 1.0
    },
    "_cylinderVertexCount": 11.0,
    "_stemRadius": 0.04625396430492401,
    "_leafCount": 8.0,
    "_edgeRingCount": 36.0,
    "startPos": {
        "x": 0.0,
        "y": 0.0,
        "z": 0.0
    },
    "tangent1": {
        "x": -0.2786574363708496,
        "y": 0.7887114882469177,
        "z": -0.42745551466941836
    },
    "tangent2": {
        "x": 0.06381157040596008,
        "y": 1.8047409057617188,
        "z": 0.060209572315216067
    },
    "endPos": {
        "x": -0.5452769994735718,
        "y": 5.069974899291992,
        "z": 0.3933968245983124
    }
}