{
    "_horizontalLines": 15.0,
    "_verticalLines": 15.0,
    "_radius": 0.13589990139007569,
    "_petalColour": {
        "r": 0.38284701108932497,
        "g": 0.44589608907699587,
        "b": 0.6815943717956543,
        "a": 1.0
    },
    "_cylinderVertexCount": 14.0,
    "_stemRadius": 0.11448737978935242,
    "_leafCount": 8.0,
    "_edgeRingCount": 9.0,
    "startPos": {
        "x": 0.0,
        "y": 0.0,
        "z": 0.0
    },
    "tangent1": {
        "x": -0.32854822278022768,
        "y": 1.904619574546814,
        "z": 0.01821141317486763
    },
    "tangent2": {
        "x": -0.021641433238983156,
        "y": 3.4631354808807375,
        "z": -0.3480210602283478
    },
    "endPos": {
        "x": -0.3752721846103668,
        "y": 6.300000190734863,
        "z": -0.6602168679237366
    }
}