{
    "_horizontalLines": 16.0,
    "_verticalLines": 16.0,
    "_radius": 0.08226831257343292,
    "_petalColour": {
        "r": 0.0856161117553711,
        "g": 0.8181419372558594,
        "b": 0.19185614585876466,
        "a": 1.0
    },
    "_cylinderVertexCount": 14.0,
    "_stemRadius": 0.059883780777454379,
    "_leafCount": 8.0,
    "_edgeRingCount": 44.0,
    "startPos": {
        "x": 0.0,
        "y": 0.0,
        "z": 0.0
    },
    "tangent1": {
        "x": -0.006490754894912243,
        "y": 0.6269640922546387,
        "z": -0.08468417823314667
    },
    "tangent2": {
        "x": 0.19525177776813508,
        "y": 1.098512887954712,
        "z": -0.30338773131370547
    },
    "endPos": {
        "x": -0.2511657476425171,
        "y": 4.0,
        "z": 0.3303769528865814
    }
}