{
    "_horizontalLines": 16.0,
    "_verticalLines": 16.0,
    "_radius": 0.07450468093156815,
    "_petalColour": {
        "r": 0.7235026359558106,
        "g": 0.6970808506011963,
        "b": 0.17786133289337159,
        "a": 1.0
    },
    "_cylinderVertexCount": 7.0,
    "_stemRadius": 0.034188464283943179,
    "_leafCount": 8.0,
    "_edgeRingCount": 35.0,
    "startPos": {
        "x": 0.0,
        "y": 0.0,
        "z": 0.0
    },
    "tangent1": {
        "x": -0.41459140181541445,
        "y": 1.3656734228134156,
        "z": 0.40464648604393008
    },
    "tangent2": {
        "x": -0.4029522240161896,
        "y": 2.1697616577148439,
        "z": 0.038789451122283939
    },
    "endPos": {
        "x": -0.9645165205001831,
        "y": 5.007891654968262,
        "z": -0.4529799818992615
    }
}