{
    "_horizontalLines": 18.0,
    "_verticalLines": 18.0,
    "_radius": 0.10841540992259979,
    "_petalColour": {
        "r": 0.7206512689590454,
        "g": 0.387590229511261,
        "b": 0.8398138284683228,
        "a": 1.0
    },
    "_cylinderVertexCount": 8.0,
    "_stemRadius": 0.09158819913864136,
    "_leafCount": 8.0,
    "_edgeRingCount": 37.0,
    "startPos": {
        "x": 0.0,
        "y": 0.0,
        "z": 0.0
    },
    "tangent1": {
        "x": 0.49965763092041018,
        "y": 0.07366867363452912,
        "z": -0.17402319610118867
    },
    "tangent2": {
        "x": 0.9047305583953857,
        "y": 1.5636593103408814,
        "z": -0.014413416385650635
    },
    "endPos": {
        "x": 0.5960220098495483,
        "y": 4.0,
        "z": -0.33216193318367007
    }
}