{
    "_horizontalLines": 15.0,
    "_verticalLines": 19.0,
    "_radius": 0.13159972429275514,
    "_petalColour": {
        "r": 0.7565712928771973,
        "g": 0.9189414978027344,
        "b": 0.8443994522094727,
        "a": 1.0
    },
    "_cylinderVertexCount": 8.0,
    "_stemRadius": 0.1123664602637291,
    "_leafCount": 8.0,
    "_edgeRingCount": 28.0,
    "startPos": {
        "x": 0.0,
        "y": 0.0,
        "z": 0.0
    },
    "tangent1": {
        "x": -0.30950117111206057,
        "y": 1.058359146118164,
        "z": 0.254246324300766
    },
    "tangent2": {
        "x": -0.5173855423927307,
        "y": 2.0496764183044435,
        "z": -0.11383581161499024
    },
    "endPos": {
        "x": -1.359853744506836,
        "y": 4.0,
        "z": -0.21636202931404115
    }
}