{
    "_horizontalLines": 16.0,
    "_verticalLines": 19.0,
    "_radius": 0.052008405327796939,
    "_petalColour": {
        "r": 0.1273059844970703,
        "g": 0.3817065358161926,
        "b": 0.6678551435470581,
        "a": 1.0
    },
    "_cylinderVertexCount": 6.0,
    "_stemRadius": 0.021324364468455316,
    "_leafCount": 8.0,
    "_edgeRingCount": 45.0,
    "startPos": {
        "x": 0.0,
        "y": 0.0,
        "z": 0.0
    },
    "tangent1": {
        "x": 0.10392804443836212,
        "y": 0.8536283373832703,
        "z": 0.048636484891176227
    },
    "tangent2": {
        "x": 0.4035946726799011,
        "y": 1.5016484260559083,
        "z": 0.4414280354976654
    },
    "endPos": {
        "x": -0.39991068840026858,
        "y": 4.0,
        "z": -0.2666395604610443
    }
}