{
    "_horizontalLines": 17.0,
    "_verticalLines": 19.0,
    "_radius": 0.09195365756750107,
    "_petalColour": {
        "r": 0.9472310543060303,
        "g": 0.6456494331359863,
        "b": 0.8940980434417725,
        "a": 1.0
    },
    "_cylinderVertexCount": 11.0,
    "_stemRadius": 0.049772582948207858,
    "_leafCount": 8.0,
    "_edgeRingCount": 17.0,
    "startPos": {
        "x": 0.0,
        "y": 0.0,
        "z": 0.0
    },
    "tangent1": {
        "x": 0.03954725340008736,
        "y": 1.9355316162109376,
        "z": -0.08234377205371857
    },
    "tangent2": {
        "x": -0.4003351926803589,
        "y": 3.3758950233459474,
        "z": -0.09373751282691956
    },
    "endPos": {
        "x": -0.4836778938770294,
        "y": 4.674441814422607,
        "z": 0.7035205364227295
    }
}