{
    "_horizontalLines": 16.0,
    "_verticalLines": 19.0,
    "_radius": 0.11286182701587677,
    "_petalColour": {
        "r": 0.31487149000167849,
        "g": 0.48124879598617556,
        "b": 0.9114958047866821,
        "a": 1.0
    },
    "_cylinderVertexCount": 7.0,
    "_stemRadius": 0.06705762445926666,
    "_leafCount": 8.0,
    "_edgeRingCount": 58.0,
    "startPos": {
        "x": 0.0,
        "y": 0.0,
        "z": 0.0
    },
    "tangent1": {
        "x": 0.0231962688267231,
        "y": 0.9300815463066101,
        "z": -0.15356330573558808
    },
    "tangent2": {
        "x": -0.0216982364654541,
        "y": 2.738701105117798,
        "z": -0.019707873463630678
    },
    "endPos": {
        "x": -0.5710582733154297,
        "y": 5.3156232833862309,
        "z": -0.7009435892105103
    }
}