{
    "_horizontalLines": 16.0,
    "_verticalLines": 16.0,
    "_radius": 0.049121491611003879,
    "_petalColour": {
        "r": 0.6569544076919556,
        "g": 0.6477416753768921,
        "b": 0.9232975244522095,
        "a": 1.0
    },
    "_cylinderVertexCount": 6.0,
    "_stemRadius": 0.017682895064353944,
    "_leafCount": 8.0,
    "_edgeRingCount": 63.0,
    "startPos": {
        "x": 0.0,
        "y": 0.0,
        "z": 0.0
    },
    "tangent1": {
        "x": 0.043825577944517139,
        "y": 1.7047897577285767,
        "z": 0.3501986265182495
    },
    "tangent2": {
        "x": 0.5164412260055542,
        "y": 2.104076862335205,
        "z": 0.5791068077087402
    },
    "endPos": {
        "x": 1.173738956451416,
        "y": 4.690250873565674,
        "z": -0.03972280025482178
    }
}