{
    "_horizontalLines": 19.0,
    "_verticalLines": 18.0,
    "_radius": 0.09064324200153351,
    "_petalColour": {
        "r": 0.1934967041015625,
        "g": 0.6871479749679565,
        "b": 0.5992392897605896,
        "a": 1.0
    },
    "_cylinderVertexCount": 11.0,
    "_stemRadius": 0.07384246587753296,
    "_leafCount": 8.0,
    "_edgeRingCount": 16.0,
    "startPos": {
        "x": 0.0,
        "y": 0.0,
        "z": 0.0
    },
    "tangent1": {
        "x": 0.4606735110282898,
        "y": 0.6266006231307983,
        "z": -0.14000506699085236
    },
    "tangent2": {
        "x": 0.11435547471046448,
        "y": 1.2244277000427247,
        "z": -0.22122064232826234
    },
    "endPos": {
        "x": 0.094868965446949,
        "y": 4.704827308654785,
        "z": -0.4411068558692932
    }
}