{
    "_horizontalLines": 18.0,
    "_verticalLines": 15.0,
    "_radius": 0.10656426101922989,
    "_petalColour": {
        "r": 0.26420706510543826,
        "g": 0.7749865055084229,
        "b": 0.33407527208328249,
        "a": 1.0
    },
    "_cylinderVertexCount": 11.0,
    "_stemRadius": 0.0631539449095726,
    "_leafCount": 8.0,
    "_edgeRingCount": 31.0,
    "startPos": {
        "x": 0.0,
        "y": 0.0,
        "z": 0.0
    },
    "tangent1": {
        "x": -0.3511382043361664,
        "y": 0.16708774864673615,
        "z": 0.02229933813214302
    },
    "tangent2": {
        "x": 0.11512231826782227,
        "y": 0.8875894546508789,
        "z": 0.3697578012943268
    },
    "endPos": {
        "x": -0.05496160686016083,
        "y": 4.0,
        "z": 0.08564615249633789
    }
}