{
    "_horizontalLines": 18.0,
    "_verticalLines": 18.0,
    "_radius": 0.11696010828018189,
    "_petalColour": {
        "r": 0.4986721873283386,
        "g": 0.5241708159446716,
        "b": 0.544360339641571,
        "a": 1.0
    },
    "_cylinderVertexCount": 5.0,
    "_stemRadius": 0.09966102242469788,
    "_leafCount": 8.0,
    "_edgeRingCount": 53.0,
    "startPos": {
        "x": 0.0,
        "y": 0.0,
        "z": 0.0
    },
    "tangent1": {
        "x": -0.31200048327445986,
        "y": 1.7022686004638672,
        "z": 0.42736807465553286
    },
    "tangent2": {
        "x": 0.06564414501190186,
        "y": 3.144437789916992,
        "z": -0.027888566255569459
    },
    "endPos": {
        "x": -0.5008082389831543,
        "y": 4.0,
        "z": 0.7822387218475342
    }
}