{
    "_horizontalLines": 15.0,
    "_verticalLines": 19.0,
    "_radius": 0.026234548538923265,
    "_petalColour": {
        "r": 0.991763710975647,
        "g": 0.7240891456604004,
        "b": 0.9077255725860596,
        "a": 1.0
    },
    "_cylinderVertexCount": 9.0,
    "_stemRadius": 0.007845267653465271,
    "_leafCount": 8.0,
    "_edgeRingCount": 58.0,
    "startPos": {
        "x": 0.0,
        "y": 0.0,
        "z": 0.0
    },
    "tangent1": {
        "x": 0.04234366491436958,
        "y": 0.03366584703326225,
        "z": 0.1676153987646103
    },
    "tangent2": {
        "x": 0.14374542236328126,
        "y": 0.11659470200538635,
        "z": 0.46174532175064089
    },
    "endPos": {
        "x": 0.42393890023231509,
        "y": 4.0,
        "z": 0.6848739385604858
    }
}