{
    "_horizontalLines": 15.0,
    "_verticalLines": 18.0,
    "_radius": 0.06434444338083267,
    "_petalColour": {
        "r": 0.6345714330673218,
        "g": 0.049048423767089847,
        "b": 0.5696200728416443,
        "a": 1.0
    },
    "_cylinderVertexCount": 11.0,
    "_stemRadius": 0.04195414483547211,
    "_leafCount": 8.0,
    "_edgeRingCount": 54.0,
    "startPos": {
        "x": 0.0,
        "y": 0.0,
        "z": 0.0
    },
    "tangent1": {
        "x": 0.29940614104270937,
        "y": 1.664635419845581,
        "z": 0.1568274348974228
    },
    "tangent2": {
        "x": 0.07298164069652558,
        "y": 2.155764579772949,
        "z": -0.14592038094997407
    },
    "endPos": {
        "x": 0.6979181170463562,
        "y": 4.0,
        "z": 0.3936772346496582
    }
}