{
    "_horizontalLines": 15.0,
    "_verticalLines": 16.0,
    "_radius": 0.053157612681388858,
    "_petalColour": {
        "r": 0.6682864427566528,
        "g": 0.2916615605354309,
        "b": 0.17610013484954835,
        "a": 1.0
    },
    "_cylinderVertexCount": 8.0,
    "_stemRadius": 0.02469000592827797,
    "_leafCount": 8.0,
    "_edgeRingCount": 41.0,
    "startPos": {
        "x": 0.0,
        "y": 0.0,
        "z": 0.0
    },
    "tangent1": {
        "x": 0.41784563660621645,
        "y": 1.9428867101669312,
        "z": -0.30184078216552737
    },
    "tangent2": {
        "x": 0.22925277054309846,
        "y": 3.1243224143981935,
        "z": -0.27025145292282107
    },
    "endPos": {
        "x": -0.2234603613615036,
        "y": 4.0,
        "z": -0.38321542739868166
    }
}