{
    "_horizontalLines": 17.0,
    "_verticalLines": 15.0,
    "_radius": 0.11507023870944977,
    "_petalColour": {
        "r": 0.6483138799667358,
        "g": 0.3429024815559387,
        "b": 0.8192458152770996,
        "a": 1.0
    },
    "_cylinderVertexCount": 11.0,
    "_stemRadius": 0.08949173986911774,
    "_leafCount": 8.0,
    "_edgeRingCount": 34.0,
    "startPos": {
        "x": 0.0,
        "y": 0.0,
        "z": 0.0
    },
    "tangent1": {
        "x": 0.18161867558956147,
        "y": 0.06820698082447052,
        "z": -0.16220645606517793
    },
    "tangent2": {
        "x": 0.32961222529411318,
        "y": 1.8856592178344727,
        "z": -0.417134165763855
    },
    "endPos": {
        "x": 0.0511091947555542,
        "y": 4.0,
        "z": -1.0794540643692017
    }
}