{
    "_horizontalLines": 15.0,
    "_verticalLines": 16.0,
    "_radius": 0.0996544286608696,
    "_petalColour": {
        "r": 0.884485125541687,
        "g": 0.6956735849380493,
        "b": 0.8939061164855957,
        "a": 1.0
    },
    "_cylinderVertexCount": 6.0,
    "_stemRadius": 0.07845806330442429,
    "_leafCount": 8.0,
    "_edgeRingCount": 41.0,
    "startPos": {
        "x": 0.0,
        "y": 0.0,
        "z": 0.0
    },
    "tangent1": {
        "x": 0.46663761138916018,
        "y": 1.8820148706436158,
        "z": -0.21680764853954316
    },
    "tangent2": {
        "x": 0.4453267455101013,
        "y": 2.149214267730713,
        "z": -0.37039923667907717
    },
    "endPos": {
        "x": 0.7940256595611572,
        "y": 4.0,
        "z": -1.0234062671661378
    }
}