{
    "_horizontalLines": 15.0,
    "_verticalLines": 19.0,
    "_radius": 0.08806242793798447,
    "_petalColour": {
        "r": 0.8718032836914063,
        "g": 0.26490432024002077,
        "b": 0.6151303648948669,
        "a": 1.0
    },
    "_cylinderVertexCount": 10.0,
    "_stemRadius": 0.08306799083948136,
    "_leafCount": 8.0,
    "_edgeRingCount": 26.0,
    "startPos": {
        "x": 0.0,
        "y": 0.0,
        "z": 0.0
    },
    "tangent1": {
        "x": 0.03541154786944389,
        "y": 0.4999740719795227,
        "z": -0.44814157485961916
    },
    "tangent2": {
        "x": -0.33616477251052859,
        "y": 1.5618293285369874,
        "z": -0.15448486804962159
    },
    "endPos": {
        "x": 0.46033525466918948,
        "y": 4.0,
        "z": -0.5333465337753296
    }
}