{
    "_horizontalLines": 19.0,
    "_verticalLines": 15.0,
    "_radius": 0.03622698783874512,
    "_petalColour": {
        "r": 0.6241894364356995,
        "g": 0.0347825288772583,
        "b": 0.24571919441223145,
        "a": 1.0
    },
    "_cylinderVertexCount": 5.0,
    "_stemRadius": 0.03524988144636154,
    "_leafCount": 8.0,
    "_edgeRingCount": 61.0,
    "startPos": {
        "x": 0.0,
        "y": 0.0,
        "z": 0.0
    },
    "tangent1": {
        "x": 0.10359950363636017,
        "y": 1.3180431127548218,
        "z": -0.06758375465869904
    },
    "tangent2": {
        "x": -0.03922662138938904,
        "y": 3.2824180126190187,
        "z": -0.10540390014648438
    },
    "endPos": {
        "x": -0.43838995695114138,
        "y": 4.351806640625,
        "z": -0.13196399807929994
    }
}