{
    "_horizontalLines": 18.0,
    "_verticalLines": 18.0,
    "_radius": 0.06381672620773316,
    "_petalColour": {
        "r": 0.14812684059143067,
        "g": 0.481788694858551,
        "b": 0.5996050238609314,
        "a": 1.0
    },
    "_cylinderVertexCount": 10.0,
    "_stemRadius": 0.019218778237700464,
    "_leafCount": 8.0,
    "_edgeRingCount": 11.0,
    "startPos": {
        "x": 0.0,
        "y": 0.0,
        "z": 0.0
    },
    "tangent1": {
        "x": 0.1403551995754242,
        "y": 1.9791206121444703,
        "z": -0.11911197006702423
    },
    "tangent2": {
        "x": -0.3270495533943176,
        "y": 3.6538047790527345,
        "z": -0.06188059225678444
    },
    "endPos": {
        "x": -0.7960614562034607,
        "y": 4.0,
        "z": -0.4979245364665985
    }
}