{
    "_horizontalLines": 16.0,
    "_verticalLines": 15.0,
    "_radius": 0.03936687856912613,
    "_petalColour": {
        "r": 0.9830282926559448,
        "g": 0.920103907585144,
        "b": 0.9137094020843506,
        "a": 1.0
    },
    "_cylinderVertexCount": 8.0,
    "_stemRadius": 0.03290418162941933,
    "_leafCount": 8.0,
    "_edgeRingCount": 28.0,
    "startPos": {
        "x": 0.0,
        "y": 0.0,
        "z": 0.0
    },
    "tangent1": {
        "x": 0.2293717861175537,
        "y": 0.6647189855575562,
        "z": -0.05707888677716255
    },
    "tangent2": {
        "x": 0.6857945919036865,
        "y": 0.948434054851532,
        "z": -0.5004314184188843
    },
    "endPos": {
        "x": 0.5117501616477966,
        "y": 4.0,
        "z": -0.21733936667442323
    }
}