{
    "_horizontalLines": 19.0,
    "_verticalLines": 18.0,
    "_radius": 0.12224647402763367,
    "_petalColour": {
        "r": 0.805094838142395,
        "g": 0.4349505305290222,
        "b": 0.7884542942047119,
        "a": 1.0
    },
    "_cylinderVertexCount": 8.0,
    "_stemRadius": 0.10066629201173783,
    "_leafCount": 8.0,
    "_edgeRingCount": 57.0,
    "startPos": {
        "x": 0.0,
        "y": 0.0,
        "z": 0.0
    },
    "tangent1": {
        "x": -0.1756163090467453,
        "y": 0.513109564781189,
        "z": 0.3912965953350067
    },
    "tangent2": {
        "x": 0.15045998990535737,
        "y": 0.7025615572929382,
        "z": 0.5028247237205505
    },
    "endPos": {
        "x": -0.11594204604625702,
        "y": 4.0,
        "z": 0.6478455066680908
    }
}