{
    "_horizontalLines": 19.0,
    "_verticalLines": 15.0,
    "_radius": 0.08347883075475693,
    "_petalColour": {
        "r": 0.6178036332130432,
        "g": 0.5127649903297424,
        "b": 0.39277344942092898,
        "a": 1.0
    },
    "_cylinderVertexCount": 11.0,
    "_stemRadius": 0.04693717509508133,
    "_leafCount": 8.0,
    "_edgeRingCount": 54.0,
    "startPos": {
        "x": 0.0,
        "y": 0.0,
        "z": 0.0
    },
    "tangent1": {
        "x": -0.08906455338001251,
        "y": 0.7784541845321655,
        "z": 0.0558345802128315
    },
    "tangent2": {
        "x": 0.007130712270736694,
        "y": 2.1223723888397219,
        "z": 0.48052817583084109
    },
    "endPos": {
        "x": 0.21519656479358674,
        "y": 4.0,
        "z": -0.28724777698516848
    }
}