{
    "_horizontalLines": 15.0,
    "_verticalLines": 18.0,
    "_radius": 0.08595778793096543,
    "_petalColour": {
        "r": 0.7784134149551392,
        "g": 0.5597410798072815,
        "b": 0.9482952356338501,
        "a": 1.0
    },
    "_cylinderVertexCount": 9.0,
    "_stemRadius": 0.053318485617637637,
    "_leafCount": 8.0,
    "_edgeRingCount": 13.0,
    "startPos": {
        "x": 0.0,
        "y": 0.0,
        "z": 0.0
    },
    "tangent1": {
        "x": 0.2331005036830902,
        "y": 1.8497406244277955,
        "z": 0.356050580739975
    },
    "tangent2": {
        "x": 0.5832198858261108,
        "y": 3.2372887134552,
        "z": -0.09822225570678711
    },
    "endPos": {
        "x": 0.5097985863685608,
        "y": 5.487362861633301,
        "z": 0.3510613739490509
    }
}