{
    "_horizontalLines": 17.0,
    "_verticalLines": 16.0,
    "_radius": 0.04965360835194588,
    "_petalColour": {
        "r": 0.7405139207839966,
        "g": 0.3295876383781433,
        "b": 0.3381980061531067,
        "a": 1.0
    },
    "_cylinderVertexCount": 8.0,
    "_stemRadius": 0.04003323242068291,
    "_leafCount": 8.0,
    "_edgeRingCount": 57.0,
    "startPos": {
        "x": 0.0,
        "y": 0.0,
        "z": 0.0
    },
    "tangent1": {
        "x": -0.03685254976153374,
        "y": 1.978854775428772,
        "z": -0.22106699645519257
    },
    "tangent2": {
        "x": 0.04464483633637428,
        "y": 2.683901309967041,
        "z": 0.11188511550426483
    },
    "endPos": {
        "x": 0.40301960706710818,
        "y": 6.047091484069824,
        "z": 0.2785845994949341
    }
}