{
    "_horizontalLines": 16.0,
    "_verticalLines": 16.0,
    "_radius": 0.0932963415980339,
    "_petalColour": {
        "r": 0.4162946343421936,
        "g": 0.9091227054595947,
        "b": 0.7200548648834229,
        "a": 1.0
    },
    "_cylinderVertexCount": 10.0,
    "_stemRadius": 0.0464266836643219,
    "_leafCount": 8.0,
    "_edgeRingCount": 45.0,
    "startPos": {
        "x": 0.0,
        "y": 0.0,
        "z": 0.0
    },
    "tangent1": {
        "x": 0.3703310191631317,
        "y": 0.5705608129501343,
        "z": 0.06612367928028107
    },
    "tangent2": {
        "x": 0.8530246019363403,
        "y": 1.336376428604126,
        "z": -0.11255177855491638
    },
    "endPos": {
        "x": 0.4405636489391327,
        "y": 4.0,
        "z": -0.6701371669769287
    }
}