{
    "_horizontalLines": 15.0,
    "_verticalLines": 16.0,
    "_radius": 0.0782390609383583,
    "_petalColour": {
        "r": 0.7446013689041138,
        "g": 0.4114980101585388,
        "b": 0.49701374769210818,
        "a": 1.0
    },
    "_cylinderVertexCount": 11.0,
    "_stemRadius": 0.031203122809529306,
    "_leafCount": 8.0,
    "_edgeRingCount": 45.0,
    "startPos": {
        "x": 0.0,
        "y": 0.0,
        "z": 0.0
    },
    "tangent1": {
        "x": 0.14019069075584413,
        "y": 0.13914985954761506,
        "z": 0.4819066524505615
    },
    "tangent2": {
        "x": 0.30259257555007937,
        "y": 0.5671294927597046,
        "z": 0.8464226722717285
    },
    "endPos": {
        "x": 0.5678869485855103,
        "y": 4.0,
        "z": 0.3457227945327759
    }
}