{
    "_horizontalLines": 17.0,
    "_verticalLines": 17.0,
    "_radius": 0.05000828579068184,
    "_petalColour": {
        "r": 0.1802997589111328,
        "g": 0.2991294264793396,
        "b": 0.9384181499481201,
        "a": 1.0
    },
    "_cylinderVertexCount": 13.0,
    "_stemRadius": 0.04612097144126892,
    "_leafCount": 8.0,
    "_edgeRingCount": 7.0,
    "startPos": {
        "x": 0.0,
        "y": 0.0,
        "z": 0.0
    },
    "tangent1": {
        "x": 0.00938959140330553,
        "y": 0.7472192645072937,
        "z": -0.48452186584472659
    },
    "tangent2": {
        "x": 0.46400222182273867,
        "y": 1.1320457458496094,
        "z": -0.14842882752418519
    },
    "endPos": {
        "x": -0.07406565546989441,
        "y": 4.0,
        "z": 0.5335290431976318
    }
}