{
    "_horizontalLines": 19.0,
    "_verticalLines": 19.0,
    "_radius": 0.088299460709095,
    "_petalColour": {
        "r": 0.9174739122390747,
        "g": 0.2691968083381653,
        "b": 0.11578834056854248,
        "a": 1.0
    },
    "_cylinderVertexCount": 14.0,
    "_stemRadius": 0.08464336395263672,
    "_leafCount": 8.0,
    "_edgeRingCount": 62.0,
    "startPos": {
        "x": 0.0,
        "y": 0.0,
        "z": 0.0
    },
    "tangent1": {
        "x": 0.006312561221420765,
        "y": 1.5261249542236329,
        "z": 0.1781681776046753
    },
    "tangent2": {
        "x": 0.3115752041339874,
        "y": 2.9423561096191408,
        "z": 0.4683508574962616
    },
    "endPos": {
        "x": -0.016584932804107667,
        "y": 4.0,
        "z": 0.8427292108535767
    }
}