{
    "_horizontalLines": 18.0,
    "_verticalLines": 16.0,
    "_radius": 0.11272641271352768,
    "_petalColour": {
        "r": 0.5885563492774963,
        "g": 0.2530650496482849,
        "b": 0.9797850847244263,
        "a": 1.0
    },
    "_cylinderVertexCount": 10.0,
    "_stemRadius": 0.08627031743526459,
    "_leafCount": 8.0,
    "_edgeRingCount": 39.0,
    "startPos": {
        "x": 0.0,
        "y": 0.0,
        "z": 0.0
    },
    "tangent1": {
        "x": 0.2108691930770874,
        "y": 1.4397010803222657,
        "z": -0.04704685136675835
    },
    "tangent2": {
        "x": -0.009377554059028626,
        "y": 2.099327564239502,
        "z": 0.06463894248008728
    },
    "endPos": {
        "x": -0.24679571390151978,
        "y": 4.0,
        "z": -0.7233784198760986
    }
}