{
    "_horizontalLines": 18.0,
    "_verticalLines": 18.0,
    "_radius": 0.12567681074142457,
    "_petalColour": {
        "r": 0.8940443992614746,
        "g": 0.3079443573951721,
        "b": 0.5235742926597595,
        "a": 1.0
    },
    "_cylinderVertexCount": 10.0,
    "_stemRadius": 0.09160031378269196,
    "_leafCount": 8.0,
    "_edgeRingCount": 59.0,
    "startPos": {
        "x": 0.0,
        "y": 0.0,
        "z": 0.0
    },
    "tangent1": {
        "x": 0.06784920394420624,
        "y": 0.13007430732250215,
        "z": 0.21738982200622559
    },
    "tangent2": {
        "x": 0.41657310724258425,
        "y": 1.817348837852478,
        "z": 0.08326216042041779
    },
    "endPos": {
        "x": -0.3267676830291748,
        "y": 4.0,
        "z": -0.47045546770095827
    }
}