{
    "_horizontalLines": 19.0,
    "_verticalLines": 19.0,
    "_radius": 0.09170164167881012,
    "_petalColour": {
        "r": 0.4249895215034485,
        "g": 0.272499144077301,
        "b": 0.14307808876037599,
        "a": 1.0
    },
    "_cylinderVertexCount": 7.0,
    "_stemRadius": 0.08026967942714691,
    "_leafCount": 8.0,
    "_edgeRingCount": 33.0,
    "startPos": {
        "x": 0.0,
        "y": 0.0,
        "z": 0.0
    },
    "tangent1": {
        "x": -0.4674220085144043,
        "y": 0.4095790982246399,
        "z": 0.35379430651664736
    },
    "tangent2": {
        "x": -0.2630584239959717,
        "y": 1.4385359287261963,
        "z": -0.07379281520843506
    },
    "endPos": {
        "x": 0.005466967821121216,
        "y": 4.0,
        "z": 0.5889953970909119
    }
}