{
    "_horizontalLines": 18.0,
    "_verticalLines": 18.0,
    "_radius": 0.05840026214718819,
    "_petalColour": {
        "r": 0.02390003204345703,
        "g": 0.02691173553466797,
        "b": 0.40669864416122439,
        "a": 1.0
    },
    "_cylinderVertexCount": 13.0,
    "_stemRadius": 0.029035987332463266,
    "_leafCount": 8.0,
    "_edgeRingCount": 13.0,
    "startPos": {
        "x": 0.0,
        "y": 0.0,
        "z": 0.0
    },
    "tangent1": {
        "x": 0.3714733123779297,
        "y": 0.6953174471855164,
        "z": -0.3178422749042511
    },
    "tangent2": {
        "x": 0.29078739881515505,
        "y": 1.2358828783035279,
        "z": 0.16679030656814576
    },
    "endPos": {
        "x": 0.608801007270813,
        "y": 4.0,
        "z": 1.0213758945465088
    }
}