{
    "_horizontalLines": 17.0,
    "_verticalLines": 16.0,
    "_radius": 0.04593605548143387,
    "_petalColour": {
        "r": 0.21930766105651856,
        "g": 0.20121073722839356,
        "b": 0.34928280115127566,
        "a": 1.0
    },
    "_cylinderVertexCount": 13.0,
    "_stemRadius": 0.03371429443359375,
    "_leafCount": 8.0,
    "_edgeRingCount": 20.0,
    "startPos": {
        "x": 0.0,
        "y": 0.0,
        "z": 0.0
    },
    "tangent1": {
        "x": 0.24170398712158204,
        "y": 1.9905353784561158,
        "z": 0.12442417442798615
    },
    "tangent2": {
        "x": -0.256906121969223,
        "y": 3.0468921661376955,
        "z": -0.22091902792453767
    },
    "endPos": {
        "x": 0.1944916844367981,
        "y": 5.806168556213379,
        "z": -0.4373624920845032
    }
}