{
    "_horizontalLines": 18.0,
    "_verticalLines": 19.0,
    "_radius": 0.12578639388084413,
    "_petalColour": {
        "r": 0.1294306516647339,
        "g": 0.25858980417251589,
        "b": 0.46194881200790408,
        "a": 1.0
    },
    "_cylinderVertexCount": 11.0,
    "_stemRadius": 0.0832875445485115,
    "_leafCount": 8.0,
    "_edgeRingCount": 6.0,
    "startPos": {
        "x": 0.0,
        "y": 0.0,
        "z": 0.0
    },
    "tangent1": {
        "x": -0.37184134125709536,
        "y": 0.12054748833179474,
        "z": -0.14370889961719514
    },
    "tangent2": {
        "x": -0.2222309410572052,
        "y": 0.35421180725097659,
        "z": -0.057739973068237308
    },
    "endPos": {
        "x": 0.09794366359710694,
        "y": 4.0,
        "z": -0.12194738537073136
    }
}