{
    "_horizontalLines": 19.0,
    "_verticalLines": 18.0,
    "_radius": 0.16145646572113038,
    "_petalColour": {
        "r": 0.08712470531463623,
        "g": 0.08661103248596192,
        "b": 0.2116384506225586,
        "a": 1.0
    },
    "_cylinderVertexCount": 8.0,
    "_stemRadius": 0.11970040947198868,
    "_leafCount": 8.0,
    "_edgeRingCount": 27.0,
    "startPos": {
        "x": 0.0,
        "y": 0.0,
        "z": 0.0
    },
    "tangent1": {
        "x": -0.11552433669567108,
        "y": 1.9438657760620118,
        "z": -0.3007998466491699
    },
    "tangent2": {
        "x": 0.13653166592121125,
        "y": 2.3164985179901125,
        "z": -0.5716094970703125
    },
    "endPos": {
        "x": -0.2136157900094986,
        "y": 5.524674415588379,
        "z": -1.3481924533843995
    }
}