{
    "_horizontalLines": 15.0,
    "_verticalLines": 16.0,
    "_radius": 0.04990048334002495,
    "_petalColour": {
        "r": 0.0714418888092041,
        "g": 0.15998518466949464,
        "b": 0.9468300342559815,
        "a": 1.0
    },
    "_cylinderVertexCount": 14.0,
    "_stemRadius": 0.007703904062509537,
    "_leafCount": 8.0,
    "_edgeRingCount": 18.0,
    "startPos": {
        "x": 0.0,
        "y": 0.0,
        "z": 0.0
    },
    "tangent1": {
        "x": 0.2603963613510132,
        "y": 1.0999469757080079,
        "z": -0.4373247027397156
    },
    "tangent2": {
        "x": 0.033963367342948917,
        "y": 1.9635393619537354,
        "z": -0.4640312194824219
    },
    "endPos": {
        "x": 0.2018999457359314,
        "y": 4.0,
        "z": 0.31131798028945925
    }
}