{
    "_horizontalLines": 16.0,
    "_verticalLines": 18.0,
    "_radius": 0.10062550008296967,
    "_petalColour": {
        "r": 0.6274722814559937,
        "g": 0.5376634001731873,
        "b": 0.5340731739997864,
        "a": 1.0
    },
    "_cylinderVertexCount": 5.0,
    "_stemRadius": 0.09495698660612107,
    "_leafCount": 8.0,
    "_edgeRingCount": 56.0,
    "startPos": {
        "x": 0.0,
        "y": 0.0,
        "z": 0.0
    },
    "tangent1": {
        "x": 0.30239295959472659,
        "y": 1.6789814233779908,
        "z": -0.23332639038562776
    },
    "tangent2": {
        "x": 0.2492232769727707,
        "y": 2.4212300777435304,
        "z": -0.10803243517875672
    },
    "endPos": {
        "x": 0.8708803057670593,
        "y": 4.0,
        "z": 0.15228790044784547
    }
}