{
    "_horizontalLines": 18.0,
    "_verticalLines": 18.0,
    "_radius": 0.11310738325119019,
    "_petalColour": {
        "r": 0.7330089807510376,
        "g": 0.3800840973854065,
        "b": 0.7667843103408814,
        "a": 1.0
    },
    "_cylinderVertexCount": 8.0,
    "_stemRadius": 0.07524459809064865,
    "_leafCount": 8.0,
    "_edgeRingCount": 64.0,
    "startPos": {
        "x": 0.0,
        "y": 0.0,
        "z": 0.0
    },
    "tangent1": {
        "x": -0.11528654396533966,
        "y": 0.9492125511169434,
        "z": 0.37519243359565737
    },
    "tangent2": {
        "x": -0.2704966068267822,
        "y": 1.6064419746398926,
        "z": 0.17518852651119233
    },
    "endPos": {
        "x": 0.44473129510879519,
        "y": 4.0,
        "z": -0.05804160237312317
    }
}