{
    "_horizontalLines": 19.0,
    "_verticalLines": 16.0,
    "_radius": 0.04449119418859482,
    "_petalColour": {
        "r": 0.8443236351013184,
        "g": 0.7728530168533325,
        "b": 0.3206776976585388,
        "a": 1.0
    },
    "_cylinderVertexCount": 14.0,
    "_stemRadius": 0.034937161952257159,
    "_leafCount": 8.0,
    "_edgeRingCount": 24.0,
    "startPos": {
        "x": 0.0,
        "y": 0.0,
        "z": 0.0
    },
    "tangent1": {
        "x": -0.47644883394241335,
        "y": 0.11669997870922089,
        "z": 0.09327630698680878
    },
    "tangent2": {
        "x": -0.9113157987594605,
        "y": 0.49521350860595705,
        "z": 0.351095974445343
    },
    "endPos": {
        "x": -1.1451774835586548,
        "y": 4.0,
        "z": 0.437404602766037
    }
}