{
    "_horizontalLines": 11,
    "_verticalLines": 8,
    "_radius": 0.12740686535835267,
    "_petalColour": {
        "r": 0.1807849407196045,
        "g": 0.3138452172279358,
        "b": 0.7417954206466675,
        "a": 1.0
    },
    "_cylinderVertexCount": 11,
    "_stemRadius": 0.08304078876972199,
    "_leafCount": 8,
    "_edgeRingCount": 25,
    "startPos": {
        "x": -0.054673932492733,
        "y": 0.5014812350273132,
        "z": -0.15331602096557618
    },
    "tangent1": {
        "x": -0.2705443501472473,
        "y": 1.2345000505447388,
        "z": 0.24044978618621827
    },
    "tangent2": {
        "x": -0.5053070783615112,
        "y": 1.7455065250396729,
        "z": 0.42905136942863467
    },
    "endPos": {
        "x": -0.6726367473602295,
        "y": 4.949159622192383,
        "z": 0.01168733835220337
    }
}