{
    "_horizontalLines": 5.0,
    "_verticalLines": 14.0,
    "_radius": 0.06602457910776138,
    "_petalColour": {
        "r": 0.9846053123474121,
        "g": 0.1610257625579834,
        "b": 0.2827795147895813,
        "a": 1.0
    },
    "_cylinderVertexCount": 6.0,
    "_stemRadius": 0.06342706084251404,
    "_leafCount": 8.0,
    "_edgeRingCount": 21.0,
    "startPos": {
        "x": 0.21765156090259553,
        "y": 0.7741649746894836,
        "z": 0.047679997980594638
    },
    "tangent1": {
        "x": -0.11202172935009003,
        "y": 1.9670841693878174,
        "z": -0.06782064586877823
    },
    "tangent2": {
        "x": -0.11228370666503906,
        "y": 2.7815890312194826,
        "z": -0.32636937499046328
    },
    "endPos": {
        "x": 0.559260904788971,
        "y": 6.572710037231445,
        "z": -1.287669062614441
    }
}