{
    "_horizontalLines": 16.0,
    "_verticalLines": 19.0,
    "_radius": 0.09542100131511688,
    "_petalColour": {
        "r": 0.42551225423812868,
        "g": 0.19153082370758058,
        "b": 0.4128715395927429,
        "a": 1.0
    },
    "_cylinderVertexCount": 8.0,
    "_stemRadius": 0.0861796885728836,
    "_leafCount": 8.0,
    "_edgeRingCount": 36.0,
    "startPos": {
        "x": 0.0,
        "y": 0.0,
        "z": 0.0
    },
    "tangent1": {
        "x": 0.28104543685913088,
        "y": 1.8243755102157593,
        "z": 0.1428145170211792
    },
    "tangent2": {
        "x": 0.2174355536699295,
        "y": 1.8657242059707642,
        "z": 0.5773282051086426
    },
    "endPos": {
        "x": -0.4137696623802185,
        "y": 4.7918500900268559,
        "z": 0.6348791122436523
    }
}