{
    "_horizontalLines": 17.0,
    "_verticalLines": 19.0,
    "_radius": 0.0731481984257698,
    "_petalColour": {
        "r": 0.6322218179702759,
        "g": 0.460440456867218,
        "b": 0.2887951731681824,
        "a": 1.0
    },
    "_cylinderVertexCount": 12.0,
    "_stemRadius": 0.06898196041584015,
    "_leafCount": 8.0,
    "_edgeRingCount": 33.0,
    "startPos": {
        "x": 0.0,
        "y": 0.0,
        "z": 0.0
    },
    "tangent1": {
        "x": -0.031745146960020068,
        "y": 0.43814581632614138,
        "z": -0.49153947830200198
    },
    "tangent2": {
        "x": 0.20223931968212129,
        "y": 0.43895912170410159,
        "z": -0.629871666431427
    },
    "endPos": {
        "x": -0.3772779107093811,
        "y": 4.0,
        "z": -1.2368781566619874
    }
}