{
    "_horizontalLines": 15.0,
    "_verticalLines": 15.0,
    "_radius": 0.09162673354148865,
    "_petalColour": {
        "r": 0.03982198238372803,
        "g": 0.7892582416534424,
        "b": 0.629051685333252,
        "a": 1.0
    },
    "_cylinderVertexCount": 9.0,
    "_stemRadius": 0.07032053172588349,
    "_leafCount": 8.0,
    "_edgeRingCount": 61.0,
    "startPos": {
        "x": 0.0,
        "y": 0.0,
        "z": 0.0
    },
    "tangent1": {
        "x": -0.27264079451560976,
        "y": 0.6968583464622498,
        "z": 0.3636556565761566
    },
    "tangent2": {
        "x": 0.06973913311958313,
        "y": 2.3913350105285646,
        "z": 0.4807976484298706
    },
    "endPos": {
        "x": -0.47205814719200137,
        "y": 4.0,
        "z": 1.076758861541748
    }
}