{
    "_horizontalLines": 17.0,
    "_verticalLines": 16.0,
    "_radius": 0.12957307696342469,
    "_petalColour": {
        "r": 0.46739763021469118,
        "g": 0.5186396241188049,
        "b": 0.4183381199836731,
        "a": 1.0
    },
    "_cylinderVertexCount": 12.0,
    "_stemRadius": 0.09535777568817139,
    "_leafCount": 8.0,
    "_edgeRingCount": 5.0,
    "startPos": {
        "x": 0.0,
        "y": 0.0,
        "z": 0.0
    },
    "tangent1": {
        "x": 0.14307783544063569,
        "y": 1.6540355682373047,
        "z": 0.36010825634002688
    },
    "tangent2": {
        "x": 0.2845248878002167,
        "y": 3.4185571670532228,
        "z": 0.33097487688064577
    },
    "endPos": {
        "x": 0.7401306629180908,
        "y": 5.839651107788086,
        "z": -0.5135143995285034
    }
}