{
    "_horizontalLines": 18.0,
    "_verticalLines": 16.0,
    "_radius": 0.08820519596338272,
    "_petalColour": {
        "r": 0.1473987102508545,
        "g": 0.0241544246673584,
        "b": 0.09705960750579834,
        "a": 1.0
    },
    "_cylinderVertexCount": 12.0,
    "_stemRadius": 0.05001768097281456,
    "_leafCount": 8.0,
    "_edgeRingCount": 45.0,
    "startPos": {
        "x": 0.0,
        "y": 0.0,
        "z": 0.0
    },
    "tangent1": {
        "x": -0.29616013169288638,
        "y": 0.2925063967704773,
        "z": 0.2571828365325928
    },
    "tangent2": {
        "x": -0.00634351372718811,
        "y": 1.3497862815856934,
        "z": -0.13682523369789124
    },
    "endPos": {
        "x": 0.8648008108139038,
        "y": 4.0,
        "z": -0.7338860034942627
    }
}