{
    "_horizontalLines": 19.0,
    "_verticalLines": 17.0,
    "_radius": 0.06727791577577591,
    "_petalColour": {
        "r": 0.0639035701751709,
        "g": 0.1209338903427124,
        "b": 0.6207582354545593,
        "a": 1.0
    },
    "_cylinderVertexCount": 10.0,
    "_stemRadius": 0.029361063614487649,
    "_leafCount": 8.0,
    "_edgeRingCount": 10.0,
    "startPos": {
        "x": 0.0,
        "y": 0.0,
        "z": 0.0
    },
    "tangent1": {
        "x": -0.24025563895702363,
        "y": 1.7910048961639405,
        "z": 0.13459275662899018
    },
    "tangent2": {
        "x": 0.04023034870624542,
        "y": 2.3412256240844728,
        "z": 0.10719412565231323
    },
    "endPos": {
        "x": -0.37837308645248415,
        "y": 4.0,
        "z": -0.6908648610115051
    }
}