{
    "_horizontalLines": 18.0,
    "_verticalLines": 19.0,
    "_radius": 0.10483144968748093,
    "_petalColour": {
        "r": 0.26176708936691286,
        "g": 0.688820481300354,
        "b": 0.5773922801017761,
        "a": 1.0
    },
    "_cylinderVertexCount": 8.0,
    "_stemRadius": 0.07123147696256638,
    "_leafCount": 8.0,
    "_edgeRingCount": 55.0,
    "startPos": {
        "x": 0.0,
        "y": 0.0,
        "z": 0.0
    },
    "tangent1": {
        "x": 0.4906044900417328,
        "y": 1.4582748413085938,
        "z": -0.15152426064014436
    },
    "tangent2": {
        "x": 0.08985185623168946,
        "y": 1.5856735706329346,
        "z": 0.212027445435524
    },
    "endPos": {
        "x": -0.5632158517837524,
        "y": 4.0,
        "z": 0.961864173412323
    }
}