{
    "_horizontalLines": 18.0,
    "_verticalLines": 15.0,
    "_radius": 0.13511523604393006,
    "_petalColour": {
        "r": 0.3441334366798401,
        "g": 0.21532297134399415,
        "b": 0.6699039936065674,
        "a": 1.0
    },
    "_cylinderVertexCount": 12.0,
    "_stemRadius": 0.12388042360544205,
    "_leafCount": 8.0,
    "_edgeRingCount": 24.0,
    "startPos": {
        "x": 0.0,
        "y": 0.0,
        "z": 0.0
    },
    "tangent1": {
        "x": -0.11195163428783417,
        "y": 1.772120714187622,
        "z": -0.34818533062934878
    },
    "tangent2": {
        "x": -0.09742283821105957,
        "y": 2.4771883487701418,
        "z": -0.21323221921920777
    },
    "endPos": {
        "x": -0.3500092327594757,
        "y": 4.0,
        "z": 0.2952832579612732
    }
}