{
    "_horizontalLines": 15.0,
    "_verticalLines": 19.0,
    "_radius": 0.07056722044944763,
    "_petalColour": {
        "r": 0.4556109309196472,
        "g": 0.9745382070541382,
        "b": 0.3614404797554016,
        "a": 1.0
    },
    "_cylinderVertexCount": 12.0,
    "_stemRadius": 0.05894067510962486,
    "_leafCount": 8.0,
    "_edgeRingCount": 33.0,
    "startPos": {
        "x": 0.0,
        "y": 0.0,
        "z": 0.0
    },
    "tangent1": {
        "x": -0.25189948081970217,
        "y": 1.3556946516036988,
        "z": 0.006130886264145374
    },
    "tangent2": {
        "x": -0.686829149723053,
        "y": 1.3568006753921509,
        "z": 0.445722371339798
    },
    "endPos": {
        "x": -0.7253769040107727,
        "y": 4.803484916687012,
        "z": -0.3271898329257965
    }
}