{
    "_horizontalLines": 15.0,
    "_verticalLines": 18.0,
    "_radius": 0.06588470935821533,
    "_petalColour": {
        "r": 0.612260639667511,
        "g": 0.44682079553604128,
        "b": 0.5041784644126892,
        "a": 1.0
    },
    "_cylinderVertexCount": 6.0,
    "_stemRadius": 0.030781734734773637,
    "_leafCount": 8.0,
    "_edgeRingCount": 64.0,
    "startPos": {
        "x": 0.0,
        "y": 0.0,
        "z": 0.0
    },
    "tangent1": {
        "x": -0.2939375936985016,
        "y": 1.428627371788025,
        "z": 0.04741983488202095
    },
    "tangent2": {
        "x": -0.44137489795684817,
        "y": 1.438925862312317,
        "z": 0.3499670624732971
    },
    "endPos": {
        "x": -0.391547828912735,
        "y": 4.0,
        "z": -0.24047070741653443
    }
}