{
    "_horizontalLines": 19.0,
    "_verticalLines": 15.0,
    "_radius": 0.05273402854800224,
    "_petalColour": {
        "r": 0.41148751974105837,
        "g": 0.6055915951728821,
        "b": 0.477922260761261,
        "a": 1.0
    },
    "_cylinderVertexCount": 13.0,
    "_stemRadius": 0.00913358386605978,
    "_leafCount": 8.0,
    "_edgeRingCount": 48.0,
    "startPos": {
        "x": 0.0,
        "y": 0.0,
        "z": 0.0
    },
    "tangent1": {
        "x": -0.38714733719825747,
        "y": 0.6982173323631287,
        "z": -0.2301153689622879
    },
    "tangent2": {
        "x": -0.6894457936286926,
        "y": 1.569386601448059,
        "z": 0.06646101176738739
    },
    "endPos": {
        "x": -1.0359351634979249,
        "y": 4.206043720245361,
        "z": 0.1282711774110794
    }
}