{
    "_horizontalLines": 18.0,
    "_verticalLines": 17.0,
    "_radius": 0.03776639699935913,
    "_petalColour": {
        "r": 0.44022029638290408,
        "g": 0.3052836060523987,
        "b": 0.815510630607605,
        "a": 1.0
    },
    "_cylinderVertexCount": 7.0,
    "_stemRadius": 0.016909582540392877,
    "_leafCount": 8.0,
    "_edgeRingCount": 46.0,
    "startPos": {
        "x": 0.0,
        "y": 0.0,
        "z": 0.0
    },
    "tangent1": {
        "x": -0.33896902203559878,
        "y": 1.862238883972168,
        "z": 0.007247877307236195
    },
    "tangent2": {
        "x": -0.7106773257255554,
        "y": 3.6033055782318117,
        "z": -0.3973902463912964
    },
    "endPos": {
        "x": -0.47822561860084536,
        "y": 5.337673187255859,
        "z": 0.34955137968063357
    }
}