{
    "_horizontalLines": 18.0,
    "_verticalLines": 15.0,
    "_radius": 0.09882993251085282,
    "_petalColour": {
        "r": 0.8881871700286865,
        "g": 0.8044952154159546,
        "b": 0.8147586584091187,
        "a": 1.0
    },
    "_cylinderVertexCount": 14.0,
    "_stemRadius": 0.07702494412660599,
    "_leafCount": 8.0,
    "_edgeRingCount": 40.0,
    "startPos": {
        "x": 0.0,
        "y": 0.0,
        "z": 0.0
    },
    "tangent1": {
        "x": 0.3068101406097412,
        "y": 0.27091675996780398,
        "z": -0.24442119896411897
    },
    "tangent2": {
        "x": 0.6367602348327637,
        "y": 1.4169323444366456,
        "z": -0.14930152893066407
    },
    "endPos": {
        "x": -0.10933679342269898,
        "y": 4.0,
        "z": -0.8879768252372742
    }
}