{
    "_horizontalLines": 17.0,
    "_verticalLines": 19.0,
    "_radius": 0.13555887341499329,
    "_petalColour": {
        "r": 0.12007510662078858,
        "g": 0.3911835551261902,
        "b": 0.047659873962402347,
        "a": 1.0
    },
    "_cylinderVertexCount": 5.0,
    "_stemRadius": 0.09804356843233109,
    "_leafCount": 8.0,
    "_edgeRingCount": 34.0,
    "startPos": {
        "x": 0.0,
        "y": 0.0,
        "z": 0.0
    },
    "tangent1": {
        "x": 0.19879186153411866,
        "y": 1.1730871200561524,
        "z": -0.3376803398132324
    },
    "tangent2": {
        "x": 0.5629255771636963,
        "y": 3.0678114891052248,
        "z": -0.35376685857772829
    },
    "endPos": {
        "x": 0.7972105741500855,
        "y": 4.6482038497924809,
        "z": 0.002500474452972412
    }
}