{
    "_horizontalLines": 19.0,
    "_verticalLines": 17.0,
    "_radius": 0.07929442822933197,
    "_petalColour": {
        "r": 0.6065694689750671,
        "g": 0.4512612223625183,
        "b": 0.3902590870857239,
        "a": 1.0
    },
    "_cylinderVertexCount": 13.0,
    "_stemRadius": 0.05140391364693642,
    "_leafCount": 8.0,
    "_edgeRingCount": 19.0,
    "startPos": {
        "x": 0.0,
        "y": 0.0,
        "z": 0.0
    },
    "tangent1": {
        "x": 0.009229850955307484,
        "y": 0.4786842465400696,
        "z": -0.33451947569847109
    },
    "tangent2": {
        "x": 0.3120119869709015,
        "y": 0.9226099252700806,
        "z": -0.601952075958252
    },
    "endPos": {
        "x": 0.3288649320602417,
        "y": 4.0,
        "z": -1.069310188293457
    }
}