{
    "_horizontalLines": 17.0,
    "_verticalLines": 16.0,
    "_radius": 0.055556103587150577,
    "_petalColour": {
        "r": 0.20579659938812257,
        "g": 0.708426833152771,
        "b": 0.7950258255004883,
        "a": 1.0
    },
    "_cylinderVertexCount": 12.0,
    "_stemRadius": 0.020460622385144235,
    "_leafCount": 8.0,
    "_edgeRingCount": 61.0,
    "startPos": {
        "x": 0.0,
        "y": 0.0,
        "z": 0.0
    },
    "tangent1": {
        "x": 0.46051520109176638,
        "y": 1.796441674232483,
        "z": 0.09299783408641815
    },
    "tangent2": {
        "x": 0.8919869661331177,
        "y": 2.596850872039795,
        "z": 0.19107484817504884
    },
    "endPos": {
        "x": 0.13031929731369019,
        "y": 5.087708950042725,
        "z": -0.2140490710735321
    }
}