{
    "_horizontalLines": 19.0,
    "_verticalLines": 18.0,
    "_radius": 0.07435258477926254,
    "_petalColour": {
        "r": 0.9510080814361572,
        "g": 0.06057155132293701,
        "b": 0.05314195156097412,
        "a": 1.0
    },
    "_cylinderVertexCount": 6.0,
    "_stemRadius": 0.05057705566287041,
    "_leafCount": 8.0,
    "_edgeRingCount": 39.0,
    "startPos": {
        "x": 0.0,
        "y": 0.0,
        "z": 0.0
    },
    "tangent1": {
        "x": -0.2772311270236969,
        "y": 1.6542205810546876,
        "z": 0.25951671600341799
    },
    "tangent2": {
        "x": -0.6148748397827148,
        "y": 1.9292795658111573,
        "z": 0.15601234138011933
    },
    "endPos": {
        "x": -0.01188206672668457,
        "y": 4.0,
        "z": -0.18480728566646577
    }
}