{
    "_horizontalLines": 17.0,
    "_verticalLines": 15.0,
    "_radius": 0.07178881764411926,
    "_petalColour": {
        "r": 0.13335013389587403,
        "g": 0.9261040687561035,
        "b": 0.49820250272750857,
        "a": 1.0
    },
    "_cylinderVertexCount": 7.0,
    "_stemRadius": 0.05989667400717735,
    "_leafCount": 8.0,
    "_edgeRingCount": 4.0,
    "startPos": {
        "x": 0.0,
        "y": 0.0,
        "z": 0.0
    },
    "tangent1": {
        "x": -0.039701271802186969,
        "y": 1.7178535461425782,
        "z": -0.4828678071498871
    },
    "tangent2": {
        "x": 0.21897025406360627,
        "y": 3.4235482215881349,
        "z": -0.5182860493659973
    },
    "endPos": {
        "x": -0.21436066925525666,
        "y": 4.605856418609619,
        "z": -0.6310436129570007
    }
}