{
    "_horizontalLines": 16.0,
    "_verticalLines": 18.0,
    "_radius": 0.0431547611951828,
    "_petalColour": {
        "r": 0.6623448133468628,
        "g": 0.6936395168304443,
        "b": 0.18138551712036134,
        "a": 1.0
    },
    "_cylinderVertexCount": 11.0,
    "_stemRadius": 0.025696491822600366,
    "_leafCount": 8.0,
    "_edgeRingCount": 27.0,
    "startPos": {
        "x": 0.0,
        "y": 0.0,
        "z": 0.0
    },
    "tangent1": {
        "x": 0.06774716079235077,
        "y": 1.7340549230575562,
        "z": -0.02657480165362358
    },
    "tangent2": {
        "x": -0.3372282385826111,
        "y": 2.590724468231201,
        "z": 0.06290459632873535
    },
    "endPos": {
        "x": -0.8839676976203919,
        "y": 4.492653846740723,
        "z": -0.0794885903596878
    }
}