{
    "_horizontalLines": 15.0,
    "_verticalLines": 15.0,
    "_radius": 0.08820883929729462,
    "_petalColour": {
        "r": 0.42038124799728396,
        "g": 0.2894626259803772,
        "b": 0.42900127172470095,
        "a": 1.0
    },
    "_cylinderVertexCount": 11.0,
    "_stemRadius": 0.05893557891249657,
    "_leafCount": 8.0,
    "_edgeRingCount": 47.0,
    "startPos": {
        "x": 0.0,
        "y": 0.0,
        "z": 0.0
    },
    "tangent1": {
        "x": 0.05405445024371147,
        "y": 0.7295398116111755,
        "z": 0.31701183319091799
    },
    "tangent2": {
        "x": 0.1015925407409668,
        "y": 1.028112530708313,
        "z": 0.6110703945159912
    },
    "endPos": {
        "x": 0.12055876106023789,
        "y": 4.0,
        "z": 1.0917013883590699
    }
}