{
    "_horizontalLines": 16.0,
    "_verticalLines": 16.0,
    "_radius": 0.1376604437828064,
    "_petalColour": {
        "r": 0.7703298330307007,
        "g": 0.996261477470398,
        "b": 0.5734787583351135,
        "a": 1.0
    },
    "_cylinderVertexCount": 6.0,
    "_stemRadius": 0.12011836469173432,
    "_leafCount": 8.0,
    "_edgeRingCount": 23.0,
    "startPos": {
        "x": 0.0,
        "y": 0.0,
        "z": 0.0
    },
    "tangent1": {
        "x": 0.07385377585887909,
        "y": 0.8396768569946289,
        "z": 0.3806268870830536
    },
    "tangent2": {
        "x": 0.13971266150474549,
        "y": 0.9549495577812195,
        "z": 0.79341059923172
    },
    "endPos": {
        "x": -0.703140377998352,
        "y": 4.0,
        "z": 0.9026475548744202
    }
}