{
    "_horizontalLines": 18.0,
    "_verticalLines": 18.0,
    "_radius": 0.039438553154468539,
    "_petalColour": {
        "r": 0.08581399917602539,
        "g": 0.6925792694091797,
        "b": 0.5208244919776917,
        "a": 1.0
    },
    "_cylinderVertexCount": 12.0,
    "_stemRadius": 0.016234632581472398,
    "_leafCount": 8.0,
    "_edgeRingCount": 18.0,
    "startPos": {
        "x": 0.0,
        "y": 0.0,
        "z": 0.0
    },
    "tangent1": {
        "x": 0.0379057414829731,
        "y": 0.5553235411643982,
        "z": -0.0040986062958836559
    },
    "tangent2": {
        "x": 0.2671831250190735,
        "y": 1.6603784561157227,
        "z": 0.44728413224220278
    },
    "endPos": {
        "x": -0.2139570415019989,
        "y": 5.1444196701049809,
        "z": 0.8254499435424805
    }
}