{
    "_horizontalLines": 17.0,
    "_verticalLines": 18.0,
    "_radius": 0.027755437418818475,
    "_petalColour": {
        "r": 0.4618827700614929,
        "g": 0.5826244950294495,
        "b": 0.6738251447677612,
        "a": 1.0
    },
    "_cylinderVertexCount": 13.0,
    "_stemRadius": 0.013056480325758458,
    "_leafCount": 8.0,
    "_edgeRingCount": 20.0,
    "startPos": {
        "x": 0.0,
        "y": 0.0,
        "z": 0.0
    },
    "tangent1": {
        "x": 0.2665739059448242,
        "y": 1.0859054327011109,
        "z": 0.004389000125229359
    },
    "tangent2": {
        "x": 0.35381799936294558,
        "y": 2.7589550018310549,
        "z": 0.0025298597756773235
    },
    "endPos": {
        "x": 0.19542033970355988,
        "y": 4.0,
        "z": 0.01707325130701065
    }
}