{
    "_horizontalLines": 19.0,
    "_verticalLines": 18.0,
    "_radius": 0.031450703740119937,
    "_petalColour": {
        "r": 0.07606077194213867,
        "g": 0.46599072217941286,
        "b": 0.2736428380012512,
        "a": 1.0
    },
    "_cylinderVertexCount": 7.0,
    "_stemRadius": 0.03105640411376953,
    "_leafCount": 8.0,
    "_edgeRingCount": 37.0,
    "startPos": {
        "x": 0.0,
        "y": 0.0,
        "z": 0.0
    },
    "tangent1": {
        "x": -0.26816073060035708,
        "y": 0.4313289523124695,
        "z": 0.209283709526062
    },
    "tangent2": {
        "x": 0.03131100535392761,
        "y": 0.8138666152954102,
        "z": -0.09045350551605225
    },
    "endPos": {
        "x": -0.3923857808113098,
        "y": 4.0,
        "z": 0.09225310385227204
    }
}