{
    "_horizontalLines": 17.0,
    "_verticalLines": 17.0,
    "_radius": 0.0799223855137825,
    "_petalColour": {
        "r": 0.44001656770706179,
        "g": 0.4113237261772156,
        "b": 0.23308908939361573,
        "a": 1.0
    },
    "_cylinderVertexCount": 14.0,
    "_stemRadius": 0.04616440087556839,
    "_leafCount": 8.0,
    "_edgeRingCount": 46.0,
    "startPos": {
        "x": 0.0,
        "y": 0.0,
        "z": 0.0
    },
    "tangent1": {
        "x": -0.41020289063453677,
        "y": 0.5388797521591187,
        "z": -0.323270320892334
    },
    "tangent2": {
        "x": -0.28381389379501345,
        "y": 2.382012367248535,
        "z": -0.4955506920814514
    },
    "endPos": {
        "x": 0.02629980444908142,
        "y": 4.468687057495117,
        "z": -0.44892463088035586
    }
}