{
    "_horizontalLines": 17.0,
    "_verticalLines": 17.0,
    "_radius": 0.07988559454679489,
    "_petalColour": {
        "r": 0.9119166135787964,
        "g": 0.8848379850387573,
        "b": 0.15286517143249513,
        "a": 1.0
    },
    "_cylinderVertexCount": 12.0,
    "_stemRadius": 0.05481020361185074,
    "_leafCount": 8.0,
    "_edgeRingCount": 47.0,
    "startPos": {
        "x": 0.0,
        "y": 0.0,
        "z": 0.0
    },
    "tangent1": {
        "x": -0.05248694494366646,
        "y": 1.06707763671875,
        "z": -0.45726823806762698
    },
    "tangent2": {
        "x": 0.22759823501110078,
        "y": 1.0757882595062256,
        "z": -0.8037116527557373
    },
    "endPos": {
        "x": 0.1581706702709198,
        "y": 4.0,
        "z": -1.0798009634017945
    }
}