{
    "_horizontalLines": 15.0,
    "_verticalLines": 16.0,
    "_radius": 0.11345595121383667,
    "_petalColour": {
        "r": 0.06516814231872559,
        "g": 0.7245951890945435,
        "b": 0.7808523178100586,
        "a": 1.0
    },
    "_cylinderVertexCount": 7.0,
    "_stemRadius": 0.09861314296722412,
    "_leafCount": 8.0,
    "_edgeRingCount": 3.0,
    "startPos": {
        "x": 0.0,
        "y": 0.0,
        "z": 0.0
    },
    "tangent1": {
        "x": -0.4640935957431793,
        "y": 0.7430537939071655,
        "z": -0.4852167069911957
    },
    "tangent2": {
        "x": -0.7667183876037598,
        "y": 1.7989286184310914,
        "z": -0.8146905899047852
    },
    "endPos": {
        "x": -1.083090901374817,
        "y": 4.604973316192627,
        "z": 0.026775598526000978
    }
}