{
    "_horizontalLines": 17.0,
    "_verticalLines": 18.0,
    "_radius": 0.14538386464118958,
    "_petalColour": {
        "r": 0.39921003580093386,
        "g": 0.08161807060241699,
        "b": 0.8589993715286255,
        "a": 1.0
    },
    "_cylinderVertexCount": 11.0,
    "_stemRadius": 0.09814848750829697,
    "_leafCount": 8.0,
    "_edgeRingCount": 57.0,
    "startPos": {
        "x": 0.0,
        "y": 0.0,
        "z": 0.0
    },
    "tangent1": {
        "x": -0.08319778740406037,
        "y": 0.1499031037092209,
        "z": -0.28415584564208987
    },
    "tangent2": {
        "x": 0.3818708062171936,
        "y": 0.6658385396003723,
        "z": -0.36279553174972536
    },
    "endPos": {
        "x": -0.1637568473815918,
        "y": 4.096249103546143,
        "z": -0.9474891424179077
    }
}