{
    "_horizontalLines": 19.0,
    "_verticalLines": 19.0,
    "_radius": 0.12425726652145386,
    "_petalColour": {
        "r": 0.2716948390007019,
        "g": 0.5232210755348206,
        "b": 0.7243860960006714,
        "a": 1.0
    },
    "_cylinderVertexCount": 8.0,
    "_stemRadius": 0.08978071808815003,
    "_leafCount": 8.0,
    "_edgeRingCount": 33.0,
    "startPos": {
        "x": 0.0,
        "y": 0.0,
        "z": 0.0
    },
    "tangent1": {
        "x": 0.3222895562648773,
        "y": 1.8221668004989625,
        "z": -0.44579964876174929
    },
    "tangent2": {
        "x": 0.12197570502758026,
        "y": 1.9896517992019654,
        "z": -0.024861931800842286
    },
    "endPos": {
        "x": 0.2493038773536682,
        "y": 5.281594753265381,
        "z": -0.0508137121796608
    }
}