{
    "_horizontalLines": 15.0,
    "_verticalLines": 16.0,
    "_radius": 0.1082359179854393,
    "_petalColour": {
        "r": 0.47019094228744509,
        "g": 0.4150514006614685,
        "b": 0.12187385559082031,
        "a": 1.0
    },
    "_cylinderVertexCount": 14.0,
    "_stemRadius": 0.07596098631620407,
    "_leafCount": 8.0,
    "_edgeRingCount": 52.0,
    "startPos": {
        "x": 0.0,
        "y": 0.0,
        "z": 0.0
    },
    "tangent1": {
        "x": -0.1477162390947342,
        "y": 1.0195255279541016,
        "z": 0.430349737405777
    },
    "tangent2": {
        "x": -0.09520077705383301,
        "y": 1.245650053024292,
        "z": 0.18931074440479279
    },
    "endPos": {
        "x": -0.4239386022090912,
        "y": 4.0,
        "z": -0.2681753635406494
    }
}