{
    "_horizontalLines": 17.0,
    "_verticalLines": 19.0,
    "_radius": 0.10089679062366486,
    "_petalColour": {
        "r": 0.3844093680381775,
        "g": 0.5424413084983826,
        "b": 0.11246061325073242,
        "a": 1.0
    },
    "_cylinderVertexCount": 8.0,
    "_stemRadius": 0.08393502980470658,
    "_leafCount": 8.0,
    "_edgeRingCount": 22.0,
    "startPos": {
        "x": 0.0,
        "y": 0.0,
        "z": 0.0
    },
    "tangent1": {
        "x": -0.024840544909238817,
        "y": 1.805517554283142,
        "z": 0.4094301164150238
    },
    "tangent2": {
        "x": 0.038323257118463519,
        "y": 3.6850218772888185,
        "z": 0.6418110132217407
    },
    "endPos": {
        "x": -0.763315737247467,
        "y": 5.557459831237793,
        "z": -0.21362262964248658
    }
}