{
    "_horizontalLines": 15.0,
    "_verticalLines": 18.0,
    "_radius": 0.05213889107108116,
    "_petalColour": {
        "r": 0.25360411405563357,
        "g": 0.6645463705062866,
        "b": 0.37051814794540408,
        "a": 1.0
    },
    "_cylinderVertexCount": 5.0,
    "_stemRadius": 0.010868045501410962,
    "_leafCount": 8.0,
    "_edgeRingCount": 9.0,
    "startPos": {
        "x": 0.0,
        "y": 0.0,
        "z": 0.0
    },
    "tangent1": {
        "x": -0.2789701521396637,
        "y": 1.6698211431503297,
        "z": 0.16736863553524018
    },
    "tangent2": {
        "x": -0.291874498128891,
        "y": 2.512702465057373,
        "z": 0.11576130986213684
    },
    "endPos": {
        "x": 0.2074526846408844,
        "y": 5.442846298217773,
        "z": -0.6638453006744385
    }
}