{
    "_horizontalLines": 15.0,
    "_verticalLines": 15.0,
    "_radius": 0.10210529714822769,
    "_petalColour": {
        "r": 0.3543255925178528,
        "g": 0.5710209012031555,
        "b": 0.7914021015167236,
        "a": 1.0
    },
    "_cylinderVertexCount": 6.0,
    "_stemRadius": 0.057628579437732699,
    "_leafCount": 8.0,
    "_edgeRingCount": 12.0,
    "startPos": {
        "x": 0.0,
        "y": 0.0,
        "z": 0.0
    },
    "tangent1": {
        "x": 0.11846737563610077,
        "y": 0.12182064354419708,
        "z": -0.19099049270153047
    },
    "tangent2": {
        "x": -0.3371661901473999,
        "y": 0.8549274206161499,
        "z": -0.07989120483398438
    },
    "endPos": {
        "x": 0.18986624479293824,
        "y": 4.0,
        "z": -0.25972098112106326
    }
}