{
    "_horizontalLines": 19.0,
    "_verticalLines": 19.0,
    "_radius": 0.11134351789951325,
    "_petalColour": {
        "r": 0.9462311267852783,
        "g": 0.36811870336532595,
        "b": 0.9926316738128662,
        "a": 1.0
    },
    "_cylinderVertexCount": 6.0,
    "_stemRadius": 0.10389827936887741,
    "_leafCount": 8.0,
    "_edgeRingCount": 39.0,
    "startPos": {
        "x": 0.0,
        "y": 0.0,
        "z": 0.0
    },
    "tangent1": {
        "x": -0.07680206000804901,
        "y": 0.4905861020088196,
        "z": 0.42644110321998598
    },
    "tangent2": {
        "x": -0.48710888624191286,
        "y": 0.5672603845596314,
        "z": -0.038331031799316409
    },
    "endPos": {
        "x": 0.3841739892959595,
        "y": 4.0,
        "z": -0.4215775430202484
    }
}