{
    "_horizontalLines": 18.0,
    "_verticalLines": 19.0,
    "_radius": 0.06795213371515274,
    "_petalColour": {
        "r": 0.12038922309875488,
        "g": 0.32172757387161257,
        "b": 0.6225073933601379,
        "a": 1.0
    },
    "_cylinderVertexCount": 11.0,
    "_stemRadius": 0.021578295156359674,
    "_leafCount": 8.0,
    "_edgeRingCount": 60.0,
    "startPos": {
        "x": 0.0,
        "y": 0.0,
        "z": 0.0
    },
    "tangent1": {
        "x": 0.25435543060302737,
        "y": 0.39851266145706179,
        "z": 0.16004598140716554
    },
    "tangent2": {
        "x": -0.18604984879493714,
        "y": 0.8392301797866821,
        "z": -0.06701715290546417
    },
    "endPos": {
        "x": 0.6643079519271851,
        "y": 4.0,
        "z": 0.6184858679771423
    }
}