{
    "_horizontalLines": 15.0,
    "_verticalLines": 17.0,
    "_radius": 0.0710371658205986,
    "_petalColour": {
        "r": 0.38783663511276247,
        "g": 0.45425790548324587,
        "b": 0.14455080032348634,
        "a": 1.0
    },
    "_cylinderVertexCount": 11.0,
    "_stemRadius": 0.05864390730857849,
    "_leafCount": 8.0,
    "_edgeRingCount": 19.0,
    "startPos": {
        "x": 0.0,
        "y": 0.0,
        "z": 0.0
    },
    "tangent1": {
        "x": 0.4106360375881195,
        "y": 0.22858409583568574,
        "z": 0.15413807332515717
    },
    "tangent2": {
        "x": -0.06862068176269531,
        "y": 1.3497273921966553,
        "z": 0.2991580665111542
    },
    "endPos": {
        "x": 0.7989709377288818,
        "y": 4.0,
        "z": 0.33284634351730349
    }
}