{
    "_horizontalLines": 17.0,
    "_verticalLines": 17.0,
    "_radius": 0.1059316024184227,
    "_petalColour": {
        "r": 0.11454880237579346,
        "g": 0.4486162066459656,
        "b": 0.15045058727264405,
        "a": 1.0
    },
    "_cylinderVertexCount": 10.0,
    "_stemRadius": 0.08186610788106919,
    "_leafCount": 8.0,
    "_edgeRingCount": 19.0,
    "startPos": {
        "x": 0.0,
        "y": 0.0,
        "z": 0.0
    },
    "tangent1": {
        "x": -0.459821879863739,
        "y": 0.23550014197826386,
        "z": 0.26376065611839297
    },
    "tangent2": {
        "x": -0.5019189119338989,
        "y": 1.188187837600708,
        "z": 0.2119704633951187
    },
    "endPos": {
        "x": -1.2584528923034669,
        "y": 4.0,
        "z": -0.5340888500213623
    }
}