{
    "_horizontalLines": 18.0,
    "_verticalLines": 18.0,
    "_radius": 0.07975716143846512,
    "_petalColour": {
        "r": 0.3858138918876648,
        "g": 0.21169185638427735,
        "b": 0.5015198588371277,
        "a": 1.0
    },
    "_cylinderVertexCount": 11.0,
    "_stemRadius": 0.06154457852244377,
    "_leafCount": 8.0,
    "_edgeRingCount": 27.0,
    "startPos": {
        "x": 0.0,
        "y": 0.0,
        "z": 0.0
    },
    "tangent1": {
        "x": -0.1538373976945877,
        "y": 1.2895218133926392,
        "z": 0.1964247077703476
    },
    "tangent2": {
        "x": 0.2038034349679947,
        "y": 2.1417977809906008,
        "z": 0.08792871236801148
    },
    "endPos": {
        "x": 1.03542160987854,
        "y": 4.0,
        "z": -0.6253372430801392
    }
}