{
    "_horizontalLines": 19.0,
    "_verticalLines": 16.0,
    "_radius": 0.037840716540813449,
    "_petalColour": {
        "r": 0.8675085306167603,
        "g": 0.2484745979309082,
        "b": 0.8502800464630127,
        "a": 1.0
    },
    "_cylinderVertexCount": 9.0,
    "_stemRadius": 0.023714039474725724,
    "_leafCount": 8.0,
    "_edgeRingCount": 59.0,
    "startPos": {
        "x": 0.0,
        "y": 0.0,
        "z": 0.0
    },
    "tangent1": {
        "x": -0.01244444865733385,
        "y": 1.8630447387695313,
        "z": -0.41275882720947268
    },
    "tangent2": {
        "x": -0.4880571663379669,
        "y": 3.0707740783691408,
        "z": -0.6769746541976929
    },
    "endPos": {
        "x": -1.0483046770095826,
        "y": 4.708736896514893,
        "z": -1.329704999923706
    }
}