{
    "_horizontalLines": 16.0,
    "_verticalLines": 16.0,
    "_radius": 0.0425439216196537,
    "_petalColour": {
        "r": 0.13732492923736573,
        "g": 0.7814931869506836,
        "b": 0.3581680655479431,
        "a": 1.0
    },
    "_cylinderVertexCount": 13.0,
    "_stemRadius": 0.020884208381175996,
    "_leafCount": 8.0,
    "_edgeRingCount": 10.0,
    "startPos": {
        "x": 0.0,
        "y": 0.0,
        "z": 0.0
    },
    "tangent1": {
        "x": 0.028585005551576616,
        "y": 1.399319052696228,
        "z": -0.059014130383729938
    },
    "tangent2": {
        "x": -0.270835816860199,
        "y": 2.8529534339904787,
        "z": -0.053610801696777347
    },
    "endPos": {
        "x": -0.048937588930130008,
        "y": 5.113131999969482,
        "z": -0.3505496680736542
    }
}