{
    "_horizontalLines": 15.0,
    "_verticalLines": 19.0,
    "_radius": 0.09313879907131195,
    "_petalColour": {
        "r": 0.6171620488166809,
        "g": 0.5842295289039612,
        "b": 0.7354891300201416,
        "a": 1.0
    },
    "_cylinderVertexCount": 14.0,
    "_stemRadius": 0.07796769589185715,
    "_leafCount": 8.0,
    "_edgeRingCount": 52.0,
    "startPos": {
        "x": 0.0,
        "y": 0.0,
        "z": 0.0
    },
    "tangent1": {
        "x": 0.4113454818725586,
        "y": 1.345865249633789,
        "z": -0.3879068195819855
    },
    "tangent2": {
        "x": 0.8596532344818115,
        "y": 3.1196136474609377,
        "z": -0.846380889415741
    },
    "endPos": {
        "x": 1.417958378791809,
        "y": 4.953273773193359,
        "z": -1.235689401626587
    }
}