{
    "_horizontalLines": 16.0,
    "_verticalLines": 16.0,
    "_radius": 0.0993756353855133,
    "_petalColour": {
        "r": 0.5970225930213928,
        "g": 0.240106463432312,
        "b": 0.6488384008407593,
        "a": 1.0
    },
    "_cylinderVertexCount": 10.0,
    "_stemRadius": 0.0739986002445221,
    "_leafCount": 8.0,
    "_edgeRingCount": 19.0,
    "startPos": {
        "x": 0.0,
        "y": 0.0,
        "z": 0.0
    },
    "tangent1": {
        "x": -0.49655285477638247,
        "y": 1.6442123651504517,
        "z": 0.17292439937591554
    },
    "tangent2": {
        "x": -0.025831520557403566,
        "y": 2.1285502910614015,
        "z": 0.09492762386798859
    },
    "endPos": {
        "x": -0.5740513205528259,
        "y": 4.0,
        "z": 0.7631296515464783
    }
}