{
    "_horizontalLines": 18.0,
    "_verticalLines": 18.0,
    "_radius": 0.045837633311748508,
    "_petalColour": {
        "r": 0.03067481517791748,
        "g": 0.6865246295928955,
        "b": 0.5052571892738342,
        "a": 1.0
    },
    "_cylinderVertexCount": 14.0,
    "_stemRadius": 0.028292566537857057,
    "_leafCount": 8.0,
    "_edgeRingCount": 18.0,
    "startPos": {
        "x": 0.0,
        "y": 0.0,
        "z": 0.0
    },
    "tangent1": {
        "x": 0.1542513221502304,
        "y": 0.01181869488209486,
        "z": -0.23284058272838593
    },
    "tangent2": {
        "x": 0.08182662725448609,
        "y": 1.5200968980789185,
        "z": -0.26744842529296877
    },
    "endPos": {
        "x": 0.08364025503396988,
        "y": 4.0,
        "z": -0.8143067359924316
    }
}