{
    "_horizontalLines": 17.0,
    "_verticalLines": 19.0,
    "_radius": 0.04632776230573654,
    "_petalColour": {
        "r": 0.8484400510787964,
        "g": 0.23620116710662843,
        "b": 0.05654323101043701,
        "a": 1.0
    },
    "_cylinderVertexCount": 8.0,
    "_stemRadius": 0.013858605176210404,
    "_leafCount": 8.0,
    "_edgeRingCount": 8.0,
    "startPos": {
        "x": 0.0,
        "y": 0.0,
        "z": 0.0
    },
    "tangent1": {
        "x": -0.09228281676769257,
        "y": 0.5265883803367615,
        "z": -0.06871800124645233
    },
    "tangent2": {
        "x": 0.31166285276412966,
        "y": 0.9589768648147583,
        "z": 0.12345127761363983
    },
    "endPos": {
        "x": -0.4777379035949707,
        "y": 4.2763752937316898,
        "z": 0.388837993144989
    }
}