{
    "_horizontalLines": 17.0,
    "_verticalLines": 15.0,
    "_radius": 0.09209050238132477,
    "_petalColour": {
        "r": 0.5397245287895203,
        "g": 0.6926089525222778,
        "b": 0.15908753871917725,
        "a": 1.0
    },
    "_cylinderVertexCount": 8.0,
    "_stemRadius": 0.07248196005821228,
    "_leafCount": 8.0,
    "_edgeRingCount": 58.0,
    "startPos": {
        "x": 0.0,
        "y": 0.0,
        "z": 0.0
    },
    "tangent1": {
        "x": -0.4158109724521637,
        "y": 1.4788390398025513,
        "z": 0.4153780937194824
    },
    "tangent2": {
        "x": -0.18192973732948304,
        "y": 2.9700684547424318,
        "z": 0.08918944001197815
    },
    "endPos": {
        "x": -0.19013118743896485,
        "y": 6.300000190734863,
        "z": -0.1701653003692627
    }
}