{
    "_horizontalLines": 15.0,
    "_verticalLines": 18.0,
    "_radius": 0.0670517235994339,
    "_petalColour": {
        "r": 0.04562664031982422,
        "g": 0.7970923185348511,
        "b": 0.11150145530700684,
        "a": 1.0
    },
    "_cylinderVertexCount": 12.0,
    "_stemRadius": 0.0655914843082428,
    "_leafCount": 8.0,
    "_edgeRingCount": 38.0,
    "startPos": {
        "x": 0.0,
        "y": 0.0,
        "z": 0.0
    },
    "tangent1": {
        "x": 0.21218132972717286,
        "y": 0.09451083838939667,
        "z": -0.09527520835399628
    },
    "tangent2": {
        "x": 0.09769339859485626,
        "y": 1.8625978231430054,
        "z": 0.36847084760665896
    },
    "endPos": {
        "x": 0.8959519863128662,
        "y": 4.0,
        "z": 0.5255118012428284
    }
}