{
    "_horizontalLines": 18.0,
    "_verticalLines": 16.0,
    "_radius": 0.12845252454280854,
    "_petalColour": {
        "r": 0.48203736543655398,
        "g": 0.34484928846359255,
        "b": 0.9957702159881592,
        "a": 1.0
    },
    "_cylinderVertexCount": 13.0,
    "_stemRadius": 0.08769580721855164,
    "_leafCount": 8.0,
    "_edgeRingCount": 42.0,
    "startPos": {
        "x": 0.0,
        "y": 0.0,
        "z": 0.0
    },
    "tangent1": {
        "x": 0.07662777602672577,
        "y": 1.2261295318603516,
        "z": 0.28865230083465578
    },
    "tangent2": {
        "x": 0.10119017958641052,
        "y": 1.3885681629180909,
        "z": 0.31537455320358279
    },
    "endPos": {
        "x": 0.7040214538574219,
        "y": 4.0,
        "z": 0.5512810945510864
    }
}