{
    "_horizontalLines": 18.0,
    "_verticalLines": 18.0,
    "_radius": 0.06629429757595062,
    "_petalColour": {
        "r": 0.14429640769958497,
        "g": 0.3451632857322693,
        "b": 0.41434842348098757,
        "a": 1.0
    },
    "_cylinderVertexCount": 7.0,
    "_stemRadius": 0.033819664269685748,
    "_leafCount": 8.0,
    "_edgeRingCount": 37.0,
    "startPos": {
        "x": 0.0,
        "y": 0.0,
        "z": 0.0
    },
    "tangent1": {
        "x": 0.09595637023448944,
        "y": 1.1843379735946656,
        "z": 0.19574426114559174
    },
    "tangent2": {
        "x": -0.18402151763439179,
        "y": 1.7643167972564698,
        "z": 0.2651722729206085
    },
    "endPos": {
        "x": 0.06100951135158539,
        "y": 4.0,
        "z": -0.1968441605567932
    }
}