{
    "_horizontalLines": 15.0,
    "_verticalLines": 15.0,
    "_radius": 0.03154599294066429,
    "_petalColour": {
        "r": 0.027873754501342775,
        "g": 0.5204290747642517,
        "b": 0.4555581212043762,
        "a": 1.0
    },
    "_cylinderVertexCount": 10.0,
    "_stemRadius": -0.006843260023742914,
    "_leafCount": 8.0,
    "_edgeRingCount": 30.0,
    "startPos": {
        "x": 0.0,
        "y": 0.0,
        "z": 0.0
    },
    "tangent1": {
        "x": 0.17425082623958589,
        "y": 1.735194444656372,
        "z": -0.24197272956371308
    },
    "tangent2": {
        "x": 0.6153364181518555,
        "y": 1.9475631713867188,
        "z": -0.04166989028453827
    },
    "endPos": {
        "x": -0.08977001905441284,
        "y": 4.0,
        "z": -0.16169342398643495
    }
}