{
    "_horizontalLines": 15.0,
    "_verticalLines": 17.0,
    "_radius": 0.11626357585191727,
    "_petalColour": {
        "r": 0.1593616008758545,
        "g": 0.43978363275527956,
        "b": 0.6831036806106567,
        "a": 1.0
    },
    "_cylinderVertexCount": 10.0,
    "_stemRadius": 0.06686124950647354,
    "_leafCount": 8.0,
    "_edgeRingCount": 30.0,
    "startPos": {
        "x": 0.0,
        "y": 0.0,
        "z": 0.0
    },
    "tangent1": {
        "x": 0.42729735374450686,
        "y": 1.6129897832870484,
        "z": 0.1030082255601883
    },
    "tangent2": {
        "x": 0.14750933647155763,
        "y": 2.41150164604187,
        "z": 0.31762760877609255
    },
    "endPos": {
        "x": -0.7199769616127014,
        "y": 4.0,
        "z": 0.35839197039604189
    }
}