{
    "_horizontalLines": 19.0,
    "_verticalLines": 16.0,
    "_radius": 0.10214827209711075,
    "_petalColour": {
        "r": 0.4847126603126526,
        "g": 0.6295108795166016,
        "b": 0.878280758857727,
        "a": 1.0
    },
    "_cylinderVertexCount": 13.0,
    "_stemRadius": 0.09937859326601029,
    "_leafCount": 8.0,
    "_edgeRingCount": 12.0,
    "startPos": {
        "x": 0.0,
        "y": 0.0,
        "z": 0.0
    },
    "tangent1": {
        "x": -0.23953910171985627,
        "y": 0.2345741242170334,
        "z": 0.44434332847595217
    },
    "tangent2": {
        "x": -0.36876264214515688,
        "y": 1.6879860162734986,
        "z": 0.6367981433868408
    },
    "endPos": {
        "x": -1.020749807357788,
        "y": 4.0,
        "z": 0.5038462281227112
    }
}