{
    "_horizontalLines": 19.0,
    "_verticalLines": 15.0,
    "_radius": 0.04332615062594414,
    "_petalColour": {
        "r": 0.5051590800285339,
        "g": 0.68215012550354,
        "b": 0.7332651615142822,
        "a": 1.0
    },
    "_cylinderVertexCount": 11.0,
    "_stemRadius": -0.005159660242497921,
    "_leafCount": 8.0,
    "_edgeRingCount": 64.0,
    "startPos": {
        "x": 0.0,
        "y": 0.0,
        "z": 0.0
    },
    "tangent1": {
        "x": 0.25409993529319765,
        "y": 0.5685815215110779,
        "z": -0.3758375346660614
    },
    "tangent2": {
        "x": 0.6520615816116333,
        "y": 1.2873694896697999,
        "z": -0.6058167815208435
    },
    "endPos": {
        "x": 1.4620676040649415,
        "y": 4.617976188659668,
        "z": -1.3818399906158448
    }
}