{
    "_horizontalLines": 19.0,
    "_verticalLines": 18.0,
    "_radius": 0.045538365840911868,
    "_petalColour": {
        "r": 0.6571618318557739,
        "g": 0.25279730558395388,
        "b": 0.9517909288406372,
        "a": 1.0
    },
    "_cylinderVertexCount": 13.0,
    "_stemRadius": 0.007545449770987034,
    "_leafCount": 8.0,
    "_edgeRingCount": 50.0,
    "startPos": {
        "x": 0.0,
        "y": 0.0,
        "z": 0.0
    },
    "tangent1": {
        "x": 0.21189725399017335,
        "y": 0.7313780784606934,
        "z": 0.07110552489757538
    },
    "tangent2": {
        "x": -0.003415033221244812,
        "y": 2.269847869873047,
        "z": 0.11229190230369568
    },
    "endPos": {
        "x": 0.38819336891174319,
        "y": 4.0,
        "z": -0.620089054107666
    }
}