{
    "_horizontalLines": 16.0,
    "_verticalLines": 19.0,
    "_radius": 0.09907016903162003,
    "_petalColour": {
        "r": 0.21895253658294679,
        "g": 0.8900268077850342,
        "b": 0.3962540030479431,
        "a": 1.0
    },
    "_cylinderVertexCount": 12.0,
    "_stemRadius": 0.06115493178367615,
    "_leafCount": 8.0,
    "_edgeRingCount": 29.0,
    "startPos": {
        "x": 0.0,
        "y": 0.0,
        "z": 0.0
    },
    "tangent1": {
        "x": 0.0525784008204937,
        "y": 0.25394171476364138,
        "z": 0.2219897210597992
    },
    "tangent2": {
        "x": -0.03846559301018715,
        "y": 2.221766710281372,
        "z": 0.24436692893505097
    },
    "endPos": {
        "x": 0.16556702554225923,
        "y": 4.0,
        "z": -0.46487224102020266
    }
}