{
    "_horizontalLines": 17.0,
    "_verticalLines": 18.0,
    "_radius": 0.09018031507730484,
    "_petalColour": {
        "r": 0.5184372067451477,
        "g": 0.36046653985977175,
        "b": 0.6611944437026978,
        "a": 1.0
    },
    "_cylinderVertexCount": 5.0,
    "_stemRadius": 0.06345118582248688,
    "_leafCount": 8.0,
    "_edgeRingCount": 16.0,
    "startPos": {
        "x": 0.0,
        "y": 0.0,
        "z": 0.0
    },
    "tangent1": {
        "x": 0.10167117416858673,
        "y": 1.1620105504989625,
        "z": -0.07748384773731232
    },
    "tangent2": {
        "x": 0.3550257086753845,
        "y": 1.1693555116653443,
        "z": 0.23810748755931855
    },
    "endPos": {
        "x": -0.5078965425491333,
        "y": 4.0,
        "z": 0.6417989134788513
    }
}