{
    "_horizontalLines": 15.0,
    "_verticalLines": 17.0,
    "_radius": 0.06415263563394547,
    "_petalColour": {
        "r": 0.0745319128036499,
        "g": 0.45354610681533816,
        "b": 0.18342316150665284,
        "a": 1.0
    },
    "_cylinderVertexCount": 6.0,
    "_stemRadius": 0.02279202826321125,
    "_leafCount": 8.0,
    "_edgeRingCount": 63.0,
    "startPos": {
        "x": 0.0,
        "y": 0.0,
        "z": 0.0
    },
    "tangent1": {
        "x": 0.13565443456172944,
        "y": 0.7439729571342468,
        "z": -0.34858599305152895
    },
    "tangent2": {
        "x": 0.42599254846572878,
        "y": 1.5485985279083253,
        "z": -0.5024451613426209
    },
    "endPos": {
        "x": -0.23748290538787843,
        "y": 4.0,
        "z": 0.03717517852783203
    }
}