{
    "_horizontalLines": 18.0,
    "_verticalLines": 16.0,
    "_radius": 0.08236353099346161,
    "_petalColour": {
        "r": 0.88907790184021,
        "g": 0.43378907442092898,
        "b": 0.5446813702583313,
        "a": 1.0
    },
    "_cylinderVertexCount": 13.0,
    "_stemRadius": 0.0582728385925293,
    "_leafCount": 8.0,
    "_edgeRingCount": 6.0,
    "startPos": {
        "x": 0.0,
        "y": 0.0,
        "z": 0.0
    },
    "tangent1": {
        "x": 0.24419602751731873,
        "y": 1.2758688926696778,
        "z": 0.4025041460990906
    },
    "tangent2": {
        "x": 0.12634067237377168,
        "y": 2.0760180950164797,
        "z": 0.3831721544265747
    },
    "endPos": {
        "x": -0.2380944937467575,
        "y": 5.311212539672852,
        "z": 0.29003241658210757
    }
}