{
    "_horizontalLines": 18.0,
    "_verticalLines": 17.0,
    "_radius": 0.05808386579155922,
    "_petalColour": {
        "r": 0.6170393824577332,
        "g": 0.48621267080307009,
        "b": 0.14582622051239015,
        "a": 1.0
    },
    "_cylinderVertexCount": 12.0,
    "_stemRadius": 0.016213390976190568,
    "_leafCount": 8.0,
    "_edgeRingCount": 53.0,
    "startPos": {
        "x": 0.0,
        "y": 0.0,
        "z": 0.0
    },
    "tangent1": {
        "x": -0.4283409118652344,
        "y": 0.6289699673652649,
        "z": -0.47259417176246645
    },
    "tangent2": {
        "x": -0.9073440432548523,
        "y": 2.1014065742492677,
        "z": -0.053033024072647098
    },
    "endPos": {
        "x": -0.20485299825668336,
        "y": 5.0310797691345219,
        "z": -0.8257390260696411
    }
}