{
    "_horizontalLines": 4,
    "_verticalLines": 5,
    "_radius": 0.13331478834152223,
    "_petalColour": {
        "r": 0.3608850836753845,
        "g": 0.19795525074005128,
        "b": 0.7095026969909668,
        "a": 1.0
    },
    "_cylinderVertexCount": 6,
    "_stemRadius": 0.09153588116168976,
    "_leafCount": 8,
    "_edgeRingCount": 38,
    "startPos": {
        "x": 0.05377461761236191,
        "y": 0.40479716658592226,
        "z": -0.2357056587934494
    },
    "tangent1": {
        "x": 0.4964817762374878,
        "y": 1.9062772989273072,
        "z": -0.23940157890319825
    },
    "tangent2": {
        "x": 0.19290617108345033,
        "y": 1.9169424772262574,
        "z": -0.6978669762611389
    },
    "endPos": {
        "x": -0.6136907339096069,
        "y": 3.9817190170288088,
        "z": 0.10428202152252197
    }
}