{
    "_horizontalLines": 15.0,
    "_verticalLines": 15.0,
    "_radius": 0.12610068917274476,
    "_petalColour": {
        "r": 0.2927660346031189,
        "g": 0.6973584890365601,
        "b": 0.09237706661224365,
        "a": 1.0
    },
    "_cylinderVertexCount": 7.0,
    "_stemRadius": 0.07633506506681442,
    "_leafCount": 8.0,
    "_edgeRingCount": 16.0,
    "startPos": {
        "x": 0.0,
        "y": 0.0,
        "z": 0.0
    },
    "tangent1": {
        "x": -0.23082785308361054,
        "y": 1.6080901622772217,
        "z": -0.23382072150707246
    },
    "tangent2": {
        "x": -0.10916075110435486,
        "y": 3.227970838546753,
        "z": -0.21964311599731446
    },
    "endPos": {
        "x": 0.030548378825187684,
        "y": 6.167875289916992,
        "z": -0.9050768613815308
    }
}