{
    "_horizontalLines": 11.0,
    "_verticalLines": 6.0,
    "_radius": 0.063633494079113,
    "_petalColour": {
        "r": 0.11777400970458985,
        "g": 0.0370023250579834,
        "b": 0.9995605945587158,
        "a": 1.0
    },
    "_cylinderVertexCount": 9.0,
    "_stemRadius": 0.049918755888938907,
    "_leafCount": 8.0,
    "_edgeRingCount": 50.0,
    "startPos": {
        "x": 0.09832166880369187,
        "y": 0.5211083889007568,
        "z": -0.10313298553228378
    },
    "tangent1": {
        "x": 0.10861153155565262,
        "y": 1.2507786750793458,
        "z": 0.3303663432598114
    },
    "tangent2": {
        "x": 0.45683959126472475,
        "y": 2.264352798461914,
        "z": 0.04183274507522583
    },
    "endPos": {
        "x": 1.0015828609466553,
        "y": 3.9994678497314455,
        "z": -0.4322868287563324
    }
}