{
    "_horizontalLines": 16.0,
    "_verticalLines": 18.0,
    "_radius": 0.07783374190330506,
    "_petalColour": {
        "r": 0.8377079963684082,
        "g": 0.4401647448539734,
        "b": 0.5712850689888,
        "a": 1.0
    },
    "_cylinderVertexCount": 7.0,
    "_stemRadius": 0.04075603187084198,
    "_leafCount": 8.0,
    "_edgeRingCount": 56.0,
    "startPos": {
        "x": 0.0,
        "y": 0.0,
        "z": 0.0
    },
    "tangent1": {
        "x": 0.1518866866827011,
        "y": 0.303880512714386,
        "z": -0.1561003178358078
    },
    "tangent2": {
        "x": 0.5029744505882263,
        "y": 1.9901483058929444,
        "z": -0.39589929580688479
    },
    "endPos": {
        "x": 1.3641350269317628,
        "y": 5.031275272369385,
        "z": -0.36941972374916079
    }
}