{
    "_horizontalLines": 19.0,
    "_verticalLines": 17.0,
    "_radius": 0.05163424089550972,
    "_petalColour": {
        "r": 0.15572035312652589,
        "g": 0.4553298354148865,
        "b": 0.5330690741539002,
        "a": 1.0
    },
    "_cylinderVertexCount": 9.0,
    "_stemRadius": 0.010485874488949776,
    "_leafCount": 8.0,
    "_edgeRingCount": 43.0,
    "startPos": {
        "x": 0.0,
        "y": 0.0,
        "z": 0.0
    },
    "tangent1": {
        "x": -0.25726914405822756,
        "y": 1.514485239982605,
        "z": -0.04126877710223198
    },
    "tangent2": {
        "x": 0.1887209415435791,
        "y": 1.6233817338943482,
        "z": 0.39307036995887759
    },
    "endPos": {
        "x": -0.049197062849998477,
        "y": 4.0,
        "z": 0.362088680267334
    }
}