{
    "_horizontalLines": 15.0,
    "_verticalLines": 16.0,
    "_radius": 0.05339571833610535,
    "_petalColour": {
        "r": 0.3435376286506653,
        "g": 0.9087377786636353,
        "b": 0.2953084111213684,
        "a": 1.0
    },
    "_cylinderVertexCount": 14.0,
    "_stemRadius": 0.03031267784535885,
    "_leafCount": 8.0,
    "_edgeRingCount": 61.0,
    "startPos": {
        "x": 0.0,
        "y": 0.0,
        "z": 0.0
    },
    "tangent1": {
        "x": 0.056656550616025928,
        "y": 0.8796260952949524,
        "z": 0.42928704619407656
    },
    "tangent2": {
        "x": -0.33467790484428408,
        "y": 2.464468002319336,
        "z": -0.05013313889503479
    },
    "endPos": {
        "x": -0.4954572916030884,
        "y": 5.1987152099609379,
        "z": 0.6519452333450317
    }
}