{
    "_horizontalLines": 17.0,
    "_verticalLines": 16.0,
    "_radius": 0.09938884526491165,
    "_petalColour": {
        "r": 0.5950794816017151,
        "g": 0.4003215432167053,
        "b": 0.9896763563156128,
        "a": 1.0
    },
    "_cylinderVertexCount": 7.0,
    "_stemRadius": 0.09205584973096848,
    "_leafCount": 8.0,
    "_edgeRingCount": 16.0,
    "startPos": {
        "x": 0.0,
        "y": 0.0,
        "z": 0.0
    },
    "tangent1": {
        "x": 0.2988682687282562,
        "y": 0.10725517570972443,
        "z": 0.4343942701816559
    },
    "tangent2": {
        "x": 0.12151803076267243,
        "y": 0.6104415655136108,
        "z": 0.4081304967403412
    },
    "endPos": {
        "x": 0.2147652506828308,
        "y": 4.0,
        "z": 0.6916078329086304
    }
}