{
    "_horizontalLines": 15.0,
    "_verticalLines": 18.0,
    "_radius": 0.0776524543762207,
    "_petalColour": {
        "r": 0.38274067640304568,
        "g": 0.7208954095840454,
        "b": 0.586407482624054,
        "a": 1.0
    },
    "_cylinderVertexCount": 5.0,
    "_stemRadius": 0.037031080573797229,
    "_leafCount": 8.0,
    "_edgeRingCount": 15.0,
    "startPos": {
        "x": 0.0,
        "y": 0.0,
        "z": 0.0
    },
    "tangent1": {
        "x": -0.059651803225278857,
        "y": 1.2368587255477906,
        "z": -0.15154843032360078
    },
    "tangent2": {
        "x": 0.34679076075553896,
        "y": 1.3396350145339966,
        "z": -0.20439410209655763
    },
    "endPos": {
        "x": 0.1369110494852066,
        "y": 4.0,
        "z": -0.5624737739562988
    }
}