{
    "_horizontalLines": 18.0,
    "_verticalLines": 19.0,
    "_radius": 0.09322721511125565,
    "_petalColour": {
        "r": 0.3103049397468567,
        "g": 0.14784502983093263,
        "b": 0.33030086755752566,
        "a": 1.0
    },
    "_cylinderVertexCount": 9.0,
    "_stemRadius": 0.07416196912527085,
    "_leafCount": 8.0,
    "_edgeRingCount": 17.0,
    "startPos": {
        "x": 0.0,
        "y": 0.0,
        "z": 0.0
    },
    "tangent1": {
        "x": -0.2494829148054123,
        "y": 1.3413959741592408,
        "z": 0.17237304151058198
    },
    "tangent2": {
        "x": 0.19414196908473969,
        "y": 2.2474417686462404,
        "z": 0.6192626953125
    },
    "endPos": {
        "x": 0.9924439787864685,
        "y": 5.032980918884277,
        "z": 0.7802972793579102
    }
}