{
    "_horizontalLines": 18.0,
    "_verticalLines": 18.0,
    "_radius": 0.13214290142059327,
    "_petalColour": {
        "r": 0.496587336063385,
        "g": 0.1911919116973877,
        "b": 0.9421446323394775,
        "a": 1.0
    },
    "_cylinderVertexCount": 13.0,
    "_stemRadius": 0.08886474370956421,
    "_leafCount": 8.0,
    "_edgeRingCount": 10.0,
    "startPos": {
        "x": 0.0,
        "y": 0.0,
        "z": 0.0
    },
    "tangent1": {
        "x": -0.27840518951416018,
        "y": 1.6719974279403687,
        "z": -0.31103333830833437
    },
    "tangent2": {
        "x": -0.7565741539001465,
        "y": 1.9786922931671143,
        "z": -0.7619822025299072
    },
    "endPos": {
        "x": -0.14758849143981934,
        "y": 5.397900104522705,
        "z": -1.302290678024292
    }
}