{
    "_horizontalLines": 17.0,
    "_verticalLines": 19.0,
    "_radius": 0.0726579800248146,
    "_petalColour": {
        "r": 0.6670697927474976,
        "g": 0.10651814937591553,
        "b": 0.6506149768829346,
        "a": 1.0
    },
    "_cylinderVertexCount": 8.0,
    "_stemRadius": 0.04934662580490112,
    "_leafCount": 8.0,
    "_edgeRingCount": 63.0,
    "startPos": {
        "x": 0.0,
        "y": 0.0,
        "z": 0.0
    },
    "tangent1": {
        "x": -0.06659011542797089,
        "y": 0.1477167159318924,
        "z": -0.09855823218822479
    },
    "tangent2": {
        "x": 0.118557870388031,
        "y": 1.3380053043365479,
        "z": 0.37815582752227785
    },
    "endPos": {
        "x": 0.27344244718551638,
        "y": 4.0,
        "z": -0.06389909982681275
    }
}