{
    "_horizontalLines": 18.0,
    "_verticalLines": 16.0,
    "_radius": 0.09597913920879364,
    "_petalColour": {
        "r": 0.16408467292785645,
        "g": 0.010429143905639649,
        "b": 0.1512070894241333,
        "a": 1.0
    },
    "_cylinderVertexCount": 10.0,
    "_stemRadius": 0.07827277481555939,
    "_leafCount": 8.0,
    "_edgeRingCount": 43.0,
    "startPos": {
        "x": 0.0,
        "y": 0.0,
        "z": 0.0
    },
    "tangent1": {
        "x": -0.12499742209911347,
        "y": 1.4890884160995484,
        "z": 0.49638375639915469
    },
    "tangent2": {
        "x": 0.2685142159461975,
        "y": 3.4669876098632814,
        "z": 0.6671516299247742
    },
    "endPos": {
        "x": 0.28159788250923159,
        "y": 6.204163074493408,
        "z": 0.6111912131309509
    }
}