{
    "_horizontalLines": 15.0,
    "_verticalLines": 18.0,
    "_radius": 0.11147487163543701,
    "_petalColour": {
        "r": 0.9215207099914551,
        "g": 0.621553361415863,
        "b": 0.027983784675598146,
        "a": 1.0
    },
    "_cylinderVertexCount": 11.0,
    "_stemRadius": 0.08323095738887787,
    "_leafCount": 8.0,
    "_edgeRingCount": 40.0,
    "startPos": {
        "x": 0.0,
        "y": 0.0,
        "z": 0.0
    },
    "tangent1": {
        "x": -0.24665947258472444,
        "y": 0.4338914752006531,
        "z": 0.3052022457122803
    },
    "tangent2": {
        "x": -0.3893252909183502,
        "y": 1.0201219320297242,
        "z": 0.6804790496826172
    },
    "endPos": {
        "x": 0.4326557219028473,
        "y": 4.0,
        "z": 0.5549437403678894
    }
}