{
    "_horizontalLines": 17.0,
    "_verticalLines": 16.0,
    "_radius": 0.11381449550390244,
    "_petalColour": {
        "r": 0.9065150022506714,
        "g": 0.849750280380249,
        "b": 0.5216889977455139,
        "a": 1.0
    },
    "_cylinderVertexCount": 14.0,
    "_stemRadius": 0.08454013615846634,
    "_leafCount": 8.0,
    "_edgeRingCount": 38.0,
    "startPos": {
        "x": 0.0,
        "y": 0.0,
        "z": 0.0
    },
    "tangent1": {
        "x": 0.08848719298839569,
        "y": 1.4038432836532593,
        "z": 0.3288283348083496
    },
    "tangent2": {
        "x": 0.3975656032562256,
        "y": 2.5912623405456545,
        "z": 0.7879618406295776
    },
    "endPos": {
        "x": 0.9968414306640625,
        "y": 4.0,
        "z": 0.49453774094581606
    }
}