{
    "_horizontalLines": 19.0,
    "_verticalLines": 17.0,
    "_radius": 0.045848067849874499,
    "_petalColour": {
        "r": 0.08960580825805664,
        "g": 0.035350799560546878,
        "b": 0.7146569490432739,
        "a": 1.0
    },
    "_cylinderVertexCount": 10.0,
    "_stemRadius": 0.02610398456454277,
    "_leafCount": 8.0,
    "_edgeRingCount": 20.0,
    "startPos": {
        "x": 0.0,
        "y": 0.0,
        "z": 0.0
    },
    "tangent1": {
        "x": -0.4825302064418793,
        "y": 0.0432092659175396,
        "z": -0.1864359825849533
    },
    "tangent2": {
        "x": -0.05921325087547302,
        "y": 0.4769868850708008,
        "z": 0.3101145029067993
    },
    "endPos": {
        "x": -0.6203290224075317,
        "y": 4.0,
        "z": 0.6997959017753601
    }
}