{
    "_horizontalLines": 17.0,
    "_verticalLines": 19.0,
    "_radius": 0.1256452351808548,
    "_petalColour": {
        "r": 0.6231812834739685,
        "g": 0.5361601710319519,
        "b": 0.8687615394592285,
        "a": 1.0
    },
    "_cylinderVertexCount": 7.0,
    "_stemRadius": 0.10687277466058731,
    "_leafCount": 8.0,
    "_edgeRingCount": 47.0,
    "startPos": {
        "x": 0.0,
        "y": 0.0,
        "z": 0.0
    },
    "tangent1": {
        "x": -0.22476701438426972,
        "y": 1.5049076080322266,
        "z": -0.4680323600769043
    },
    "tangent2": {
        "x": 0.06689472496509552,
        "y": 2.838834762573242,
        "z": -0.513586699962616
    },
    "endPos": {
        "x": -0.7306458950042725,
        "y": 4.0,
        "z": -0.1524079144001007
    }
}