{
    "_horizontalLines": 18.0,
    "_verticalLines": 19.0,
    "_radius": 0.01844094879925251,
    "_petalColour": {
        "r": 0.5454321503639221,
        "g": 0.7486308813095093,
        "b": 0.8857032060623169,
        "a": 1.0
    },
    "_cylinderVertexCount": 8.0,
    "_stemRadius": 0.016100961714982988,
    "_leafCount": 8.0,
    "_edgeRingCount": 28.0,
    "startPos": {
        "x": 0.0,
        "y": 0.0,
        "z": 0.0
    },
    "tangent1": {
        "x": -0.43306684494018557,
        "y": 1.3291350603103638,
        "z": -0.24573640525341035
    },
    "tangent2": {
        "x": -0.23651768267154694,
        "y": 1.3766950368881226,
        "z": -0.6832127571105957
    },
    "endPos": {
        "x": -0.49885547161102297,
        "y": 4.0,
        "z": -1.5134873390197755
    }
}