{
    "_horizontalLines": 15.0,
    "_verticalLines": 15.0,
    "_radius": 0.0589851550757885,
    "_petalColour": {
        "r": 0.005137085914611816,
        "g": 0.17980384826660157,
        "b": 0.23342859745025636,
        "a": 1.0
    },
    "_cylinderVertexCount": 12.0,
    "_stemRadius": 0.013217521831393242,
    "_leafCount": 8.0,
    "_edgeRingCount": 60.0,
    "startPos": {
        "x": 0.0,
        "y": 0.0,
        "z": 0.0
    },
    "tangent1": {
        "x": -0.10212640464305878,
        "y": 1.9741665124893189,
        "z": -0.04092283174395561
    },
    "tangent2": {
        "x": -0.02393445372581482,
        "y": 3.894683837890625,
        "z": -0.46774911880493166
    },
    "endPos": {
        "x": -0.09324561804533005,
        "y": 5.767683029174805,
        "z": 0.09400308132171631
    }
}