{
    "_horizontalLines": 19.0,
    "_verticalLines": 19.0,
    "_radius": 0.03183327615261078,
    "_petalColour": {
        "r": 0.473601758480072,
        "g": 0.499689519405365,
        "b": 0.1616353988647461,
        "a": 1.0
    },
    "_cylinderVertexCount": 5.0,
    "_stemRadius": 0.021612703800201417,
    "_leafCount": 8.0,
    "_edgeRingCount": 5.0,
    "startPos": {
        "x": 0.0,
        "y": 0.0,
        "z": 0.0
    },
    "tangent1": {
        "x": 0.04806036874651909,
        "y": 0.337851345539093,
        "z": 0.47033557295799258
    },
    "tangent2": {
        "x": 0.21838706731796266,
        "y": 0.7331796884536743,
        "z": 0.7222338914871216
    },
    "endPos": {
        "x": -0.023133888840675355,
        "y": 4.0,
        "z": 0.8838062882423401
    }
}