{
    "_horizontalLines": 18.0,
    "_verticalLines": 19.0,
    "_radius": 0.15158934891223908,
    "_petalColour": {
        "r": 0.16866207122802735,
        "g": 0.6231710314750671,
        "b": 0.041722893714904788,
        "a": 1.0
    },
    "_cylinderVertexCount": 8.0,
    "_stemRadius": 0.10347824543714524,
    "_leafCount": 8.0,
    "_edgeRingCount": 23.0,
    "startPos": {
        "x": 0.0,
        "y": 0.0,
        "z": 0.0
    },
    "tangent1": {
        "x": 0.0848873108625412,
        "y": 1.0302807092666627,
        "z": -0.47209033370018008
    },
    "tangent2": {
        "x": 0.03736281022429466,
        "y": 2.710069179534912,
        "z": -0.9092084169387817
    },
    "endPos": {
        "x": 0.2267036885023117,
        "y": 4.348444938659668,
        "z": -0.5560711622238159
    }
}