{
    "_horizontalLines": 17.0,
    "_verticalLines": 15.0,
    "_radius": 0.03328189253807068,
    "_petalColour": {
        "r": 0.0870581865310669,
        "g": 0.2348315715789795,
        "b": 0.3661953806877136,
        "a": 1.0
    },
    "_cylinderVertexCount": 12.0,
    "_stemRadius": 0.013536709360778332,
    "_leafCount": 8.0,
    "_edgeRingCount": 35.0,
    "startPos": {
        "x": 0.0,
        "y": 0.0,
        "z": 0.0
    },
    "tangent1": {
        "x": 0.05337805673480034,
        "y": 0.9489970207214356,
        "z": -0.22481437027454377
    },
    "tangent2": {
        "x": 0.0697409138083458,
        "y": 2.2952003479003908,
        "z": -0.36145272850990298
    },
    "endPos": {
        "x": 0.7196059226989746,
        "y": 4.0,
        "z": -0.6766723990440369
    }
}