{
    "_horizontalLines": 17.0,
    "_verticalLines": 16.0,
    "_radius": 0.12506701052188874,
    "_petalColour": {
        "r": 0.45836442708969118,
        "g": 0.9291168451309204,
        "b": 0.6363674402236939,
        "a": 1.0
    },
    "_cylinderVertexCount": 8.0,
    "_stemRadius": 0.08495084196329117,
    "_leafCount": 8.0,
    "_edgeRingCount": 10.0,
    "startPos": {
        "x": 0.0,
        "y": 0.0,
        "z": 0.0
    },
    "tangent1": {
        "x": 0.1482597291469574,
        "y": 1.311257243156433,
        "z": -0.12809081375598908
    },
    "tangent2": {
        "x": 0.29806071519851687,
        "y": 3.1643500328063967,
        "z": -0.3505871295928955
    },
    "endPos": {
        "x": 1.0520025491714478,
        "y": 4.29507303237915,
        "z": -0.4766823649406433
    }
}