{
    "_horizontalLines": 17.0,
    "_verticalLines": 19.0,
    "_radius": 0.13504992425441743,
    "_petalColour": {
        "r": 0.5751306414604187,
        "g": 0.6488515138626099,
        "b": 0.687572717666626,
        "a": 1.0
    },
    "_cylinderVertexCount": 9.0,
    "_stemRadius": 0.11544496566057205,
    "_leafCount": 8.0,
    "_edgeRingCount": 45.0,
    "startPos": {
        "x": 0.0,
        "y": 0.0,
        "z": 0.0
    },
    "tangent1": {
        "x": 0.37775251269340517,
        "y": 1.8932571411132813,
        "z": 0.274143785238266
    },
    "tangent2": {
        "x": 0.19950295984745027,
        "y": 2.195190668106079,
        "z": 0.749921977519989
    },
    "endPos": {
        "x": -0.24452771246433259,
        "y": 4.570116996765137,
        "z": 0.0012046098709106446
    }
}