{
    "_horizontalLines": 15.0,
    "_verticalLines": 15.0,
    "_radius": 0.05028480663895607,
    "_petalColour": {
        "r": 0.035820722579956058,
        "g": 0.26159459352493288,
        "b": 0.3101692795753479,
        "a": 1.0
    },
    "_cylinderVertexCount": 13.0,
    "_stemRadius": 0.0467219315469265,
    "_leafCount": 8.0,
    "_edgeRingCount": 63.0,
    "startPos": {
        "x": 0.0,
        "y": 0.0,
        "z": 0.0
    },
    "tangent1": {
        "x": 0.07257480919361115,
        "y": 1.8666801452636719,
        "z": 0.08104424178600311
    },
    "tangent2": {
        "x": -0.3877776265144348,
        "y": 3.2642059326171877,
        "z": -0.360554575920105
    },
    "endPos": {
        "x": -0.23947949707508088,
        "y": 4.122330188751221,
        "z": -0.3326096832752228
    }
}