{
    "_horizontalLines": 15.0,
    "_verticalLines": 16.0,
    "_radius": 0.04724206402897835,
    "_petalColour": {
        "r": 0.7240457534790039,
        "g": 0.26350969076156618,
        "b": 0.8740441799163818,
        "a": 1.0
    },
    "_cylinderVertexCount": 8.0,
    "_stemRadius": 0.024128999561071397,
    "_leafCount": 8.0,
    "_edgeRingCount": 8.0,
    "startPos": {
        "x": 0.0,
        "y": 0.0,
        "z": 0.0
    },
    "tangent1": {
        "x": 0.20664271712303163,
        "y": 0.18668918311595918,
        "z": -0.4984321594238281
    },
    "tangent2": {
        "x": -0.11828261613845825,
        "y": 1.4952962398529053,
        "z": -0.6017757058143616
    },
    "endPos": {
        "x": -0.24841542541980744,
        "y": 4.0,
        "z": -0.4266239404678345
    }
}