{
    "_horizontalLines": 15.0,
    "_verticalLines": 19.0,
    "_radius": 0.14036963880062104,
    "_petalColour": {
        "r": 0.6165977120399475,
        "g": 0.07269954681396485,
        "b": 0.05412709712982178,
        "a": 1.0
    },
    "_cylinderVertexCount": 8.0,
    "_stemRadius": 0.09443360567092896,
    "_leafCount": 8.0,
    "_edgeRingCount": 43.0,
    "startPos": {
        "x": 0.0,
        "y": 0.0,
        "z": 0.0
    },
    "tangent1": {
        "x": 0.34385812282562258,
        "y": 1.44487464427948,
        "z": 0.16181933879852296
    },
    "tangent2": {
        "x": 0.20638124644756318,
        "y": 2.1249682903289797,
        "z": 0.38974034786224368
    },
    "endPos": {
        "x": 0.7068883776664734,
        "y": 5.499868392944336,
        "z": 0.9732558727264404
    }
}