{
    "_horizontalLines": 16.0,
    "_verticalLines": 16.0,
    "_radius": 0.13505659997463227,
    "_petalColour": {
        "r": 0.4209892153739929,
        "g": 0.5947415232658386,
        "b": 0.3049836754798889,
        "a": 1.0
    },
    "_cylinderVertexCount": 11.0,
    "_stemRadius": 0.1166447252035141,
    "_leafCount": 8.0,
    "_edgeRingCount": 3.0,
    "startPos": {
        "x": 0.0,
        "y": 0.0,
        "z": 0.0
    },
    "tangent1": {
        "x": 0.12858617305755616,
        "y": 0.8098756670951843,
        "z": -0.3485407829284668
    },
    "tangent2": {
        "x": 0.23550350964069367,
        "y": 1.7840116024017335,
        "z": -0.838416576385498
    },
    "endPos": {
        "x": 0.7566704750061035,
        "y": 4.0,
        "z": -1.415029525756836
    }
}