{
    "_horizontalLines": 17.0,
    "_verticalLines": 15.0,
    "_radius": 0.0585101917386055,
    "_petalColour": {
        "r": 0.05625438690185547,
        "g": 0.6217029690742493,
        "b": 0.7077122926712036,
        "a": 1.0
    },
    "_cylinderVertexCount": 10.0,
    "_stemRadius": 0.0482991486787796,
    "_leafCount": 8.0,
    "_edgeRingCount": 54.0,
    "startPos": {
        "x": 0.0,
        "y": 0.0,
        "z": 0.0
    },
    "tangent1": {
        "x": -0.3637252748012543,
        "y": 0.24778442084789277,
        "z": -0.48435449600219729
    },
    "tangent2": {
        "x": 0.014190316200256348,
        "y": 0.5187091827392578,
        "z": -0.18977680802345277
    },
    "endPos": {
        "x": 0.8242956399917603,
        "y": 4.0,
        "z": -1.0410115718841553
    }
}