{
    "_horizontalLines": 15.0,
    "_verticalLines": 19.0,
    "_radius": 0.03321777284145355,
    "_petalColour": {
        "r": 0.31365352869033816,
        "g": 0.16690480709075929,
        "b": 0.5265923142433167,
        "a": 1.0
    },
    "_cylinderVertexCount": 12.0,
    "_stemRadius": 0.0007757648709230125,
    "_leafCount": 8.0,
    "_edgeRingCount": 52.0,
    "startPos": {
        "x": 0.0,
        "y": 0.0,
        "z": 0.0
    },
    "tangent1": {
        "x": -0.32378044724464419,
        "y": 0.38293951749801638,
        "z": 0.24472558498382569
    },
    "tangent2": {
        "x": -0.40215003490448,
        "y": 2.210068464279175,
        "z": -0.15256312489509583
    },
    "endPos": {
        "x": -0.07479378581047058,
        "y": 4.0,
        "z": 0.05083571374416351
    }
}