{
    "_horizontalLines": 17.0,
    "_verticalLines": 18.0,
    "_radius": 0.06513559073209763,
    "_petalColour": {
        "r": 0.42720848321914675,
        "g": 0.5331358313560486,
        "b": 0.9289541244506836,
        "a": 1.0
    },
    "_cylinderVertexCount": 14.0,
    "_stemRadius": 0.06437674909830094,
    "_leafCount": 8.0,
    "_edgeRingCount": 48.0,
    "startPos": {
        "x": 0.0,
        "y": 0.0,
        "z": 0.0
    },
    "tangent1": {
        "x": 0.43324488401412966,
        "y": 0.00409622211009264,
        "z": 0.2737386226654053
    },
    "tangent2": {
        "x": 0.22821281850337983,
        "y": 1.036545991897583,
        "z": 0.6016767024993897
    },
    "endPos": {
        "x": 0.7643685936927795,
        "y": 4.0,
        "z": 0.8266018629074097
    }
}