{
    "_horizontalLines": 15.0,
    "_verticalLines": 18.0,
    "_radius": 0.06318455934524536,
    "_petalColour": {
        "r": 0.2390151023864746,
        "g": 0.7870050668716431,
        "b": 0.5670486092567444,
        "a": 1.0
    },
    "_cylinderVertexCount": 10.0,
    "_stemRadius": 0.0540229007601738,
    "_leafCount": 8.0,
    "_edgeRingCount": 60.0,
    "startPos": {
        "x": 0.0,
        "y": 0.0,
        "z": 0.0
    },
    "tangent1": {
        "x": -0.21016530692577363,
        "y": 1.499898910522461,
        "z": 0.24010905623435975
    },
    "tangent2": {
        "x": -0.3515356481075287,
        "y": 2.500586986541748,
        "z": -0.027361690998077394
    },
    "endPos": {
        "x": -0.497480571269989,
        "y": 4.872200965881348,
        "z": -0.3971111476421356
    }
}