{
    "_horizontalLines": 15.0,
    "_verticalLines": 15.0,
    "_radius": 0.11484979093074799,
    "_petalColour": {
        "r": 0.18671000003814698,
        "g": 0.7961244583129883,
        "b": 0.6347711086273193,
        "a": 1.0
    },
    "_cylinderVertexCount": 8.0,
    "_stemRadius": 0.07002060115337372,
    "_leafCount": 8.0,
    "_edgeRingCount": 20.0,
    "startPos": {
        "x": 0.0,
        "y": 0.0,
        "z": 0.0
    },
    "tangent1": {
        "x": -0.22672800719738007,
        "y": 0.8192777633666992,
        "z": -0.053356122225522998
    },
    "tangent2": {
        "x": -0.5438107848167419,
        "y": 1.1955130100250245,
        "z": 0.3572554290294647
    },
    "endPos": {
        "x": -0.7100211381912231,
        "y": 4.0,
        "z": -0.508696436882019
    }
}