{
    "_horizontalLines": 18.0,
    "_verticalLines": 16.0,
    "_radius": 0.06027796119451523,
    "_petalColour": {
        "r": 0.4077361226081848,
        "g": 0.7587004899978638,
        "b": 0.5916708111763,
        "a": 1.0
    },
    "_cylinderVertexCount": 8.0,
    "_stemRadius": 0.0194371547549963,
    "_leafCount": 8.0,
    "_edgeRingCount": 27.0,
    "startPos": {
        "x": 0.0,
        "y": 0.0,
        "z": 0.0
    },
    "tangent1": {
        "x": -0.4276188015937805,
        "y": 1.8065487146377564,
        "z": -0.4971410632133484
    },
    "tangent2": {
        "x": -0.5657589435577393,
        "y": 3.112269878387451,
        "z": -0.17367514967918397
    },
    "endPos": {
        "x": -1.4381895065307618,
        "y": 6.267702579498291,
        "z": 0.3111341595649719
    }
}