{
    "_horizontalLines": 19.0,
    "_verticalLines": 19.0,
    "_radius": 0.019165953621268274,
    "_petalColour": {
        "r": 0.28703171014785769,
        "g": 0.398986279964447,
        "b": 0.4513077139854431,
        "a": 1.0
    },
    "_cylinderVertexCount": 12.0,
    "_stemRadius": 0.0032937631476670505,
    "_leafCount": 8.0,
    "_edgeRingCount": 40.0,
    "startPos": {
        "x": 0.0,
        "y": 0.0,
        "z": 0.0
    },
    "tangent1": {
        "x": -0.1151241809129715,
        "y": 1.568179726600647,
        "z": 0.4365772306919098
    },
    "tangent2": {
        "x": 0.18055562674999238,
        "y": 2.326977252960205,
        "z": 0.5878106355667114
    },
    "endPos": {
        "x": 0.2941471040248871,
        "y": 5.063989639282227,
        "z": -0.07150352001190186
    }
}