{
    "_horizontalLines": 16.0,
    "_verticalLines": 17.0,
    "_radius": 0.05132460966706276,
    "_petalColour": {
        "r": 0.1935722827911377,
        "g": 0.5681447386741638,
        "b": 0.47353798151016238,
        "a": 1.0
    },
    "_cylinderVertexCount": 9.0,
    "_stemRadius": 0.04261565953493118,
    "_leafCount": 8.0,
    "_edgeRingCount": 19.0,
    "startPos": {
        "x": 0.0,
        "y": 0.0,
        "z": 0.0
    },
    "tangent1": {
        "x": 0.004916238598525524,
        "y": 0.6077859997749329,
        "z": 0.08385281264781952
    },
    "tangent2": {
        "x": 0.2358561009168625,
        "y": 1.7599494457244874,
        "z": -0.34734827280044558
    },
    "endPos": {
        "x": -0.05217568576335907,
        "y": 4.0,
        "z": -0.6842151880264282
    }
}