{
    "_horizontalLines": 17.0,
    "_verticalLines": 17.0,
    "_radius": 0.05060730502009392,
    "_petalColour": {
        "r": 0.44019073247909548,
        "g": 0.3483416438102722,
        "b": 0.1070554256439209,
        "a": 1.0
    },
    "_cylinderVertexCount": 9.0,
    "_stemRadius": 0.027603793889284135,
    "_leafCount": 8.0,
    "_edgeRingCount": 10.0,
    "startPos": {
        "x": 0.0,
        "y": 0.0,
        "z": 0.0
    },
    "tangent1": {
        "x": -0.2444903403520584,
        "y": 0.1673843413591385,
        "z": -0.36670351028442385
    },
    "tangent2": {
        "x": -0.06758448481559754,
        "y": 1.1943976879119874,
        "z": 0.0406094491481781
    },
    "endPos": {
        "x": -0.24978525936603547,
        "y": 4.269604206085205,
        "z": 0.17222245037555695
    }
}