{
    "_horizontalLines": 15.0,
    "_verticalLines": 15.0,
    "_radius": 0.10502220690250397,
    "_petalColour": {
        "r": 0.7025749683380127,
        "g": 0.48254460096359255,
        "b": 0.30823761224746706,
        "a": 1.0
    },
    "_cylinderVertexCount": 6.0,
    "_stemRadius": 0.0908203199505806,
    "_leafCount": 8.0,
    "_edgeRingCount": 35.0,
    "startPos": {
        "x": 0.0,
        "y": 0.0,
        "z": 0.0
    },
    "tangent1": {
        "x": 0.06931452453136444,
        "y": 0.6031097173690796,
        "z": -0.47364673018455508
    },
    "tangent2": {
        "x": -0.04131165146827698,
        "y": 2.0827178955078127,
        "z": -0.09968709945678711
    },
    "endPos": {
        "x": 0.4882696568965912,
        "y": 4.0,
        "z": 0.3246271014213562
    }
}