{
    "_horizontalLines": 15.0,
    "_verticalLines": 16.0,
    "_radius": 0.06898419559001923,
    "_petalColour": {
        "r": 0.28497999906539919,
        "g": 0.1445479393005371,
        "b": 0.40173083543777468,
        "a": 1.0
    },
    "_cylinderVertexCount": 11.0,
    "_stemRadius": 0.06804650276899338,
    "_leafCount": 8.0,
    "_edgeRingCount": 11.0,
    "startPos": {
        "x": 0.0,
        "y": 0.0,
        "z": 0.0
    },
    "tangent1": {
        "x": 0.2633267343044281,
        "y": 0.4725378155708313,
        "z": 0.012342500500380993
    },
    "tangent2": {
        "x": 0.2090395838022232,
        "y": 1.125748872756958,
        "z": 0.08215141296386719
    },
    "endPos": {
        "x": -0.34361225366592409,
        "y": 4.0,
        "z": 0.6973613500595093
    }
}