{
    "_horizontalLines": 19.0,
    "_verticalLines": 18.0,
    "_radius": 0.0827980786561966,
    "_petalColour": {
        "r": 0.6076532006263733,
        "g": 0.5055904984474182,
        "b": 0.2695994973182678,
        "a": 1.0
    },
    "_cylinderVertexCount": 11.0,
    "_stemRadius": 0.04818465933203697,
    "_leafCount": 8.0,
    "_edgeRingCount": 25.0,
    "startPos": {
        "x": 0.0,
        "y": 0.0,
        "z": 0.0
    },
    "tangent1": {
        "x": -0.014303398318588734,
        "y": 0.556118905544281,
        "z": -0.3791639506816864
    },
    "tangent2": {
        "x": 0.2892330288887024,
        "y": 2.385216236114502,
        "z": -0.4071766436100006
    },
    "endPos": {
        "x": -0.5000180006027222,
        "y": 4.0,
        "z": 0.2134794294834137
    }
}