{
    "_horizontalLines": 19.0,
    "_verticalLines": 19.0,
    "_radius": 0.14077557623386384,
    "_petalColour": {
        "r": 0.8414337635040283,
        "g": 0.18698477745056153,
        "b": 0.7132331132888794,
        "a": 1.0
    },
    "_cylinderVertexCount": 5.0,
    "_stemRadius": 0.10171674937009812,
    "_leafCount": 8.0,
    "_edgeRingCount": 54.0,
    "startPos": {
        "x": 0.0,
        "y": 0.0,
        "z": 0.0
    },
    "tangent1": {
        "x": -0.43783989548683169,
        "y": 1.6145546436309815,
        "z": -0.060369301587343219
    },
    "tangent2": {
        "x": 0.058069974184036258,
        "y": 2.500274181365967,
        "z": 0.18673677742481233
    },
    "endPos": {
        "x": -0.6529786586761475,
        "y": 4.253020763397217,
        "z": 0.22589121758937837
    }
}