{
    "_horizontalLines": 18.0,
    "_verticalLines": 19.0,
    "_radius": 0.04475871101021767,
    "_petalColour": {
        "r": 0.20882904529571534,
        "g": 0.33552461862564089,
        "b": 0.6327543258666992,
        "a": 1.0
    },
    "_cylinderVertexCount": 12.0,
    "_stemRadius": 0.004973147995769978,
    "_leafCount": 8.0,
    "_edgeRingCount": 5.0,
    "startPos": {
        "x": 0.0,
        "y": 0.0,
        "z": 0.0
    },
    "tangent1": {
        "x": 0.0841553658246994,
        "y": 1.1257671117782593,
        "z": -0.021299313753843309
    },
    "tangent2": {
        "x": -0.16775350272655488,
        "y": 1.6959693431854249,
        "z": 0.24531607329845429
    },
    "endPos": {
        "x": 0.44662612676620486,
        "y": 4.0,
        "z": -0.3222212791442871
    }
}