{
    "_horizontalLines": 19.0,
    "_verticalLines": 18.0,
    "_radius": 0.06434369087219238,
    "_petalColour": {
        "r": 0.9383094310760498,
        "g": 0.25056570768356326,
        "b": 0.4654245972633362,
        "a": 1.0
    },
    "_cylinderVertexCount": 6.0,
    "_stemRadius": 0.04361357539892197,
    "_leafCount": 8.0,
    "_edgeRingCount": 30.0,
    "startPos": {
        "x": 0.0,
        "y": 0.0,
        "z": 0.0
    },
    "tangent1": {
        "x": -0.27634406089782717,
        "y": 0.5490859746932983,
        "z": -0.4754215180873871
    },
    "tangent2": {
        "x": -0.3019682765007019,
        "y": 1.9684081077575684,
        "z": -0.4429563581943512
    },
    "endPos": {
        "x": 0.15177389979362489,
        "y": 4.776887893676758,
        "z": 0.20332428812980653
    }
}