{
    "_horizontalLines": 16.0,
    "_verticalLines": 19.0,
    "_radius": 0.12497781217098236,
    "_petalColour": {
        "r": 0.11701488494873047,
        "g": 0.4718703627586365,
        "b": 0.39583414793014529,
        "a": 1.0
    },
    "_cylinderVertexCount": 6.0,
    "_stemRadius": 0.08479312062263489,
    "_leafCount": 8.0,
    "_edgeRingCount": 41.0,
    "startPos": {
        "x": 0.0,
        "y": 0.0,
        "z": 0.0
    },
    "tangent1": {
        "x": 0.42630815505981448,
        "y": 1.799176812171936,
        "z": -0.48550549149513247
    },
    "tangent2": {
        "x": 0.8194061517715454,
        "y": 3.791900634765625,
        "z": -0.4655016362667084
    },
    "endPos": {
        "x": 0.6032605767250061,
        "y": 5.669310569763184,
        "z": -1.1840362548828126
    }
}