{
    "_horizontalLines": 19.0,
    "_verticalLines": 17.0,
    "_radius": 0.14341509342193604,
    "_petalColour": {
        "r": 0.3301613926887512,
        "g": 0.11627662181854248,
        "b": 0.8510496616363525,
        "a": 1.0
    },
    "_cylinderVertexCount": 14.0,
    "_stemRadius": 0.12252912670373917,
    "_leafCount": 8.0,
    "_edgeRingCount": 15.0,
    "startPos": {
        "x": 0.0,
        "y": 0.0,
        "z": 0.0
    },
    "tangent1": {
        "x": 0.44897326827049258,
        "y": 1.2459038496017457,
        "z": -0.2824862003326416
    },
    "tangent2": {
        "x": 0.3912041485309601,
        "y": 3.2024807929992677,
        "z": -0.2053394764661789
    },
    "endPos": {
        "x": 0.9078896045684815,
        "y": 4.0,
        "z": -0.5095919966697693
    }
}