{
    "_horizontalLines": 15.0,
    "_verticalLines": 17.0,
    "_radius": 0.09723731130361557,
    "_petalColour": {
        "r": 0.1563197374343872,
        "g": 0.022625327110290529,
        "b": 0.1286025047302246,
        "a": 1.0
    },
    "_cylinderVertexCount": 5.0,
    "_stemRadius": 0.06697136163711548,
    "_leafCount": 8.0,
    "_edgeRingCount": 54.0,
    "startPos": {
        "x": 0.0,
        "y": 0.0,
        "z": 0.0
    },
    "tangent1": {
        "x": 0.4557012617588043,
        "y": 0.1849678009748459,
        "z": 0.21235918998718263
    },
    "tangent2": {
        "x": 0.7754296064376831,
        "y": 0.9302606582641602,
        "z": 0.17226667702198029
    },
    "endPos": {
        "x": 0.29619884490966799,
        "y": 4.0,
        "z": -0.46275705099105837
    }
}