{
    "_horizontalLines": 16.0,
    "_verticalLines": 19.0,
    "_radius": 0.07805033028125763,
    "_petalColour": {
        "r": 0.45687156915664675,
        "g": 0.3872089982032776,
        "b": 0.5680862069129944,
        "a": 1.0
    },
    "_cylinderVertexCount": 13.0,
    "_stemRadius": 0.053907327353954318,
    "_leafCount": 8.0,
    "_edgeRingCount": 43.0,
    "startPos": {
        "x": 0.0,
        "y": 0.0,
        "z": 0.0
    },
    "tangent1": {
        "x": -0.369711309671402,
        "y": 0.42078226804733279,
        "z": 0.38156020641326907
    },
    "tangent2": {
        "x": -0.22738473117351533,
        "y": 0.7011146545410156,
        "z": 0.5299451351165772
    },
    "endPos": {
        "x": 0.1862921267747879,
        "y": 4.0,
        "z": -0.12997353076934815
    }
}