{
    "_horizontalLines": 18.0,
    "_verticalLines": 17.0,
    "_radius": 0.05575963854789734,
    "_petalColour": {
        "r": 0.7555630207061768,
        "g": 0.4519197344779968,
        "b": 0.9624944925308228,
        "a": 1.0
    },
    "_cylinderVertexCount": 12.0,
    "_stemRadius": 0.02541923336684704,
    "_leafCount": 8.0,
    "_edgeRingCount": 62.0,
    "startPos": {
        "x": 0.0,
        "y": 0.0,
        "z": 0.0
    },
    "tangent1": {
        "x": -0.31338033080101015,
        "y": 1.7536541223526,
        "z": 0.0009928226936608554
    },
    "tangent2": {
        "x": -0.7548266649246216,
        "y": 3.605417251586914,
        "z": 0.35501009225845339
    },
    "endPos": {
        "x": -1.2948663234710694,
        "y": 4.0,
        "z": -0.3024194836616516
    }
}