{
    "_horizontalLines": 18.0,
    "_verticalLines": 19.0,
    "_radius": 0.013999258168041706,
    "_petalColour": {
        "r": 0.5993689894676209,
        "g": 0.1260061264038086,
        "b": 0.12295770645141602,
        "a": 1.0
    },
    "_cylinderVertexCount": 13.0,
    "_stemRadius": 0.009487515315413475,
    "_leafCount": 8.0,
    "_edgeRingCount": 40.0,
    "startPos": {
        "x": 0.0,
        "y": 0.0,
        "z": 0.0
    },
    "tangent1": {
        "x": 0.13258861005306245,
        "y": 0.37611502408981326,
        "z": 0.07053284347057343
    },
    "tangent2": {
        "x": 0.01325252652168274,
        "y": 1.7377257347106934,
        "z": 0.25066593289375307
    },
    "endPos": {
        "x": -0.01102798618376255,
        "y": 4.427596092224121,
        "z": -0.011579394340515137
    }
}