{
    "_horizontalLines": 16.0,
    "_verticalLines": 19.0,
    "_radius": 0.013901288621127606,
    "_petalColour": {
        "r": 0.5585505366325378,
        "g": 0.1252734661102295,
        "b": 0.0742943286895752,
        "a": 1.0
    },
    "_cylinderVertexCount": 7.0,
    "_stemRadius": 0.011098707094788552,
    "_leafCount": 8.0,
    "_edgeRingCount": 8.0,
    "startPos": {
        "x": 0.0,
        "y": 0.0,
        "z": 0.0
    },
    "tangent1": {
        "x": 0.26398611068725588,
        "y": 1.8856815099716187,
        "z": 0.34630754590034487
    },
    "tangent2": {
        "x": -0.1826392114162445,
        "y": 3.8046298027038576,
        "z": 0.7558538317680359
    },
    "endPos": {
        "x": -0.9930722713470459,
        "y": 4.127562999725342,
        "z": 0.06434100866317749
    }
}