{
    "_horizontalLines": 19.0,
    "_verticalLines": 18.0,
    "_radius": 0.12125939875841141,
    "_petalColour": {
        "r": 0.023911595344543458,
        "g": 0.989582896232605,
        "b": 0.5310212969779968,
        "a": 1.0
    },
    "_cylinderVertexCount": 11.0,
    "_stemRadius": 0.11586718261241913,
    "_leafCount": 8.0,
    "_edgeRingCount": 26.0,
    "startPos": {
        "x": 0.0,
        "y": 0.0,
        "z": 0.0
    },
    "tangent1": {
        "x": -0.40534791350364687,
        "y": 1.6104930639266968,
        "z": -0.269418329000473
    },
    "tangent2": {
        "x": -0.5466857552528381,
        "y": 3.09479022026062,
        "z": 0.05171719193458557
    },
    "endPos": {
        "x": 0.17795491218566895,
        "y": 4.724600315093994,
        "z": 0.0268168393522501
    }
}