{
    "_horizontalLines": 17.0,
    "_verticalLines": 19.0,
    "_radius": 0.09428374469280243,
    "_petalColour": {
        "r": 0.19698286056518556,
        "g": 0.48534244298934939,
        "b": 0.26379138231277468,
        "a": 1.0
    },
    "_cylinderVertexCount": 14.0,
    "_stemRadius": 0.06437385082244873,
    "_leafCount": 8.0,
    "_edgeRingCount": 41.0,
    "startPos": {
        "x": 0.0,
        "y": 0.0,
        "z": 0.0
    },
    "tangent1": {
        "x": -0.4644809663295746,
        "y": 0.6785344481468201,
        "z": 0.020763445645570756
    },
    "tangent2": {
        "x": -0.44741716980934145,
        "y": 0.930368185043335,
        "z": 0.48846927285194399
    },
    "endPos": {
        "x": -0.9821239709854126,
        "y": 4.0,
        "z": -0.12320491671562195
    }
}