{
    "_horizontalLines": 15.0,
    "_verticalLines": 16.0,
    "_radius": 0.12378234416246414,
    "_petalColour": {
        "r": 0.6366138458251953,
        "g": 0.7875653505325317,
        "b": 0.9123703241348267,
        "a": 1.0
    },
    "_cylinderVertexCount": 10.0,
    "_stemRadius": 0.10567400604486466,
    "_leafCount": 8.0,
    "_edgeRingCount": 63.0,
    "startPos": {
        "x": 0.0,
        "y": 0.0,
        "z": 0.0
    },
    "tangent1": {
        "x": -0.15315894782543183,
        "y": 0.6653918623924255,
        "z": 0.18796834349632264
    },
    "tangent2": {
        "x": -0.41531550884246828,
        "y": 1.6400357484817505,
        "z": 0.3719709515571594
    },
    "endPos": {
        "x": -0.18395176529884339,
        "y": 4.0,
        "z": 0.6393771171569824
    }
}