{
    "_horizontalLines": 19.0,
    "_verticalLines": 18.0,
    "_radius": 0.041904594749212268,
    "_petalColour": {
        "r": 0.6947553157806397,
        "g": 0.17547357082366944,
        "b": 0.3082224726676941,
        "a": 1.0
    },
    "_cylinderVertexCount": 6.0,
    "_stemRadius": 0.030634885653853418,
    "_leafCount": 8.0,
    "_edgeRingCount": 52.0,
    "startPos": {
        "x": 0.0,
        "y": 0.0,
        "z": 0.0
    },
    "tangent1": {
        "x": 0.16881835460662843,
        "y": 1.764150619506836,
        "z": -0.14024119079113007
    },
    "tangent2": {
        "x": -0.24856427311897279,
        "y": 2.3537662029266359,
        "z": 0.012023016810417176
    },
    "endPos": {
        "x": -0.5745600461959839,
        "y": 4.0,
        "z": -0.7263990640640259
    }
}