{
    "_horizontalLines": 17.0,
    "_verticalLines": 17.0,
    "_radius": 0.11890842020511627,
    "_petalColour": {
        "r": 0.34504276514053347,
        "g": 0.6143118739128113,
        "b": 0.8678621053695679,
        "a": 1.0
    },
    "_cylinderVertexCount": 12.0,
    "_stemRadius": 0.10733561217784882,
    "_leafCount": 8.0,
    "_edgeRingCount": 54.0,
    "startPos": {
        "x": 0.0,
        "y": 0.0,
        "z": 0.0
    },
    "tangent1": {
        "x": 0.3603132963180542,
        "y": 0.766828715801239,
        "z": -0.22681613266468049
    },
    "tangent2": {
        "x": 0.4204642176628113,
        "y": 0.824946403503418,
        "z": -0.45540285110473635
    },
    "endPos": {
        "x": 0.27446281909942629,
        "y": 4.0,
        "z": 0.05378645658493042
    }
}