{
    "_horizontalLines": 19.0,
    "_verticalLines": 19.0,
    "_radius": 0.11836209148168564,
    "_petalColour": {
        "r": 0.39317744970321658,
        "g": 0.21004951000213624,
        "b": 0.940029501914978,
        "a": 1.0
    },
    "_cylinderVertexCount": 10.0,
    "_stemRadius": 0.10203862190246582,
    "_leafCount": 8.0,
    "_edgeRingCount": 17.0,
    "startPos": {
        "x": 0.0,
        "y": 0.0,
        "z": 0.0
    },
    "tangent1": {
        "x": 0.45783060789108279,
        "y": 1.4108390808105469,
        "z": -0.02767472341656685
    },
    "tangent2": {
        "x": 0.6638646721839905,
        "y": 2.601438045501709,
        "z": -0.475689560174942
    },
    "endPos": {
        "x": 1.5248321294784547,
        "y": 4.0,
        "z": -1.258857011795044
    }
}