{
    "_horizontalLines": 19.0,
    "_verticalLines": 18.0,
    "_radius": 0.130647212266922,
    "_petalColour": {
        "r": 0.18333172798156739,
        "g": 0.7380672693252564,
        "b": 0.3502979874610901,
        "a": 1.0
    },
    "_cylinderVertexCount": 14.0,
    "_stemRadius": 0.09925355762243271,
    "_leafCount": 8.0,
    "_edgeRingCount": 13.0,
    "startPos": {
        "x": 0.0,
        "y": 0.0,
        "z": 0.0
    },
    "tangent1": {
        "x": 0.46069756150245669,
        "y": 1.1326240301132203,
        "z": 0.21383368968963624
    },
    "tangent2": {
        "x": 0.6953178644180298,
        "y": 2.7980904579162599,
        "z": -0.23733294010162354
    },
    "endPos": {
        "x": 0.7780174612998962,
        "y": 5.303760528564453,
        "z": -0.2803972661495209
    }
}