{
    "_horizontalLines": 19.0,
    "_verticalLines": 15.0,
    "_radius": 0.03135354071855545,
    "_petalColour": {
        "r": 0.03162848949432373,
        "g": 0.8932558298110962,
        "b": 0.08035898208618164,
        "a": 1.0
    },
    "_cylinderVertexCount": 12.0,
    "_stemRadius": 0.012184271588921547,
    "_leafCount": 8.0,
    "_edgeRingCount": 12.0,
    "startPos": {
        "x": 0.0,
        "y": 0.0,
        "z": 0.0
    },
    "tangent1": {
        "x": -0.358917236328125,
        "y": 1.3316646814346314,
        "z": -0.09921522438526154
    },
    "tangent2": {
        "x": -0.13588190078735352,
        "y": 2.142223358154297,
        "z": -0.20068827271461488
    },
    "endPos": {
        "x": -0.5083116292953491,
        "y": 5.02565860748291,
        "z": -0.9818501472473145
    }
}