{
    "_horizontalLines": 19.0,
    "_verticalLines": 18.0,
    "_radius": 0.04886702448129654,
    "_petalColour": {
        "r": 0.8132076263427734,
        "g": 0.6502571105957031,
        "b": 0.9050672054290772,
        "a": 1.0
    },
    "_cylinderVertexCount": 11.0,
    "_stemRadius": 0.0032579549588263036,
    "_leafCount": 8.0,
    "_edgeRingCount": 61.0,
    "startPos": {
        "x": 0.0,
        "y": 0.0,
        "z": 0.0
    },
    "tangent1": {
        "x": -0.38137301802635195,
        "y": 1.1041663885116578,
        "z": 0.37404879927635195
    },
    "tangent2": {
        "x": -0.37830331921577456,
        "y": 1.6050562858581544,
        "z": 0.7045464515686035
    },
    "endPos": {
        "x": -0.4400469660758972,
        "y": 4.630681991577148,
        "z": 0.929511308670044
    }
}