{
    "_horizontalLines": 19.0,
    "_verticalLines": 15.0,
    "_radius": 0.09612186998128891,
    "_petalColour": {
        "r": 0.9805012941360474,
        "g": 0.1387110948562622,
        "b": 0.7007333040237427,
        "a": 1.0
    },
    "_cylinderVertexCount": 8.0,
    "_stemRadius": 0.08364402502775192,
    "_leafCount": 8.0,
    "_edgeRingCount": 55.0,
    "startPos": {
        "x": 0.0,
        "y": 0.0,
        "z": 0.0
    },
    "tangent1": {
        "x": -0.4001278877258301,
        "y": 1.634975790977478,
        "z": 0.246024489402771
    },
    "tangent2": {
        "x": -0.6170914769172669,
        "y": 3.348217010498047,
        "z": -0.13576969504356385
    },
    "endPos": {
        "x": -1.107253074645996,
        "y": 4.0,
        "z": -0.991055965423584
    }
}