{
    "_horizontalLines": 15.0,
    "_verticalLines": 18.0,
    "_radius": 0.10263799875974655,
    "_petalColour": {
        "r": 0.16568708419799806,
        "g": 0.45079880952835085,
        "b": 0.09643197059631348,
        "a": 1.0
    },
    "_cylinderVertexCount": 11.0,
    "_stemRadius": 0.09451562166213989,
    "_leafCount": 8.0,
    "_edgeRingCount": 26.0,
    "startPos": {
        "x": 0.0,
        "y": 0.0,
        "z": 0.0
    },
    "tangent1": {
        "x": 0.46418046951293948,
        "y": 0.254319965839386,
        "z": -0.31203165650367739
    },
    "tangent2": {
        "x": 0.25067609548568728,
        "y": 1.1170129776000977,
        "z": -0.15878060460090638
    },
    "endPos": {
        "x": -0.25872957706451418,
        "y": 4.0,
        "z": 0.0063140541315078739
    }
}