{
    "_horizontalLines": 15.0,
    "_verticalLines": 16.0,
    "_radius": 0.07809001207351685,
    "_petalColour": {
        "r": 0.7261017560958862,
        "g": 0.6256833076477051,
        "b": 0.36661356687545779,
        "a": 1.0
    },
    "_cylinderVertexCount": 6.0,
    "_stemRadius": 0.03924848139286041,
    "_leafCount": 8.0,
    "_edgeRingCount": 8.0,
    "startPos": {
        "x": 0.0,
        "y": 0.0,
        "z": 0.0
    },
    "tangent1": {
        "x": -0.034186553210020068,
        "y": 0.2990110516548157,
        "z": -0.4547494947910309
    },
    "tangent2": {
        "x": 0.005524158477783203,
        "y": 1.0640771389007569,
        "z": -0.13221758604049684
    },
    "endPos": {
        "x": 0.7365866303443909,
        "y": 4.0,
        "z": -0.4355405271053314
    }
}