{
    "_horizontalLines": 15.0,
    "_verticalLines": 15.0,
    "_radius": 0.13974417746067048,
    "_petalColour": {
        "r": 0.49288588762283327,
        "g": 0.01103520393371582,
        "b": 0.9585477113723755,
        "a": 1.0
    },
    "_cylinderVertexCount": 13.0,
    "_stemRadius": 0.08984427154064179,
    "_leafCount": 8.0,
    "_edgeRingCount": 56.0,
    "startPos": {
        "x": 0.0,
        "y": 0.0,
        "z": 0.0
    },
    "tangent1": {
        "x": 0.008312654681503773,
        "y": 1.8740383386611939,
        "z": 0.3850245475769043
    },
    "tangent2": {
        "x": -0.37735363841056826,
        "y": 2.230560064315796,
        "z": 0.48158222436904909
    },
    "endPos": {
        "x": -0.3503758907318115,
        "y": 4.650093078613281,
        "z": 1.2932896614074708
    }
}