{
    "_horizontalLines": 18.0,
    "_verticalLines": 15.0,
    "_radius": 0.09390802681446076,
    "_petalColour": {
        "r": 0.1269526481628418,
        "g": 0.9107048511505127,
        "b": 0.8324154615402222,
        "a": 1.0
    },
    "_cylinderVertexCount": 12.0,
    "_stemRadius": 0.05282673239707947,
    "_leafCount": 8.0,
    "_edgeRingCount": 42.0,
    "startPos": {
        "x": 0.0,
        "y": 0.0,
        "z": 0.0
    },
    "tangent1": {
        "x": 0.282365083694458,
        "y": 1.8812522888183594,
        "z": 0.08507581055164337
    },
    "tangent2": {
        "x": 0.10869093239307404,
        "y": 2.0250985622406008,
        "z": 0.5503163933753967
    },
    "endPos": {
        "x": 0.15230350196361543,
        "y": 4.0,
        "z": -0.069857656955719
    }
}