{
    "_horizontalLines": 17.0,
    "_verticalLines": 16.0,
    "_radius": 0.07354053109884262,
    "_petalColour": {
        "r": 0.8997011184692383,
        "g": 0.019536972045898439,
        "b": 0.8302488327026367,
        "a": 1.0
    },
    "_cylinderVertexCount": 10.0,
    "_stemRadius": 0.06487978249788284,
    "_leafCount": 8.0,
    "_edgeRingCount": 47.0,
    "startPos": {
        "x": 0.0,
        "y": 0.0,
        "z": 0.0
    },
    "tangent1": {
        "x": -0.4913748800754547,
        "y": 0.20532913506031037,
        "z": 0.20191311836242677
    },
    "tangent2": {
        "x": -0.5431617498397827,
        "y": 1.4876549243927003,
        "z": 0.3008551001548767
    },
    "endPos": {
        "x": -0.11685213446617127,
        "y": 4.0,
        "z": 0.18634028732776643
    }
}