{
    "_horizontalLines": 15.0,
    "_verticalLines": 16.0,
    "_radius": 0.06191467493772507,
    "_petalColour": {
        "r": 0.9207839965820313,
        "g": 0.3938445448875427,
        "b": 0.47448891401290896,
        "a": 1.0
    },
    "_cylinderVertexCount": 10.0,
    "_stemRadius": 0.011929026804864407,
    "_leafCount": 8.0,
    "_edgeRingCount": 20.0,
    "startPos": {
        "x": 0.0,
        "y": 0.0,
        "z": 0.0
    },
    "tangent1": {
        "x": 0.022830676287412645,
        "y": 0.4730451703071594,
        "z": 0.06308932602405548
    },
    "tangent2": {
        "x": 0.012254142202436924,
        "y": 1.2693992853164673,
        "z": -0.27256548404693606
    },
    "endPos": {
        "x": 0.22740642726421357,
        "y": 4.0,
        "z": -0.6311614513397217
    }
}