{
    "_horizontalLines": 15.0,
    "_verticalLines": 18.0,
    "_radius": 0.13386796414852143,
    "_petalColour": {
        "r": 0.8061641454696655,
        "g": 0.8899168968200684,
        "b": 0.5767878890037537,
        "a": 1.0
    },
    "_cylinderVertexCount": 14.0,
    "_stemRadius": 0.11198491603136063,
    "_leafCount": 8.0,
    "_edgeRingCount": 34.0,
    "startPos": {
        "x": 0.0,
        "y": 0.0,
        "z": 0.0
    },
    "tangent1": {
        "x": 0.40213069319725039,
        "y": 0.29163187742233279,
        "z": 0.28245076537132265
    },
    "tangent2": {
        "x": 0.4337517321109772,
        "y": 1.211871862411499,
        "z": 0.5846396684646606
    },
    "endPos": {
        "x": 1.01589035987854,
        "y": 4.0,
        "z": 1.2284436225891114
    }
}