{
    "_horizontalLines": 19.0,
    "_verticalLines": 16.0,
    "_radius": 0.1296694278717041,
    "_petalColour": {
        "r": 0.5880655646324158,
        "g": 0.685600757598877,
        "b": 0.26945310831069949,
        "a": 1.0
    },
    "_cylinderVertexCount": 5.0,
    "_stemRadius": 0.08194424211978913,
    "_leafCount": 8.0,
    "_edgeRingCount": 12.0,
    "startPos": {
        "x": 0.0,
        "y": 0.0,
        "z": 0.0
    },
    "tangent1": {
        "x": 0.23508572578430177,
        "y": 1.521490454673767,
        "z": -0.49516573548316958
    },
    "tangent2": {
        "x": -0.10326209664344788,
        "y": 3.0976974964141847,
        "z": -0.4510549008846283
    },
    "endPos": {
        "x": -0.3477610945701599,
        "y": 6.270910263061523,
        "z": 0.29229071736335757
    }
}