{
    "_horizontalLines": 18.0,
    "_verticalLines": 15.0,
    "_radius": 0.11714808642864227,
    "_petalColour": {
        "r": 0.4439883828163147,
        "g": 0.638435959815979,
        "b": 0.6109829545021057,
        "a": 1.0
    },
    "_cylinderVertexCount": 12.0,
    "_stemRadius": 0.06776338070631027,
    "_leafCount": 8.0,
    "_edgeRingCount": 59.0,
    "startPos": {
        "x": 0.0,
        "y": 0.0,
        "z": 0.0
    },
    "tangent1": {
        "x": -0.492048442363739,
        "y": 1.9394989013671876,
        "z": -0.357994943857193
    },
    "tangent2": {
        "x": -0.8106710314750671,
        "y": 2.5463485717773439,
        "z": -0.4791490435600281
    },
    "endPos": {
        "x": -1.1471890211105347,
        "y": 4.489867687225342,
        "z": -0.45344993472099306
    }
}