{
    "_horizontalLines": 18.0,
    "_verticalLines": 17.0,
    "_radius": 0.03542935103178024,
    "_petalColour": {
        "r": 0.05495643615722656,
        "g": 0.9997431039810181,
        "b": 0.855502724647522,
        "a": 1.0
    },
    "_cylinderVertexCount": 8.0,
    "_stemRadius": 0.028870627284049989,
    "_leafCount": 8.0,
    "_edgeRingCount": 46.0,
    "startPos": {
        "x": 0.0,
        "y": 0.0,
        "z": 0.0
    },
    "tangent1": {
        "x": -0.1357439011335373,
        "y": 1.997746229171753,
        "z": -0.16383357346057893
    },
    "tangent2": {
        "x": 0.17161254584789277,
        "y": 2.8869705200195314,
        "z": -0.37364116311073305
    },
    "endPos": {
        "x": 0.01093512773513794,
        "y": 4.0,
        "z": -0.7610253691673279
    }
}