{
    "_horizontalLines": 10,
    "_verticalLines": 12,
    "_radius": 0.06805908679962158,
    "_petalColour": {
        "r": 0.05129587650299072,
        "g": 0.3327259421348572,
        "b": 0.4512208104133606,
        "a": 1.0
    },
    "_cylinderVertexCount": 13,
    "_stemRadius": 0.05331365391612053,
    "_leafCount": 8,
    "_edgeRingCount": 19,
    "startPos": {
        "x": -0.15088213980197907,
        "y": 0.3652282655239105,
        "z": -0.0329192653298378
    },
    "tangent1": {
        "x": -0.08915942907333374,
        "y": 1.0698933601379395,
        "z": 0.043767787516117099
    },
    "tangent2": {
        "x": 0.2720399498939514,
        "y": 2.696467399597168,
        "z": 0.18723911046981812
    },
    "endPos": {
        "x": 0.36375680565834048,
        "y": 5.2034149169921879,
        "z": 0.6617853045463562
    }
}