{
    "_horizontalLines": 17.0,
    "_verticalLines": 17.0,
    "_radius": 0.10203780233860016,
    "_petalColour": {
        "r": 0.6375311613082886,
        "g": 0.836898684501648,
        "b": 0.812167763710022,
        "a": 1.0
    },
    "_cylinderVertexCount": 11.0,
    "_stemRadius": 0.09692877531051636,
    "_leafCount": 8.0,
    "_edgeRingCount": 30.0,
    "startPos": {
        "x": 0.0,
        "y": 0.0,
        "z": 0.0
    },
    "tangent1": {
        "x": 0.4641837179660797,
        "y": 1.546209692955017,
        "z": -0.4163494110107422
    },
    "tangent2": {
        "x": 0.7108731269836426,
        "y": 3.086662769317627,
        "z": -0.033318907022476199
    },
    "endPos": {
        "x": 0.17171692848205567,
        "y": 4.0,
        "z": -0.9076154232025147
    }
}