{
    "_horizontalLines": 11.0,
    "_verticalLines": 6.0,
    "_radius": 0.04661283642053604,
    "_petalColour": {
        "r": 0.9268728494644165,
        "g": 0.42882341146469118,
        "b": 0.5407045483589172,
        "a": 1.0
    },
    "_cylinderVertexCount": 12.0,
    "_stemRadius": 0.01653958484530449,
    "_leafCount": 8.0,
    "_edgeRingCount": 6.0,
    "startPos": {
        "x": -0.10323300212621689,
        "y": 0.7513191103935242,
        "z": 0.1760629564523697
    },
    "tangent1": {
        "x": -0.10872039943933487,
        "y": 1.0377954244613648,
        "z": 0.5274261236190796
    },
    "tangent2": {
        "x": 0.09563329070806503,
        "y": 1.5487501621246338,
        "z": 0.8955066204071045
    },
    "endPos": {
        "x": 0.10302579402923584,
        "y": 2.620516300201416,
        "z": 0.9333707094192505
    }
}