{
    "_horizontalLines": 19.0,
    "_verticalLines": 18.0,
    "_radius": 0.11368902772665024,
    "_petalColour": {
        "r": 0.9631978273391724,
        "g": 0.5184441208839417,
        "b": 0.5231632590293884,
        "a": 1.0
    },
    "_cylinderVertexCount": 9.0,
    "_stemRadius": 0.07541271299123764,
    "_leafCount": 8.0,
    "_edgeRingCount": 49.0,
    "startPos": {
        "x": 0.0,
        "y": 0.0,
        "z": 0.0
    },
    "tangent1": {
        "x": -0.2297838181257248,
        "y": 0.9109695553779602,
        "z": 0.4416782259941101
    },
    "tangent2": {
        "x": -0.2928342819213867,
        "y": 2.317612409591675,
        "z": 0.894473671913147
    },
    "endPos": {
        "x": -1.1335103511810303,
        "y": 4.0,
        "z": 0.7081289291381836
    }
}