{
    "_horizontalLines": 15.0,
    "_verticalLines": 15.0,
    "_radius": 0.015072842128574849,
    "_petalColour": {
        "r": 0.2507895827293396,
        "g": 0.21127986907958985,
        "b": 0.6358543634414673,
        "a": 1.0
    },
    "_cylinderVertexCount": 5.0,
    "_stemRadius": 0.008536696434020996,
    "_leafCount": 8.0,
    "_edgeRingCount": 48.0,
    "startPos": {
        "x": 0.0,
        "y": 0.0,
        "z": 0.0
    },
    "tangent1": {
        "x": 0.2983146607875824,
        "y": 1.271970272064209,
        "z": -0.24529676139354707
    },
    "tangent2": {
        "x": 0.28251877427101138,
        "y": 1.2990825176239014,
        "z": -0.743429958820343
    },
    "endPos": {
        "x": -0.5002987384796143,
        "y": 4.0,
        "z": -0.48124608397483828
    }
}