{
    "_horizontalLines": 16.0,
    "_verticalLines": 16.0,
    "_radius": 0.11773598939180374,
    "_petalColour": {
        "r": 0.3511630892753601,
        "g": 0.12577509880065919,
        "b": 0.33978956937789919,
        "a": 1.0
    },
    "_cylinderVertexCount": 5.0,
    "_stemRadius": 0.08194436877965927,
    "_leafCount": 8.0,
    "_edgeRingCount": 35.0,
    "startPos": {
        "x": 0.0,
        "y": 0.0,
        "z": 0.0
    },
    "tangent1": {
        "x": -0.4279995858669281,
        "y": 1.9752483367919922,
        "z": -0.10554365813732147
    },
    "tangent2": {
        "x": -0.8605276346206665,
        "y": 2.0125434398651125,
        "z": -0.16836261749267579
    },
    "endPos": {
        "x": -0.8191941380500794,
        "y": 4.0,
        "z": -0.5095431804656982
    }
}