{
    "_horizontalLines": 19.0,
    "_verticalLines": 17.0,
    "_radius": 0.10992991924285889,
    "_petalColour": {
        "r": 0.008237719535827637,
        "g": 0.4417734742164612,
        "b": 0.5592435002326965,
        "a": 1.0
    },
    "_cylinderVertexCount": 7.0,
    "_stemRadius": 0.0713416263461113,
    "_leafCount": 8.0,
    "_edgeRingCount": 37.0,
    "startPos": {
        "x": 0.0,
        "y": 0.0,
        "z": 0.0
    },
    "tangent1": {
        "x": -0.20540638267993928,
        "y": 0.11514167487621308,
        "z": 0.19379328191280366
    },
    "tangent2": {
        "x": -0.26038050651550295,
        "y": 1.531813383102417,
        "z": 0.2543906569480896
    },
    "endPos": {
        "x": 0.08240976929664612,
        "y": 4.630776882171631,
        "z": 0.7777944207191467
    }
}