{
    "_horizontalLines": 17.0,
    "_verticalLines": 18.0,
    "_radius": 0.09410540014505387,
    "_petalColour": {
        "r": 0.10204684734344483,
        "g": 0.5904850363731384,
        "b": 0.7620635032653809,
        "a": 1.0
    },
    "_cylinderVertexCount": 5.0,
    "_stemRadius": 0.06894802302122116,
    "_leafCount": 8.0,
    "_edgeRingCount": 42.0,
    "startPos": {
        "x": 0.0,
        "y": 0.0,
        "z": 0.0
    },
    "tangent1": {
        "x": 0.3318190574645996,
        "y": 1.2143481969833375,
        "z": -0.2731880247592926
    },
    "tangent2": {
        "x": 0.06324759125709534,
        "y": 2.8080692291259767,
        "z": -0.39088571071624758
    },
    "endPos": {
        "x": 0.8533134460449219,
        "y": 4.0,
        "z": -0.7486040592193604
    }
}