{
    "_horizontalLines": 16.0,
    "_verticalLines": 16.0,
    "_radius": 0.048849962651729587,
    "_petalColour": {
        "r": 0.06469488143920899,
        "g": 0.3958243727684021,
        "b": 0.8067840337753296,
        "a": 1.0
    },
    "_cylinderVertexCount": 7.0,
    "_stemRadius": 0.009973227977752686,
    "_leafCount": 8.0,
    "_edgeRingCount": 61.0,
    "startPos": {
        "x": 0.0,
        "y": 0.0,
        "z": 0.0
    },
    "tangent1": {
        "x": -0.42572879791259768,
        "y": 1.8867267370224,
        "z": -0.20146770775318147
    },
    "tangent2": {
        "x": -0.4123082756996155,
        "y": 2.0892746448516847,
        "z": -0.13510218262672425
    },
    "endPos": {
        "x": 0.06257173418998718,
        "y": 4.089845180511475,
        "z": -0.18699723482131959
    }
}