{
    "_horizontalLines": 18.0,
    "_verticalLines": 17.0,
    "_radius": 0.01078689843416214,
    "_petalColour": {
        "r": 0.9821354150772095,
        "g": 0.3017140030860901,
        "b": 0.11358928680419922,
        "a": 1.0
    },
    "_cylinderVertexCount": 13.0,
    "_stemRadius": 0.006058648228645325,
    "_leafCount": 8.0,
    "_edgeRingCount": 6.0,
    "startPos": {
        "x": 0.0,
        "y": 0.0,
        "z": 0.0
    },
    "tangent1": {
        "x": 0.16002605855464936,
        "y": 1.0368953943252564,
        "z": 0.38873013854026797
    },
    "tangent2": {
        "x": 0.43453842401504519,
        "y": 1.44004225730896,
        "z": -0.04599067568778992
    },
    "endPos": {
        "x": 0.05399182438850403,
        "y": 4.630738735198975,
        "z": 0.8017709255218506
    }
}