{
    "_horizontalLines": 15.0,
    "_verticalLines": 18.0,
    "_radius": 0.06666120141744614,
    "_petalColour": {
        "r": 0.3733575940132141,
        "g": 0.9088935852050781,
        "b": 0.20508551597595216,
        "a": 1.0
    },
    "_cylinderVertexCount": 6.0,
    "_stemRadius": 0.04143444076180458,
    "_leafCount": 8.0,
    "_edgeRingCount": 59.0,
    "startPos": {
        "x": 0.0,
        "y": 0.0,
        "z": 0.0
    },
    "tangent1": {
        "x": -0.42107123136520388,
        "y": 0.7983336448669434,
        "z": 0.12326903641223908
    },
    "tangent2": {
        "x": -0.6879202723503113,
        "y": 1.4279402494430543,
        "z": -0.07024765014648438
    },
    "endPos": {
        "x": -0.15833455324172975,
        "y": 4.050360202789307,
        "z": 0.4125589430332184
    }
}