{
    "_horizontalLines": 19.0,
    "_verticalLines": 15.0,
    "_radius": 0.11272312700748444,
    "_petalColour": {
        "r": 0.7113893032073975,
        "g": 0.6269731521606445,
        "b": 0.5381526350975037,
        "a": 1.0
    },
    "_cylinderVertexCount": 14.0,
    "_stemRadius": 0.07371100038290024,
    "_leafCount": 8.0,
    "_edgeRingCount": 37.0,
    "startPos": {
        "x": 0.0,
        "y": 0.0,
        "z": 0.0
    },
    "tangent1": {
        "x": 0.4802396297454834,
        "y": 1.5971893072128297,
        "z": 0.054419804364442828
    },
    "tangent2": {
        "x": 0.6222586631774902,
        "y": 2.0486979484558107,
        "z": -0.35650748014450076
    },
    "endPos": {
        "x": 1.3493497371673585,
        "y": 4.281585216522217,
        "z": -0.10456147789955139
    }
}