{
    "_horizontalLines": 18.0,
    "_verticalLines": 18.0,
    "_radius": 0.1365920901298523,
    "_petalColour": {
        "r": 0.3421998620033264,
        "g": 0.5749278664588928,
        "b": 0.23268592357635499,
        "a": 1.0
    },
    "_cylinderVertexCount": 11.0,
    "_stemRadius": 0.114788718521595,
    "_leafCount": 8.0,
    "_edgeRingCount": 62.0,
    "startPos": {
        "x": 0.0,
        "y": 0.0,
        "z": 0.0
    },
    "tangent1": {
        "x": -0.06421823799610138,
        "y": 1.6506736278533936,
        "z": -0.33725929260253909
    },
    "tangent2": {
        "x": 0.0939963161945343,
        "y": 2.4608964920043947,
        "z": -0.5425406098365784
    },
    "endPos": {
        "x": -0.13500751554965974,
        "y": 4.382907867431641,
        "z": -0.970416784286499
    }
}