{
    "_horizontalLines": 17.0,
    "_verticalLines": 15.0,
    "_radius": 0.04466579481959343,
    "_petalColour": {
        "r": 0.5660567879676819,
        "g": 0.06706547737121582,
        "b": 0.14874231815338136,
        "a": 1.0
    },
    "_cylinderVertexCount": 14.0,
    "_stemRadius": 0.023428969085216523,
    "_leafCount": 8.0,
    "_edgeRingCount": 3.0,
    "startPos": {
        "x": 0.0,
        "y": 0.0,
        "z": 0.0
    },
    "tangent1": {
        "x": -0.3828405439853668,
        "y": 0.7214058041572571,
        "z": -0.18438749015331269
    },
    "tangent2": {
        "x": -0.6795822381973267,
        "y": 1.5594145059585572,
        "z": -0.26351770758628847
    },
    "endPos": {
        "x": -1.031022548675537,
        "y": 4.0,
        "z": 0.43704506754875185
    }
}