{
    "_horizontalLines": 16.0,
    "_verticalLines": 19.0,
    "_radius": 0.07170281559228897,
    "_petalColour": {
        "r": 0.4861711859703064,
        "g": 0.6377208232879639,
        "b": 0.3898027539253235,
        "a": 1.0
    },
    "_cylinderVertexCount": 10.0,
    "_stemRadius": 0.04385930672287941,
    "_leafCount": 8.0,
    "_edgeRingCount": 42.0,
    "startPos": {
        "x": 0.0,
        "y": 0.0,
        "z": 0.0
    },
    "tangent1": {
        "x": 0.09764651954174042,
        "y": 1.1721301078796387,
        "z": -0.13595075905323029
    },
    "tangent2": {
        "x": 0.33675020933151247,
        "y": 1.4623982906341553,
        "z": 0.35942143201828005
    },
    "endPos": {
        "x": 0.7721277475357056,
        "y": 4.107417106628418,
        "z": 0.47601574659347536
    }
}