{
    "_horizontalLines": 16.0,
    "_verticalLines": 16.0,
    "_radius": 0.12804487347602845,
    "_petalColour": {
        "r": 0.2701234221458435,
        "g": 0.5639739632606506,
        "b": 0.9512608051300049,
        "a": 1.0
    },
    "_cylinderVertexCount": 11.0,
    "_stemRadius": 0.08272238075733185,
    "_leafCount": 8.0,
    "_edgeRingCount": 10.0,
    "startPos": {
        "x": 0.0,
        "y": 0.0,
        "z": 0.0
    },
    "tangent1": {
        "x": -0.2777341902256012,
        "y": 1.600547432899475,
        "z": -0.26726651191711428
    },
    "tangent2": {
        "x": -0.7361974716186523,
        "y": 1.8342536687850953,
        "z": -0.27455979585647585
    },
    "endPos": {
        "x": -0.35829830169677737,
        "y": 4.074433326721191,
        "z": -0.8868677020072937
    }
}