{
    "_horizontalLines": 19.0,
    "_verticalLines": 17.0,
    "_radius": 0.05780506506562233,
    "_petalColour": {
        "r": 0.22394061088562013,
        "g": 0.3821257948875427,
        "b": 0.04686856269836426,
        "a": 1.0
    },
    "_cylinderVertexCount": 9.0,
    "_stemRadius": 0.026599563658237459,
    "_leafCount": 8.0,
    "_edgeRingCount": 27.0,
    "startPos": {
        "x": 0.0,
        "y": 0.0,
        "z": 0.0
    },
    "tangent1": {
        "x": 0.17658637464046479,
        "y": 0.9002588391304016,
        "z": -0.0051367757841944698
    },
    "tangent2": {
        "x": 0.4350484013557434,
        "y": 1.711469292640686,
        "z": -0.32787850499153139
    },
    "endPos": {
        "x": 0.0538884699344635,
        "y": 4.0,
        "z": 0.21781465411186219
    }
}