{
    "_horizontalLines": 17.0,
    "_verticalLines": 18.0,
    "_radius": 0.07976138591766358,
    "_petalColour": {
        "r": 0.9151378870010376,
        "g": 0.35173577070236208,
        "b": 0.2544535994529724,
        "a": 1.0
    },
    "_cylinderVertexCount": 11.0,
    "_stemRadius": 0.06449571996927262,
    "_leafCount": 8.0,
    "_edgeRingCount": 51.0,
    "startPos": {
        "x": 0.0,
        "y": 0.0,
        "z": 0.0
    },
    "tangent1": {
        "x": -0.13536043465137483,
        "y": 0.4596559405326843,
        "z": 0.0073618413880467419
    },
    "tangent2": {
        "x": -0.028659015893936158,
        "y": 0.7681373357772827,
        "z": 0.000058555975556373596
    },
    "endPos": {
        "x": -0.7467168569564819,
        "y": 4.0,
        "z": 0.34393155574798586
    }
}