{
    "_horizontalLines": 15.0,
    "_verticalLines": 16.0,
    "_radius": 0.1349858045578003,
    "_petalColour": {
        "r": 0.06009399890899658,
        "g": 0.008448958396911621,
        "b": 0.6469370126724243,
        "a": 1.0
    },
    "_cylinderVertexCount": 6.0,
    "_stemRadius": 0.09901302307844162,
    "_leafCount": 8.0,
    "_edgeRingCount": 31.0,
    "startPos": {
        "x": 0.0,
        "y": 0.0,
        "z": 0.0
    },
    "tangent1": {
        "x": 0.06438465416431427,
        "y": 1.558552622795105,
        "z": 0.19798563420772553
    },
    "tangent2": {
        "x": 0.2856068015098572,
        "y": 1.6442567110061646,
        "z": -0.27592575550079348
    },
    "endPos": {
        "x": 0.5283395051956177,
        "y": 4.0,
        "z": 0.49572867155075076
    }
}