{
    "_horizontalLines": 19.0,
    "_verticalLines": 19.0,
    "_radius": 0.08105398714542389,
    "_petalColour": {
        "r": 0.6707354784011841,
        "g": 0.0722283124923706,
        "b": 0.5598263144493103,
        "a": 1.0
    },
    "_cylinderVertexCount": 13.0,
    "_stemRadius": 0.05178520828485489,
    "_leafCount": 8.0,
    "_edgeRingCount": 47.0,
    "startPos": {
        "x": 0.0,
        "y": 0.0,
        "z": 0.0
    },
    "tangent1": {
        "x": -0.23737625777721406,
        "y": 1.4700350761413575,
        "z": -0.19352702796459199
    },
    "tangent2": {
        "x": -0.21091732382774354,
        "y": 1.8570148944854737,
        "z": -0.23221740126609803
    },
    "endPos": {
        "x": 0.2853129506111145,
        "y": 4.0,
        "z": 0.121104896068573
    }
}