{
    "_horizontalLines": 15.0,
    "_verticalLines": 17.0,
    "_radius": 0.0876406654715538,
    "_petalColour": {
        "r": 0.47335582971572878,
        "g": 0.4928639531135559,
        "b": 0.77579665184021,
        "a": 1.0
    },
    "_cylinderVertexCount": 7.0,
    "_stemRadius": 0.06538950651884079,
    "_leafCount": 8.0,
    "_edgeRingCount": 15.0,
    "startPos": {
        "x": 0.0,
        "y": 0.0,
        "z": 0.0
    },
    "tangent1": {
        "x": -0.10026697814464569,
        "y": 1.2767966985702515,
        "z": 0.4023838937282562
    },
    "tangent2": {
        "x": 0.0877867192029953,
        "y": 1.4729377031326295,
        "z": 0.46951133012771609
    },
    "endPos": {
        "x": 0.3536069989204407,
        "y": 4.0,
        "z": 1.0020036697387696
    }
}