{
    "_horizontalLines": 17.0,
    "_verticalLines": 15.0,
    "_radius": 0.1357460767030716,
    "_petalColour": {
        "r": 0.8215677738189697,
        "g": 0.08388769626617432,
        "b": 0.4184496998786926,
        "a": 1.0
    },
    "_cylinderVertexCount": 5.0,
    "_stemRadius": 0.11439927667379379,
    "_leafCount": 8.0,
    "_edgeRingCount": 16.0,
    "startPos": {
        "x": 0.0,
        "y": 0.0,
        "z": 0.0
    },
    "tangent1": {
        "x": 0.17526519298553468,
        "y": 1.302770972251892,
        "z": 0.018532324582338334
    },
    "tangent2": {
        "x": 0.23635633289813996,
        "y": 3.032635450363159,
        "z": 0.038559675216674808
    },
    "endPos": {
        "x": 0.4386318325996399,
        "y": 4.697460174560547,
        "z": -0.13982801139354707
    }
}