{
    "_horizontalLines": 15.0,
    "_verticalLines": 15.0,
    "_radius": 0.12322938442230225,
    "_petalColour": {
        "r": 0.738135576248169,
        "g": 0.9565325975418091,
        "b": 0.010100007057189942,
        "a": 1.0
    },
    "_cylinderVertexCount": 7.0,
    "_stemRadius": 0.09261810779571533,
    "_leafCount": 8.0,
    "_edgeRingCount": 53.0,
    "startPos": {
        "x": 0.0,
        "y": 0.0,
        "z": 0.0
    },
    "tangent1": {
        "x": 0.24582195281982423,
        "y": 1.7996231317520142,
        "z": 0.10784025490283966
    },
    "tangent2": {
        "x": 0.5371005535125732,
        "y": 2.235825300216675,
        "z": -0.12498736381530762
    },
    "endPos": {
        "x": 0.2226356565952301,
        "y": 4.0,
        "z": 0.3683212399482727
    }
}