{
    "_horizontalLines": 17.0,
    "_verticalLines": 17.0,
    "_radius": 0.09875379502773285,
    "_petalColour": {
        "r": 0.013321280479431153,
        "g": 0.8133044242858887,
        "b": 0.11762762069702149,
        "a": 1.0
    },
    "_cylinderVertexCount": 14.0,
    "_stemRadius": 0.06877738237380982,
    "_leafCount": 8.0,
    "_edgeRingCount": 60.0,
    "startPos": {
        "x": 0.0,
        "y": 0.0,
        "z": 0.0
    },
    "tangent1": {
        "x": -0.10795311629772186,
        "y": 0.8421556353569031,
        "z": -0.39619216322898867
    },
    "tangent2": {
        "x": 0.10180716216564179,
        "y": 1.3740397691726685,
        "z": -0.054617613554000857
    },
    "endPos": {
        "x": 0.35751038789749148,
        "y": 4.0,
        "z": -0.37761324644088747
    }
}