{
    "_horizontalLines": 19.0,
    "_verticalLines": 16.0,
    "_radius": 0.13208448886871339,
    "_petalColour": {
        "r": 0.569154679775238,
        "g": 0.41701310873031618,
        "b": 0.46808260679244997,
        "a": 1.0
    },
    "_cylinderVertexCount": 12.0,
    "_stemRadius": 0.10986895859241486,
    "_leafCount": 8.0,
    "_edgeRingCount": 10.0,
    "startPos": {
        "x": 0.0,
        "y": 0.0,
        "z": 0.0
    },
    "tangent1": {
        "x": -0.4187898635864258,
        "y": 1.0696287155151368,
        "z": 0.4814610481262207
    },
    "tangent2": {
        "x": -0.3993571400642395,
        "y": 2.085853099822998,
        "z": 0.2529488205909729
    },
    "endPos": {
        "x": -0.3165172040462494,
        "y": 4.0,
        "z": 0.07358215749263764
    }
}