{
    "_horizontalLines": 17.0,
    "_verticalLines": 15.0,
    "_radius": 0.05646830052137375,
    "_petalColour": {
        "r": 0.5817355513572693,
        "g": 0.07473576068878174,
        "b": 0.7674442529678345,
        "a": 1.0
    },
    "_cylinderVertexCount": 6.0,
    "_stemRadius": 0.04711214080452919,
    "_leafCount": 8.0,
    "_edgeRingCount": 39.0,
    "startPos": {
        "x": 0.0,
        "y": 0.0,
        "z": 0.0
    },
    "tangent1": {
        "x": 0.2297649383544922,
        "y": 0.3589631915092468,
        "z": -0.4926156997680664
    },
    "tangent2": {
        "x": -0.2245074212551117,
        "y": 0.6819839477539063,
        "z": -0.9064038991928101
    },
    "endPos": {
        "x": -0.8034389019012451,
        "y": 4.0,
        "z": -1.5371677875518799
    }
}