{
    "_horizontalLines": 15.0,
    "_verticalLines": 15.0,
    "_radius": 0.09447753429412842,
    "_petalColour": {
        "r": 0.18688511848449708,
        "g": 0.9603796005249023,
        "b": 0.9867730140686035,
        "a": 1.0
    },
    "_cylinderVertexCount": 14.0,
    "_stemRadius": 0.09337209910154343,
    "_leafCount": 8.0,
    "_edgeRingCount": 5.0,
    "startPos": {
        "x": 0.0,
        "y": 0.0,
        "z": 0.0
    },
    "tangent1": {
        "x": 0.31075018644332888,
        "y": 1.396384835243225,
        "z": 0.0852784663438797
    },
    "tangent2": {
        "x": 0.7384564876556397,
        "y": 2.6647746562957765,
        "z": 0.4698083996772766
    },
    "endPos": {
        "x": 0.3882003128528595,
        "y": 5.348919868469238,
        "z": 0.5869088172912598
    }
}