{
    "_horizontalLines": 17.0,
    "_verticalLines": 16.0,
    "_radius": 0.11426793038845062,
    "_petalColour": {
        "r": 0.8778775930404663,
        "g": 0.7002005577087402,
        "b": 0.19337570667266847,
        "a": 1.0
    },
    "_cylinderVertexCount": 10.0,
    "_stemRadius": 0.09262307733297348,
    "_leafCount": 8.0,
    "_edgeRingCount": 46.0,
    "startPos": {
        "x": 0.0,
        "y": 0.0,
        "z": 0.0
    },
    "tangent1": {
        "x": 0.013072538189589978,
        "y": 0.4531061053276062,
        "z": 0.07709808647632599
    },
    "tangent2": {
        "x": -0.2076396942138672,
        "y": 1.0842170715332032,
        "z": -0.08029183745384217
    },
    "endPos": {
        "x": -0.6463263034820557,
        "y": 4.071422576904297,
        "z": 0.5366008281707764
    }
}