{
    "_horizontalLines": 19.0,
    "_verticalLines": 18.0,
    "_radius": 0.08842796087265015,
    "_petalColour": {
        "r": 0.555026113986969,
        "g": 0.6120495200157166,
        "b": 0.3591366410255432,
        "a": 1.0
    },
    "_cylinderVertexCount": 5.0,
    "_stemRadius": 0.07704433798789978,
    "_leafCount": 8.0,
    "_edgeRingCount": 14.0,
    "startPos": {
        "x": 0.0,
        "y": 0.0,
        "z": 0.0
    },
    "tangent1": {
        "x": -0.4983658790588379,
        "y": 0.7857116460800171,
        "z": 0.23512029647827149
    },
    "tangent2": {
        "x": -0.6878425478935242,
        "y": 1.948309302330017,
        "z": 0.27799898386001589
    },
    "endPos": {
        "x": -1.4852590560913087,
        "y": 4.633720397949219,
        "z": 0.6573100686073303
    }
}