{
    "_horizontalLines": 18.0,
    "_verticalLines": 18.0,
    "_radius": 0.13335402309894563,
    "_petalColour": {
        "r": 0.5654452443122864,
        "g": 0.695146918296814,
        "b": 0.15038561820983888,
        "a": 1.0
    },
    "_cylinderVertexCount": 12.0,
    "_stemRadius": 0.10106834769248963,
    "_leafCount": 8.0,
    "_edgeRingCount": 19.0,
    "startPos": {
        "x": 0.0,
        "y": 0.0,
        "z": 0.0
    },
    "tangent1": {
        "x": -0.25647202134132388,
        "y": 0.6109645962715149,
        "z": -0.2199050933122635
    },
    "tangent2": {
        "x": -0.2627783715724945,
        "y": 0.6522527933120728,
        "z": -0.6402069926261902
    },
    "endPos": {
        "x": -0.9499156475067139,
        "y": 4.0,
        "z": -1.0069822072982789
    }
}