{
    "_horizontalLines": 15.0,
    "_verticalLines": 19.0,
    "_radius": 0.12982089817523957,
    "_petalColour": {
        "r": 0.3845593333244324,
        "g": 0.43548423051834109,
        "b": 0.08995771408081055,
        "a": 1.0
    },
    "_cylinderVertexCount": 5.0,
    "_stemRadius": 0.08454128354787827,
    "_leafCount": 8.0,
    "_edgeRingCount": 60.0,
    "startPos": {
        "x": 0.0,
        "y": 0.0,
        "z": 0.0
    },
    "tangent1": {
        "x": -0.347571462392807,
        "y": 1.2075285911560059,
        "z": 0.04314107820391655
    },
    "tangent2": {
        "x": -0.45822346210479739,
        "y": 3.033690929412842,
        "z": -0.45238181948661806
    },
    "endPos": {
        "x": -0.21387311816215516,
        "y": 4.226910591125488,
        "z": -0.34919512271881106
    }
}