{
    "_horizontalLines": 19.0,
    "_verticalLines": 18.0,
    "_radius": 0.1122145727276802,
    "_petalColour": {
        "r": 0.5091071724891663,
        "g": 0.5132530331611633,
        "b": 0.10160255432128906,
        "a": 1.0
    },
    "_cylinderVertexCount": 7.0,
    "_stemRadius": 0.09284518659114838,
    "_leafCount": 8.0,
    "_edgeRingCount": 47.0,
    "startPos": {
        "x": 0.0,
        "y": 0.0,
        "z": 0.0
    },
    "tangent1": {
        "x": 0.20786702632904054,
        "y": 1.5261443853378297,
        "z": 0.4480629861354828
    },
    "tangent2": {
        "x": -0.22048714756965638,
        "y": 3.190122604370117,
        "z": 0.818135142326355
    },
    "endPos": {
        "x": -0.5867360234260559,
        "y": 6.237305164337158,
        "z": 1.3042352199554444
    }
}