{
    "_horizontalLines": 18.0,
    "_verticalLines": 16.0,
    "_radius": 0.06332077085971832,
    "_petalColour": {
        "r": 0.24380970001220704,
        "g": 0.3669458031654358,
        "b": 0.06870627403259278,
        "a": 1.0
    },
    "_cylinderVertexCount": 13.0,
    "_stemRadius": 0.0553351491689682,
    "_leafCount": 8.0,
    "_edgeRingCount": 11.0,
    "startPos": {
        "x": 0.0,
        "y": 0.0,
        "z": 0.0
    },
    "tangent1": {
        "x": 0.05725579336285591,
        "y": 1.43812096118927,
        "z": -0.34887561202049258
    },
    "tangent2": {
        "x": 0.09295296669006348,
        "y": 2.345693588256836,
        "z": -0.3212818205356598
    },
    "endPos": {
        "x": 0.44636350870132449,
        "y": 4.0,
        "z": -0.6435769200325012
    }
}