{
    "_horizontalLines": 18.0,
    "_verticalLines": 19.0,
    "_radius": 0.1395270824432373,
    "_petalColour": {
        "r": 0.9390188455581665,
        "g": 0.4608086943626404,
        "b": 0.6727790832519531,
        "a": 1.0
    },
    "_cylinderVertexCount": 9.0,
    "_stemRadius": 0.11101710796356201,
    "_leafCount": 8.0,
    "_edgeRingCount": 42.0,
    "startPos": {
        "x": 0.0,
        "y": 0.0,
        "z": 0.0
    },
    "tangent1": {
        "x": 0.30150604248046877,
        "y": 1.2492332458496094,
        "z": -0.19086308777332307
    },
    "tangent2": {
        "x": 0.589889407157898,
        "y": 2.1911251544952394,
        "z": 0.056857720017433169
    },
    "endPos": {
        "x": 1.0678346157073975,
        "y": 4.0,
        "z": 0.02853255346417427
    }
}