{
    "_horizontalLines": 18.0,
    "_verticalLines": 17.0,
    "_radius": 0.06630654633045197,
    "_petalColour": {
        "r": 0.7951152324676514,
        "g": 0.7810159921646118,
        "b": 0.7652977705001831,
        "a": 1.0
    },
    "_cylinderVertexCount": 11.0,
    "_stemRadius": 0.029460284858942033,
    "_leafCount": 8.0,
    "_edgeRingCount": 59.0,
    "startPos": {
        "x": 0.0,
        "y": 0.0,
        "z": 0.0
    },
    "tangent1": {
        "x": -0.0896933525800705,
        "y": 1.7729816436767579,
        "z": -0.004553508944809437
    },
    "tangent2": {
        "x": -0.5100647807121277,
        "y": 3.34413480758667,
        "z": -0.3371402621269226
    },
    "endPos": {
        "x": -0.10394859313964844,
        "y": 6.300000190734863,
        "z": -0.5539551973342896
    }
}