{
    "_horizontalLines": 17.0,
    "_verticalLines": 15.0,
    "_radius": 0.09170666337013245,
    "_petalColour": {
        "r": 0.2447730302810669,
        "g": 0.8396390676498413,
        "b": 0.056589722633361819,
        "a": 1.0
    },
    "_cylinderVertexCount": 13.0,
    "_stemRadius": 0.04333149641752243,
    "_leafCount": 8.0,
    "_edgeRingCount": 49.0,
    "startPos": {
        "x": 0.0,
        "y": 0.0,
        "z": 0.0
    },
    "tangent1": {
        "x": -0.05692238733172417,
        "y": 1.8030799627304078,
        "z": -0.49082422256469729
    },
    "tangent2": {
        "x": 0.2579360604286194,
        "y": 3.2020134925842287,
        "z": -0.9817429780960083
    },
    "endPos": {
        "x": 0.5596495866775513,
        "y": 4.89054012298584,
        "z": -1.1103631258010865
    }
}