{
    "_horizontalLines": 15.0,
    "_verticalLines": 18.0,
    "_radius": 0.05241309851408005,
    "_petalColour": {
        "r": 0.9645400047302246,
        "g": 0.23118925094604493,
        "b": 0.33525174856185915,
        "a": 1.0
    },
    "_cylinderVertexCount": 5.0,
    "_stemRadius": 0.02523743361234665,
    "_leafCount": 8.0,
    "_edgeRingCount": 24.0,
    "startPos": {
        "x": 0.0,
        "y": 0.0,
        "z": 0.0
    },
    "tangent1": {
        "x": 0.2554641664028168,
        "y": 0.21640892326831819,
        "z": -0.2016126662492752
    },
    "tangent2": {
        "x": 0.3729096055030823,
        "y": 2.019015073776245,
        "z": -0.3548971712589264
    },
    "endPos": {
        "x": 1.0018563270568848,
        "y": 4.0,
        "z": -0.9125257730484009
    }
}