{
    "_horizontalLines": 15.0,
    "_verticalLines": 18.0,
    "_radius": 0.09796847403049469,
    "_petalColour": {
        "r": 0.8713799715042114,
        "g": 0.5779547095298767,
        "b": 0.7892183065414429,
        "a": 1.0
    },
    "_cylinderVertexCount": 8.0,
    "_stemRadius": 0.07778287678956986,
    "_leafCount": 8.0,
    "_edgeRingCount": 3.0,
    "startPos": {
        "x": 0.0,
        "y": 0.0,
        "z": 0.0
    },
    "tangent1": {
        "x": -0.40427637100219729,
        "y": 1.2307262420654297,
        "z": 0.46961283683776858
    },
    "tangent2": {
        "x": -0.03743553161621094,
        "y": 2.6604623794555666,
        "z": 0.8446699380874634
    },
    "endPos": {
        "x": -0.04197702556848526,
        "y": 4.0,
        "z": 0.09958082437515259
    }
}