{
    "_horizontalLines": 17.0,
    "_verticalLines": 17.0,
    "_radius": 0.04830247536301613,
    "_petalColour": {
        "r": 0.09111511707305908,
        "g": 0.9052102565765381,
        "b": 0.5945584177970886,
        "a": 1.0
    },
    "_cylinderVertexCount": 12.0,
    "_stemRadius": 0.036320898681879047,
    "_leafCount": 8.0,
    "_edgeRingCount": 20.0,
    "startPos": {
        "x": 0.0,
        "y": 0.0,
        "z": 0.0
    },
    "tangent1": {
        "x": 0.4439316689968109,
        "y": 1.410491943359375,
        "z": -0.01693887636065483
    },
    "tangent2": {
        "x": 0.7193053960800171,
        "y": 1.705341100692749,
        "z": 0.3675364553928375
    },
    "endPos": {
        "x": 0.6370446085929871,
        "y": 4.0,
        "z": -0.4289323389530182
    }
}