{
    "_horizontalLines": 18.0,
    "_verticalLines": 18.0,
    "_radius": 0.11368318647146225,
    "_petalColour": {
        "r": 0.9397529363632202,
        "g": 0.4607587456703186,
        "b": 0.8850193023681641,
        "a": 1.0
    },
    "_cylinderVertexCount": 13.0,
    "_stemRadius": 0.06670933216810227,
    "_leafCount": 8.0,
    "_edgeRingCount": 27.0,
    "startPos": {
        "x": 0.0,
        "y": 0.0,
        "z": 0.0
    },
    "tangent1": {
        "x": -0.025640536099672319,
        "y": 1.2760628461837769,
        "z": 0.11058048903942108
    },
    "tangent2": {
        "x": -0.13272476196289063,
        "y": 3.028581142425537,
        "z": 0.5129774212837219
    },
    "endPos": {
        "x": 0.5272811651229858,
        "y": 4.640995979309082,
        "z": 0.9128165245056152
    }
}