{
    "_horizontalLines": 18.0,
    "_verticalLines": 17.0,
    "_radius": 0.10372382402420044,
    "_petalColour": {
        "r": 0.1660679578781128,
        "g": 0.9337422847747803,
        "b": 0.5097605586051941,
        "a": 1.0
    },
    "_cylinderVertexCount": 7.0,
    "_stemRadius": 0.08673404902219773,
    "_leafCount": 8.0,
    "_edgeRingCount": 23.0,
    "startPos": {
        "x": 0.0,
        "y": 0.0,
        "z": 0.0
    },
    "tangent1": {
        "x": 0.22365796566009522,
        "y": 0.14126034080982209,
        "z": 0.351335734128952
    },
    "tangent2": {
        "x": 0.2775670886039734,
        "y": 1.3882147073745728,
        "z": 0.6937438249588013
    },
    "endPos": {
        "x": -0.5754404067993164,
        "y": 4.0,
        "z": 1.0311253070831299
    }
}