{
    "_horizontalLines": 15.0,
    "_verticalLines": 18.0,
    "_radius": 0.0446774959564209,
    "_petalColour": {
        "r": 0.6663893461227417,
        "g": 0.2545223832130432,
        "b": 0.9887527227401733,
        "a": 1.0
    },
    "_cylinderVertexCount": 6.0,
    "_stemRadius": 0.021970883011817933,
    "_leafCount": 8.0,
    "_edgeRingCount": 29.0,
    "startPos": {
        "x": 0.0,
        "y": 0.0,
        "z": 0.0
    },
    "tangent1": {
        "x": -0.23975519835948945,
        "y": 0.13143806159496308,
        "z": 0.2573575973510742
    },
    "tangent2": {
        "x": -0.5961670279502869,
        "y": 1.8357417583465577,
        "z": -0.12643346190452577
    },
    "endPos": {
        "x": -0.6863877773284912,
        "y": 4.3601460456848148,
        "z": -0.9015288352966309
    }
}