{
    "_horizontalLines": 19.0,
    "_verticalLines": 19.0,
    "_radius": 0.07966584712266922,
    "_petalColour": {
        "r": 0.4430384039878845,
        "g": 0.6726744174957275,
        "b": 0.8955587148666382,
        "a": 1.0
    },
    "_cylinderVertexCount": 6.0,
    "_stemRadius": 0.05830372869968414,
    "_leafCount": 8.0,
    "_edgeRingCount": 15.0,
    "startPos": {
        "x": 0.0,
        "y": 0.0,
        "z": 0.0
    },
    "tangent1": {
        "x": 0.31641635298728945,
        "y": 0.46747225522994997,
        "z": -0.2857701778411865
    },
    "tangent2": {
        "x": 0.25643470883369448,
        "y": 0.6705201864242554,
        "z": -0.7797501087188721
    },
    "endPos": {
        "x": -0.5516725778579712,
        "y": 4.0,
        "z": -0.10821235179901123
    }
}