{
    "_horizontalLines": 15.0,
    "_verticalLines": 15.0,
    "_radius": 0.056518081575632098,
    "_petalColour": {
        "r": 0.4476622939109802,
        "g": 0.22468042373657227,
        "b": 0.47130292654037478,
        "a": 1.0
    },
    "_cylinderVertexCount": 11.0,
    "_stemRadius": 0.02443866990506649,
    "_leafCount": 8.0,
    "_edgeRingCount": 50.0,
    "startPos": {
        "x": 0.0,
        "y": 0.0,
        "z": 0.0
    },
    "tangent1": {
        "x": 0.34730157256126406,
        "y": 1.0594587326049805,
        "z": -0.2795024812221527
    },
    "tangent2": {
        "x": 0.33616843819618227,
        "y": 2.9295663833618166,
        "z": -0.5473494529724121
    },
    "endPos": {
        "x": 0.4091656804084778,
        "y": 4.2125163078308109,
        "z": -1.3313040733337403
    }
}