{
    "_horizontalLines": 17.0,
    "_verticalLines": 18.0,
    "_radius": 0.10079604387283325,
    "_petalColour": {
        "r": 0.9508602619171143,
        "g": 0.3906096816062927,
        "b": 0.15654230117797852,
        "a": 1.0
    },
    "_cylinderVertexCount": 6.0,
    "_stemRadius": 0.10066681355237961,
    "_leafCount": 8.0,
    "_edgeRingCount": 49.0,
    "startPos": {
        "x": 0.0,
        "y": 0.0,
        "z": 0.0
    },
    "tangent1": {
        "x": -0.3607739508152008,
        "y": 1.41631019115448,
        "z": -0.41233235597610476
    },
    "tangent2": {
        "x": -0.5646084547042847,
        "y": 2.3398635387420656,
        "z": -0.040716856718063357
    },
    "endPos": {
        "x": 0.24041515588760377,
        "y": 5.400515079498291,
        "z": -0.6599359512329102
    }
}