{
    "_horizontalLines": 18.0,
    "_verticalLines": 16.0,
    "_radius": 0.10052639245986939,
    "_petalColour": {
        "r": 0.03492903709411621,
        "g": 0.3252546191215515,
        "b": 0.5650476813316345,
        "a": 1.0
    },
    "_cylinderVertexCount": 7.0,
    "_stemRadius": 0.06886358559131623,
    "_leafCount": 8.0,
    "_edgeRingCount": 16.0,
    "startPos": {
        "x": 0.0,
        "y": 0.0,
        "z": 0.0
    },
    "tangent1": {
        "x": 0.22249066829681397,
        "y": 1.142818808555603,
        "z": 0.4589175283908844
    },
    "tangent2": {
        "x": 0.25658494234085085,
        "y": 2.5114693641662599,
        "z": 0.8424949645996094
    },
    "endPos": {
        "x": 0.5959041118621826,
        "y": 4.0,
        "z": 0.3237376809120178
    }
}