{
    "_horizontalLines": 17.0,
    "_verticalLines": 19.0,
    "_radius": 0.06745656579732895,
    "_petalColour": {
        "r": 0.8087502717971802,
        "g": 0.8259929418563843,
        "b": 0.6174721121788025,
        "a": 1.0
    },
    "_cylinderVertexCount": 7.0,
    "_stemRadius": 0.062097299844026569,
    "_leafCount": 8.0,
    "_edgeRingCount": 36.0,
    "startPos": {
        "x": 0.0,
        "y": 0.0,
        "z": 0.0
    },
    "tangent1": {
        "x": -0.2808293402194977,
        "y": 1.6971797943115235,
        "z": -0.44838982820510867
    },
    "tangent2": {
        "x": -0.4223877191543579,
        "y": 2.7834324836730959,
        "z": -0.5939592123031616
    },
    "endPos": {
        "x": -0.9716809988021851,
        "y": 4.0,
        "z": -1.4168351888656617
    }
}