{
    "_horizontalLines": 18.0,
    "_verticalLines": 17.0,
    "_radius": 0.060665007680654529,
    "_petalColour": {
        "r": 0.06165516376495361,
        "g": 0.7403339147567749,
        "b": 0.03655672073364258,
        "a": 1.0
    },
    "_cylinderVertexCount": 8.0,
    "_stemRadius": 0.05112864077091217,
    "_leafCount": 8.0,
    "_edgeRingCount": 33.0,
    "startPos": {
        "x": 0.0,
        "y": 0.0,
        "z": 0.0
    },
    "tangent1": {
        "x": 0.04512066766619682,
        "y": 0.2645723223686218,
        "z": -0.11173577606678009
    },
    "tangent2": {
        "x": 0.15592136979103089,
        "y": 0.40803754329681399,
        "z": -0.05672445520758629
    },
    "endPos": {
        "x": -0.40828946232795718,
        "y": 4.0,
        "z": 0.7823436856269836
    }
}