{
    "_horizontalLines": 18.0,
    "_verticalLines": 18.0,
    "_radius": 0.0624610036611557,
    "_petalColour": {
        "r": 0.4250796437263489,
        "g": 0.04928719997406006,
        "b": 0.4462887644767761,
        "a": 1.0
    },
    "_cylinderVertexCount": 11.0,
    "_stemRadius": 0.01623140089213848,
    "_leafCount": 8.0,
    "_edgeRingCount": 14.0,
    "startPos": {
        "x": 0.0,
        "y": 0.0,
        "z": 0.0
    },
    "tangent1": {
        "x": 0.22847223281860352,
        "y": 0.789821982383728,
        "z": -0.3377838134765625
    },
    "tangent2": {
        "x": 0.6787781715393066,
        "y": 2.504298686981201,
        "z": -0.6905314922332764
    },
    "endPos": {
        "x": -0.052207350730895999,
        "y": 4.268252372741699,
        "z": -1.0856049060821534
    }
}