{
    "_horizontalLines": 17.0,
    "_verticalLines": 15.0,
    "_radius": 0.058134038001298907,
    "_petalColour": {
        "r": 0.9612493515014648,
        "g": 0.537242591381073,
        "b": 0.8088372945785523,
        "a": 1.0
    },
    "_cylinderVertexCount": 11.0,
    "_stemRadius": 0.024149566888809205,
    "_leafCount": 8.0,
    "_edgeRingCount": 14.0,
    "startPos": {
        "x": 0.0,
        "y": 0.0,
        "z": 0.0
    },
    "tangent1": {
        "x": -0.32762011885643008,
        "y": 1.8162044286727906,
        "z": -0.3574701249599457
    },
    "tangent2": {
        "x": -0.540500283241272,
        "y": 2.877365827560425,
        "z": -0.45271575450897219
    },
    "endPos": {
        "x": -1.3706293106079102,
        "y": 4.0,
        "z": -1.0763909816741944
    }
}