{
    "_horizontalLines": 18.0,
    "_verticalLines": 16.0,
    "_radius": 0.06570856273174286,
    "_petalColour": {
        "r": 0.6067537665367127,
        "g": 0.798154354095459,
        "b": 0.5785877108573914,
        "a": 1.0
    },
    "_cylinderVertexCount": 8.0,
    "_stemRadius": 0.02431466616690159,
    "_leafCount": 8.0,
    "_edgeRingCount": 33.0,
    "startPos": {
        "x": 0.0,
        "y": 0.0,
        "z": 0.0
    },
    "tangent1": {
        "x": 0.1585974544286728,
        "y": 1.2135677337646485,
        "z": 0.3499617576599121
    },
    "tangent2": {
        "x": 0.6178601980209351,
        "y": 3.0883586406707765,
        "z": 0.011350065469741822
    },
    "endPos": {
        "x": 1.2882633209228516,
        "y": 4.0,
        "z": 0.6838184595108032
    }
}