{
    "_horizontalLines": 16.0,
    "_verticalLines": 19.0,
    "_radius": 0.0499805212020874,
    "_petalColour": {
        "r": 0.3908986449241638,
        "g": 0.45532339811325076,
        "b": 0.5798477530479431,
        "a": 1.0
    },
    "_cylinderVertexCount": 5.0,
    "_stemRadius": 0.0034586177207529546,
    "_leafCount": 8.0,
    "_edgeRingCount": 64.0,
    "startPos": {
        "x": 0.0,
        "y": 0.0,
        "z": 0.0
    },
    "tangent1": {
        "x": 0.15664586424827577,
        "y": 0.2746132016181946,
        "z": 0.2917163372039795
    },
    "tangent2": {
        "x": 0.257649302482605,
        "y": 1.3493564128875733,
        "z": -0.15465378761291505
    },
    "endPos": {
        "x": 0.5366352796554565,
        "y": 4.0,
        "z": 0.2382795214653015
    }
}