{
    "_horizontalLines": 16.0,
    "_verticalLines": 18.0,
    "_radius": 0.06419769674539566,
    "_petalColour": {
        "r": 0.48361533880233767,
        "g": 0.7482954263687134,
        "b": 0.34995847940444949,
        "a": 1.0
    },
    "_cylinderVertexCount": 6.0,
    "_stemRadius": 0.058547794818878177,
    "_leafCount": 8.0,
    "_edgeRingCount": 11.0,
    "startPos": {
        "x": 0.0,
        "y": 0.0,
        "z": 0.0
    },
    "tangent1": {
        "x": 0.36944150924682619,
        "y": 0.17821331322193147,
        "z": -0.011616659350693226
    },
    "tangent2": {
        "x": 0.4722769856452942,
        "y": 0.9127346873283386,
        "z": 0.46176066994667055
    },
    "endPos": {
        "x": 0.9628164172172546,
        "y": 4.0,
        "z": 0.7246645092964172
    }
}