{
    "_horizontalLines": 19.0,
    "_verticalLines": 17.0,
    "_radius": 0.13038350641727448,
    "_petalColour": {
        "r": 0.4277380108833313,
        "g": 0.8049781322479248,
        "b": 0.4541502594947815,
        "a": 1.0
    },
    "_cylinderVertexCount": 13.0,
    "_stemRadius": 0.1141284704208374,
    "_leafCount": 8.0,
    "_edgeRingCount": 60.0,
    "startPos": {
        "x": 0.0,
        "y": 0.0,
        "z": 0.0
    },
    "tangent1": {
        "x": -0.013292980380356312,
        "y": 1.246598720550537,
        "z": 0.03673834726214409
    },
    "tangent2": {
        "x": -0.14938059449195863,
        "y": 3.2377212047576906,
        "z": 0.5091938376426697
    },
    "endPos": {
        "x": 0.6741896867752075,
        "y": 4.533827781677246,
        "z": 0.3932728171348572
    }
}