{
    "_horizontalLines": 19.0,
    "_verticalLines": 19.0,
    "_radius": 0.06266330927610398,
    "_petalColour": {
        "r": 0.27445024251937868,
        "g": 0.8028168678283691,
        "b": 0.20126819610595704,
        "a": 1.0
    },
    "_cylinderVertexCount": 12.0,
    "_stemRadius": 0.05572359263896942,
    "_leafCount": 8.0,
    "_edgeRingCount": 28.0,
    "startPos": {
        "x": 0.0,
        "y": 0.0,
        "z": 0.0
    },
    "tangent1": {
        "x": 0.34541377425193789,
        "y": 1.6776268482208253,
        "z": -0.1900772601366043
    },
    "tangent2": {
        "x": -0.05693808197975159,
        "y": 3.2168991565704347,
        "z": -0.37001314759254458
    },
    "endPos": {
        "x": 0.8090282678604126,
        "y": 4.432870864868164,
        "z": -0.38874322175979617
    }
}