{
    "_horizontalLines": 19.0,
    "_verticalLines": 17.0,
    "_radius": 0.12546002864837647,
    "_petalColour": {
        "r": 0.9232834577560425,
        "g": 0.4286321997642517,
        "b": 0.4211387038230896,
        "a": 1.0
    },
    "_cylinderVertexCount": 7.0,
    "_stemRadius": 0.08322031795978546,
    "_leafCount": 8.0,
    "_edgeRingCount": 37.0,
    "startPos": {
        "x": 0.0,
        "y": 0.0,
        "z": 0.0
    },
    "tangent1": {
        "x": -0.19114308059215547,
        "y": 0.0599239356815815,
        "z": -0.23830004036426545
    },
    "tangent2": {
        "x": -0.4056118428707123,
        "y": 1.6822208166122437,
        "z": -0.6542255282402039
    },
    "endPos": {
        "x": 0.3243981897830963,
        "y": 4.0,
        "z": -1.5026519298553467
    }
}