{
    "_horizontalLines": 15.0,
    "_verticalLines": 15.0,
    "_radius": 0.13625895977020265,
    "_petalColour": {
        "r": 0.2131178379058838,
        "g": 0.5123730301856995,
        "b": 0.466891348361969,
        "a": 1.0
    },
    "_cylinderVertexCount": 5.0,
    "_stemRadius": 0.11330457776784897,
    "_leafCount": 8.0,
    "_edgeRingCount": 9.0,
    "startPos": {
        "x": 0.0,
        "y": 0.0,
        "z": 0.0
    },
    "tangent1": {
        "x": -0.31210556626319888,
        "y": 1.7972068786621094,
        "z": 0.15419219434261323
    },
    "tangent2": {
        "x": -0.13525059819221497,
        "y": 2.6936354637145998,
        "z": 0.4501073360443115
    },
    "endPos": {
        "x": -0.6282916069030762,
        "y": 4.859148979187012,
        "z": 0.6916143894195557
    }
}