{
    "_horizontalLines": 17.0,
    "_verticalLines": 19.0,
    "_radius": 0.03939597308635712,
    "_petalColour": {
        "r": 0.6078736186027527,
        "g": 0.08300721645355225,
        "b": 0.579699695110321,
        "a": 1.0
    },
    "_cylinderVertexCount": 8.0,
    "_stemRadius": 0.03612469881772995,
    "_leafCount": 8.0,
    "_edgeRingCount": 3.0,
    "startPos": {
        "x": 0.0,
        "y": 0.0,
        "z": 0.0
    },
    "tangent1": {
        "x": -0.2093530148267746,
        "y": 0.7787750363349915,
        "z": -0.019629430025815965
    },
    "tangent2": {
        "x": -0.6799798607826233,
        "y": 2.1842281818389894,
        "z": 0.08312711119651795
    },
    "endPos": {
        "x": -0.6340821385383606,
        "y": 4.0,
        "z": 0.5151726007461548
    }
}