{
    "_horizontalLines": 15.0,
    "_verticalLines": 18.0,
    "_radius": 0.12814396619796754,
    "_petalColour": {
        "r": 0.913094162940979,
        "g": 0.49042588472366335,
        "b": 0.3568045496940613,
        "a": 1.0
    },
    "_cylinderVertexCount": 5.0,
    "_stemRadius": 0.08319871127605438,
    "_leafCount": 8.0,
    "_edgeRingCount": 62.0,
    "startPos": {
        "x": 0.0,
        "y": 0.0,
        "z": 0.0
    },
    "tangent1": {
        "x": 0.1528291553258896,
        "y": 0.6206158995628357,
        "z": 0.18737876415252686
    },
    "tangent2": {
        "x": 0.40201473236083987,
        "y": 1.945561408996582,
        "z": -0.24443447589874268
    },
    "endPos": {
        "x": 0.40646836161613467,
        "y": 4.0,
        "z": -0.1743839681148529
    }
}