{
    "_horizontalLines": 15.0,
    "_verticalLines": 15.0,
    "_radius": 0.11970889568328858,
    "_petalColour": {
        "r": 0.41733938455581667,
        "g": 0.897692084312439,
        "b": 0.9374750852584839,
        "a": 1.0
    },
    "_cylinderVertexCount": 6.0,
    "_stemRadius": 0.08113763481378555,
    "_leafCount": 8.0,
    "_edgeRingCount": 48.0,
    "startPos": {
        "x": 0.0,
        "y": 0.0,
        "z": 0.0
    },
    "tangent1": {
        "x": -0.46339407563209536,
        "y": 0.9857919812202454,
        "z": 0.08515553176403046
    },
    "tangent2": {
        "x": -0.8586063385009766,
        "y": 1.199758529663086,
        "z": 0.4984913468360901
    },
    "endPos": {
        "x": -0.34045010805130007,
        "y": 4.499162673950195,
        "z": 0.654663622379303
    }
}