{
    "_horizontalLines": 18.0,
    "_verticalLines": 16.0,
    "_radius": 0.1424572914838791,
    "_petalColour": {
        "r": 0.8516175746917725,
        "g": 0.010084271430969239,
        "b": 0.9053010940551758,
        "a": 1.0
    },
    "_cylinderVertexCount": 9.0,
    "_stemRadius": 0.10240581631660462,
    "_leafCount": 8.0,
    "_edgeRingCount": 55.0,
    "startPos": {
        "x": 0.0,
        "y": 0.0,
        "z": 0.0
    },
    "tangent1": {
        "x": 0.24128079414367677,
        "y": 0.146717831492424,
        "z": -0.0069367410615086559
    },
    "tangent2": {
        "x": -0.23382258415222169,
        "y": 1.4081717729568482,
        "z": -0.03891267627477646
    },
    "endPos": {
        "x": 0.5282260775566101,
        "y": 4.278997898101807,
        "z": 0.6188124418258667
    }
}