{
    "_horizontalLines": 18.0,
    "_verticalLines": 17.0,
    "_radius": 0.0256253220140934,
    "_petalColour": {
        "r": 0.06016504764556885,
        "g": 0.6030916571617127,
        "b": 0.11108648777008057,
        "a": 1.0
    },
    "_cylinderVertexCount": 13.0,
    "_stemRadius": 0.022336389869451524,
    "_leafCount": 8.0,
    "_edgeRingCount": 16.0,
    "startPos": {
        "x": 0.0,
        "y": 0.0,
        "z": 0.0
    },
    "tangent1": {
        "x": 0.29724836349487307,
        "y": 1.0538663864135743,
        "z": -0.4546031057834625
    },
    "tangent2": {
        "x": 0.5672905445098877,
        "y": 1.183950662612915,
        "z": -0.0960303544998169
    },
    "endPos": {
        "x": -0.17985087633132935,
        "y": 4.0,
        "z": 0.6062038540840149
    }
}