{
    "_horizontalLines": 15.0,
    "_verticalLines": 19.0,
    "_radius": 0.09818479418754578,
    "_petalColour": {
        "r": 0.09422719478607178,
        "g": 0.6508630514144898,
        "b": 0.48767298460006716,
        "a": 1.0
    },
    "_cylinderVertexCount": 6.0,
    "_stemRadius": 0.07352954894304276,
    "_leafCount": 8.0,
    "_edgeRingCount": 56.0,
    "startPos": {
        "x": 0.0,
        "y": 0.0,
        "z": 0.0
    },
    "tangent1": {
        "x": -0.3563961982727051,
        "y": 1.47515070438385,
        "z": -0.14868612587451936
    },
    "tangent2": {
        "x": -0.05572214722633362,
        "y": 1.9421050548553467,
        "z": -0.6176069974899292
    },
    "endPos": {
        "x": -0.8711555004119873,
        "y": 4.0,
        "z": -0.7315190434455872
    }
}