{
    "_horizontalLines": 19.0,
    "_verticalLines": 19.0,
    "_radius": 0.1469535529613495,
    "_petalColour": {
        "r": 0.5608678460121155,
        "g": 0.06066572666168213,
        "b": 0.8460756540298462,
        "a": 1.0
    },
    "_cylinderVertexCount": 7.0,
    "_stemRadius": 0.10719221830368042,
    "_leafCount": 8.0,
    "_edgeRingCount": 31.0,
    "startPos": {
        "x": 0.0,
        "y": 0.0,
        "z": 0.0
    },
    "tangent1": {
        "x": 0.26577258110046389,
        "y": 1.0425772666931153,
        "z": -0.004982280544936657
    },
    "tangent2": {
        "x": 0.12220506370067597,
        "y": 1.870053768157959,
        "z": -0.14236220717430116
    },
    "endPos": {
        "x": -0.6630167961120606,
        "y": 4.418855667114258,
        "z": 0.13677865266799928
    }
}