{
    "_horizontalLines": 16.0,
    "_verticalLines": 17.0,
    "_radius": 0.10652203112840653,
    "_petalColour": {
        "r": 0.27358728647232058,
        "g": 0.4468558430671692,
        "b": 0.9627985954284668,
        "a": 1.0
    },
    "_cylinderVertexCount": 6.0,
    "_stemRadius": 0.08553554862737656,
    "_leafCount": 8.0,
    "_edgeRingCount": 18.0,
    "startPos": {
        "x": 0.0,
        "y": 0.0,
        "z": 0.0
    },
    "tangent1": {
        "x": 0.14569509029388429,
        "y": 0.3968917727470398,
        "z": -0.3716987669467926
    },
    "tangent2": {
        "x": -0.21655216813087464,
        "y": 0.8028535842895508,
        "z": -0.5541032552719116
    },
    "endPos": {
        "x": -0.10998021811246872,
        "y": 4.0,
        "z": -0.8189479112625122
    }
}