{
    "_horizontalLines": 6,
    "_verticalLines": 15,
    "_radius": 0.06884878873825073,
    "_petalColour": {
        "r": 0.025952935218811036,
        "g": 0.6008253693580627,
        "b": 0.8809062242507935,
        "a": 1.0
    },
    "_cylinderVertexCount": 6,
    "_stemRadius": 0.04119154065847397,
    "_leafCount": 8,
    "_edgeRingCount": 31,
    "startPos": {
        "x": 0.08255533874034882,
        "y": 0.39513659477233889,
        "z": 0.22397971153259278
    },
    "tangent1": {
        "x": 0.45662128925323489,
        "y": 1.9199649095535279,
        "z": 0.0032840222120285036
    },
    "tangent2": {
        "x": 0.21876828372478486,
        "y": 3.6799144744873049,
        "z": 0.12399324774742127
    },
    "endPos": {
        "x": 0.5225152373313904,
        "y": 5.705669403076172,
        "z": -0.7846240997314453
    }
}