{
    "_horizontalLines": 12.0,
    "_verticalLines": 4.0,
    "_radius": 0.14729511737823487,
    "_petalColour": {
        "r": 0.8626804351806641,
        "g": 0.1345299482345581,
        "b": 0.8840951919555664,
        "a": 1.0
    },
    "_cylinderVertexCount": 9.0,
    "_stemRadius": 0.10010959953069687,
    "_leafCount": 8.0,
    "_edgeRingCount": 36.0,
    "startPos": {
        "x": 0.13005059957504273,
        "y": 0.23608770966529847,
        "z": 0.12872618436813355
    },
    "tangent1": {
        "x": 0.5805463194847107,
        "y": 0.7902544736862183,
        "z": -0.2742635905742645
    },
    "tangent2": {
        "x": 0.18492081761360169,
        "y": 0.9915892481803894,
        "z": 0.03856101632118225
    },
    "endPos": {
        "x": -0.6186186075210571,
        "y": 3.519627332687378,
        "z": -0.8128868341445923
    }
}