{
    "_horizontalLines": 16.0,
    "_verticalLines": 15.0,
    "_radius": 0.1040087416768074,
    "_petalColour": {
        "r": 0.8542884588241577,
        "g": 0.19009900093078614,
        "b": 0.8420698642730713,
        "a": 1.0
    },
    "_cylinderVertexCount": 14.0,
    "_stemRadius": 0.08395302295684815,
    "_leafCount": 8.0,
    "_edgeRingCount": 37.0,
    "startPos": {
        "x": 0.0,
        "y": 0.0,
        "z": 0.0
    },
    "tangent1": {
        "x": 0.26013001799583437,
        "y": 1.3342971801757813,
        "z": -0.06545762717723847
    },
    "tangent2": {
        "x": -0.0929153561592102,
        "y": 2.795055389404297,
        "z": 0.08707790076732636
    },
    "endPos": {
        "x": -0.3606635630130768,
        "y": 4.0,
        "z": 0.9359349608421326
    }
}