{
    "_horizontalLines": 16.0,
    "_verticalLines": 18.0,
    "_radius": 0.11541908234357834,
    "_petalColour": {
        "r": 0.7129043340682983,
        "g": 0.7466727495193481,
        "b": 0.2473541498184204,
        "a": 1.0
    },
    "_cylinderVertexCount": 5.0,
    "_stemRadius": 0.09071395546197891,
    "_leafCount": 8.0,
    "_edgeRingCount": 59.0,
    "startPos": {
        "x": 0.0,
        "y": 0.0,
        "z": 0.0
    },
    "tangent1": {
        "x": -0.405282199382782,
        "y": 1.045270562171936,
        "z": -0.35271283984184267
    },
    "tangent2": {
        "x": -0.6867262125015259,
        "y": 1.0983446836471558,
        "z": -0.5685226917266846
    },
    "endPos": {
        "x": -1.1570740938186646,
        "y": 4.547703266143799,
        "z": -0.05347025394439697
    }
}