{
    "_horizontalLines": 17.0,
    "_verticalLines": 16.0,
    "_radius": 0.06602636724710465,
    "_petalColour": {
        "r": 0.8879938125610352,
        "g": 0.9553364515304565,
        "b": 0.8013306856155396,
        "a": 1.0
    },
    "_cylinderVertexCount": 12.0,
    "_stemRadius": 0.03109884448349476,
    "_leafCount": 8.0,
    "_edgeRingCount": 46.0,
    "startPos": {
        "x": 0.0,
        "y": 0.0,
        "z": 0.0
    },
    "tangent1": {
        "x": 0.049092959612607959,
        "y": 0.9974651336669922,
        "z": -0.31549760699272158
    },
    "tangent2": {
        "x": 0.0038000568747520448,
        "y": 2.8377087116241457,
        "z": -0.5527157783508301
    },
    "endPos": {
        "x": -0.18196570873260499,
        "y": 4.602382659912109,
        "z": -0.7250866889953613
    }
}