{
    "_horizontalLines": 17.0,
    "_verticalLines": 16.0,
    "_radius": 0.06699568033218384,
    "_petalColour": {
        "r": 0.3285452723503113,
        "g": 0.6582627296447754,
        "b": 0.7223453521728516,
        "a": 1.0
    },
    "_cylinderVertexCount": 8.0,
    "_stemRadius": 0.04026404395699501,
    "_leafCount": 8.0,
    "_edgeRingCount": 30.0,
    "startPos": {
        "x": 0.0,
        "y": 0.0,
        "z": 0.0
    },
    "tangent1": {
        "x": 0.2769904136657715,
        "y": 1.4058834314346314,
        "z": 0.10002069175243378
    },
    "tangent2": {
        "x": 0.7107597589492798,
        "y": 1.48603093624115,
        "z": -0.31865519285202029
    },
    "endPos": {
        "x": 0.3323543965816498,
        "y": 4.0,
        "z": 0.20594042539596559
    }
}