{
    "_horizontalLines": 19.0,
    "_verticalLines": 17.0,
    "_radius": 0.04117166996002197,
    "_petalColour": {
        "r": 0.604661762714386,
        "g": 0.8726136684417725,
        "b": 0.0640408992767334,
        "a": 1.0
    },
    "_cylinderVertexCount": 9.0,
    "_stemRadius": 0.012205518782138825,
    "_leafCount": 8.0,
    "_edgeRingCount": 15.0,
    "startPos": {
        "x": 0.0,
        "y": 0.0,
        "z": 0.0
    },
    "tangent1": {
        "x": -0.3363502323627472,
        "y": 0.9607126116752625,
        "z": -0.4462376534938812
    },
    "tangent2": {
        "x": -0.541718065738678,
        "y": 2.33902907371521,
        "z": -0.4126627743244171
    },
    "endPos": {
        "x": -1.1595244407653809,
        "y": 4.0,
        "z": -0.5555835962295532
    }
}