{
    "_horizontalLines": 16.0,
    "_verticalLines": 16.0,
    "_radius": 0.10078271478414536,
    "_petalColour": {
        "r": 0.5007801651954651,
        "g": 0.8956233263015747,
        "b": 0.06924092769622803,
        "a": 1.0
    },
    "_cylinderVertexCount": 8.0,
    "_stemRadius": 0.05800752341747284,
    "_leafCount": 8.0,
    "_edgeRingCount": 41.0,
    "startPos": {
        "x": 0.0,
        "y": 0.0,
        "z": 0.0
    },
    "tangent1": {
        "x": -0.04208045080304146,
        "y": 1.122504711151123,
        "z": 0.4467955529689789
    },
    "tangent2": {
        "x": -0.5221013426780701,
        "y": 1.7153065204620362,
        "z": 0.40096619725227358
    },
    "endPos": {
        "x": -0.7239893674850464,
        "y": 4.0,
        "z": 0.68266361951828
    }
}