{
    "_horizontalLines": 15.0,
    "_verticalLines": 15.0,
    "_radius": 0.09109242260456085,
    "_petalColour": {
        "r": 0.2169191837310791,
        "g": 0.6143221259117127,
        "b": 0.14156627655029298,
        "a": 1.0
    },
    "_cylinderVertexCount": 11.0,
    "_stemRadius": 0.05905255302786827,
    "_leafCount": 8.0,
    "_edgeRingCount": 53.0,
    "startPos": {
        "x": 0.0,
        "y": 0.0,
        "z": 0.0
    },
    "tangent1": {
        "x": 0.1582004874944687,
        "y": 1.4914764165878297,
        "z": -0.2510014474391937
    },
    "tangent2": {
        "x": -0.21752135455608369,
        "y": 2.7374095916748049,
        "z": -0.002719491720199585
    },
    "endPos": {
        "x": 0.0770130604505539,
        "y": 5.610476493835449,
        "z": -0.7632181644439697
    }
}