{
    "_horizontalLines": 19.0,
    "_verticalLines": 18.0,
    "_radius": 0.07905153185129166,
    "_petalColour": {
        "r": 0.8874620199203491,
        "g": 0.9526255130767822,
        "b": 0.46932345628738406,
        "a": 1.0
    },
    "_cylinderVertexCount": 14.0,
    "_stemRadius": 0.06552623957395554,
    "_leafCount": 8.0,
    "_edgeRingCount": 10.0,
    "startPos": {
        "x": 0.0,
        "y": 0.0,
        "z": 0.0
    },
    "tangent1": {
        "x": -0.2137771099805832,
        "y": 0.6217500567436218,
        "z": 0.2614341676235199
    },
    "tangent2": {
        "x": 0.257382333278656,
        "y": 2.600358724594116,
        "z": -0.009704113006591797
    },
    "endPos": {
        "x": -0.6101757287979126,
        "y": 4.853244781494141,
        "z": 0.3524062931537628
    }
}