{
    "_horizontalLines": 17.0,
    "_verticalLines": 19.0,
    "_radius": 0.03139027953147888,
    "_petalColour": {
        "r": 0.07337987422943115,
        "g": 0.817795991897583,
        "b": 0.9518532752990723,
        "a": 1.0
    },
    "_cylinderVertexCount": 13.0,
    "_stemRadius": 0.01802409440279007,
    "_leafCount": 8.0,
    "_edgeRingCount": 5.0,
    "startPos": {
        "x": 0.0,
        "y": 0.0,
        "z": 0.0
    },
    "tangent1": {
        "x": -0.28037047386169436,
        "y": 0.926479160785675,
        "z": 0.48156842589378359
    },
    "tangent2": {
        "x": -0.6217714548110962,
        "y": 1.4947178363800049,
        "z": 0.6204689145088196
    },
    "endPos": {
        "x": -0.9172729253768921,
        "y": 4.0,
        "z": 1.4489750862121583
    }
}