{
    "_horizontalLines": 19.0,
    "_verticalLines": 17.0,
    "_radius": 0.12058346718549729,
    "_petalColour": {
        "r": 0.5681769251823425,
        "g": 0.32316094636917117,
        "b": 0.6304029226303101,
        "a": 1.0
    },
    "_cylinderVertexCount": 13.0,
    "_stemRadius": 0.07345692813396454,
    "_leafCount": 8.0,
    "_edgeRingCount": 29.0,
    "startPos": {
        "x": 0.0,
        "y": 0.0,
        "z": 0.0
    },
    "tangent1": {
        "x": 0.3386622369289398,
        "y": 1.6949758529663087,
        "z": 0.15944860875606538
    },
    "tangent2": {
        "x": 0.14420537650585175,
        "y": 2.3605892658233644,
        "z": 0.24914568662643434
    },
    "endPos": {
        "x": 0.5195779204368591,
        "y": 4.0,
        "z": 0.8740094304084778
    }
}