{
    "_horizontalLines": 18.0,
    "_verticalLines": 15.0,
    "_radius": 0.07001234591007233,
    "_petalColour": {
        "r": 0.47279733419418337,
        "g": 0.40288859605789187,
        "b": 0.644463300704956,
        "a": 1.0
    },
    "_cylinderVertexCount": 10.0,
    "_stemRadius": 0.06443773210048676,
    "_leafCount": 8.0,
    "_edgeRingCount": 16.0,
    "startPos": {
        "x": 0.0,
        "y": 0.0,
        "z": 0.0
    },
    "tangent1": {
        "x": -0.1410844773054123,
        "y": 0.7833361625671387,
        "z": 0.048667144030332568
    },
    "tangent2": {
        "x": -0.018359273672103883,
        "y": 2.7829790115356447,
        "z": 0.2909802794456482
    },
    "endPos": {
        "x": 0.41843873262405398,
        "y": 4.0,
        "z": 0.13357271254062653
    }
}