{
    "_horizontalLines": 19.0,
    "_verticalLines": 16.0,
    "_radius": 0.03723352402448654,
    "_petalColour": {
        "r": 0.3152434229850769,
        "g": 0.09802186489105225,
        "b": 0.060545921325683597,
        "a": 1.0
    },
    "_cylinderVertexCount": 9.0,
    "_stemRadius": 0.02263164520263672,
    "_leafCount": 8.0,
    "_edgeRingCount": 22.0,
    "startPos": {
        "x": 0.0,
        "y": 0.0,
        "z": 0.0
    },
    "tangent1": {
        "x": 0.29186856746673586,
        "y": 0.7230960726737976,
        "z": 0.3488277196884155
    },
    "tangent2": {
        "x": 0.582166314125061,
        "y": 1.6994317770004273,
        "z": 0.4536014199256897
    },
    "endPos": {
        "x": 0.6789016127586365,
        "y": 4.0,
        "z": 0.014804810285568238
    }
}