{
    "_horizontalLines": 17.0,
    "_verticalLines": 18.0,
    "_radius": 0.02998381294310093,
    "_petalColour": {
        "r": 0.8677085638046265,
        "g": 0.5990635752677918,
        "b": 0.6914163827896118,
        "a": 1.0
    },
    "_cylinderVertexCount": 12.0,
    "_stemRadius": 0.0016297049587592483,
    "_leafCount": 8.0,
    "_edgeRingCount": 21.0,
    "startPos": {
        "x": 0.0,
        "y": 0.0,
        "z": 0.0
    },
    "tangent1": {
        "x": -0.4338316023349762,
        "y": 1.8483024835586548,
        "z": -0.38846397399902346
    },
    "tangent2": {
        "x": -0.16142097115516663,
        "y": 1.91964852809906,
        "z": -0.025712013244628907
    },
    "endPos": {
        "x": -0.6041557192802429,
        "y": 4.0,
        "z": 0.4664330780506134
    }
}