{
    "_horizontalLines": 19.0,
    "_verticalLines": 16.0,
    "_radius": 0.0984300747513771,
    "_petalColour": {
        "r": 0.7037562131881714,
        "g": 0.40166550874710085,
        "b": 0.01805853843688965,
        "a": 1.0
    },
    "_cylinderVertexCount": 10.0,
    "_stemRadius": 0.08464589715003967,
    "_leafCount": 8.0,
    "_edgeRingCount": 52.0,
    "startPos": {
        "x": 0.0,
        "y": 0.0,
        "z": 0.0
    },
    "tangent1": {
        "x": 0.3581998646259308,
        "y": 0.44640177488327029,
        "z": 0.10854248702526093
    },
    "tangent2": {
        "x": -0.01237422227859497,
        "y": 2.0283563137054445,
        "z": 0.09874868392944336
    },
    "endPos": {
        "x": -0.2109002023935318,
        "y": 4.0,
        "z": 0.8266498446464539
    }
}