{
    "_horizontalLines": 16.0,
    "_verticalLines": 19.0,
    "_radius": 0.1308073103427887,
    "_petalColour": {
        "r": 0.8090965747833252,
        "g": 0.36042529344558718,
        "b": 0.26551347970962527,
        "a": 1.0
    },
    "_cylinderVertexCount": 10.0,
    "_stemRadius": 0.11486019939184189,
    "_leafCount": 8.0,
    "_edgeRingCount": 48.0,
    "startPos": {
        "x": 0.0,
        "y": 0.0,
        "z": 0.0
    },
    "tangent1": {
        "x": -0.2151666134595871,
        "y": 1.5640640258789063,
        "z": -0.20391134917736054
    },
    "tangent2": {
        "x": -0.18571734428405763,
        "y": 2.185871124267578,
        "z": -0.01574164628982544
    },
    "endPos": {
        "x": 0.5276018977165222,
        "y": 4.0,
        "z": 0.692014217376709
    }
}