{
    "_horizontalLines": 18.0,
    "_verticalLines": 19.0,
    "_radius": 0.0741906613111496,
    "_petalColour": {
        "r": 0.5574210286140442,
        "g": 0.4995386004447937,
        "b": 0.5476534962654114,
        "a": 1.0
    },
    "_cylinderVertexCount": 14.0,
    "_stemRadius": 0.04844848811626434,
    "_leafCount": 8.0,
    "_edgeRingCount": 21.0,
    "startPos": {
        "x": 0.0,
        "y": 0.0,
        "z": 0.0
    },
    "tangent1": {
        "x": 0.1241721659898758,
        "y": 1.3586620092391968,
        "z": 0.006074476055800915
    },
    "tangent2": {
        "x": -0.30716413259506228,
        "y": 3.2397334575653078,
        "z": -0.48097097873687746
    },
    "endPos": {
        "x": 0.422626256942749,
        "y": 4.562623977661133,
        "z": 0.29975515604019167
    }
}