{
    "_horizontalLines": 18.0,
    "_verticalLines": 15.0,
    "_radius": 0.08439350873231888,
    "_petalColour": {
        "r": 0.8429384231567383,
        "g": 0.05019962787628174,
        "b": 0.45343369245529177,
        "a": 1.0
    },
    "_cylinderVertexCount": 11.0,
    "_stemRadius": 0.06517651677131653,
    "_leafCount": 8.0,
    "_edgeRingCount": 50.0,
    "startPos": {
        "x": 0.0,
        "y": 0.0,
        "z": 0.0
    },
    "tangent1": {
        "x": 0.05487985536456108,
        "y": 0.44497090578079226,
        "z": -0.4092273712158203
    },
    "tangent2": {
        "x": 0.14494624733924867,
        "y": 1.0421726703643799,
        "z": -0.8343766927719116
    },
    "endPos": {
        "x": -0.02760826051235199,
        "y": 4.0,
        "z": -0.4686141908168793
    }
}