{
    "_horizontalLines": 19.0,
    "_verticalLines": 15.0,
    "_radius": 0.10594014823436737,
    "_petalColour": {
        "r": 0.5297811627388,
        "g": 0.08590531349182129,
        "b": 0.4714800715446472,
        "a": 1.0
    },
    "_cylinderVertexCount": 5.0,
    "_stemRadius": 0.08932870626449585,
    "_leafCount": 8.0,
    "_edgeRingCount": 30.0,
    "startPos": {
        "x": 0.0,
        "y": 0.0,
        "z": 0.0
    },
    "tangent1": {
        "x": 0.03666253015398979,
        "y": 1.0469051599502564,
        "z": -0.4419727325439453
    },
    "tangent2": {
        "x": 0.28888362646102908,
        "y": 1.7023993730545045,
        "z": -0.5364850163459778
    },
    "endPos": {
        "x": 1.0681324005126954,
        "y": 4.0,
        "z": -1.0327006578445435
    }
}