{
    "_horizontalLines": 16.0,
    "_verticalLines": 15.0,
    "_radius": 0.1315547525882721,
    "_petalColour": {
        "r": 0.9287525415420532,
        "g": 0.7775073051452637,
        "b": 0.29563742876052859,
        "a": 1.0
    },
    "_cylinderVertexCount": 6.0,
    "_stemRadius": 0.09287335723638535,
    "_leafCount": 8.0,
    "_edgeRingCount": 44.0,
    "startPos": {
        "x": 0.0,
        "y": 0.0,
        "z": 0.0
    },
    "tangent1": {
        "x": -0.13645310699939729,
        "y": 0.2124660462141037,
        "z": -0.059212397783994678
    },
    "tangent2": {
        "x": 0.007424384355545044,
        "y": 1.0451014041900635,
        "z": -0.15774989128112794
    },
    "endPos": {
        "x": 0.16753478348255158,
        "y": 4.0,
        "z": -0.7379602789878845
    }
}