{
    "_horizontalLines": 15.0,
    "_verticalLines": 19.0,
    "_radius": 0.05191335454583168,
    "_petalColour": {
        "r": 0.6292963027954102,
        "g": 0.35238808393478396,
        "b": 0.37169796228408816,
        "a": 1.0
    },
    "_cylinderVertexCount": 6.0,
    "_stemRadius": 0.012660941109061242,
    "_leafCount": 8.0,
    "_edgeRingCount": 8.0,
    "startPos": {
        "x": 0.0,
        "y": 0.0,
        "z": 0.0
    },
    "tangent1": {
        "x": 0.24956607818603517,
        "y": 1.47835111618042,
        "z": 0.2536696195602417
    },
    "tangent2": {
        "x": 0.22637848556041718,
        "y": 2.1172220706939699,
        "z": 0.0694679468870163
    },
    "endPos": {
        "x": 0.4827262759208679,
        "y": 5.024716854095459,
        "z": -0.743532121181488
    }
}