{
    "_horizontalLines": 17.0,
    "_verticalLines": 15.0,
    "_radius": 0.10981075465679169,
    "_petalColour": {
        "r": 0.7110997438430786,
        "g": 0.9786070585250855,
        "b": 0.3129306435585022,
        "a": 1.0
    },
    "_cylinderVertexCount": 10.0,
    "_stemRadius": 0.10611068457365036,
    "_leafCount": 8.0,
    "_edgeRingCount": 30.0,
    "startPos": {
        "x": 0.0,
        "y": 0.0,
        "z": 0.0
    },
    "tangent1": {
        "x": 0.40438786149024966,
        "y": 1.2724586725234986,
        "z": -0.19091196358203889
    },
    "tangent2": {
        "x": 0.1710430234670639,
        "y": 2.434166431427002,
        "z": 0.2537859082221985
    },
    "endPos": {
        "x": -0.37131232023239138,
        "y": 4.0,
        "z": 0.03230462968349457
    }
}