{
    "_horizontalLines": 18.0,
    "_verticalLines": 19.0,
    "_radius": 0.13289427757263184,
    "_petalColour": {
        "r": 0.8523781299591065,
        "g": 0.479214608669281,
        "b": 0.85334312915802,
        "a": 1.0
    },
    "_cylinderVertexCount": 6.0,
    "_stemRadius": 0.08908196538686753,
    "_leafCount": 8.0,
    "_edgeRingCount": 23.0,
    "startPos": {
        "x": 0.0,
        "y": 0.0,
        "z": 0.0
    },
    "tangent1": {
        "x": 0.34714624285697939,
        "y": 1.4596573114395142,
        "z": 0.464613676071167
    },
    "tangent2": {
        "x": 0.520441472530365,
        "y": 1.9103970527648926,
        "z": 0.6394513845443726
    },
    "endPos": {
        "x": 0.8912570476531982,
        "y": 4.278181552886963,
        "z": 0.09555292129516602
    }
}