{
    "_horizontalLines": 19.0,
    "_verticalLines": 16.0,
    "_radius": 0.06321300566196442,
    "_petalColour": {
        "r": 0.683961033821106,
        "g": 0.5451808571815491,
        "b": 0.3676697611808777,
        "a": 1.0
    },
    "_cylinderVertexCount": 9.0,
    "_stemRadius": 0.05181342735886574,
    "_leafCount": 8.0,
    "_edgeRingCount": 33.0,
    "startPos": {
        "x": 0.0,
        "y": 0.0,
        "z": 0.0
    },
    "tangent1": {
        "x": -0.11071352660655976,
        "y": 0.11669369041919708,
        "z": 0.19266709685325623
    },
    "tangent2": {
        "x": -0.3265145719051361,
        "y": 1.7173092365264893,
        "z": 0.3270469307899475
    },
    "endPos": {
        "x": 0.17355027794837953,
        "y": 4.929107666015625,
        "z": -0.409507155418396
    }
}