{
    "_horizontalLines": 15.0,
    "_verticalLines": 18.0,
    "_radius": 0.015078512951731682,
    "_petalColour": {
        "r": 0.055660367012023929,
        "g": 0.8782851696014404,
        "b": 0.87746262550354,
        "a": 1.0
    },
    "_cylinderVertexCount": 11.0,
    "_stemRadius": 0.011176368221640587,
    "_leafCount": 8.0,
    "_edgeRingCount": 3.0,
    "startPos": {
        "x": 0.0,
        "y": 0.0,
        "z": 0.0
    },
    "tangent1": {
        "x": -0.42266741394996645,
        "y": 0.24578265845775605,
        "z": 0.15372155606746674
    },
    "tangent2": {
        "x": -0.9035628437995911,
        "y": 0.479282945394516,
        "z": 0.5561583638191223
    },
    "endPos": {
        "x": -1.105368733406067,
        "y": 4.0,
        "z": 1.2963144779205323
    }
}