{
    "_horizontalLines": 18.0,
    "_verticalLines": 19.0,
    "_radius": 0.0209654550999403,
    "_petalColour": {
        "r": 0.6302199363708496,
        "g": 0.9252463579177856,
        "b": 0.21435797214508058,
        "a": 1.0
    },
    "_cylinderVertexCount": 10.0,
    "_stemRadius": 0.01875995844602585,
    "_leafCount": 8.0,
    "_edgeRingCount": 38.0,
    "startPos": {
        "x": 0.0,
        "y": 0.0,
        "z": 0.0
    },
    "tangent1": {
        "x": -0.47004127502441409,
        "y": 0.20282192528247834,
        "z": 0.29325389862060549
    },
    "tangent2": {
        "x": -0.569923460483551,
        "y": 1.191860556602478,
        "z": -0.021825700998306276
    },
    "endPos": {
        "x": -0.8277575969696045,
        "y": 4.0,
        "z": 0.6148611307144165
    }
}