{
    "_horizontalLines": 18.0,
    "_verticalLines": 17.0,
    "_radius": 0.06909847259521485,
    "_petalColour": {
        "r": 0.6315245628356934,
        "g": 0.8058270215988159,
        "b": 0.6934827566146851,
        "a": 1.0
    },
    "_cylinderVertexCount": 8.0,
    "_stemRadius": 0.021015163511037828,
    "_leafCount": 8.0,
    "_edgeRingCount": 40.0,
    "startPos": {
        "x": 0.0,
        "y": 0.0,
        "z": 0.0
    },
    "tangent1": {
        "x": -0.21674995124340058,
        "y": 1.2911605834960938,
        "z": 0.18649709224700929
    },
    "tangent2": {
        "x": 0.16194860637187959,
        "y": 1.6706197261810303,
        "z": 0.4842027425765991
    },
    "endPos": {
        "x": 0.2082383781671524,
        "y": 4.0,
        "z": 0.9808160066604614
    }
}