{
    "_horizontalLines": 18.0,
    "_verticalLines": 15.0,
    "_radius": 0.11154245585203171,
    "_petalColour": {
        "r": 0.16850948333740235,
        "g": 0.6617026329040527,
        "b": 0.7177540063858032,
        "a": 1.0
    },
    "_cylinderVertexCount": 11.0,
    "_stemRadius": 0.08801667392253876,
    "_leafCount": 8.0,
    "_edgeRingCount": 62.0,
    "startPos": {
        "x": 0.0,
        "y": 0.0,
        "z": 0.0
    },
    "tangent1": {
        "x": 0.4679369032382965,
        "y": 0.11658458411693573,
        "z": 0.15906165540218354
    },
    "tangent2": {
        "x": 0.7757618427276611,
        "y": 0.9927189946174622,
        "z": 0.3760792016983032
    },
    "endPos": {
        "x": 1.3117128610610963,
        "y": 4.0,
        "z": -0.2571449279785156
    }
}