{
    "_horizontalLines": 18.0,
    "_verticalLines": 16.0,
    "_radius": 0.061963196843862537,
    "_petalColour": {
        "r": 0.12525200843811036,
        "g": 0.6517720222473145,
        "b": 0.5203071236610413,
        "a": 1.0
    },
    "_cylinderVertexCount": 13.0,
    "_stemRadius": 0.05782157555222511,
    "_leafCount": 8.0,
    "_edgeRingCount": 45.0,
    "startPos": {
        "x": 0.0,
        "y": 0.0,
        "z": 0.0
    },
    "tangent1": {
        "x": 0.3017098903656006,
        "y": 0.9580652117729187,
        "z": -0.32238253951072695
    },
    "tangent2": {
        "x": 0.1810256987810135,
        "y": 2.142735719680786,
        "z": -0.34911563992500307
    },
    "endPos": {
        "x": 0.3460189700126648,
        "y": 4.031508922576904,
        "z": 0.07913348078727722
    }
}