{
    "_horizontalLines": 17.0,
    "_verticalLines": 16.0,
    "_radius": 0.14621563255786897,
    "_petalColour": {
        "r": 0.9510024785995483,
        "g": 0.6884914636611939,
        "b": 0.5474488139152527,
        "a": 1.0
    },
    "_cylinderVertexCount": 9.0,
    "_stemRadius": 0.11621547490358353,
    "_leafCount": 8.0,
    "_edgeRingCount": 6.0,
    "startPos": {
        "x": 0.0,
        "y": 0.0,
        "z": 0.0
    },
    "tangent1": {
        "x": -0.20669789612293244,
        "y": 0.29182320833206179,
        "z": 0.3339351415634155
    },
    "tangent2": {
        "x": 0.03450469672679901,
        "y": 1.6303412914276124,
        "z": 0.4788234233856201
    },
    "endPos": {
        "x": -0.11340180039405823,
        "y": 4.0,
        "z": 0.301119863986969
    }
}