{
    "_horizontalLines": 15.0,
    "_verticalLines": 16.0,
    "_radius": 0.1546557992696762,
    "_petalColour": {
        "r": 0.36758607625961306,
        "g": 0.19351935386657716,
        "b": 0.8507401943206787,
        "a": 1.0
    },
    "_cylinderVertexCount": 13.0,
    "_stemRadius": 0.11093798279762268,
    "_leafCount": 8.0,
    "_edgeRingCount": 29.0,
    "startPos": {
        "x": 0.0,
        "y": 0.0,
        "z": 0.0
    },
    "tangent1": {
        "x": 0.07760243117809296,
        "y": 1.3014899492263795,
        "z": 0.40584754943847659
    },
    "tangent2": {
        "x": -0.024124860763549806,
        "y": 2.2759957313537599,
        "z": 0.681148886680603
    },
    "endPos": {
        "x": -0.32731011509895327,
        "y": 4.0,
        "z": 0.9639953374862671
    }
}