{
    "_horizontalLines": 15.0,
    "_verticalLines": 19.0,
    "_radius": 0.0820746049284935,
    "_petalColour": {
        "r": 0.09868431091308594,
        "g": 0.2780836224555969,
        "b": 0.7064851522445679,
        "a": 1.0
    },
    "_cylinderVertexCount": 14.0,
    "_stemRadius": 0.06158144026994705,
    "_leafCount": 8.0,
    "_edgeRingCount": 62.0,
    "startPos": {
        "x": 0.0,
        "y": 0.0,
        "z": 0.0
    },
    "tangent1": {
        "x": 0.18959473073482514,
        "y": 1.0141057968139649,
        "z": -0.06685681641101837
    },
    "tangent2": {
        "x": 0.6786133646965027,
        "y": 2.898109197616577,
        "z": 0.16585974395275117
    },
    "endPos": {
        "x": 0.45974117517471316,
        "y": 4.405538558959961,
        "z": 0.32902970910072329
    }
}