{
    "_horizontalLines": 19.0,
    "_verticalLines": 19.0,
    "_radius": 0.10528083145618439,
    "_petalColour": {
        "r": 0.508111298084259,
        "g": 0.011894583702087403,
        "b": 0.3405466675758362,
        "a": 1.0
    },
    "_cylinderVertexCount": 12.0,
    "_stemRadius": 0.06443527340888977,
    "_leafCount": 8.0,
    "_edgeRingCount": 10.0,
    "startPos": {
        "x": 0.0,
        "y": 0.0,
        "z": 0.0
    },
    "tangent1": {
        "x": 0.12168188393115998,
        "y": 0.30222588777542117,
        "z": -0.3890995979309082
    },
    "tangent2": {
        "x": -0.23455990850925446,
        "y": 1.4563090801239014,
        "z": -0.45938223600387576
    },
    "endPos": {
        "x": 0.06395973265171051,
        "y": 4.0,
        "z": 0.20172899961471559
    }
}