{
    "_horizontalLines": 18.0,
    "_verticalLines": 16.0,
    "_radius": 0.07237713038921356,
    "_petalColour": {
        "r": 0.9613672494888306,
        "g": 0.9725087881088257,
        "b": 0.2122492790222168,
        "a": 1.0
    },
    "_cylinderVertexCount": 12.0,
    "_stemRadius": 0.03964225575327873,
    "_leafCount": 8.0,
    "_edgeRingCount": 8.0,
    "startPos": {
        "x": 0.0,
        "y": 0.0,
        "z": 0.0
    },
    "tangent1": {
        "x": -0.4228406846523285,
        "y": 0.9580920934677124,
        "z": -0.17440085113048554
    },
    "tangent2": {
        "x": -0.5432425737380981,
        "y": 1.4800693988800049,
        "z": 0.18922142684459687
    },
    "endPos": {
        "x": -0.9581835269927979,
        "y": 4.048017501831055,
        "z": 0.16832341253757478
    }
}