{
    "_horizontalLines": 16.0,
    "_verticalLines": 19.0,
    "_radius": 0.06506603211164475,
    "_petalColour": {
        "r": 0.023284077644348146,
        "g": 0.20021533966064454,
        "b": 0.4730650782585144,
        "a": 1.0
    },
    "_cylinderVertexCount": 7.0,
    "_stemRadius": 0.01562536507844925,
    "_leafCount": 8.0,
    "_edgeRingCount": 21.0,
    "startPos": {
        "x": 0.0,
        "y": 0.0,
        "z": 0.0
    },
    "tangent1": {
        "x": 0.4756389558315277,
        "y": 1.657446265220642,
        "z": -0.2635478973388672
    },
    "tangent2": {
        "x": 0.7856819033622742,
        "y": 3.617654323577881,
        "z": 0.09288319945335388
    },
    "endPos": {
        "x": -0.062433600425720218,
        "y": 4.428538799285889,
        "z": -0.5209267139434815
    }
}