{
    "_horizontalLines": 15.0,
    "_verticalLines": 15.0,
    "_radius": 0.03620516136288643,
    "_petalColour": {
        "r": 0.9422388076782227,
        "g": 0.6056143641471863,
        "b": 0.5847566723823547,
        "a": 1.0
    },
    "_cylinderVertexCount": 10.0,
    "_stemRadius": 0.032889969646930698,
    "_leafCount": 8.0,
    "_edgeRingCount": 57.0,
    "startPos": {
        "x": 0.0,
        "y": 0.0,
        "z": 0.0
    },
    "tangent1": {
        "x": 0.21729159355163575,
        "y": 0.2998468279838562,
        "z": 0.41684016585350039
    },
    "tangent2": {
        "x": -0.27258697152137759,
        "y": 1.552126407623291,
        "z": 0.18797530233860017
    },
    "endPos": {
        "x": 0.2465176284313202,
        "y": 4.0,
        "z": 0.14965175092220307
    }
}