{
    "_horizontalLines": 15.0,
    "_verticalLines": 18.0,
    "_radius": 0.06641154736280441,
    "_petalColour": {
        "r": 0.8378250598907471,
        "g": 0.9953861236572266,
        "b": 0.2746073603630066,
        "a": 1.0
    },
    "_cylinderVertexCount": 14.0,
    "_stemRadius": 0.05225835740566254,
    "_leafCount": 8.0,
    "_edgeRingCount": 53.0,
    "startPos": {
        "x": 0.0,
        "y": 0.0,
        "z": 0.0
    },
    "tangent1": {
        "x": 0.3805135488510132,
        "y": 0.23245124518871308,
        "z": 0.22250661253929139
    },
    "tangent2": {
        "x": -0.11931174993515015,
        "y": 1.6309252977371216,
        "z": -0.2621912956237793
    },
    "endPos": {
        "x": -0.16952326893806458,
        "y": 4.4905900955200199,
        "z": -0.6867733001708984
    }
}