{
    "_horizontalLines": 18.0,
    "_verticalLines": 19.0,
    "_radius": 0.13711845874786378,
    "_petalColour": {
        "r": 0.12278997898101807,
        "g": 0.57249516248703,
        "b": 0.07845556735992432,
        "a": 1.0
    },
    "_cylinderVertexCount": 7.0,
    "_stemRadius": 0.10640894621610642,
    "_leafCount": 8.0,
    "_edgeRingCount": 47.0,
    "startPos": {
        "x": 0.0,
        "y": 0.0,
        "z": 0.0
    },
    "tangent1": {
        "x": 0.08056016266345978,
        "y": 0.940298855304718,
        "z": -0.2762865126132965
    },
    "tangent2": {
        "x": 0.2237902134656906,
        "y": 2.1778645515441896,
        "z": -0.7530567646026611
    },
    "endPos": {
        "x": -0.3038066029548645,
        "y": 4.0,
        "z": 0.01296001672744751
    }
}