{
    "_horizontalLines": 15.0,
    "_verticalLines": 16.0,
    "_radius": 0.04450218752026558,
    "_petalColour": {
        "r": 0.1035149097442627,
        "g": 0.28799301385879519,
        "b": 0.6008219122886658,
        "a": 1.0
    },
    "_cylinderVertexCount": 11.0,
    "_stemRadius": 0.02718772552907467,
    "_leafCount": 8.0,
    "_edgeRingCount": 58.0,
    "startPos": {
        "x": 0.0,
        "y": 0.0,
        "z": 0.0
    },
    "tangent1": {
        "x": -0.18436698615550996,
        "y": 0.3549221158027649,
        "z": -0.43189382553100588
    },
    "tangent2": {
        "x": -0.45840537548065188,
        "y": 1.7722485065460206,
        "z": -0.6924319267272949
    },
    "endPos": {
        "x": -0.30029934644699099,
        "y": 4.0,
        "z": -0.08439630270004273
    }
}