{
    "_horizontalLines": 17.0,
    "_verticalLines": 15.0,
    "_radius": 0.07797130942344666,
    "_petalColour": {
        "r": 0.7987560033798218,
        "g": 0.15386629104614259,
        "b": 0.457838237285614,
        "a": 1.0
    },
    "_cylinderVertexCount": 8.0,
    "_stemRadius": 0.035482022911310199,
    "_leafCount": 8.0,
    "_edgeRingCount": 54.0,
    "startPos": {
        "x": 0.0,
        "y": 0.0,
        "z": 0.0
    },
    "tangent1": {
        "x": -0.0034436702262610199,
        "y": 1.2164192199707032,
        "z": -0.011335420422255993
    },
    "tangent2": {
        "x": -0.11010527610778809,
        "y": 2.5963330268859865,
        "z": 0.2819034457206726
    },
    "endPos": {
        "x": -0.8875845074653626,
        "y": 4.929891586303711,
        "z": 0.16283579170703889
    }
}