{
    "_horizontalLines": 15.0,
    "_verticalLines": 19.0,
    "_radius": 0.05499265715479851,
    "_petalColour": {
        "r": 0.6086403727531433,
        "g": 0.3082379698753357,
        "b": 0.6517468690872192,
        "a": 1.0
    },
    "_cylinderVertexCount": 9.0,
    "_stemRadius": 0.039630018174648288,
    "_leafCount": 8.0,
    "_edgeRingCount": 18.0,
    "startPos": {
        "x": 0.0,
        "y": 0.0,
        "z": 0.0
    },
    "tangent1": {
        "x": 0.11957649886608124,
        "y": 1.0664234161376954,
        "z": 0.3858964741230011
    },
    "tangent2": {
        "x": -0.3670903444290161,
        "y": 2.8504161834716799,
        "z": 0.47781306505203249
    },
    "endPos": {
        "x": 0.2689027786254883,
        "y": 5.739860534667969,
        "z": -0.3590341806411743
    }
}