{
    "_horizontalLines": 16.0,
    "_verticalLines": 17.0,
    "_radius": 0.12553627789020539,
    "_petalColour": {
        "r": 0.6527144908905029,
        "g": 0.38660532236099245,
        "b": 0.3183826804161072,
        "a": 1.0
    },
    "_cylinderVertexCount": 6.0,
    "_stemRadius": 0.10713160037994385,
    "_leafCount": 8.0,
    "_edgeRingCount": 28.0,
    "startPos": {
        "x": 0.0,
        "y": 0.0,
        "z": 0.0
    },
    "tangent1": {
        "x": 0.3094974458217621,
        "y": 1.0812946557998658,
        "z": 0.4291175901889801
    },
    "tangent2": {
        "x": 0.10612277686595917,
        "y": 1.8922669887542725,
        "z": -0.031727492809295657
    },
    "endPos": {
        "x": 0.5290597081184387,
        "y": 4.0,
        "z": -0.6770216226577759
    }
}