{
    "_horizontalLines": 16.0,
    "_verticalLines": 17.0,
    "_radius": 0.11153626441955567,
    "_petalColour": {
        "r": 0.6945914030075073,
        "g": 0.7534793615341187,
        "b": 0.9222817420959473,
        "a": 1.0
    },
    "_cylinderVertexCount": 9.0,
    "_stemRadius": 0.10660188645124436,
    "_leafCount": 8.0,
    "_edgeRingCount": 7.0,
    "startPos": {
        "x": 0.0,
        "y": 0.0,
        "z": 0.0
    },
    "tangent1": {
        "x": 0.1785867065191269,
        "y": 1.8894355297088624,
        "z": 0.1963697373867035
    },
    "tangent2": {
        "x": 0.34856101870536806,
        "y": 2.327223300933838,
        "z": 0.32776352763175967
    },
    "endPos": {
        "x": -0.1563785970211029,
        "y": 4.122081279754639,
        "z": 0.5906298160552979
    }
}