{
    "_horizontalLines": 15.0,
    "_verticalLines": 19.0,
    "_radius": 0.12151428312063217,
    "_petalColour": {
        "r": 0.7400264739990234,
        "g": 0.8116939067840576,
        "b": 0.7551406621932983,
        "a": 1.0
    },
    "_cylinderVertexCount": 14.0,
    "_stemRadius": 0.07908289134502411,
    "_leafCount": 8.0,
    "_edgeRingCount": 51.0,
    "startPos": {
        "x": 0.0,
        "y": 0.0,
        "z": 0.0
    },
    "tangent1": {
        "x": 0.3562847077846527,
        "y": 1.104861855506897,
        "z": 0.4911649227142334
    },
    "tangent2": {
        "x": 0.08805570006370545,
        "y": 2.7489514350891115,
        "z": 0.7033915519714356
    },
    "endPos": {
        "x": 0.05399167165160179,
        "y": 5.832296371459961,
        "z": 1.503735065460205
    }
}