{
    "_horizontalLines": 16.0,
    "_verticalLines": 16.0,
    "_radius": 0.11044912785291672,
    "_petalColour": {
        "r": 0.83600914478302,
        "g": 0.6211779713630676,
        "b": 0.6049405932426453,
        "a": 1.0
    },
    "_cylinderVertexCount": 10.0,
    "_stemRadius": 0.09542281925678253,
    "_leafCount": 8.0,
    "_edgeRingCount": 17.0,
    "startPos": {
        "x": 0.0,
        "y": 0.0,
        "z": 0.0
    },
    "tangent1": {
        "x": 0.49004754424095156,
        "y": 0.8407829403877258,
        "z": -0.10239310562610626
    },
    "tangent2": {
        "x": 0.06211593747138977,
        "y": 1.2540775537490845,
        "z": -0.05013776198029518
    },
    "endPos": {
        "x": 0.1515936255455017,
        "y": 4.0,
        "z": 0.2600380480289459
    }
}