{
    "_horizontalLines": 18.0,
    "_verticalLines": 17.0,
    "_radius": 0.052912671118974689,
    "_petalColour": {
        "r": 0.8345742225646973,
        "g": 0.707831859588623,
        "b": 0.8427083492279053,
        "a": 1.0
    },
    "_cylinderVertexCount": 14.0,
    "_stemRadius": 0.015137307345867157,
    "_leafCount": 8.0,
    "_edgeRingCount": 18.0,
    "startPos": {
        "x": 0.0,
        "y": 0.0,
        "z": 0.0
    },
    "tangent1": {
        "x": -0.43486708402633669,
        "y": 1.8133268356323243,
        "z": 0.40169087052345278
    },
    "tangent2": {
        "x": -0.006796449422836304,
        "y": 1.8143479824066163,
        "z": 0.34615764021873476
    },
    "endPos": {
        "x": 0.5871310234069824,
        "y": 4.0,
        "z": 1.1839872598648072
    }
}