{
    "_horizontalLines": 15.0,
    "_verticalLines": 16.0,
    "_radius": 0.06739168614149094,
    "_petalColour": {
        "r": 0.952511191368103,
        "g": 0.14051318168640138,
        "b": 0.5716021656990051,
        "a": 1.0
    },
    "_cylinderVertexCount": 12.0,
    "_stemRadius": 0.033669836819171908,
    "_leafCount": 8.0,
    "_edgeRingCount": 37.0,
    "startPos": {
        "x": 0.0,
        "y": 0.0,
        "z": 0.0
    },
    "tangent1": {
        "x": -0.47828397154808047,
        "y": 0.7050217986106873,
        "z": 0.023409556597471238
    },
    "tangent2": {
        "x": -0.9705039262771606,
        "y": 1.0401427745819092,
        "z": 0.5101286768913269
    },
    "endPos": {
        "x": -0.6742843389511108,
        "y": 4.0,
        "z": -0.29671788215637209
    }
}