{
    "_horizontalLines": 19.0,
    "_verticalLines": 16.0,
    "_radius": 0.055994413793087009,
    "_petalColour": {
        "r": 0.8328989744186401,
        "g": 0.3385537266731262,
        "b": 0.9898754358291626,
        "a": 1.0
    },
    "_cylinderVertexCount": 14.0,
    "_stemRadius": 0.03265173360705376,
    "_leafCount": 8.0,
    "_edgeRingCount": 34.0,
    "startPos": {
        "x": 0.0,
        "y": 0.0,
        "z": 0.0
    },
    "tangent1": {
        "x": -0.4557109773159027,
        "y": 1.1991523504257203,
        "z": 0.402034193277359
    },
    "tangent2": {
        "x": -0.8536651730537415,
        "y": 1.6847403049468995,
        "z": 0.7543923854827881
    },
    "endPos": {
        "x": -1.0056029558181763,
        "y": 4.0,
        "z": 0.9505897760391235
    }
}