{
    "_horizontalLines": 19.0,
    "_verticalLines": 19.0,
    "_radius": 0.0946320965886116,
    "_petalColour": {
        "r": 0.647971510887146,
        "g": 0.380487859249115,
        "b": 0.10329544544219971,
        "a": 1.0
    },
    "_cylinderVertexCount": 10.0,
    "_stemRadius": 0.05553242564201355,
    "_leafCount": 8.0,
    "_edgeRingCount": 48.0,
    "startPos": {
        "x": 0.0,
        "y": 0.0,
        "z": 0.0
    },
    "tangent1": {
        "x": -0.2170751541852951,
        "y": 1.7053611278533936,
        "z": 0.4720955789089203
    },
    "tangent2": {
        "x": -0.42372560501098635,
        "y": 2.872915029525757,
        "z": 0.3264172673225403
    },
    "endPos": {
        "x": -0.21546851098537446,
        "y": 5.672858238220215,
        "z": 0.7320880889892578
    }
}