{
    "_horizontalLines": 19.0,
    "_verticalLines": 19.0,
    "_radius": 0.1233392059803009,
    "_petalColour": {
        "r": 0.9513053894042969,
        "g": 0.24075138568878175,
        "b": 0.47335749864578249,
        "a": 1.0
    },
    "_cylinderVertexCount": 5.0,
    "_stemRadius": 0.10600839555263519,
    "_leafCount": 8.0,
    "_edgeRingCount": 45.0,
    "startPos": {
        "x": 0.0,
        "y": 0.0,
        "z": 0.0
    },
    "tangent1": {
        "x": 0.30101585388183596,
        "y": 1.5599150657653809,
        "z": -0.051233481615781787
    },
    "tangent2": {
        "x": 0.10568122565746308,
        "y": 3.007297992706299,
        "z": 0.19549445807933808
    },
    "endPos": {
        "x": 0.8806365728378296,
        "y": 5.815889358520508,
        "z": -0.3073078393936157
    }
}