{
    "_horizontalLines": 19.0,
    "_verticalLines": 17.0,
    "_radius": 0.08884058892726898,
    "_petalColour": {
        "r": 0.47670847177505495,
        "g": 0.19187915325164796,
        "b": 0.055849552154541019,
        "a": 1.0
    },
    "_cylinderVertexCount": 6.0,
    "_stemRadius": 0.061991531401872638,
    "_leafCount": 8.0,
    "_edgeRingCount": 44.0,
    "startPos": {
        "x": 0.0,
        "y": 0.0,
        "z": 0.0
    },
    "tangent1": {
        "x": 0.10073284804821015,
        "y": 1.961199164390564,
        "z": 0.43880194425582888
    },
    "tangent2": {
        "x": 0.15759801864624024,
        "y": 2.4679510593414308,
        "z": 0.37885355949401858
    },
    "endPos": {
        "x": 0.8139698505401611,
        "y": 5.824859619140625,
        "z": -0.03319975733757019
    }
}