{
    "_horizontalLines": 17.0,
    "_verticalLines": 18.0,
    "_radius": 0.16309726238250733,
    "_petalColour": {
        "r": 0.1212226152420044,
        "g": 0.9941951036453247,
        "b": 0.5009954571723938,
        "a": 1.0
    },
    "_cylinderVertexCount": 13.0,
    "_stemRadius": 0.11906544119119644,
    "_leafCount": 8.0,
    "_edgeRingCount": 59.0,
    "startPos": {
        "x": 0.0,
        "y": 0.0,
        "z": 0.0
    },
    "tangent1": {
        "x": -0.24668236076831819,
        "y": 0.6935728192329407,
        "z": 0.31020426750183108
    },
    "tangent2": {
        "x": 0.08334188163280487,
        "y": 0.8081871271133423,
        "z": 0.0850849598646164
    },
    "endPos": {
        "x": 0.05542410537600517,
        "y": 4.0,
        "z": -0.5309454798698425
    }
}