{
    "_horizontalLines": 17.0,
    "_verticalLines": 18.0,
    "_radius": 0.09074176102876663,
    "_petalColour": {
        "r": 0.9877583980560303,
        "g": 0.8825162649154663,
        "b": 0.030971884727478029,
        "a": 1.0
    },
    "_cylinderVertexCount": 6.0,
    "_stemRadius": 0.05968007072806358,
    "_leafCount": 8.0,
    "_edgeRingCount": 16.0,
    "startPos": {
        "x": 0.0,
        "y": 0.0,
        "z": 0.0
    },
    "tangent1": {
        "x": -0.35060998797416689,
        "y": 1.3533740043640137,
        "z": -0.29632768034935
    },
    "tangent2": {
        "x": -0.4612271785736084,
        "y": 3.2095508575439455,
        "z": -0.7847906351089478
    },
    "endPos": {
        "x": -0.2079441249370575,
        "y": 4.117559432983398,
        "z": 0.005846798419952393
    }
}