{
    "_horizontalLines": 19.0,
    "_verticalLines": 16.0,
    "_radius": 0.07684988528490067,
    "_petalColour": {
        "r": 0.9228242635726929,
        "g": 0.4200722575187683,
        "b": 0.12314450740814209,
        "a": 1.0
    },
    "_cylinderVertexCount": 5.0,
    "_stemRadius": 0.06440544128417969,
    "_leafCount": 8.0,
    "_edgeRingCount": 6.0,
    "startPos": {
        "x": 0.0,
        "y": 0.0,
        "z": 0.0
    },
    "tangent1": {
        "x": 0.015929650515317918,
        "y": 1.0102157592773438,
        "z": 0.46223631501197817
    },
    "tangent2": {
        "x": 0.11997666954994202,
        "y": 1.2011630535125733,
        "z": 0.09007233381271362
    },
    "endPos": {
        "x": 0.8820768594741821,
        "y": 4.0,
        "z": 0.236479714512825
    }
}