{
    "_horizontalLines": 17.0,
    "_verticalLines": 18.0,
    "_radius": 0.07458408921957016,
    "_petalColour": {
        "r": 0.6208900809288025,
        "g": 0.3334135413169861,
        "b": 0.08743560314178467,
        "a": 1.0
    },
    "_cylinderVertexCount": 13.0,
    "_stemRadius": 0.0576363168656826,
    "_leafCount": 8.0,
    "_edgeRingCount": 22.0,
    "startPos": {
        "x": 0.0,
        "y": 0.0,
        "z": 0.0
    },
    "tangent1": {
        "x": 0.3447831869125366,
        "y": 0.6343448758125305,
        "z": -0.05253643915057182
    },
    "tangent2": {
        "x": 0.39891618490219118,
        "y": 1.0838613510131837,
        "z": -0.2053380012512207
    },
    "endPos": {
        "x": 0.4241085946559906,
        "y": 4.291038513183594,
        "z": -0.7171865105628967
    }
}