{
    "_horizontalLines": 19.0,
    "_verticalLines": 15.0,
    "_radius": 0.12203715741634369,
    "_petalColour": {
        "r": 0.7069547176361084,
        "g": 0.8263795375823975,
        "b": 0.7127792835235596,
        "a": 1.0
    },
    "_cylinderVertexCount": 9.0,
    "_stemRadius": 0.08241784572601319,
    "_leafCount": 8.0,
    "_edgeRingCount": 35.0,
    "startPos": {
        "x": 0.0,
        "y": 0.0,
        "z": 0.0
    },
    "tangent1": {
        "x": -0.34234926104545596,
        "y": 0.025208283215761186,
        "z": -0.3711402714252472
    },
    "tangent2": {
        "x": -0.5886334776878357,
        "y": 0.19565162062644959,
        "z": -0.18783192336559297
    },
    "endPos": {
        "x": -0.2856666147708893,
        "y": 4.0,
        "z": 0.3812248110771179
    }
}