{
    "_horizontalLines": 17.0,
    "_verticalLines": 15.0,
    "_radius": 0.08146950602531433,
    "_petalColour": {
        "r": 0.36246341466903689,
        "g": 0.33717983961105349,
        "b": 0.7064495086669922,
        "a": 1.0
    },
    "_cylinderVertexCount": 8.0,
    "_stemRadius": 0.07090606540441513,
    "_leafCount": 8.0,
    "_edgeRingCount": 57.0,
    "startPos": {
        "x": 0.0,
        "y": 0.0,
        "z": 0.0
    },
    "tangent1": {
        "x": -0.005053090862929821,
        "y": 0.3352993130683899,
        "z": -0.44172200560569765
    },
    "tangent2": {
        "x": -0.05799508094787598,
        "y": 1.987633466720581,
        "z": -0.03660711646080017
    },
    "endPos": {
        "x": -0.21250496804714204,
        "y": 5.0242815017700199,
        "z": -0.8920241594314575
    }
}