{
    "_horizontalLines": 18.0,
    "_verticalLines": 19.0,
    "_radius": 0.06297539919614792,
    "_petalColour": {
        "r": 0.21705567836761475,
        "g": 0.25830334424972536,
        "b": 0.12845933437347413,
        "a": 1.0
    },
    "_cylinderVertexCount": 8.0,
    "_stemRadius": 0.05955057963728905,
    "_leafCount": 8.0,
    "_edgeRingCount": 15.0,
    "startPos": {
        "x": 0.0,
        "y": 0.0,
        "z": 0.0
    },
    "tangent1": {
        "x": -0.3740042746067047,
        "y": 0.49082642793655398,
        "z": 0.2516714036464691
    },
    "tangent2": {
        "x": -0.04920262098312378,
        "y": 1.761263132095337,
        "z": 0.4210551381111145
    },
    "endPos": {
        "x": 0.6138505339622498,
        "y": 4.0,
        "z": 0.6386193037033081
    }
}