{
    "_horizontalLines": 15.0,
    "_verticalLines": 17.0,
    "_radius": 0.08215919882059097,
    "_petalColour": {
        "r": 0.003189682960510254,
        "g": 0.5523980259895325,
        "b": 0.9666615724563599,
        "a": 1.0
    },
    "_cylinderVertexCount": 11.0,
    "_stemRadius": 0.06763038039207459,
    "_leafCount": 8.0,
    "_edgeRingCount": 62.0,
    "startPos": {
        "x": 0.0,
        "y": 0.0,
        "z": 0.0
    },
    "tangent1": {
        "x": -0.25029873847961428,
        "y": 1.1619148254394532,
        "z": 0.30098700523376467
    },
    "tangent2": {
        "x": 0.21435880661010743,
        "y": 1.5202381610870362,
        "z": 0.4067673087120056
    },
    "endPos": {
        "x": -0.5077288150787354,
        "y": 4.0,
        "z": 0.649449348449707
    }
}