{
    "_horizontalLines": 18.0,
    "_verticalLines": 15.0,
    "_radius": 0.10751156508922577,
    "_petalColour": {
        "r": 0.23966693878173829,
        "g": 0.42714303731918337,
        "b": 0.5700284838676453,
        "a": 1.0
    },
    "_cylinderVertexCount": 5.0,
    "_stemRadius": 0.08797814697027207,
    "_leafCount": 8.0,
    "_edgeRingCount": 30.0,
    "startPos": {
        "x": 0.0,
        "y": 0.0,
        "z": 0.0
    },
    "tangent1": {
        "x": 0.47326716780662539,
        "y": 0.6973974108695984,
        "z": -0.43894654512405398
    },
    "tangent2": {
        "x": 0.11562395095825196,
        "y": 2.2509357929229738,
        "z": -0.6425596475601196
    },
    "endPos": {
        "x": 0.9425773024559021,
        "y": 4.0,
        "z": -0.456060528755188
    }
}