{
    "_horizontalLines": 15.0,
    "_verticalLines": 16.0,
    "_radius": 0.17309799790382386,
    "_petalColour": {
        "r": 0.004320621490478516,
        "g": 0.869128942489624,
        "b": 0.33731967210769656,
        "a": 1.0
    },
    "_cylinderVertexCount": 9.0,
    "_stemRadius": 0.12357378005981446,
    "_leafCount": 8.0,
    "_edgeRingCount": 26.0,
    "startPos": {
        "x": 0.0,
        "y": 0.0,
        "z": 0.0
    },
    "tangent1": {
        "x": 0.49416178464889529,
        "y": 0.22910423576831819,
        "z": 0.09568209946155548
    },
    "tangent2": {
        "x": 0.68229740858078,
        "y": 1.3956358432769776,
        "z": -0.2825942635536194
    },
    "endPos": {
        "x": 1.4121061563491822,
        "y": 4.0,
        "z": 0.18572983145713807
    }
}