{
    "_horizontalLines": 16.0,
    "_verticalLines": 19.0,
    "_radius": 0.07884778827428818,
    "_petalColour": {
        "r": 0.8969248533248901,
        "g": 0.4247933030128479,
        "b": 0.6349228620529175,
        "a": 1.0
    },
    "_cylinderVertexCount": 9.0,
    "_stemRadius": 0.04466240108013153,
    "_leafCount": 8.0,
    "_edgeRingCount": 54.0,
    "startPos": {
        "x": 0.0,
        "y": 0.0,
        "z": 0.0
    },
    "tangent1": {
        "x": -0.49376583099365237,
        "y": 0.08758468925952912,
        "z": 0.278461217880249
    },
    "tangent2": {
        "x": -0.21342754364013673,
        "y": 0.9186092019081116,
        "z": 0.38014572858810427
    },
    "endPos": {
        "x": 0.18388476967811585,
        "y": 4.0,
        "z": 0.7367453575134277
    }
}