{
    "_horizontalLines": 15.0,
    "_verticalLines": 15.0,
    "_radius": 0.08602204918861389,
    "_petalColour": {
        "r": 0.8455830812454224,
        "g": 0.04095339775085449,
        "b": 0.8070014715194702,
        "a": 1.0
    },
    "_cylinderVertexCount": 12.0,
    "_stemRadius": 0.06193991005420685,
    "_leafCount": 8.0,
    "_edgeRingCount": 35.0,
    "startPos": {
        "x": 0.0,
        "y": 0.0,
        "z": 0.0
    },
    "tangent1": {
        "x": 0.11816568672657013,
        "y": 0.5698752403259277,
        "z": -0.15829162299633027
    },
    "tangent2": {
        "x": -0.15263672173023225,
        "y": 0.733697235584259,
        "z": 0.173771932721138
    },
    "endPos": {
        "x": 0.4860246181488037,
        "y": 4.0,
        "z": -0.2616872787475586
    }
}