{
    "_horizontalLines": 16.0,
    "_verticalLines": 17.0,
    "_radius": 0.03146880120038986,
    "_petalColour": {
        "r": 0.11664509773254395,
        "g": 0.6165527701377869,
        "b": 0.7661925554275513,
        "a": 1.0
    },
    "_cylinderVertexCount": 5.0,
    "_stemRadius": 0.00482616713270545,
    "_leafCount": 8.0,
    "_edgeRingCount": 46.0,
    "startPos": {
        "x": 0.0,
        "y": 0.0,
        "z": 0.0
    },
    "tangent1": {
        "x": -0.4110790193080902,
        "y": 1.0626106262207032,
        "z": -0.2234930545091629
    },
    "tangent2": {
        "x": -0.1292719841003418,
        "y": 2.002772569656372,
        "z": -0.47993743419647219
    },
    "endPos": {
        "x": -0.58086097240448,
        "y": 4.0,
        "z": 0.27324217557907107
    }
}