{
    "_horizontalLines": 19.0,
    "_verticalLines": 18.0,
    "_radius": 0.08390732109546662,
    "_petalColour": {
        "r": 0.985352635383606,
        "g": 0.5748862624168396,
        "b": 0.25495392084121706,
        "a": 1.0
    },
    "_cylinderVertexCount": 10.0,
    "_stemRadius": 0.08285777270793915,
    "_leafCount": 8.0,
    "_edgeRingCount": 45.0,
    "startPos": {
        "x": 0.0,
        "y": 0.0,
        "z": 0.0
    },
    "tangent1": {
        "x": 0.4090214669704437,
        "y": 0.8099474906921387,
        "z": -0.44747409224510195
    },
    "tangent2": {
        "x": 0.47573143243789675,
        "y": 2.576080322265625,
        "z": 0.034157902002334598
    },
    "endPos": {
        "x": 1.3379273414611817,
        "y": 4.0,
        "z": -0.14323191344738007
    }
}