{
    "_horizontalLines": 18.0,
    "_verticalLines": 16.0,
    "_radius": 0.10833611339330673,
    "_petalColour": {
        "r": 0.7814143896102905,
        "g": 0.21377480030059815,
        "b": 0.642950177192688,
        "a": 1.0
    },
    "_cylinderVertexCount": 11.0,
    "_stemRadius": 0.08361336588859558,
    "_leafCount": 8.0,
    "_edgeRingCount": 37.0,
    "startPos": {
        "x": 0.0,
        "y": 0.0,
        "z": 0.0
    },
    "tangent1": {
        "x": 0.24392437934875489,
        "y": 1.4294921159744263,
        "z": 0.40015992522239687
    },
    "tangent2": {
        "x": -0.22671112418174745,
        "y": 2.9815521240234377,
        "z": 0.7373462915420532
    },
    "endPos": {
        "x": 0.09699326753616333,
        "y": 4.879826068878174,
        "z": 0.28096193075180056
    }
}