{
    "_horizontalLines": 16.0,
    "_verticalLines": 17.0,
    "_radius": 0.03255116939544678,
    "_petalColour": {
        "r": 0.48179370164871218,
        "g": 0.6341105699539185,
        "b": 0.21575260162353517,
        "a": 1.0
    },
    "_cylinderVertexCount": 7.0,
    "_stemRadius": 0.021797828376293184,
    "_leafCount": 8.0,
    "_edgeRingCount": 33.0,
    "startPos": {
        "x": 0.0,
        "y": 0.0,
        "z": 0.0
    },
    "tangent1": {
        "x": 0.22826385498046876,
        "y": 0.6150931715965271,
        "z": -0.3138605058193207
    },
    "tangent2": {
        "x": 0.14657549560070039,
        "y": 1.8267645835876465,
        "z": -0.3520064651966095
    },
    "endPos": {
        "x": 0.7625160217285156,
        "y": 5.294743537902832,
        "z": 0.4972217381000519
    }
}