{
    "_horizontalLines": 15.0,
    "_verticalLines": 15.0,
    "_radius": 0.13570357859134675,
    "_petalColour": {
        "r": 0.6410194635391235,
        "g": 0.44234806299209597,
        "b": 0.1274394989013672,
        "a": 1.0
    },
    "_cylinderVertexCount": 8.0,
    "_stemRadius": 0.09658461809158325,
    "_leafCount": 8.0,
    "_edgeRingCount": 50.0,
    "startPos": {
        "x": 0.0,
        "y": 0.0,
        "z": 0.0
    },
    "tangent1": {
        "x": -0.4092344343662262,
        "y": 0.993394672870636,
        "z": -0.48801708221435549
    },
    "tangent2": {
        "x": -0.7126606702804565,
        "y": 2.2770845890045168,
        "z": -0.9158358573913574
    },
    "endPos": {
        "x": -1.5650546550750733,
        "y": 4.7991180419921879,
        "z": -1.1350626945495606
    }
}