{
    "_horizontalLines": 17.0,
    "_verticalLines": 15.0,
    "_radius": 0.10830333083868027,
    "_petalColour": {
        "r": 0.7198668718338013,
        "g": 0.6728298664093018,
        "b": 0.9267857074737549,
        "a": 1.0
    },
    "_cylinderVertexCount": 9.0,
    "_stemRadius": 0.0946170911192894,
    "_leafCount": 8.0,
    "_edgeRingCount": 6.0,
    "startPos": {
        "x": 0.0,
        "y": 0.0,
        "z": 0.0
    },
    "tangent1": {
        "x": 0.33033454418182375,
        "y": 1.1682876348495484,
        "z": -0.35516929626464846
    },
    "tangent2": {
        "x": 0.031786710023880008,
        "y": 2.903298854827881,
        "z": -0.476634681224823
    },
    "endPos": {
        "x": -0.3148579001426697,
        "y": 5.511469841003418,
        "z": -0.9459958076477051
    }
}