{
    "_horizontalLines": 15.0,
    "_verticalLines": 17.0,
    "_radius": 0.047406863421201709,
    "_petalColour": {
        "r": 0.8173626661300659,
        "g": 0.30295902490615847,
        "b": 0.7477993965148926,
        "a": 1.0
    },
    "_cylinderVertexCount": 13.0,
    "_stemRadius": 0.023837175220251085,
    "_leafCount": 8.0,
    "_edgeRingCount": 40.0,
    "startPos": {
        "x": 0.0,
        "y": 0.0,
        "z": 0.0
    },
    "tangent1": {
        "x": -0.20217470824718476,
        "y": 0.0009000778081826866,
        "z": -0.1474335640668869
    },
    "tangent2": {
        "x": -0.23457551002502442,
        "y": 1.452492356300354,
        "z": 0.1502191573381424
    },
    "endPos": {
        "x": -0.18445804715156556,
        "y": 4.0,
        "z": 0.9268423914909363
    }
}