{
    "_horizontalLines": 16.0,
    "_verticalLines": 15.0,
    "_radius": 0.07346682250499726,
    "_petalColour": {
        "r": 0.42751091718673708,
        "g": 0.7346283197402954,
        "b": 0.9027142524719238,
        "a": 1.0
    },
    "_cylinderVertexCount": 8.0,
    "_stemRadius": 0.07010339945554733,
    "_leafCount": 8.0,
    "_edgeRingCount": 27.0,
    "startPos": {
        "x": 0.0,
        "y": 0.0,
        "z": 0.0
    },
    "tangent1": {
        "x": -0.12498994171619415,
        "y": 1.7599058151245118,
        "z": 0.08210153877735138
    },
    "tangent2": {
        "x": -0.4661042094230652,
        "y": 2.1577484607696535,
        "z": 0.4131050705909729
    },
    "endPos": {
        "x": -0.26811909675598147,
        "y": 5.113536357879639,
        "z": 0.6437438726425171
    }
}