{
    "_horizontalLines": 17.0,
    "_verticalLines": 16.0,
    "_radius": 0.03454189747571945,
    "_petalColour": {
        "r": 0.6670304536819458,
        "g": 0.9538259506225586,
        "b": 0.9310003519058228,
        "a": 1.0
    },
    "_cylinderVertexCount": 14.0,
    "_stemRadius": 0.0280902236700058,
    "_leafCount": 8.0,
    "_edgeRingCount": 7.0,
    "startPos": {
        "x": 0.0,
        "y": 0.0,
        "z": 0.0
    },
    "tangent1": {
        "x": -0.4814518094062805,
        "y": 1.5608924627304078,
        "z": -0.4603842794895172
    },
    "tangent2": {
        "x": -0.9453547596931458,
        "y": 2.577186107635498,
        "z": -0.5789026021957398
    },
    "endPos": {
        "x": -0.5860309600830078,
        "y": 5.207613945007324,
        "z": -0.20217543840408326
    }
}