{
    "_horizontalLines": 5,
    "_verticalLines": 14,
    "_radius": 0.09071926027536392,
    "_petalColour": {
        "r": 0.22491693496704102,
        "g": 0.6449422836303711,
        "b": 0.17650532722473145,
        "a": 1.0
    },
    "_cylinderVertexCount": 12,
    "_stemRadius": 0.06399555504322052,
    "_leafCount": 8,
    "_edgeRingCount": 31,
    "startPos": {
        "x": -0.17538876831531526,
        "y": 0.15910997986793519,
        "z": -0.14760680496692658
    },
    "tangent1": {
        "x": 0.24051661789417268,
        "y": 0.8570300340652466,
        "z": -0.1170438826084137
    },
    "tangent2": {
        "x": 0.009974956512451172,
        "y": 2.331890821456909,
        "z": -0.25286930799484255
    },
    "endPos": {
        "x": 0.5194246768951416,
        "y": 3.529179096221924,
        "z": 0.26099687814712527
    }
}