{
    "_horizontalLines": 15.0,
    "_verticalLines": 16.0,
    "_radius": 0.05146773159503937,
    "_petalColour": {
        "r": 0.9021497964859009,
        "g": 0.1430872678756714,
        "b": 0.22068464756011964,
        "a": 1.0
    },
    "_cylinderVertexCount": 7.0,
    "_stemRadius": 0.04136304557323456,
    "_leafCount": 8.0,
    "_edgeRingCount": 62.0,
    "startPos": {
        "x": 0.0,
        "y": 0.0,
        "z": 0.0
    },
    "tangent1": {
        "x": -0.12012644112110138,
        "y": 0.05043811723589897,
        "z": -0.11049528419971466
    },
    "tangent2": {
        "x": -0.13595524430274964,
        "y": 1.0766531229019166,
        "z": -0.03227224946022034
    },
    "endPos": {
        "x": 0.44443055987358096,
        "y": 4.0,
        "z": -0.21013562381267548
    }
}