{
    "_horizontalLines": 17.0,
    "_verticalLines": 15.0,
    "_radius": 0.035634949803352359,
    "_petalColour": {
        "r": 0.9183801412582398,
        "g": 0.07556033134460449,
        "b": 0.6181386113166809,
        "a": 1.0
    },
    "_cylinderVertexCount": 6.0,
    "_stemRadius": 0.02184622921049595,
    "_leafCount": 8.0,
    "_edgeRingCount": 27.0,
    "startPos": {
        "x": 0.0,
        "y": 0.0,
        "z": 0.0
    },
    "tangent1": {
        "x": -0.39531412720680239,
        "y": 0.4234827160835266,
        "z": 0.42868366837501528
    },
    "tangent2": {
        "x": -0.23111312091350556,
        "y": 1.3589897155761719,
        "z": 0.6667959690093994
    },
    "endPos": {
        "x": -0.06724762916564942,
        "y": 4.627813339233398,
        "z": 1.2530560493469239
    }
}