{
    "_horizontalLines": 19.0,
    "_verticalLines": 16.0,
    "_radius": 0.09005908668041229,
    "_petalColour": {
        "r": 0.10618889331817627,
        "g": 0.06033444404602051,
        "b": 0.8706018924713135,
        "a": 1.0
    },
    "_cylinderVertexCount": 7.0,
    "_stemRadius": 0.04711885377764702,
    "_leafCount": 8.0,
    "_edgeRingCount": 33.0,
    "startPos": {
        "x": 0.0,
        "y": 0.0,
        "z": 0.0
    },
    "tangent1": {
        "x": -0.14413709938526154,
        "y": 1.24467933177948,
        "z": 0.08785037696361542
    },
    "tangent2": {
        "x": -0.02240610122680664,
        "y": 1.2766281366348267,
        "z": -0.37438851594924929
    },
    "endPos": {
        "x": -0.8404496908187866,
        "y": 4.0,
        "z": -0.5803427696228027
    }
}