{
    "_horizontalLines": 18.0,
    "_verticalLines": 19.0,
    "_radius": 0.08537076413631439,
    "_petalColour": {
        "r": 0.976963996887207,
        "g": 0.22157669067382813,
        "b": 0.4750520586967468,
        "a": 1.0
    },
    "_cylinderVertexCount": 11.0,
    "_stemRadius": 0.07737251371145249,
    "_leafCount": 8.0,
    "_edgeRingCount": 56.0,
    "startPos": {
        "x": 0.0,
        "y": 0.0,
        "z": 0.0
    },
    "tangent1": {
        "x": 0.08658389747142792,
        "y": 1.5523804426193238,
        "z": -0.3150732219219208
    },
    "tangent2": {
        "x": 0.04300794377923012,
        "y": 1.6115471124649048,
        "z": -0.7563571929931641
    },
    "endPos": {
        "x": -0.14742358028888703,
        "y": 4.842349529266357,
        "z": -0.6203999519348145
    }
}