{
    "_horizontalLines": 19.0,
    "_verticalLines": 18.0,
    "_radius": 0.06438323110342026,
    "_petalColour": {
        "r": 0.2076941728591919,
        "g": 0.07139837741851807,
        "b": 0.13889551162719727,
        "a": 1.0
    },
    "_cylinderVertexCount": 12.0,
    "_stemRadius": 0.027009252458810808,
    "_leafCount": 8.0,
    "_edgeRingCount": 61.0,
    "startPos": {
        "x": 0.0,
        "y": 0.0,
        "z": 0.0
    },
    "tangent1": {
        "x": -0.39997175335884097,
        "y": 1.205830454826355,
        "z": 0.4195347726345062
    },
    "tangent2": {
        "x": -0.8190879821777344,
        "y": 3.1473703384399416,
        "z": -0.0518282949924469
    },
    "endPos": {
        "x": -1.1545720100402833,
        "y": 4.1480841636657719,
        "z": -0.07579905539751053
    }
}