{
    "_horizontalLines": 16.0,
    "_verticalLines": 15.0,
    "_radius": 0.07697039842605591,
    "_petalColour": {
        "r": 0.9611564874649048,
        "g": 0.7045642137527466,
        "b": 0.5416943430900574,
        "a": 1.0
    },
    "_cylinderVertexCount": 13.0,
    "_stemRadius": 0.0648227408528328,
    "_leafCount": 8.0,
    "_edgeRingCount": 56.0,
    "startPos": {
        "x": 0.0,
        "y": 0.0,
        "z": 0.0
    },
    "tangent1": {
        "x": 0.14542244374752046,
        "y": 1.228005290031433,
        "z": -0.46097421646118166
    },
    "tangent2": {
        "x": -0.032421886920928958,
        "y": 1.8820571899414063,
        "z": -0.7541688680648804
    },
    "endPos": {
        "x": -0.05876436084508896,
        "y": 5.341134071350098,
        "z": -0.21515828371047975
    }
}