{
    "_horizontalLines": 19.0,
    "_verticalLines": 19.0,
    "_radius": 0.03490488603711128,
    "_petalColour": {
        "r": 0.8947046995162964,
        "g": 0.9471489191055298,
        "b": 0.42746371030807497,
        "a": 1.0
    },
    "_cylinderVertexCount": 14.0,
    "_stemRadius": 0.034593578428030017,
    "_leafCount": 8.0,
    "_edgeRingCount": 25.0,
    "startPos": {
        "x": 0.0,
        "y": 0.0,
        "z": 0.0
    },
    "tangent1": {
        "x": -0.11563511192798615,
        "y": 1.6272121667861939,
        "z": 0.3649348020553589
    },
    "tangent2": {
        "x": -0.45975208282470705,
        "y": 3.2403807640075685,
        "z": 0.3732067942619324
    },
    "endPos": {
        "x": -0.5889285802841187,
        "y": 4.403303146362305,
        "z": 1.1070537567138672
    }
}