{
    "_horizontalLines": 15.0,
    "_verticalLines": 17.0,
    "_radius": 0.15495792031288148,
    "_petalColour": {
        "r": 0.25199955701828005,
        "g": 0.31544917821884158,
        "b": 0.348035991191864,
        "a": 1.0
    },
    "_cylinderVertexCount": 8.0,
    "_stemRadius": 0.10543735325336456,
    "_leafCount": 8.0,
    "_edgeRingCount": 38.0,
    "startPos": {
        "x": 0.0,
        "y": 0.0,
        "z": 0.0
    },
    "tangent1": {
        "x": -0.07923154532909394,
        "y": 0.2669408917427063,
        "z": -0.4597844183444977
    },
    "tangent2": {
        "x": -0.313793420791626,
        "y": 0.9469194412231445,
        "z": -0.16234543919563294
    },
    "endPos": {
        "x": 0.5174685120582581,
        "y": 4.0,
        "z": 0.40927645564079287
    }
}