{
    "_horizontalLines": 15.0,
    "_verticalLines": 15.0,
    "_radius": 0.06684720516204834,
    "_petalColour": {
        "r": 0.157789945602417,
        "g": 0.3350510001182556,
        "b": 0.031200885772705079,
        "a": 1.0
    },
    "_cylinderVertexCount": 14.0,
    "_stemRadius": 0.061626046895980838,
    "_leafCount": 8.0,
    "_edgeRingCount": 34.0,
    "startPos": {
        "x": 0.0,
        "y": 0.0,
        "z": 0.0
    },
    "tangent1": {
        "x": -0.03818459436297417,
        "y": 0.09854106605052948,
        "z": -0.022501517087221147
    },
    "tangent2": {
        "x": -0.08221244812011719,
        "y": 1.7283570766448975,
        "z": -0.09584259986877442
    },
    "endPos": {
        "x": -0.07470593601465225,
        "y": 4.0,
        "z": -0.10008510202169419
    }
}