{
    "_horizontalLines": 18.0,
    "_verticalLines": 15.0,
    "_radius": 0.06267087161540985,
    "_petalColour": {
        "r": 0.40732842683792117,
        "g": 0.9435161352157593,
        "b": 0.045130372047424319,
        "a": 1.0
    },
    "_cylinderVertexCount": 5.0,
    "_stemRadius": 0.023750921711325647,
    "_leafCount": 8.0,
    "_edgeRingCount": 42.0,
    "startPos": {
        "x": 0.0,
        "y": 0.0,
        "z": 0.0
    },
    "tangent1": {
        "x": 0.10835953056812287,
        "y": 0.985883891582489,
        "z": -0.46285152435302737
    },
    "tangent2": {
        "x": -0.0019079148769378663,
        "y": 1.8062269687652588,
        "z": -0.42376476526260378
    },
    "endPos": {
        "x": 0.8669734001159668,
        "y": 4.750112056732178,
        "z": -1.1121416091918946
    }
}