{
    "_horizontalLines": 15.0,
    "_verticalLines": 17.0,
    "_radius": 0.08529743552207947,
    "_petalColour": {
        "r": 0.10958397388458252,
        "g": 0.8785622119903565,
        "b": 0.22381091117858888,
        "a": 1.0
    },
    "_cylinderVertexCount": 11.0,
    "_stemRadius": 0.048383936285972598,
    "_leafCount": 8.0,
    "_edgeRingCount": 19.0,
    "startPos": {
        "x": 0.0,
        "y": 0.0,
        "z": 0.0
    },
    "tangent1": {
        "x": 0.1561184823513031,
        "y": 0.03205413743853569,
        "z": -0.1661415547132492
    },
    "tangent2": {
        "x": 0.17659367620944978,
        "y": 1.2839950323104859,
        "z": -0.42283737659454348
    },
    "endPos": {
        "x": 0.8130301237106323,
        "y": 4.0,
        "z": -0.4723239839076996
    }
}