{
    "_horizontalLines": 19.0,
    "_verticalLines": 18.0,
    "_radius": 0.07011745870113373,
    "_petalColour": {
        "r": 0.3002583384513855,
        "g": 0.940678596496582,
        "b": 0.26483315229415896,
        "a": 1.0
    },
    "_cylinderVertexCount": 8.0,
    "_stemRadius": 0.039262134581804278,
    "_leafCount": 8.0,
    "_edgeRingCount": 44.0,
    "startPos": {
        "x": 0.0,
        "y": 0.0,
        "z": 0.0
    },
    "tangent1": {
        "x": 0.49649542570114138,
        "y": 0.05112476274371147,
        "z": 0.3987687826156616
    },
    "tangent2": {
        "x": 0.5821309089660645,
        "y": 0.8883934020996094,
        "z": 0.343079149723053
    },
    "endPos": {
        "x": 0.9541942477226257,
        "y": 4.0,
        "z": 0.06368473172187805
    }
}