{
    "_horizontalLines": 19.0,
    "_verticalLines": 18.0,
    "_radius": 0.09964315593242645,
    "_petalColour": {
        "r": 0.7584120035171509,
        "g": 0.49496644735336306,
        "b": 0.6494297981262207,
        "a": 1.0
    },
    "_cylinderVertexCount": 5.0,
    "_stemRadius": 0.056275397539138797,
    "_leafCount": 8.0,
    "_edgeRingCount": 47.0,
    "startPos": {
        "x": 0.0,
        "y": 0.0,
        "z": 0.0
    },
    "tangent1": {
        "x": 0.16093800961971284,
        "y": 1.5249603986740113,
        "z": 0.12108011543750763
    },
    "tangent2": {
        "x": 0.2814297080039978,
        "y": 2.4447107315063478,
        "z": 0.590697169303894
    },
    "endPos": {
        "x": 0.0658397525548935,
        "y": 5.928038597106934,
        "z": 0.3557790517807007
    }
}