{
    "_horizontalLines": 17.0,
    "_verticalLines": 15.0,
    "_radius": 0.12965546548366548,
    "_petalColour": {
        "r": 0.4517717957496643,
        "g": 0.07298266887664795,
        "b": 0.6072379946708679,
        "a": 1.0
    },
    "_cylinderVertexCount": 9.0,
    "_stemRadius": 0.09373107552528382,
    "_leafCount": 8.0,
    "_edgeRingCount": 17.0,
    "startPos": {
        "x": 0.0,
        "y": 0.0,
        "z": 0.0
    },
    "tangent1": {
        "x": -0.46952810883522036,
        "y": 1.0904498100280762,
        "z": -0.36633291840553286
    },
    "tangent2": {
        "x": -0.7884494066238403,
        "y": 2.1543097496032717,
        "z": -0.1679997742176056
    },
    "endPos": {
        "x": -1.5267133712768555,
        "y": 5.1130571365356449,
        "z": -0.5880593657493591
    }
}