{
    "_horizontalLines": 16.0,
    "_verticalLines": 18.0,
    "_radius": 0.10793381184339524,
    "_petalColour": {
        "r": 0.7941219806671143,
        "g": 0.541858971118927,
        "b": 0.538693368434906,
        "a": 1.0
    },
    "_cylinderVertexCount": 11.0,
    "_stemRadius": 0.05797597020864487,
    "_leafCount": 8.0,
    "_edgeRingCount": 11.0,
    "startPos": {
        "x": 0.0,
        "y": 0.0,
        "z": 0.0
    },
    "tangent1": {
        "x": 0.35735034942626955,
        "y": 1.4230693578720093,
        "z": 0.015046644024550915
    },
    "tangent2": {
        "x": 0.01899680495262146,
        "y": 3.118253707885742,
        "z": 0.03714928776025772
    },
    "endPos": {
        "x": 0.6328152418136597,
        "y": 4.0,
        "z": -0.7109936475753784
    }
}