{
    "_horizontalLines": 16.0,
    "_verticalLines": 16.0,
    "_radius": 0.11017479747533798,
    "_petalColour": {
        "r": 0.429513156414032,
        "g": 0.3120339512825012,
        "b": 0.30953913927078249,
        "a": 1.0
    },
    "_cylinderVertexCount": 12.0,
    "_stemRadius": 0.07265660166740418,
    "_leafCount": 8.0,
    "_edgeRingCount": 40.0,
    "startPos": {
        "x": 0.0,
        "y": 0.0,
        "z": 0.0
    },
    "tangent1": {
        "x": 0.48496875166893008,
        "y": 1.7213993072509766,
        "z": -0.43808937072753909
    },
    "tangent2": {
        "x": 0.9148414134979248,
        "y": 1.741701364517212,
        "z": -0.6137998700141907
    },
    "endPos": {
        "x": 1.7160279750823975,
        "y": 4.434372901916504,
        "z": -1.0509960651397706
    }
}