{
    "_horizontalLines": 18.0,
    "_verticalLines": 15.0,
    "_radius": 0.14619556069374085,
    "_petalColour": {
        "r": 0.647415280342102,
        "g": 0.5522546172142029,
        "b": 0.7640101909637451,
        "a": 1.0
    },
    "_cylinderVertexCount": 13.0,
    "_stemRadius": 0.10899806022644043,
    "_leafCount": 8.0,
    "_edgeRingCount": 48.0,
    "startPos": {
        "x": 0.0,
        "y": 0.0,
        "z": 0.0
    },
    "tangent1": {
        "x": 0.4718833863735199,
        "y": 1.4381850957870484,
        "z": -0.455808162689209
    },
    "tangent2": {
        "x": 0.6975576281547546,
        "y": 1.4742275476455689,
        "z": -0.021503359079360963
    },
    "endPos": {
        "x": 0.7635825276374817,
        "y": 4.553310871124268,
        "z": 0.17161138355731965
    }
}