{
    "_horizontalLines": 16.0,
    "_verticalLines": 17.0,
    "_radius": 0.0985485091805458,
    "_petalColour": {
        "r": 0.08723962306976319,
        "g": 0.15316367149353028,
        "b": 0.5280691981315613,
        "a": 1.0
    },
    "_cylinderVertexCount": 11.0,
    "_stemRadius": 0.08275648206472397,
    "_leafCount": 8.0,
    "_edgeRingCount": 21.0,
    "startPos": {
        "x": 0.0,
        "y": 0.0,
        "z": 0.0
    },
    "tangent1": {
        "x": -0.47327691316604617,
        "y": 0.6571082472801209,
        "z": 0.4718989431858063
    },
    "tangent2": {
        "x": -0.4849287271499634,
        "y": 1.8147468566894532,
        "z": 0.051820188760757449
    },
    "endPos": {
        "x": -0.670619785785675,
        "y": 4.0,
        "z": 0.859368085861206
    }
}