{
    "_horizontalLines": 19.0,
    "_verticalLines": 15.0,
    "_radius": 0.14407409727573396,
    "_petalColour": {
        "r": 0.23998677730560304,
        "g": 0.9852958917617798,
        "b": 0.4256780743598938,
        "a": 1.0
    },
    "_cylinderVertexCount": 8.0,
    "_stemRadius": 0.10000748187303543,
    "_leafCount": 8.0,
    "_edgeRingCount": 57.0,
    "startPos": {
        "x": 0.0,
        "y": 0.0,
        "z": 0.0
    },
    "tangent1": {
        "x": -0.01074914913624525,
        "y": 1.518288016319275,
        "z": 0.4295961260795593
    },
    "tangent2": {
        "x": -0.374624639749527,
        "y": 3.0027015209198,
        "z": 0.40811455249786379
    },
    "endPos": {
        "x": -0.7007194757461548,
        "y": 4.0,
        "z": 1.2006754875183106
    }
}