{
    "_horizontalLines": 18.0,
    "_verticalLines": 15.0,
    "_radius": 0.03959669545292854,
    "_petalColour": {
        "r": 0.621910035610199,
        "g": 0.21383249759674073,
        "b": 0.0983818769454956,
        "a": 1.0
    },
    "_cylinderVertexCount": 12.0,
    "_stemRadius": 0.01930033043026924,
    "_leafCount": 8.0,
    "_edgeRingCount": 15.0,
    "startPos": {
        "x": 0.0,
        "y": 0.0,
        "z": 0.0
    },
    "tangent1": {
        "x": -0.1159384697675705,
        "y": 1.6064170598983765,
        "z": -0.01969628408551216
    },
    "tangent2": {
        "x": -0.1100517213344574,
        "y": 2.2036118507385256,
        "z": -0.22283577919006349
    },
    "endPos": {
        "x": -0.27696800231933596,
        "y": 4.041574478149414,
        "z": -0.25692108273506167
    }
}