{
    "_horizontalLines": 18.0,
    "_verticalLines": 18.0,
    "_radius": 0.06551895290613175,
    "_petalColour": {
        "r": 0.8077923059463501,
        "g": 0.05305910110473633,
        "b": 0.9856587648391724,
        "a": 1.0
    },
    "_cylinderVertexCount": 8.0,
    "_stemRadius": 0.03359290584921837,
    "_leafCount": 8.0,
    "_edgeRingCount": 24.0,
    "startPos": {
        "x": 0.0,
        "y": 0.0,
        "z": 0.0
    },
    "tangent1": {
        "x": -0.48469629883766177,
        "y": 1.005764365196228,
        "z": 0.28939923644065859
    },
    "tangent2": {
        "x": -0.26032117009162905,
        "y": 2.841623306274414,
        "z": 0.5808933973312378
    },
    "endPos": {
        "x": -0.374347984790802,
        "y": 5.575479030609131,
        "z": -0.001587212085723877
    }
}