{
    "_horizontalLines": 17.0,
    "_verticalLines": 18.0,
    "_radius": 0.07828809320926666,
    "_petalColour": {
        "r": 0.23769640922546388,
        "g": 0.8042862415313721,
        "b": 0.11245226860046387,
        "a": 1.0
    },
    "_cylinderVertexCount": 6.0,
    "_stemRadius": 0.07568272203207016,
    "_leafCount": 8.0,
    "_edgeRingCount": 40.0,
    "startPos": {
        "x": 0.0,
        "y": 0.0,
        "z": 0.0
    },
    "tangent1": {
        "x": 0.22102928161621095,
        "y": 1.0938196182250977,
        "z": 0.2217109203338623
    },
    "tangent2": {
        "x": 0.688910961151123,
        "y": 2.385796070098877,
        "z": 0.6017289161682129
    },
    "endPos": {
        "x": 0.3767159879207611,
        "y": 4.0,
        "z": 0.04855889081954956
    }
}