{
    "_horizontalLines": 18.0,
    "_verticalLines": 17.0,
    "_radius": 0.06374789774417877,
    "_petalColour": {
        "r": 0.14210939407348634,
        "g": 0.5618460774421692,
        "b": 0.09942793846130371,
        "a": 1.0
    },
    "_cylinderVertexCount": 10.0,
    "_stemRadius": 0.05022374168038368,
    "_leafCount": 8.0,
    "_edgeRingCount": 37.0,
    "startPos": {
        "x": 0.0,
        "y": 0.0,
        "z": 0.0
    },
    "tangent1": {
        "x": 0.25113368034362795,
        "y": 1.136379599571228,
        "z": 0.4994018077850342
    },
    "tangent2": {
        "x": 0.2944369912147522,
        "y": 1.7710468769073487,
        "z": 0.7676334381103516
    },
    "endPos": {
        "x": -0.5455114841461182,
        "y": 4.599970817565918,
        "z": 1.3665306568145753
    }
}