{
    "_horizontalLines": 19.0,
    "_verticalLines": 17.0,
    "_radius": 0.08095484972000122,
    "_petalColour": {
        "r": 0.07970762252807617,
        "g": 0.8346905708312988,
        "b": 0.8672217130661011,
        "a": 1.0
    },
    "_cylinderVertexCount": 9.0,
    "_stemRadius": 0.05203387141227722,
    "_leafCount": 8.0,
    "_edgeRingCount": 29.0,
    "startPos": {
        "x": 0.0,
        "y": 0.0,
        "z": 0.0
    },
    "tangent1": {
        "x": 0.42010584473609927,
        "y": 0.30034810304641726,
        "z": -0.37409916520118716
    },
    "tangent2": {
        "x": 0.7078791856765747,
        "y": 0.6155592203140259,
        "z": -0.07445317506790161
    },
    "endPos": {
        "x": -0.07818871736526489,
        "y": 4.0,
        "z": -0.37142208218574526
    }
}