{
    "_horizontalLines": 16.0,
    "_verticalLines": 15.0,
    "_radius": 0.1067013293504715,
    "_petalColour": {
        "r": 0.01670825481414795,
        "g": 0.8915196657180786,
        "b": 0.08684337139129639,
        "a": 1.0
    },
    "_cylinderVertexCount": 8.0,
    "_stemRadius": 0.07891642302274704,
    "_leafCount": 8.0,
    "_edgeRingCount": 17.0,
    "startPos": {
        "x": 0.0,
        "y": 0.0,
        "z": 0.0
    },
    "tangent1": {
        "x": 0.029648970812559129,
        "y": 0.43832188844680788,
        "z": 0.44307050108909609
    },
    "tangent2": {
        "x": -0.43093836307525637,
        "y": 1.56546950340271,
        "z": 0.3198464512825012
    },
    "endPos": {
        "x": -0.6216740608215332,
        "y": 4.0,
        "z": 1.0079200267791749
    }
}