{
    "_horizontalLines": 19.0,
    "_verticalLines": 19.0,
    "_radius": 0.05459113046526909,
    "_petalColour": {
        "r": 0.04063689708709717,
        "g": 0.5800251364707947,
        "b": 0.1957693099975586,
        "a": 1.0
    },
    "_cylinderVertexCount": 10.0,
    "_stemRadius": 0.03638976067304611,
    "_leafCount": 8.0,
    "_edgeRingCount": 57.0,
    "startPos": {
        "x": 0.0,
        "y": 0.0,
        "z": 0.0
    },
    "tangent1": {
        "x": -0.09234972298145294,
        "y": 1.7371193170547486,
        "z": -0.3912373483181
    },
    "tangent2": {
        "x": 0.29404550790786745,
        "y": 2.580341100692749,
        "z": -0.7967678308486939
    },
    "endPos": {
        "x": -0.029093056917190553,
        "y": 5.7045745849609379,
        "z": -0.44988808035850527
    }
}