{
    "_horizontalLines": 18.0,
    "_verticalLines": 16.0,
    "_radius": 0.11772964149713516,
    "_petalColour": {
        "r": 0.4993639588356018,
        "g": 0.3996961712837219,
        "b": 0.7261865139007568,
        "a": 1.0
    },
    "_cylinderVertexCount": 9.0,
    "_stemRadius": 0.08954351395368576,
    "_leafCount": 8.0,
    "_edgeRingCount": 63.0,
    "startPos": {
        "x": 0.0,
        "y": 0.0,
        "z": 0.0
    },
    "tangent1": {
        "x": -0.021630335599184037,
        "y": 1.9311561584472657,
        "z": -0.31570836901664736
    },
    "tangent2": {
        "x": 0.10198798775672913,
        "y": 2.1594793796539308,
        "z": -0.024405598640441896
    },
    "endPos": {
        "x": 0.08832854777574539,
        "y": 5.622102737426758,
        "z": 0.7590826153755188
    }
}