{
    "_horizontalLines": 18.0,
    "_verticalLines": 16.0,
    "_radius": 0.14636556804180146,
    "_petalColour": {
        "r": 0.632205605506897,
        "g": 0.7421820163726807,
        "b": 0.9169199466705322,
        "a": 1.0
    },
    "_cylinderVertexCount": 8.0,
    "_stemRadius": 0.11078397929668427,
    "_leafCount": 8.0,
    "_edgeRingCount": 37.0,
    "startPos": {
        "x": 0.0,
        "y": 0.0,
        "z": 0.0
    },
    "tangent1": {
        "x": -0.34195443987846377,
        "y": 0.8978080749511719,
        "z": 0.05235891416668892
    },
    "tangent2": {
        "x": 0.13163059949874879,
        "y": 2.6222145557403566,
        "z": 0.40661385655403139
    },
    "endPos": {
        "x": 0.5578125715255737,
        "y": 4.0,
        "z": 0.4311128258705139
    }
}