{
    "_horizontalLines": 15.0,
    "_verticalLines": 15.0,
    "_radius": 0.10578594356775284,
    "_petalColour": {
        "r": 0.7995027303695679,
        "g": 0.28885728120803835,
        "b": 0.5895610451698303,
        "a": 1.0
    },
    "_cylinderVertexCount": 6.0,
    "_stemRadius": 0.0939064547419548,
    "_leafCount": 8.0,
    "_edgeRingCount": 19.0,
    "startPos": {
        "x": 0.0,
        "y": 0.0,
        "z": 0.0
    },
    "tangent1": {
        "x": -0.0052588460966944698,
        "y": 0.5702624320983887,
        "z": -0.4414359927177429
    },
    "tangent2": {
        "x": -0.4811345338821411,
        "y": 1.4793601036071778,
        "z": -0.5576003789901733
    },
    "endPos": {
        "x": -0.6170859336853027,
        "y": 4.0,
        "z": 0.027957916259765626
    }
}