{
    "_horizontalLines": 18.0,
    "_verticalLines": 17.0,
    "_radius": 0.08081050962209702,
    "_petalColour": {
        "r": 0.16396856307983399,
        "g": 0.615730345249176,
        "b": 0.10876119136810303,
        "a": 1.0
    },
    "_cylinderVertexCount": 8.0,
    "_stemRadius": 0.05618806555867195,
    "_leafCount": 8.0,
    "_edgeRingCount": 25.0,
    "startPos": {
        "x": 0.0,
        "y": 0.0,
        "z": 0.0
    },
    "tangent1": {
        "x": -0.2649233341217041,
        "y": 0.36446553468704226,
        "z": 0.022984933108091356
    },
    "tangent2": {
        "x": 0.19366216659545899,
        "y": 2.1305041313171388,
        "z": -0.37279564142227175
    },
    "endPos": {
        "x": -0.610420823097229,
        "y": 5.089347839355469,
        "z": -0.5652691125869751
    }
}