{
    "_horizontalLines": 17.0,
    "_verticalLines": 19.0,
    "_radius": 0.052519213408231738,
    "_petalColour": {
        "r": 0.8412315845489502,
        "g": 0.22666239738464356,
        "b": 0.12331688404083252,
        "a": 1.0
    },
    "_cylinderVertexCount": 8.0,
    "_stemRadius": 0.04971099644899368,
    "_leafCount": 8.0,
    "_edgeRingCount": 22.0,
    "startPos": {
        "x": 0.0,
        "y": 0.0,
        "z": 0.0
    },
    "tangent1": {
        "x": 0.35935285687446597,
        "y": 0.6295251250267029,
        "z": -0.23180727660655976
    },
    "tangent2": {
        "x": 0.7774542570114136,
        "y": 2.042914628982544,
        "z": -0.293956995010376
    },
    "endPos": {
        "x": 0.3913050591945648,
        "y": 4.516661643981934,
        "z": -1.1656990051269532
    }
}