{
    "_horizontalLines": 19.0,
    "_verticalLines": 19.0,
    "_radius": 0.05523739382624626,
    "_petalColour": {
        "r": 0.8790440559387207,
        "g": 0.008160591125488282,
        "b": 0.08336794376373291,
        "a": 1.0
    },
    "_cylinderVertexCount": 7.0,
    "_stemRadius": 0.04597160965204239,
    "_leafCount": 8.0,
    "_edgeRingCount": 48.0,
    "startPos": {
        "x": 0.0,
        "y": 0.0,
        "z": 0.0
    },
    "tangent1": {
        "x": 0.21491467952728272,
        "y": 0.9592655301094055,
        "z": 0.28937339782714846
    },
    "tangent2": {
        "x": 0.5824609994888306,
        "y": 2.9062087535858156,
        "z": 0.2838473916053772
    },
    "endPos": {
        "x": 1.1231279373168946,
        "y": 6.300000190734863,
        "z": -0.36972880363464358
    }
}