{
    "_horizontalLines": 16.0,
    "_verticalLines": 15.0,
    "_radius": 0.11730819195508957,
    "_petalColour": {
        "r": 0.3804081082344055,
        "g": 0.35615187883377077,
        "b": 0.7576642036437988,
        "a": 1.0
    },
    "_cylinderVertexCount": 5.0,
    "_stemRadius": 0.09420185536146164,
    "_leafCount": 8.0,
    "_edgeRingCount": 56.0,
    "startPos": {
        "x": 0.0,
        "y": 0.0,
        "z": 0.0
    },
    "tangent1": {
        "x": -0.3904949128627777,
        "y": 1.0977602005004883,
        "z": 0.06581000983715058
    },
    "tangent2": {
        "x": -0.46342217922210696,
        "y": 2.194310188293457,
        "z": -0.36290132999420168
    },
    "endPos": {
        "x": -1.0447771549224854,
        "y": 4.117097854614258,
        "z": 0.3072805404663086
    }
}