{
    "_horizontalLines": 18.0,
    "_verticalLines": 15.0,
    "_radius": 0.14891791343688966,
    "_petalColour": {
        "r": 0.22609543800354005,
        "g": 0.17469298839569093,
        "b": 0.4711366295814514,
        "a": 1.0
    },
    "_cylinderVertexCount": 11.0,
    "_stemRadius": 0.10744719207286835,
    "_leafCount": 8.0,
    "_edgeRingCount": 32.0,
    "startPos": {
        "x": 0.0,
        "y": 0.0,
        "z": 0.0
    },
    "tangent1": {
        "x": -0.1114024668931961,
        "y": 1.6581493616104127,
        "z": 0.33355891704559328
    },
    "tangent2": {
        "x": -0.5482411980628967,
        "y": 3.4218826293945314,
        "z": 0.7951765656471252
    },
    "endPos": {
        "x": -1.0780270099639893,
        "y": 6.004693031311035,
        "z": 1.4351067543029786
    }
}