{
    "_horizontalLines": 16.0,
    "_verticalLines": 16.0,
    "_radius": 0.09250282496213913,
    "_petalColour": {
        "r": 0.1903517246246338,
        "g": 0.4880595803260803,
        "b": 0.9909833669662476,
        "a": 1.0
    },
    "_cylinderVertexCount": 6.0,
    "_stemRadius": 0.057316746562719348,
    "_leafCount": 8.0,
    "_edgeRingCount": 8.0,
    "startPos": {
        "x": 0.0,
        "y": 0.0,
        "z": 0.0
    },
    "tangent1": {
        "x": 0.07301159203052521,
        "y": 0.017689894884824754,
        "z": -0.39844533801078799
    },
    "tangent2": {
        "x": -0.34348756074905398,
        "y": 0.5366338491439819,
        "z": -0.7307103276252747
    },
    "endPos": {
        "x": -0.81415855884552,
        "y": 4.0,
        "z": -1.1904261112213135
    }
}