{
    "_horizontalLines": 16.0,
    "_verticalLines": 17.0,
    "_radius": 0.05608678609132767,
    "_petalColour": {
        "r": 0.3937833905220032,
        "g": 0.8311440944671631,
        "b": 0.5457456707954407,
        "a": 1.0
    },
    "_cylinderVertexCount": 10.0,
    "_stemRadius": 0.019826045259833337,
    "_leafCount": 8.0,
    "_edgeRingCount": 61.0,
    "startPos": {
        "x": 0.0,
        "y": 0.0,
        "z": 0.0
    },
    "tangent1": {
        "x": -0.3591533601284027,
        "y": 0.2122667282819748,
        "z": 0.000006151199158921372
    },
    "tangent2": {
        "x": -0.43935495615005495,
        "y": 1.137587308883667,
        "z": 0.18214993178844453
    },
    "endPos": {
        "x": -0.24014262855052949,
        "y": 4.0,
        "z": -0.3498465418815613
    }
}