{
    "_horizontalLines": 15.0,
    "_verticalLines": 16.0,
    "_radius": 0.044374018907547,
    "_petalColour": {
        "r": 0.9036344289779663,
        "g": 0.3643435835838318,
        "b": 0.1796799898147583,
        "a": 1.0
    },
    "_cylinderVertexCount": 5.0,
    "_stemRadius": 8.955597650128766e-7,
    "_leafCount": 8.0,
    "_edgeRingCount": 62.0,
    "startPos": {
        "x": 0.0,
        "y": 0.0,
        "z": 0.0
    },
    "tangent1": {
        "x": -0.49306124448776247,
        "y": 0.3740779757499695,
        "z": -0.2168848067522049
    },
    "tangent2": {
        "x": -0.8095417022705078,
        "y": 1.0587756633758546,
        "z": -0.12630414962768556
    },
    "endPos": {
        "x": -1.122397541999817,
        "y": 4.0,
        "z": -0.956998884677887
    }
}