{
    "_horizontalLines": 17.0,
    "_verticalLines": 15.0,
    "_radius": 0.10700899362564087,
    "_petalColour": {
        "r": 0.5604633688926697,
        "g": 0.9753143787384033,
        "b": 0.1372450590133667,
        "a": 1.0
    },
    "_cylinderVertexCount": 6.0,
    "_stemRadius": 0.08018070459365845,
    "_leafCount": 8.0,
    "_edgeRingCount": 53.0,
    "startPos": {
        "x": 0.0,
        "y": 0.0,
        "z": 0.0
    },
    "tangent1": {
        "x": 0.23728418350219727,
        "y": 1.3083114624023438,
        "z": -0.24700899422168733
    },
    "tangent2": {
        "x": -0.031032651662826539,
        "y": 3.0478157997131349,
        "z": 0.08024530112743378
    },
    "endPos": {
        "x": -0.48678475618362429,
        "y": 4.936700344085693,
        "z": -0.7361987829208374
    }
}