{
    "_horizontalLines": 16.0,
    "_verticalLines": 15.0,
    "_radius": 0.07470307499170304,
    "_petalColour": {
        "r": 0.8075220584869385,
        "g": 0.5120692849159241,
        "b": 0.2426384687423706,
        "a": 1.0
    },
    "_cylinderVertexCount": 11.0,
    "_stemRadius": 0.030021805316209794,
    "_leafCount": 8.0,
    "_edgeRingCount": 40.0,
    "startPos": {
        "x": 0.0,
        "y": 0.0,
        "z": 0.0
    },
    "tangent1": {
        "x": 0.2333603799343109,
        "y": 0.47924917936325076,
        "z": 0.3636358976364136
    },
    "tangent2": {
        "x": 0.5916112065315247,
        "y": 1.1124900579452515,
        "z": 0.43427973985671999
    },
    "endPos": {
        "x": 0.9385051727294922,
        "y": 4.0,
        "z": 1.2530674934387208
    }
}