{
    "_horizontalLines": 18.0,
    "_verticalLines": 15.0,
    "_radius": 0.11906201392412186,
    "_petalColour": {
        "r": 0.781521201133728,
        "g": 0.963213324546814,
        "b": 0.15407657623291017,
        "a": 1.0
    },
    "_cylinderVertexCount": 5.0,
    "_stemRadius": 0.1089397594332695,
    "_leafCount": 8.0,
    "_edgeRingCount": 51.0,
    "startPos": {
        "x": 0.0,
        "y": 0.0,
        "z": 0.0
    },
    "tangent1": {
        "x": -0.10873179137706757,
        "y": 0.22933979332447053,
        "z": -0.13337798416614533
    },
    "tangent2": {
        "x": -0.400776207447052,
        "y": 1.4005281925201417,
        "z": -0.25267186760902407
    },
    "endPos": {
        "x": -1.127578854560852,
        "y": 4.0,
        "z": -0.04349894821643829
    }
}