{
    "_horizontalLines": 16.0,
    "_verticalLines": 15.0,
    "_radius": 0.028535354882478715,
    "_petalColour": {
        "r": 0.34448152780532839,
        "g": 0.03870546817779541,
        "b": 0.4395977854728699,
        "a": 1.0
    },
    "_cylinderVertexCount": 9.0,
    "_stemRadius": 0.026304906234145166,
    "_leafCount": 8.0,
    "_edgeRingCount": 21.0,
    "startPos": {
        "x": 0.0,
        "y": 0.0,
        "z": 0.0
    },
    "tangent1": {
        "x": 0.06488986313343048,
        "y": 1.3335342407226563,
        "z": 0.22477030754089356
    },
    "tangent2": {
        "x": 0.4260064959526062,
        "y": 2.368691921234131,
        "z": 0.41155827045440676
    },
    "endPos": {
        "x": 0.7869793772697449,
        "y": 4.473269462585449,
        "z": 0.6321663856506348
    }
}