{
    "_horizontalLines": 18.0,
    "_verticalLines": 19.0,
    "_radius": 0.11769598722457886,
    "_petalColour": {
        "r": 0.5642955899238586,
        "g": 0.4605417847633362,
        "b": 0.41753047704696658,
        "a": 1.0
    },
    "_cylinderVertexCount": 10.0,
    "_stemRadius": 0.07981722801923752,
    "_leafCount": 8.0,
    "_edgeRingCount": 17.0,
    "startPos": {
        "x": 0.0,
        "y": 0.0,
        "z": 0.0
    },
    "tangent1": {
        "x": 0.2159055471420288,
        "y": 0.14978618919849397,
        "z": -0.271364688873291
    },
    "tangent2": {
        "x": -0.18214687705039979,
        "y": 0.5652294158935547,
        "z": 0.13921108841896058
    },
    "endPos": {
        "x": 0.5791240930557251,
        "y": 4.0,
        "z": -0.6463574171066284
    }
}