{
    "_horizontalLines": 16.0,
    "_verticalLines": 17.0,
    "_radius": 0.015063099563121796,
    "_petalColour": {
        "r": 0.056792378425598147,
        "g": 0.6578928232192993,
        "b": 0.4491286873817444,
        "a": 1.0
    },
    "_cylinderVertexCount": 9.0,
    "_stemRadius": 0.003656697226688266,
    "_leafCount": 8.0,
    "_edgeRingCount": 49.0,
    "startPos": {
        "x": 0.0,
        "y": 0.0,
        "z": 0.0
    },
    "tangent1": {
        "x": -0.055651236325502399,
        "y": 1.335913062095642,
        "z": 0.47707152366638186
    },
    "tangent2": {
        "x": 0.06868863105773926,
        "y": 1.587841510772705,
        "z": 0.8963488936424255
    },
    "endPos": {
        "x": -0.1619579941034317,
        "y": 4.0,
        "z": 0.12338042259216309
    }
}