{
    "_horizontalLines": 19.0,
    "_verticalLines": 18.0,
    "_radius": 0.05778167396783829,
    "_petalColour": {
        "r": 0.574567973613739,
        "g": 0.29231053590774538,
        "b": 0.5772196650505066,
        "a": 1.0
    },
    "_cylinderVertexCount": 11.0,
    "_stemRadius": 0.04964178055524826,
    "_leafCount": 8.0,
    "_edgeRingCount": 50.0,
    "startPos": {
        "x": 0.0,
        "y": 0.0,
        "z": 0.0
    },
    "tangent1": {
        "x": 0.04777712747454643,
        "y": 0.06283493340015412,
        "z": -0.15236563980579377
    },
    "tangent2": {
        "x": -0.42013460397720339,
        "y": 0.848965048789978,
        "z": -0.12529054284095765
    },
    "endPos": {
        "x": -0.7334372997283936,
        "y": 4.0,
        "z": -0.8008052110671997
    }
}