{
    "_horizontalLines": 18.0,
    "_verticalLines": 16.0,
    "_radius": 0.13425181806087495,
    "_petalColour": {
        "r": 0.895500659942627,
        "g": 0.6904683113098145,
        "b": 0.290033757686615,
        "a": 1.0
    },
    "_cylinderVertexCount": 9.0,
    "_stemRadius": 0.09549042582511902,
    "_leafCount": 8.0,
    "_edgeRingCount": 37.0,
    "startPos": {
        "x": 0.0,
        "y": 0.0,
        "z": 0.0
    },
    "tangent1": {
        "x": -0.25749388337135317,
        "y": 0.2080032378435135,
        "z": -0.32230624556541445
    },
    "tangent2": {
        "x": -0.605674147605896,
        "y": 1.7175010442733765,
        "z": -0.7499418258666992
    },
    "endPos": {
        "x": -0.8345966339111328,
        "y": 5.141051769256592,
        "z": -0.2808302044868469
    }
}