{
    "_horizontalLines": 19.0,
    "_verticalLines": 19.0,
    "_radius": 0.033453330397605899,
    "_petalColour": {
        "r": 0.8030341863632202,
        "g": 0.26894229650497439,
        "b": 0.6850366592407227,
        "a": 1.0
    },
    "_cylinderVertexCount": 12.0,
    "_stemRadius": 0.031386855989694598,
    "_leafCount": 8.0,
    "_edgeRingCount": 43.0,
    "startPos": {
        "x": 0.0,
        "y": 0.0,
        "z": 0.0
    },
    "tangent1": {
        "x": 0.39302098751068118,
        "y": 0.7095293998718262,
        "z": -0.2024488002061844
    },
    "tangent2": {
        "x": 0.44354313611984255,
        "y": 1.2295575141906739,
        "z": -0.5321552157402039
    },
    "endPos": {
        "x": 1.1964621543884278,
        "y": 4.0,
        "z": -0.15239185094833375
    }
}