{
    "_horizontalLines": 15.0,
    "_verticalLines": 16.0,
    "_radius": 0.09392137080430985,
    "_petalColour": {
        "r": 0.48987728357315066,
        "g": 0.40293842554092409,
        "b": 0.9538661241531372,
        "a": 1.0
    },
    "_cylinderVertexCount": 12.0,
    "_stemRadius": 0.05403685197234154,
    "_leafCount": 8.0,
    "_edgeRingCount": 59.0,
    "startPos": {
        "x": 0.0,
        "y": 0.0,
        "z": 0.0
    },
    "tangent1": {
        "x": -0.21089176833629609,
        "y": 1.1118965148925782,
        "z": -0.2451455146074295
    },
    "tangent2": {
        "x": -0.5611552596092224,
        "y": 1.9122874736785889,
        "z": -0.04142315685749054
    },
    "endPos": {
        "x": -1.424271821975708,
        "y": 4.493274688720703,
        "z": 0.08688008785247803
    }
}