{
    "_horizontalLines": 16.0,
    "_verticalLines": 18.0,
    "_radius": 0.027861542999744417,
    "_petalColour": {
        "r": 0.8083058595657349,
        "g": 0.22497224807739259,
        "b": 0.2882135510444641,
        "a": 1.0
    },
    "_cylinderVertexCount": 11.0,
    "_stemRadius": 0.018065381795167924,
    "_leafCount": 8.0,
    "_edgeRingCount": 51.0,
    "startPos": {
        "x": 0.0,
        "y": 0.0,
        "z": 0.0
    },
    "tangent1": {
        "x": 0.18718717992305757,
        "y": 0.7187822461128235,
        "z": -0.34524813294410708
    },
    "tangent2": {
        "x": 0.17975276708602906,
        "y": 1.6559932231903077,
        "z": -0.7895079851150513
    },
    "endPos": {
        "x": 0.8875141143798828,
        "y": 4.0,
        "z": -1.435030221939087
    }
}