{
    "_horizontalLines": 18.0,
    "_verticalLines": 17.0,
    "_radius": 0.054974671453237537,
    "_petalColour": {
        "r": 0.7059308290481567,
        "g": 0.4551728367805481,
        "b": 0.8027658462524414,
        "a": 1.0
    },
    "_cylinderVertexCount": 6.0,
    "_stemRadius": 0.0454939603805542,
    "_leafCount": 8.0,
    "_edgeRingCount": 57.0,
    "startPos": {
        "x": 0.0,
        "y": 0.0,
        "z": 0.0
    },
    "tangent1": {
        "x": 0.41033563017845156,
        "y": 0.258653461933136,
        "z": 0.04337282106280327
    },
    "tangent2": {
        "x": 0.2121291607618332,
        "y": 1.9131247997283936,
        "z": 0.12393465638160706
    },
    "endPos": {
        "x": 0.6702271103858948,
        "y": 4.0,
        "z": -0.17507827281951905
    }
}