{
    "_horizontalLines": 18.0,
    "_verticalLines": 19.0,
    "_radius": 0.05685504525899887,
    "_petalColour": {
        "r": 0.6992346048355103,
        "g": 0.5957786440849304,
        "b": 0.6918684244155884,
        "a": 1.0
    },
    "_cylinderVertexCount": 6.0,
    "_stemRadius": 0.012758907862007618,
    "_leafCount": 8.0,
    "_edgeRingCount": 11.0,
    "startPos": {
        "x": 0.0,
        "y": 0.0,
        "z": 0.0
    },
    "tangent1": {
        "x": 0.1624286025762558,
        "y": 1.35443115234375,
        "z": -0.057759951800107959
    },
    "tangent2": {
        "x": -0.003080427646636963,
        "y": 2.8935108184814455,
        "z": -0.18441525101661683
    },
    "endPos": {
        "x": 0.41650402545928957,
        "y": 4.0,
        "z": -1.0499577522277833
    }
}