{
    "_horizontalLines": 19.0,
    "_verticalLines": 18.0,
    "_radius": 0.12555217742919923,
    "_petalColour": {
        "r": 0.8945904970169067,
        "g": 0.9623777866363525,
        "b": 0.256472647190094,
        "a": 1.0
    },
    "_cylinderVertexCount": 10.0,
    "_stemRadius": 0.1034582182765007,
    "_leafCount": 8.0,
    "_edgeRingCount": 64.0,
    "startPos": {
        "x": 0.0,
        "y": 0.0,
        "z": 0.0
    },
    "tangent1": {
        "x": -0.1418575793504715,
        "y": 1.5448684692382813,
        "z": 0.024367760866880418
    },
    "tangent2": {
        "x": -0.6204723119735718,
        "y": 3.339158535003662,
        "z": 0.39553242921829226
    },
    "endPos": {
        "x": -1.2225944995880128,
        "y": 4.692051410675049,
        "z": 1.009206771850586
    }
}