{
    "_horizontalLines": 15.0,
    "_verticalLines": 18.0,
    "_radius": 0.08871704339981079,
    "_petalColour": {
        "r": 0.5453217625617981,
        "g": 0.014166116714477539,
        "b": 0.271737277507782,
        "a": 1.0
    },
    "_cylinderVertexCount": 5.0,
    "_stemRadius": 0.049701523035764697,
    "_leafCount": 8.0,
    "_edgeRingCount": 56.0,
    "startPos": {
        "x": 0.0,
        "y": 0.0,
        "z": 0.0
    },
    "tangent1": {
        "x": -0.2678908407688141,
        "y": 1.865251898765564,
        "z": -0.4623742997646332
    },
    "tangent2": {
        "x": -0.16231150925159455,
        "y": 2.0192599296569826,
        "z": -0.7048038244247437
    },
    "endPos": {
        "x": -0.7642843723297119,
        "y": 4.45979642868042,
        "z": -1.223740577697754
    }
}