{
    "_horizontalLines": 17.0,
    "_verticalLines": 17.0,
    "_radius": 0.10842815786600113,
    "_petalColour": {
        "r": 0.8350151777267456,
        "g": 0.04727280139923096,
        "b": 0.7273843288421631,
        "a": 1.0
    },
    "_cylinderVertexCount": 14.0,
    "_stemRadius": 0.10685016214847565,
    "_leafCount": 8.0,
    "_edgeRingCount": 34.0,
    "startPos": {
        "x": 0.0,
        "y": 0.0,
        "z": 0.0
    },
    "tangent1": {
        "x": -0.16967229545116425,
        "y": 1.0214020013809205,
        "z": 0.22485646605491639
    },
    "tangent2": {
        "x": -0.024347126483917238,
        "y": 2.5126724243164064,
        "z": 0.6811157464981079
    },
    "endPos": {
        "x": 0.07814095169305802,
        "y": 4.0,
        "z": 0.9827704429626465
    }
}