{
    "_horizontalLines": 19.0,
    "_verticalLines": 16.0,
    "_radius": 0.13509337604045869,
    "_petalColour": {
        "r": 0.5618597865104675,
        "g": 0.5493178963661194,
        "b": 0.7177486419677734,
        "a": 1.0
    },
    "_cylinderVertexCount": 6.0,
    "_stemRadius": 0.09479308128356934,
    "_leafCount": 8.0,
    "_edgeRingCount": 8.0,
    "startPos": {
        "x": 0.0,
        "y": 0.0,
        "z": 0.0
    },
    "tangent1": {
        "x": 0.09913353621959686,
        "y": 0.9751785397529602,
        "z": -0.22251944243907929
    },
    "tangent2": {
        "x": 0.04525241628289223,
        "y": 1.5333582162857056,
        "z": -0.3065081536769867
    },
    "endPos": {
        "x": 0.036833833903074267,
        "y": 4.0,
        "z": -1.157387375831604
    }
}