{
    "_horizontalLines": 17.0,
    "_verticalLines": 17.0,
    "_radius": 0.10754060000181198,
    "_petalColour": {
        "r": 0.6429314613342285,
        "g": 0.46573060750961306,
        "b": 0.2637551426887512,
        "a": 1.0
    },
    "_cylinderVertexCount": 8.0,
    "_stemRadius": 0.10436834394931793,
    "_leafCount": 8.0,
    "_edgeRingCount": 36.0,
    "startPos": {
        "x": 0.0,
        "y": 0.0,
        "z": 0.0
    },
    "tangent1": {
        "x": 0.4262092113494873,
        "y": 0.06784267723560333,
        "z": -0.35689249634742739
    },
    "tangent2": {
        "x": 0.8692116737365723,
        "y": 1.6168115139007569,
        "z": -0.036422550678253177
    },
    "endPos": {
        "x": 0.282192587852478,
        "y": 4.0,
        "z": 0.6442995667457581
    }
}