{
    "_horizontalLines": 18.0,
    "_verticalLines": 16.0,
    "_radius": 0.11269048601388931,
    "_petalColour": {
        "r": 0.26622360944747927,
        "g": 0.8460714817047119,
        "b": 0.4181731343269348,
        "a": 1.0
    },
    "_cylinderVertexCount": 10.0,
    "_stemRadius": 0.083448126912117,
    "_leafCount": 8.0,
    "_edgeRingCount": 50.0,
    "startPos": {
        "x": 0.0,
        "y": 0.0,
        "z": 0.0
    },
    "tangent1": {
        "x": 0.18738435208797456,
        "y": 0.9099767804145813,
        "z": 0.08161740005016327
    },
    "tangent2": {
        "x": 0.126828134059906,
        "y": 1.9613683223724366,
        "z": -0.1349470615386963
    },
    "endPos": {
        "x": 0.05732979625463486,
        "y": 4.0,
        "z": -0.6474756598472595
    }
}