{
    "_horizontalLines": 17.0,
    "_verticalLines": 18.0,
    "_radius": 0.13532596826553346,
    "_petalColour": {
        "r": 0.7594952583312988,
        "g": 0.5780242085456848,
        "b": 0.09101414680480957,
        "a": 1.0
    },
    "_cylinderVertexCount": 5.0,
    "_stemRadius": 0.09094738960266113,
    "_leafCount": 8.0,
    "_edgeRingCount": 55.0,
    "startPos": {
        "x": 0.0,
        "y": 0.0,
        "z": 0.0
    },
    "tangent1": {
        "x": -0.10259528458118439,
        "y": 1.363381266593933,
        "z": 0.35221660137176516
    },
    "tangent2": {
        "x": 0.29141050577163699,
        "y": 1.9643070697784424,
        "z": 0.42195552587509158
    },
    "endPos": {
        "x": 0.45915836095809939,
        "y": 4.0,
        "z": 0.0654156506061554
    }
}