{
    "_horizontalLines": 16.0,
    "_verticalLines": 16.0,
    "_radius": 0.14684425294399262,
    "_petalColour": {
        "r": 0.8223421573638916,
        "g": 0.01624166965484619,
        "b": 0.36687296628952029,
        "a": 1.0
    },
    "_cylinderVertexCount": 14.0,
    "_stemRadius": 0.11024057865142822,
    "_leafCount": 8.0,
    "_edgeRingCount": 4.0,
    "startPos": {
        "x": 0.0,
        "y": 0.0,
        "z": 0.0
    },
    "tangent1": {
        "x": -0.045152854174375537,
        "y": 1.206842064857483,
        "z": -0.19379906356334687
    },
    "tangent2": {
        "x": 0.09455588459968567,
        "y": 2.4369688034057619,
        "z": -0.585713803768158
    },
    "endPos": {
        "x": 0.3737791180610657,
        "y": 4.0,
        "z": 0.2668803930282593
    }
}