{
    "_horizontalLines": 18.0,
    "_verticalLines": 17.0,
    "_radius": 0.09804435074329376,
    "_petalColour": {
        "r": 0.0335766077041626,
        "g": 0.046175479888916019,
        "b": 0.24605119228363038,
        "a": 1.0
    },
    "_cylinderVertexCount": 8.0,
    "_stemRadius": 0.07242050766944885,
    "_leafCount": 8.0,
    "_edgeRingCount": 42.0,
    "startPos": {
        "x": 0.0,
        "y": 0.0,
        "z": 0.0
    },
    "tangent1": {
        "x": -0.03869347646832466,
        "y": 0.9383718371391296,
        "z": -0.193874791264534
    },
    "tangent2": {
        "x": -0.22633704543113709,
        "y": 2.502739191055298,
        "z": 0.23003838956356049
    },
    "endPos": {
        "x": -1.0489987134933472,
        "y": 4.063413143157959,
        "z": 0.5488533973693848
    }
}