{
    "_horizontalLines": 17.0,
    "_verticalLines": 16.0,
    "_radius": 0.16143205761909486,
    "_petalColour": {
        "r": 0.7214300632476807,
        "g": 0.7033531665802002,
        "b": 0.9622198343276978,
        "a": 1.0
    },
    "_cylinderVertexCount": 7.0,
    "_stemRadius": 0.11702117323875427,
    "_leafCount": 8.0,
    "_edgeRingCount": 47.0,
    "startPos": {
        "x": 0.0,
        "y": 0.0,
        "z": 0.0
    },
    "tangent1": {
        "x": -0.3046630918979645,
        "y": 0.2597314715385437,
        "z": 0.014814185909926892
    },
    "tangent2": {
        "x": 0.11639547348022461,
        "y": 0.8813505172729492,
        "z": -0.03497624397277832
    },
    "endPos": {
        "x": 0.12037011235952378,
        "y": 4.0,
        "z": 0.4707600474357605
    }
}