{
    "_horizontalLines": 17.0,
    "_verticalLines": 18.0,
    "_radius": 0.10172802209854126,
    "_petalColour": {
        "r": 0.6394425630569458,
        "g": 0.788780927658081,
        "b": 0.8956811428070068,
        "a": 1.0
    },
    "_cylinderVertexCount": 9.0,
    "_stemRadius": 0.0829080268740654,
    "_leafCount": 8.0,
    "_edgeRingCount": 23.0,
    "startPos": {
        "x": 0.0,
        "y": 0.0,
        "z": 0.0
    },
    "tangent1": {
        "x": 0.08348779380321503,
        "y": 1.8562233448028565,
        "z": -0.47663164138793948
    },
    "tangent2": {
        "x": -0.384718120098114,
        "y": 2.051097869873047,
        "z": -0.6632888913154602
    },
    "endPos": {
        "x": 0.02509745955467224,
        "y": 4.009814262390137,
        "z": -1.2365177869796754
    }
}