{
    "_horizontalLines": 19.0,
    "_verticalLines": 18.0,
    "_radius": 0.09978209435939789,
    "_petalColour": {
        "r": 0.5135888457298279,
        "g": 0.8956514596939087,
        "b": 0.15329456329345704,
        "a": 1.0
    },
    "_cylinderVertexCount": 12.0,
    "_stemRadius": 0.08188662678003311,
    "_leafCount": 8.0,
    "_edgeRingCount": 16.0,
    "startPos": {
        "x": 0.0,
        "y": 0.0,
        "z": 0.0
    },
    "tangent1": {
        "x": 0.007438373751938343,
        "y": 0.9410011172294617,
        "z": -0.20196442306041718
    },
    "tangent2": {
        "x": -0.03441677242517471,
        "y": 1.2064409255981446,
        "z": 0.13516516983509065
    },
    "endPos": {
        "x": 0.015430081635713578,
        "y": 4.0,
        "z": 0.4763040542602539
    }
}