{
    "_horizontalLines": 8,
    "_verticalLines": 7,
    "_radius": 0.119517982006073,
    "_petalColour": {
        "r": 0.862655758857727,
        "g": 0.588888943195343,
        "b": 0.3435201048851013,
        "a": 1.0
    },
    "_cylinderVertexCount": 13,
    "_stemRadius": 0.08115120977163315,
    "_leafCount": 8,
    "_edgeRingCount": 18,
    "startPos": {
        "x": -0.18965207040309907,
        "y": 0.20337066054344178,
        "z": -0.09708680957555771
    },
    "tangent1": {
        "x": 0.18684567511081696,
        "y": 1.9398521184921265,
        "z": 0.01356639713048935
    },
    "tangent2": {
        "x": 0.14015191793441773,
        "y": 2.4447834491729738,
        "z": -0.2541709840297699
    },
    "endPos": {
        "x": 0.304555743932724,
        "y": 3.5406665802001955,
        "z": -1.0119425058364869
    }
}