{
    "_horizontalLines": 16.0,
    "_verticalLines": 15.0,
    "_radius": 0.056149255484342578,
    "_petalColour": {
        "r": 0.1389026641845703,
        "g": 0.22011566162109376,
        "b": 0.8990539312362671,
        "a": 1.0
    },
    "_cylinderVertexCount": 11.0,
    "_stemRadius": 0.02219444513320923,
    "_leafCount": 8.0,
    "_edgeRingCount": 16.0,
    "startPos": {
        "x": 0.0,
        "y": 0.0,
        "z": 0.0
    },
    "tangent1": {
        "x": 0.44853582978248598,
        "y": 0.2900999188423157,
        "z": 0.19903886318206788
    },
    "tangent2": {
        "x": 0.907686710357666,
        "y": 0.6991672515869141,
        "z": 0.439642071723938
    },
    "endPos": {
        "x": 0.4221900999546051,
        "y": 4.0,
        "z": -0.37301474809646609
    }
}