{
    "_horizontalLines": 18.0,
    "_verticalLines": 16.0,
    "_radius": 0.1272227019071579,
    "_petalColour": {
        "r": 0.22458946704864503,
        "g": 0.8413702249526978,
        "b": 0.6052141785621643,
        "a": 1.0
    },
    "_cylinderVertexCount": 11.0,
    "_stemRadius": 0.08174160122871399,
    "_leafCount": 8.0,
    "_edgeRingCount": 43.0,
    "startPos": {
        "x": 0.0,
        "y": 0.0,
        "z": 0.0
    },
    "tangent1": {
        "x": -0.1978655308485031,
        "y": 1.071841835975647,
        "z": 0.379015177488327
    },
    "tangent2": {
        "x": -0.025306999683380128,
        "y": 1.753831386566162,
        "z": -0.02223709225654602
    },
    "endPos": {
        "x": -0.23360775411128999,
        "y": 5.1126251220703129,
        "z": 0.19372670352458955
    }
}