{
    "_horizontalLines": 17.0,
    "_verticalLines": 19.0,
    "_radius": 0.03334517404437065,
    "_petalColour": {
        "r": 0.5974430441856384,
        "g": 0.15586864948272706,
        "b": 0.32868510484695437,
        "a": 1.0
    },
    "_cylinderVertexCount": 9.0,
    "_stemRadius": 0.0010940178763121367,
    "_leafCount": 8.0,
    "_edgeRingCount": 22.0,
    "startPos": {
        "x": 0.0,
        "y": 0.0,
        "z": 0.0
    },
    "tangent1": {
        "x": 0.36435747146606448,
        "y": 0.7268922924995422,
        "z": -0.18889303505420686
    },
    "tangent2": {
        "x": 0.5150647163391113,
        "y": 1.3534996509552003,
        "z": -0.024211719632148744
    },
    "endPos": {
        "x": -0.12422829866409302,
        "y": 4.057370662689209,
        "z": 0.47384268045425417
    }
}