{
    "_horizontalLines": 18.0,
    "_verticalLines": 19.0,
    "_radius": 0.03144847974181175,
    "_petalColour": {
        "r": 0.3002583384513855,
        "g": 0.29443687200546267,
        "b": 0.5044873356819153,
        "a": 1.0
    },
    "_cylinderVertexCount": 10.0,
    "_stemRadius": 0.020368600264191629,
    "_leafCount": 8.0,
    "_edgeRingCount": 34.0,
    "startPos": {
        "x": 0.0,
        "y": 0.0,
        "z": 0.0
    },
    "tangent1": {
        "x": -0.35379019379615786,
        "y": 0.8652599453926086,
        "z": 0.01397161465138197
    },
    "tangent2": {
        "x": -0.6270408630371094,
        "y": 1.9003427028656006,
        "z": 0.06709456443786621
    },
    "endPos": {
        "x": 0.1533041000366211,
        "y": 4.0,
        "z": 0.8381070494651794
    }
}