{
    "_horizontalLines": 17.0,
    "_verticalLines": 15.0,
    "_radius": 0.0874960795044899,
    "_petalColour": {
        "r": 0.6082281470298767,
        "g": 0.9272781610488892,
        "b": 0.07150936126708985,
        "a": 1.0
    },
    "_cylinderVertexCount": 7.0,
    "_stemRadius": 0.06954502314329148,
    "_leafCount": 8.0,
    "_edgeRingCount": 56.0,
    "startPos": {
        "x": 0.0,
        "y": 0.0,
        "z": 0.0
    },
    "tangent1": {
        "x": 0.045430947095155719,
        "y": 0.4869106411933899,
        "z": -0.39136847853660586
    },
    "tangent2": {
        "x": 0.4131854176521301,
        "y": 1.7349460124969483,
        "z": -0.06980115175247193
    },
    "endPos": {
        "x": -0.27816319465637209,
        "y": 4.0,
        "z": 0.39304155111312868
    }
}