{
    "_horizontalLines": 19.0,
    "_verticalLines": 17.0,
    "_radius": 0.08709272742271424,
    "_petalColour": {
        "r": 0.27301162481307986,
        "g": 0.2986045479774475,
        "b": 0.5026641488075256,
        "a": 1.0
    },
    "_cylinderVertexCount": 8.0,
    "_stemRadius": 0.07701963931322098,
    "_leafCount": 8.0,
    "_edgeRingCount": 60.0,
    "startPos": {
        "x": 0.0,
        "y": 0.0,
        "z": 0.0
    },
    "tangent1": {
        "x": -0.35590478777885439,
        "y": 0.8644590377807617,
        "z": -0.30482587218284609
    },
    "tangent2": {
        "x": -0.14520975947380067,
        "y": 2.671722173690796,
        "z": -0.4090389013290405
    },
    "endPos": {
        "x": -0.2856835126876831,
        "y": 4.21560001373291,
        "z": -0.03355702757835388
    }
}