{
    "_horizontalLines": 19.0,
    "_verticalLines": 19.0,
    "_radius": 0.13652242720127107,
    "_petalColour": {
        "r": 0.8431979417800903,
        "g": 0.9078865051269531,
        "b": 0.351862370967865,
        "a": 1.0
    },
    "_cylinderVertexCount": 9.0,
    "_stemRadius": 0.11000752449035645,
    "_leafCount": 8.0,
    "_edgeRingCount": 40.0,
    "startPos": {
        "x": 0.0,
        "y": 0.0,
        "z": 0.0
    },
    "tangent1": {
        "x": -0.2517222464084625,
        "y": 1.3183517456054688,
        "z": 0.3411893844604492
    },
    "tangent2": {
        "x": -0.5933858156204224,
        "y": 3.2660727500915529,
        "z": 0.5403159856796265
    },
    "endPos": {
        "x": -1.1885251998901368,
        "y": 5.39755916595459,
        "z": 0.8696093559265137
    }
}