{
    "_horizontalLines": 19.0,
    "_verticalLines": 15.0,
    "_radius": 0.0962548777461052,
    "_petalColour": {
        "r": 0.48469215631484988,
        "g": 0.1768728494644165,
        "b": 0.47263258695602419,
        "a": 1.0
    },
    "_cylinderVertexCount": 6.0,
    "_stemRadius": 0.05654135346412659,
    "_leafCount": 8.0,
    "_edgeRingCount": 25.0,
    "startPos": {
        "x": 0.0,
        "y": 0.0,
        "z": 0.0
    },
    "tangent1": {
        "x": 0.4232544004917145,
        "y": 0.5649466514587402,
        "z": -0.3633398115634918
    },
    "tangent2": {
        "x": 0.36954209208488467,
        "y": 1.5391573905944825,
        "z": -0.7924140095710754
    },
    "endPos": {
        "x": -0.4553774893283844,
        "y": 4.0,
        "z": -0.9146897792816162
    }
}