{
    "_horizontalLines": 18.0,
    "_verticalLines": 18.0,
    "_radius": 0.02495047077536583,
    "_petalColour": {
        "r": 0.5435356497764587,
        "g": 0.7445368766784668,
        "b": 0.6566563844680786,
        "a": 1.0
    },
    "_cylinderVertexCount": 8.0,
    "_stemRadius": 0.008791990578174591,
    "_leafCount": 8.0,
    "_edgeRingCount": 45.0,
    "startPos": {
        "x": 0.0,
        "y": 0.0,
        "z": 0.0
    },
    "tangent1": {
        "x": -0.035702895373106,
        "y": 1.7643489837646485,
        "z": 0.19425486028194428
    },
    "tangent2": {
        "x": -0.03386974334716797,
        "y": 3.691781520843506,
        "z": -0.15051080286502839
    },
    "endPos": {
        "x": -0.2387142926454544,
        "y": 6.300000190734863,
        "z": -0.6631742119789124
    }
}