{
    "_horizontalLines": 15.0,
    "_verticalLines": 15.0,
    "_radius": 0.049402058124542239,
    "_petalColour": {
        "r": 0.6748496294021606,
        "g": 0.4973796010017395,
        "b": 0.7742241621017456,
        "a": 1.0
    },
    "_cylinderVertexCount": 8.0,
    "_stemRadius": 0.028001541271805764,
    "_leafCount": 8.0,
    "_edgeRingCount": 45.0,
    "startPos": {
        "x": 0.0,
        "y": 0.0,
        "z": 0.0
    },
    "tangent1": {
        "x": -0.38774871826171877,
        "y": 1.2097934484481812,
        "z": -0.37810802459716799
    },
    "tangent2": {
        "x": -0.6639657020568848,
        "y": 1.5813953876495362,
        "z": -0.7653597593307495
    },
    "endPos": {
        "x": 0.15554529428482057,
        "y": 4.4216766357421879,
        "z": -0.8222255706787109
    }
}