{
    "_horizontalLines": 16.0,
    "_verticalLines": 18.0,
    "_radius": 0.11567116528749466,
    "_petalColour": {
        "r": 0.6265640258789063,
        "g": 0.13140642642974854,
        "b": 0.5715379118919373,
        "a": 1.0
    },
    "_cylinderVertexCount": 9.0,
    "_stemRadius": 0.07497954368591309,
    "_leafCount": 8.0,
    "_edgeRingCount": 12.0,
    "startPos": {
        "x": 0.0,
        "y": 0.0,
        "z": 0.0
    },
    "tangent1": {
        "x": -0.47640761733055117,
        "y": 1.589577078819275,
        "z": -0.011064005084335804
    },
    "tangent2": {
        "x": -0.8287065625190735,
        "y": 2.70955228805542,
        "z": -0.1083669662475586
    },
    "endPos": {
        "x": -0.018723905086517335,
        "y": 4.0,
        "z": 0.1327921450138092
    }
}