{
    "_horizontalLines": 18.0,
    "_verticalLines": 15.0,
    "_radius": 0.11654063314199448,
    "_petalColour": {
        "r": 0.09445250034332276,
        "g": 0.40606480836868288,
        "b": 0.6758518218994141,
        "a": 1.0
    },
    "_cylinderVertexCount": 12.0,
    "_stemRadius": 0.09106193482875824,
    "_leafCount": 8.0,
    "_edgeRingCount": 12.0,
    "startPos": {
        "x": 0.0,
        "y": 0.0,
        "z": 0.0
    },
    "tangent1": {
        "x": 0.10445742309093476,
        "y": 0.8225391507148743,
        "z": -0.3476102650165558
    },
    "tangent2": {
        "x": 0.5290340781211853,
        "y": 1.0333175659179688,
        "z": -0.01786556839942932
    },
    "endPos": {
        "x": -0.1317998170852661,
        "y": 4.0,
        "z": -0.8590987920761108
    }
}