{
    "_horizontalLines": 18.0,
    "_verticalLines": 17.0,
    "_radius": 0.0744750127196312,
    "_petalColour": {
        "r": 0.08279573917388916,
        "g": 0.08545207977294922,
        "b": 0.4298720955848694,
        "a": 1.0
    },
    "_cylinderVertexCount": 7.0,
    "_stemRadius": 0.07386532425880432,
    "_leafCount": 8.0,
    "_edgeRingCount": 35.0,
    "startPos": {
        "x": 0.0,
        "y": 0.0,
        "z": 0.0
    },
    "tangent1": {
        "x": 0.1851024478673935,
        "y": 1.9425296783447266,
        "z": 0.49884462356567385
    },
    "tangent2": {
        "x": -0.01615506410598755,
        "y": 3.4822235107421877,
        "z": 0.9881197214126587
    },
    "endPos": {
        "x": 0.2884901463985443,
        "y": 6.300000190734863,
        "z": 1.6715213060379029
    }
}