{
    "_horizontalLines": 18.0,
    "_verticalLines": 17.0,
    "_radius": 0.11788638681173325,
    "_petalColour": {
        "r": 0.6331009864807129,
        "g": 0.8113447427749634,
        "b": 0.7910891771316528,
        "a": 1.0
    },
    "_cylinderVertexCount": 5.0,
    "_stemRadius": 0.10261460393667221,
    "_leafCount": 8.0,
    "_edgeRingCount": 10.0,
    "startPos": {
        "x": 0.0,
        "y": 0.0,
        "z": 0.0
    },
    "tangent1": {
        "x": 0.029125165194272996,
        "y": 0.8565778732299805,
        "z": 0.11777062714099884
    },
    "tangent2": {
        "x": 0.49012959003448489,
        "y": 2.0844321250915529,
        "z": 0.10612383484840393
    },
    "endPos": {
        "x": 0.15675988793373109,
        "y": 5.097382545471191,
        "z": -0.5263782739639282
    }
}