{
    "_horizontalLines": 17.0,
    "_verticalLines": 16.0,
    "_radius": 0.06511495262384415,
    "_petalColour": {
        "r": 0.3994753956794739,
        "g": 0.06179547309875488,
        "b": 0.0506666898727417,
        "a": 1.0
    },
    "_cylinderVertexCount": 7.0,
    "_stemRadius": 0.05861330032348633,
    "_leafCount": 8.0,
    "_edgeRingCount": 43.0,
    "startPos": {
        "x": 0.0,
        "y": 0.0,
        "z": 0.0
    },
    "tangent1": {
        "x": -0.09996037185192108,
        "y": 1.138647437095642,
        "z": 0.4348548948764801
    },
    "tangent2": {
        "x": 0.1777603179216385,
        "y": 1.6168816089630128,
        "z": 0.32368940114974978
    },
    "endPos": {
        "x": -0.6797529458999634,
        "y": 4.0,
        "z": 1.1014811992645264
    }
}