{
    "_horizontalLines": 19.0,
    "_verticalLines": 16.0,
    "_radius": 0.11431140452623368,
    "_petalColour": {
        "r": 0.32484346628189089,
        "g": 0.3651217818260193,
        "b": 0.3625820279121399,
        "a": 1.0
    },
    "_cylinderVertexCount": 12.0,
    "_stemRadius": 0.06963663548231125,
    "_leafCount": 8.0,
    "_edgeRingCount": 35.0,
    "startPos": {
        "x": 0.0,
        "y": 0.0,
        "z": 0.0
    },
    "tangent1": {
        "x": -0.13289637863636018,
        "y": 1.191812515258789,
        "z": 0.0556454174220562
    },
    "tangent2": {
        "x": -0.21002212166786195,
        "y": 1.8475348949432374,
        "z": 0.0659642219543457
    },
    "endPos": {
        "x": 0.6033468246459961,
        "y": 4.0,
        "z": 0.7435879707336426
    }
}