{
    "_horizontalLines": 19.0,
    "_verticalLines": 18.0,
    "_radius": 0.11272020637989044,
    "_petalColour": {
        "r": 0.8868206739425659,
        "g": 0.10740721225738526,
        "b": 0.22120940685272218,
        "a": 1.0
    },
    "_cylinderVertexCount": 10.0,
    "_stemRadius": 0.08651923388242722,
    "_leafCount": 8.0,
    "_edgeRingCount": 4.0,
    "startPos": {
        "x": 0.0,
        "y": 0.0,
        "z": 0.0
    },
    "tangent1": {
        "x": -0.4822053909301758,
        "y": 1.4449046850204468,
        "z": 0.2762106657028198
    },
    "tangent2": {
        "x": -0.5975293517112732,
        "y": 1.7691853046417237,
        "z": 0.24421150982379914
    },
    "endPos": {
        "x": -0.1335117220878601,
        "y": 4.503292560577393,
        "z": 0.8681991696357727
    }
}