{
    "_horizontalLines": 15.0,
    "_verticalLines": 16.0,
    "_radius": 0.0573057122528553,
    "_petalColour": {
        "r": 0.6802302598953247,
        "g": 0.2679280638694763,
        "b": 0.619278609752655,
        "a": 1.0
    },
    "_cylinderVertexCount": 9.0,
    "_stemRadius": 0.039012420922517779,
    "_leafCount": 8.0,
    "_edgeRingCount": 63.0,
    "startPos": {
        "x": 0.0,
        "y": 0.0,
        "z": 0.0
    },
    "tangent1": {
        "x": 0.07966546714305878,
        "y": 0.6408618688583374,
        "z": 0.1513962596654892
    },
    "tangent2": {
        "x": -0.14506196975708009,
        "y": 1.9031023979187012,
        "z": -0.26458901166915896
    },
    "endPos": {
        "x": -0.3378826975822449,
        "y": 4.0,
        "z": 0.40647292137145998
    }
}