{
    "_horizontalLines": 19.0,
    "_verticalLines": 18.0,
    "_radius": 0.12887367606163026,
    "_petalColour": {
        "r": 0.7167657613754273,
        "g": 0.16733551025390626,
        "b": 0.32681649923324587,
        "a": 1.0
    },
    "_cylinderVertexCount": 8.0,
    "_stemRadius": 0.09140171855688095,
    "_leafCount": 8.0,
    "_edgeRingCount": 6.0,
    "startPos": {
        "x": 0.0,
        "y": 0.0,
        "z": 0.0
    },
    "tangent1": {
        "x": -0.44402503967285159,
        "y": 1.1203140020370484,
        "z": -0.046526145190000537
    },
    "tangent2": {
        "x": -0.20141136646270753,
        "y": 2.0593550205230715,
        "z": 0.15968863666057588
    },
    "endPos": {
        "x": -0.46958014369010928,
        "y": 4.0,
        "z": 0.9477167129516602
    }
}