{
    "_horizontalLines": 15.0,
    "_verticalLines": 18.0,
    "_radius": 0.05856933444738388,
    "_petalColour": {
        "r": 0.9895296096801758,
        "g": 0.9707356691360474,
        "b": 0.3740258812904358,
        "a": 1.0
    },
    "_cylinderVertexCount": 9.0,
    "_stemRadius": 0.03162386268377304,
    "_leafCount": 8.0,
    "_edgeRingCount": 36.0,
    "startPos": {
        "x": 0.0,
        "y": 0.0,
        "z": 0.0
    },
    "tangent1": {
        "x": 0.4359807074069977,
        "y": 1.4123603105545045,
        "z": 0.10451169312000275
    },
    "tangent2": {
        "x": 0.17908301949501038,
        "y": 2.3495125770568849,
        "z": -0.3146037459373474
    },
    "endPos": {
        "x": -0.0670173317193985,
        "y": 4.028932094573975,
        "z": -0.38784024119377139
    }
}