{
    "_horizontalLines": 19.0,
    "_verticalLines": 18.0,
    "_radius": 0.10631104558706284,
    "_petalColour": {
        "r": 0.8775337934494019,
        "g": 0.6515815258026123,
        "b": 0.17821896076202393,
        "a": 1.0
    },
    "_cylinderVertexCount": 14.0,
    "_stemRadius": 0.10424727201461792,
    "_leafCount": 8.0,
    "_edgeRingCount": 42.0,
    "startPos": {
        "x": 0.0,
        "y": 0.0,
        "z": 0.0
    },
    "tangent1": {
        "x": 0.08716730773448944,
        "y": 1.7675418853759766,
        "z": -0.03904109075665474
    },
    "tangent2": {
        "x": 0.07614549994468689,
        "y": 3.21108341217041,
        "z": 0.09982293844223023
    },
    "endPos": {
        "x": 0.44471827149391177,
        "y": 4.2586493492126469,
        "z": 0.7013420462608337
    }
}