{
    "_horizontalLines": 17.0,
    "_verticalLines": 16.0,
    "_radius": 0.08548549562692642,
    "_petalColour": {
        "r": 0.02149224281311035,
        "g": 0.25751417875289919,
        "b": 0.5060557723045349,
        "a": 1.0
    },
    "_cylinderVertexCount": 10.0,
    "_stemRadius": 0.053691402077674869,
    "_leafCount": 8.0,
    "_edgeRingCount": 60.0,
    "startPos": {
        "x": 0.0,
        "y": 0.0,
        "z": 0.0
    },
    "tangent1": {
        "x": 0.41767844557762148,
        "y": 0.828103244304657,
        "z": -0.09922905266284943
    },
    "tangent2": {
        "x": 0.545154869556427,
        "y": 1.6750895977020264,
        "z": 0.09866741299629212
    },
    "endPos": {
        "x": 0.12720420956611634,
        "y": 4.0,
        "z": 0.5409109592437744
    }
}