{
    "_horizontalLines": 18.0,
    "_verticalLines": 17.0,
    "_radius": 0.0711861401796341,
    "_petalColour": {
        "r": 0.455333411693573,
        "g": 0.9829753637313843,
        "b": 0.46552759408950808,
        "a": 1.0
    },
    "_cylinderVertexCount": 9.0,
    "_stemRadius": 0.04267650097608566,
    "_leafCount": 8.0,
    "_edgeRingCount": 5.0,
    "startPos": {
        "x": 0.0,
        "y": 0.0,
        "z": 0.0
    },
    "tangent1": {
        "x": -0.2659127712249756,
        "y": 1.2350311279296876,
        "z": -0.05705590173602104
    },
    "tangent2": {
        "x": -0.6914300322532654,
        "y": 1.4116113185882569,
        "z": 0.07930128276348114
    },
    "endPos": {
        "x": -0.8655065894126892,
        "y": 4.764437198638916,
        "z": -0.656027615070343
    }
}