{
    "_horizontalLines": 16.0,
    "_verticalLines": 17.0,
    "_radius": 0.1417606770992279,
    "_petalColour": {
        "r": 0.6196582913398743,
        "g": 0.026726722717285157,
        "b": 0.9302213191986084,
        "a": 1.0
    },
    "_cylinderVertexCount": 9.0,
    "_stemRadius": 0.12327565252780914,
    "_leafCount": 8.0,
    "_edgeRingCount": 9.0,
    "startPos": {
        "x": 0.0,
        "y": 0.0,
        "z": 0.0
    },
    "tangent1": {
        "x": -0.3200227916240692,
        "y": 1.423134684562683,
        "z": -0.38690805435180666
    },
    "tangent2": {
        "x": -0.5010899901390076,
        "y": 2.7988522052764894,
        "z": 0.029140174388885499
    },
    "endPos": {
        "x": -0.6299919486045837,
        "y": 4.77890157699585,
        "z": 0.7667044401168823
    }
}