{
    "_horizontalLines": 16.0,
    "_verticalLines": 18.0,
    "_radius": 0.12406723946332932,
    "_petalColour": {
        "r": 0.7025889158248901,
        "g": 0.4720384478569031,
        "b": 0.2863416075706482,
        "a": 1.0
    },
    "_cylinderVertexCount": 14.0,
    "_stemRadius": 0.08550016582012177,
    "_leafCount": 8.0,
    "_edgeRingCount": 40.0,
    "startPos": {
        "x": 0.0,
        "y": 0.0,
        "z": 0.0
    },
    "tangent1": {
        "x": -0.4879094064235687,
        "y": 1.332574486732483,
        "z": 0.3912220001220703
    },
    "tangent2": {
        "x": -0.7161329388618469,
        "y": 1.63621187210083,
        "z": 0.4515673518180847
    },
    "endPos": {
        "x": -1.021140217781067,
        "y": 4.0,
        "z": 0.9694976806640625
    }
}