{
    "_horizontalLines": 15.0,
    "_verticalLines": 15.0,
    "_radius": 0.05340109020471573,
    "_petalColour": {
        "r": 0.6765404939651489,
        "g": 0.1599869728088379,
        "b": 0.13559603691101075,
        "a": 1.0
    },
    "_cylinderVertexCount": 12.0,
    "_stemRadius": 0.047236375510692599,
    "_leafCount": 8.0,
    "_edgeRingCount": 30.0,
    "startPos": {
        "x": 0.0,
        "y": 0.0,
        "z": 0.0
    },
    "tangent1": {
        "x": 0.2941945791244507,
        "y": 0.6637939214706421,
        "z": -0.03421349450945854
    },
    "tangent2": {
        "x": 0.10996691882610321,
        "y": 1.3001644611358643,
        "z": -0.14146637916564942
    },
    "endPos": {
        "x": 0.126322939991951,
        "y": 4.0,
        "z": -0.3028485178947449
    }
}