{
    "_horizontalLines": 16.0,
    "_verticalLines": 18.0,
    "_radius": 0.05472005903720856,
    "_petalColour": {
        "r": 0.7092901468276978,
        "g": 0.6576813459396362,
        "b": 0.509630024433136,
        "a": 1.0
    },
    "_cylinderVertexCount": 8.0,
    "_stemRadius": 0.024781696498394014,
    "_leafCount": 8.0,
    "_edgeRingCount": 39.0,
    "startPos": {
        "x": 0.0,
        "y": 0.0,
        "z": 0.0
    },
    "tangent1": {
        "x": -0.43969231843948367,
        "y": 0.3830164074897766,
        "z": 0.1702326536178589
    },
    "tangent2": {
        "x": -0.22059231996536256,
        "y": 0.5437418222427368,
        "z": 0.36087271571159365
    },
    "endPos": {
        "x": -0.8250896334648132,
        "y": 4.0,
        "z": 0.8319166898727417
    }
}