{
    "_horizontalLines": 19.0,
    "_verticalLines": 17.0,
    "_radius": 0.09213565289974213,
    "_petalColour": {
        "r": 0.5747868418693543,
        "g": 0.32263416051864626,
        "b": 0.36529475450515749,
        "a": 1.0
    },
    "_cylinderVertexCount": 5.0,
    "_stemRadius": 0.08716373890638352,
    "_leafCount": 8.0,
    "_edgeRingCount": 27.0,
    "startPos": {
        "x": 0.0,
        "y": 0.0,
        "z": 0.0
    },
    "tangent1": {
        "x": -0.4386769235134125,
        "y": 1.2862342596054078,
        "z": -0.2563377320766449
    },
    "tangent2": {
        "x": 0.05391007661819458,
        "y": 2.7566018104553224,
        "z": -0.20689906179904939
    },
    "endPos": {
        "x": -0.48652184009552,
        "y": 4.1060099601745609,
        "z": 0.08294649422168732
    }
}