{
    "_horizontalLines": 19.0,
    "_verticalLines": 18.0,
    "_radius": 0.03656712546944618,
    "_petalColour": {
        "r": 0.6460897922515869,
        "g": 0.5935433506965637,
        "b": 0.009849786758422852,
        "a": 1.0
    },
    "_cylinderVertexCount": 6.0,
    "_stemRadius": 0.012414525263011456,
    "_leafCount": 8.0,
    "_edgeRingCount": 51.0,
    "startPos": {
        "x": 0.0,
        "y": 0.0,
        "z": 0.0
    },
    "tangent1": {
        "x": -0.30146893858909609,
        "y": 1.1825685501098633,
        "z": -0.08084850013256073
    },
    "tangent2": {
        "x": -0.1570730209350586,
        "y": 2.1655149459838869,
        "z": 0.20202679932117463
    },
    "endPos": {
        "x": -0.0885021910071373,
        "y": 5.441865921020508,
        "z": -0.657485842704773
    }
}