{
    "_horizontalLines": 16.0,
    "_verticalLines": 19.0,
    "_radius": 0.11595267802476883,
    "_petalColour": {
        "r": 0.9614847898483276,
        "g": 0.012617826461791993,
        "b": 0.8640600442886353,
        "a": 1.0
    },
    "_cylinderVertexCount": 10.0,
    "_stemRadius": 0.06791343539953232,
    "_leafCount": 8.0,
    "_edgeRingCount": 56.0,
    "startPos": {
        "x": 0.0,
        "y": 0.0,
        "z": 0.0
    },
    "tangent1": {
        "x": -0.36025047302246096,
        "y": 0.9119884371757507,
        "z": 0.4295443594455719
    },
    "tangent2": {
        "x": -0.4492320418357849,
        "y": 2.223543882369995,
        "z": -0.027870655059814454
    },
    "endPos": {
        "x": -1.319348931312561,
        "y": 4.0,
        "z": -0.016617976129055024
    }
}