{
    "_horizontalLines": 19.0,
    "_verticalLines": 18.0,
    "_radius": 0.09858602285385132,
    "_petalColour": {
        "r": 0.8058712482452393,
        "g": 0.7036091089248657,
        "b": 0.4988657832145691,
        "a": 1.0
    },
    "_cylinderVertexCount": 9.0,
    "_stemRadius": 0.08897474408149719,
    "_leafCount": 8.0,
    "_edgeRingCount": 6.0,
    "startPos": {
        "x": 0.0,
        "y": 0.0,
        "z": 0.0
    },
    "tangent1": {
        "x": 0.4676799774169922,
        "y": 0.09560088813304901,
        "z": 0.1961098611354828
    },
    "tangent2": {
        "x": 0.4286234974861145,
        "y": 0.88425612449646,
        "z": -0.04330487549304962
    },
    "endPos": {
        "x": 0.6924285888671875,
        "y": 4.0,
        "z": -0.1228766217827797
    }
}