{
    "_horizontalLines": 19.0,
    "_verticalLines": 19.0,
    "_radius": 0.08788871765136719,
    "_petalColour": {
        "r": 0.5753414034843445,
        "g": 0.9170675277709961,
        "b": 0.4373592734336853,
        "a": 1.0
    },
    "_cylinderVertexCount": 9.0,
    "_stemRadius": 0.07935570925474167,
    "_leafCount": 8.0,
    "_edgeRingCount": 41.0,
    "startPos": {
        "x": 0.0,
        "y": 0.0,
        "z": 0.0
    },
    "tangent1": {
        "x": 0.2860804498195648,
        "y": 0.3651677966117859,
        "z": -0.3729061186313629
    },
    "tangent2": {
        "x": 0.4898018538951874,
        "y": 2.250643253326416,
        "z": -0.6002759337425232
    },
    "endPos": {
        "x": 0.9602352380752564,
        "y": 4.0,
        "z": 0.11614596843719483
    }
}