{
    "_horizontalLines": 15.0,
    "_verticalLines": 19.0,
    "_radius": 0.06417955458164215,
    "_petalColour": {
        "r": 0.5789509415626526,
        "g": 0.748654842376709,
        "b": 0.061002254486083987,
        "a": 1.0
    },
    "_cylinderVertexCount": 14.0,
    "_stemRadius": 0.028829509392380716,
    "_leafCount": 8.0,
    "_edgeRingCount": 49.0,
    "startPos": {
        "x": 0.0,
        "y": 0.0,
        "z": 0.0
    },
    "tangent1": {
        "x": -0.3080282211303711,
        "y": 0.3966981768608093,
        "z": -0.19992618262767793
    },
    "tangent2": {
        "x": 0.15696430206298829,
        "y": 1.515631914138794,
        "z": -0.1629217565059662
    },
    "endPos": {
        "x": 0.9383075833320618,
        "y": 4.0,
        "z": 0.32452723383903506
    }
}