{
    "_horizontalLines": 18.0,
    "_verticalLines": 17.0,
    "_radius": 0.05269944667816162,
    "_petalColour": {
        "r": 0.931641697883606,
        "g": 0.19862401485443116,
        "b": 0.7017936706542969,
        "a": 1.0
    },
    "_cylinderVertexCount": 13.0,
    "_stemRadius": 0.03205975890159607,
    "_leafCount": 8.0,
    "_edgeRingCount": 44.0,
    "startPos": {
        "x": 0.0,
        "y": 0.0,
        "z": 0.0
    },
    "tangent1": {
        "x": 0.10173515975475311,
        "y": 1.786706566810608,
        "z": 0.014438915066421032
    },
    "tangent2": {
        "x": 0.2163529396057129,
        "y": 3.2435436248779299,
        "z": 0.03939519077539444
    },
    "endPos": {
        "x": 0.447827011346817,
        "y": 6.25144100189209,
        "z": -0.4421024024486542
    }
}