{
    "_horizontalLines": 19.0,
    "_verticalLines": 19.0,
    "_radius": 0.11574748903512955,
    "_petalColour": {
        "r": 0.47217875719070437,
        "g": 0.5172600150108337,
        "b": 0.6594328880310059,
        "a": 1.0
    },
    "_cylinderVertexCount": 9.0,
    "_stemRadius": 0.08747152984142304,
    "_leafCount": 8.0,
    "_edgeRingCount": 14.0,
    "startPos": {
        "x": 0.0,
        "y": 0.0,
        "z": 0.0
    },
    "tangent1": {
        "x": -0.37518444657325747,
        "y": 1.4518767595291138,
        "z": 0.15453395247459413
    },
    "tangent2": {
        "x": -0.5718752145767212,
        "y": 3.430316925048828,
        "z": 0.4503658711910248
    },
    "endPos": {
        "x": 0.06747722625732422,
        "y": 4.0,
        "z": -0.20925554633140565
    }
}