{
    "_horizontalLines": 18.0,
    "_verticalLines": 15.0,
    "_radius": 0.06224510446190834,
    "_petalColour": {
        "r": 0.23813879489898683,
        "g": 0.789800763130188,
        "b": 0.1435922384262085,
        "a": 1.0
    },
    "_cylinderVertexCount": 7.0,
    "_stemRadius": 0.04014425352215767,
    "_leafCount": 8.0,
    "_edgeRingCount": 57.0,
    "startPos": {
        "x": 0.0,
        "y": 0.0,
        "z": 0.0
    },
    "tangent1": {
        "x": 0.09857754409313202,
        "y": 0.8986995816230774,
        "z": 0.039315033704042438
    },
    "tangent2": {
        "x": 0.03508099913597107,
        "y": 0.9794454574584961,
        "z": -0.45059508085250857
    },
    "endPos": {
        "x": -0.7239232063293457,
        "y": 4.0,
        "z": -0.2517462968826294
    }
}