{
    "_horizontalLines": 18.0,
    "_verticalLines": 19.0,
    "_radius": 0.08697459101676941,
    "_petalColour": {
        "r": 0.9429928064346314,
        "g": 0.20859301090240479,
        "b": 0.49200135469436648,
        "a": 1.0
    },
    "_cylinderVertexCount": 6.0,
    "_stemRadius": 0.04943646490573883,
    "_leafCount": 8.0,
    "_edgeRingCount": 58.0,
    "startPos": {
        "x": 0.0,
        "y": 0.0,
        "z": 0.0
    },
    "tangent1": {
        "x": 0.2144017219543457,
        "y": 0.9259549975395203,
        "z": -0.23987917602062226
    },
    "tangent2": {
        "x": 0.0758783370256424,
        "y": 1.4694377183914185,
        "z": -0.7091349959373474
    },
    "endPos": {
        "x": 0.06707189232110977,
        "y": 4.421905040740967,
        "z": -1.2793025970458985
    }
}