{
    "_horizontalLines": 15.0,
    "_verticalLines": 15.0,
    "_radius": 0.03162778541445732,
    "_petalColour": {
        "r": 0.8671787977218628,
        "g": 0.2578718066215515,
        "b": 0.3882676959037781,
        "a": 1.0
    },
    "_cylinderVertexCount": 14.0,
    "_stemRadius": 0.026041943579912187,
    "_leafCount": 8.0,
    "_edgeRingCount": 8.0,
    "startPos": {
        "x": 0.0,
        "y": 0.0,
        "z": 0.0
    },
    "tangent1": {
        "x": -0.3183346688747406,
        "y": 0.2595365643501282,
        "z": -0.27353668212890627
    },
    "tangent2": {
        "x": -0.1249668300151825,
        "y": 0.6153093576431274,
        "z": 0.03820931911468506
    },
    "endPos": {
        "x": -0.7952898740768433,
        "y": 4.0,
        "z": -0.5764250755310059
    }
}