{
    "_horizontalLines": 15.0,
    "_verticalLines": 15.0,
    "_radius": 0.041101835668087009,
    "_petalColour": {
        "r": 0.5735719799995422,
        "g": 0.07066738605499268,
        "b": 0.8675007820129395,
        "a": 1.0
    },
    "_cylinderVertexCount": 12.0,
    "_stemRadius": 0.03853132203221321,
    "_leafCount": 8.0,
    "_edgeRingCount": 3.0,
    "startPos": {
        "x": 0.0,
        "y": 0.0,
        "z": 0.0
    },
    "tangent1": {
        "x": -0.26184797286987307,
        "y": 1.9489253759384156,
        "z": 0.437671422958374
    },
    "tangent2": {
        "x": -0.574834942817688,
        "y": 2.8044486045837404,
        "z": 0.07405734062194824
    },
    "endPos": {
        "x": 0.20174115896224976,
        "y": 4.0,
        "z": 0.501630961894989
    }
}