{
    "_horizontalLines": 19.0,
    "_verticalLines": 15.0,
    "_radius": 0.11778939515352249,
    "_petalColour": {
        "r": 0.8582949638366699,
        "g": 0.40581756830215456,
        "b": 0.8200448751449585,
        "a": 1.0
    },
    "_cylinderVertexCount": 10.0,
    "_stemRadius": 0.07176938652992249,
    "_leafCount": 8.0,
    "_edgeRingCount": 47.0,
    "startPos": {
        "x": 0.0,
        "y": 0.0,
        "z": 0.0
    },
    "tangent1": {
        "x": -0.14336399734020234,
        "y": 1.0905799865722657,
        "z": -0.27758827805519106
    },
    "tangent2": {
        "x": 0.17513366043567658,
        "y": 1.155733346939087,
        "z": -0.32803162932395937
    },
    "endPos": {
        "x": 0.17811112105846406,
        "y": 4.0,
        "z": -1.160392165184021
    }
}