{
    "_horizontalLines": 19.0,
    "_verticalLines": 19.0,
    "_radius": 0.04995649680495262,
    "_petalColour": {
        "r": 0.7775532007217407,
        "g": 0.25738662481307986,
        "b": 0.6149925589561462,
        "a": 1.0
    },
    "_cylinderVertexCount": 5.0,
    "_stemRadius": 0.03012423776090145,
    "_leafCount": 8.0,
    "_edgeRingCount": 14.0,
    "startPos": {
        "x": 0.0,
        "y": 0.0,
        "z": 0.0
    },
    "tangent1": {
        "x": 0.4357806146144867,
        "y": 1.7717536687850953,
        "z": 0.17576931416988374
    },
    "tangent2": {
        "x": 0.2758868932723999,
        "y": 2.4339661598205568,
        "z": 0.14159101247787476
    },
    "endPos": {
        "x": -0.1657905876636505,
        "y": 4.0,
        "z": 0.6096295118331909
    }
}