{
    "_horizontalLines": 16.0,
    "_verticalLines": 16.0,
    "_radius": 0.10399582237005234,
    "_petalColour": {
        "r": 0.6333370208740234,
        "g": 0.6762734651565552,
        "b": 0.7823855876922607,
        "a": 1.0
    },
    "_cylinderVertexCount": 12.0,
    "_stemRadius": 0.06651265174150467,
    "_leafCount": 8.0,
    "_edgeRingCount": 64.0,
    "startPos": {
        "x": 0.0,
        "y": 0.0,
        "z": 0.0
    },
    "tangent1": {
        "x": -0.2336302250623703,
        "y": 0.013510513119399548,
        "z": 0.4381299912929535
    },
    "tangent2": {
        "x": -0.4717395305633545,
        "y": 1.0249121189117432,
        "z": -0.031006425619125367
    },
    "endPos": {
        "x": -0.8119572401046753,
        "y": 4.0,
        "z": -0.7024946212768555
    }
}