{
    "_horizontalLines": 19.0,
    "_verticalLines": 17.0,
    "_radius": 0.09239199757575989,
    "_petalColour": {
        "r": 0.695588231086731,
        "g": 0.4070245623588562,
        "b": 0.7237548828125,
        "a": 1.0
    },
    "_cylinderVertexCount": 7.0,
    "_stemRadius": 0.06994668394327164,
    "_leafCount": 8.0,
    "_edgeRingCount": 42.0,
    "startPos": {
        "x": 0.0,
        "y": 0.0,
        "z": 0.0
    },
    "tangent1": {
        "x": -0.24619527161121369,
        "y": 1.2739238739013672,
        "z": 0.32183218002319338
    },
    "tangent2": {
        "x": -0.1085040271282196,
        "y": 3.172903537750244,
        "z": -0.17278528213500977
    },
    "endPos": {
        "x": -0.31098079681396487,
        "y": 4.0,
        "z": -0.12532642483711244
    }
}