{
    "_horizontalLines": 16.0,
    "_verticalLines": 19.0,
    "_radius": 0.10168417543172836,
    "_petalColour": {
        "r": 0.6136403679847717,
        "g": 0.24516510963439942,
        "b": 0.5835979580879211,
        "a": 1.0
    },
    "_cylinderVertexCount": 13.0,
    "_stemRadius": 0.07032065093517304,
    "_leafCount": 8.0,
    "_edgeRingCount": 38.0,
    "startPos": {
        "x": 0.0,
        "y": 0.0,
        "z": 0.0
    },
    "tangent1": {
        "x": 0.23041272163391114,
        "y": 1.9321403503417969,
        "z": 0.16901671886444093
    },
    "tangent2": {
        "x": 0.6974132061004639,
        "y": 1.937711477279663,
        "z": 0.40654265880584719
    },
    "endPos": {
        "x": 1.2326507568359376,
        "y": 4.0,
        "z": 0.5759674906730652
    }
}