{
    "_horizontalLines": 18.0,
    "_verticalLines": 16.0,
    "_radius": 0.06816203147172928,
    "_petalColour": {
        "r": 0.34261268377304079,
        "g": 0.6576856374740601,
        "b": 0.48710542917251589,
        "a": 1.0
    },
    "_cylinderVertexCount": 12.0,
    "_stemRadius": 0.06797750294208527,
    "_leafCount": 8.0,
    "_edgeRingCount": 4.0,
    "startPos": {
        "x": 0.0,
        "y": 0.0,
        "z": 0.0
    },
    "tangent1": {
        "x": 0.26486730575561526,
        "y": 1.7594966888427735,
        "z": 0.3326556980609894
    },
    "tangent2": {
        "x": 0.5182089805603027,
        "y": 1.8842599391937256,
        "z": -0.14346924424171449
    },
    "endPos": {
        "x": 0.08613809943199158,
        "y": 4.0,
        "z": 0.7295182943344116
    }
}