{
    "_horizontalLines": 16.0,
    "_verticalLines": 16.0,
    "_radius": 0.10419376939535141,
    "_petalColour": {
        "r": 0.5965633988380432,
        "g": 0.4904995560646057,
        "b": 0.07432341575622559,
        "a": 1.0
    },
    "_cylinderVertexCount": 8.0,
    "_stemRadius": 0.056030888110399249,
    "_leafCount": 8.0,
    "_edgeRingCount": 39.0,
    "startPos": {
        "x": 0.0,
        "y": 0.0,
        "z": 0.0
    },
    "tangent1": {
        "x": 0.37474966049194338,
        "y": 1.6004558801651,
        "z": 0.4211065173149109
    },
    "tangent2": {
        "x": -0.11912393569946289,
        "y": 1.8563628196716309,
        "z": 0.4611700773239136
    },
    "endPos": {
        "x": -0.9598514437675476,
        "y": 4.0,
        "z": 0.6997287273406982
    }
}