{
    "_horizontalLines": 15.0,
    "_verticalLines": 18.0,
    "_radius": 0.1301736831665039,
    "_petalColour": {
        "r": 0.3635480999946594,
        "g": 0.9718793630599976,
        "b": 0.5206384062767029,
        "a": 1.0
    },
    "_cylinderVertexCount": 6.0,
    "_stemRadius": 0.08552473783493042,
    "_leafCount": 8.0,
    "_edgeRingCount": 36.0,
    "startPos": {
        "x": 0.0,
        "y": 0.0,
        "z": 0.0
    },
    "tangent1": {
        "x": -0.06036729738116264,
        "y": 1.3354309797286988,
        "z": -0.34870243072509768
    },
    "tangent2": {
        "x": -0.3570372462272644,
        "y": 2.721957206726074,
        "z": 0.062418460845947269
    },
    "endPos": {
        "x": 0.04625469446182251,
        "y": 4.0,
        "z": 0.04314432293176651
    }
}