{
    "_horizontalLines": 15.0,
    "_verticalLines": 18.0,
    "_radius": 0.08213049173355103,
    "_petalColour": {
        "r": 0.11175322532653809,
        "g": 0.09459793567657471,
        "b": 0.953372597694397,
        "a": 1.0
    },
    "_cylinderVertexCount": 11.0,
    "_stemRadius": 0.050455495715141299,
    "_leafCount": 8.0,
    "_edgeRingCount": 24.0,
    "startPos": {
        "x": 0.0,
        "y": 0.0,
        "z": 0.0
    },
    "tangent1": {
        "x": 0.10918478667736054,
        "y": 0.4456203579902649,
        "z": 0.2401934564113617
    },
    "tangent2": {
        "x": -0.1254359781742096,
        "y": 0.7366377115249634,
        "z": -0.10259312391281128
    },
    "endPos": {
        "x": -0.9830622673034668,
        "y": 4.0,
        "z": 0.6648243069648743
    }
}