{
    "_horizontalLines": 16.0,
    "_verticalLines": 17.0,
    "_radius": 0.053863245993852618,
    "_petalColour": {
        "r": 0.24176514148712159,
        "g": 0.5279808640480042,
        "b": 0.9394891262054443,
        "a": 1.0
    },
    "_cylinderVertexCount": 5.0,
    "_stemRadius": 0.03047337755560875,
    "_leafCount": 8.0,
    "_edgeRingCount": 23.0,
    "startPos": {
        "x": 0.0,
        "y": 0.0,
        "z": 0.0
    },
    "tangent1": {
        "x": -0.4916084408760071,
        "y": 1.4562582969665528,
        "z": -0.21091170608997346
    },
    "tangent2": {
        "x": -0.2550709843635559,
        "y": 3.2566275596618654,
        "z": 0.25731050968170168
    },
    "endPos": {
        "x": -0.11056409776210785,
        "y": 5.2240424156188969,
        "z": 0.03975538909435272
    }
}