{
    "_horizontalLines": 16.0,
    "_verticalLines": 19.0,
    "_radius": 0.06580837070941925,
    "_petalColour": {
        "r": 0.17986822128295899,
        "g": 0.6076745390892029,
        "b": 0.742348313331604,
        "a": 1.0
    },
    "_cylinderVertexCount": 6.0,
    "_stemRadius": 0.038755014538764957,
    "_leafCount": 8.0,
    "_edgeRingCount": 7.0,
    "startPos": {
        "x": 0.0,
        "y": 0.0,
        "z": 0.0
    },
    "tangent1": {
        "x": -0.35931089520454409,
        "y": 0.9948177337646484,
        "z": -0.145718052983284
    },
    "tangent2": {
        "x": -0.49735337495803835,
        "y": 2.4669809341430666,
        "z": -0.21645283699035645
    },
    "endPos": {
        "x": -0.3582819104194641,
        "y": 5.140793800354004,
        "z": -0.3052932322025299
    }
}