{
    "_horizontalLines": 19.0,
    "_verticalLines": 17.0,
    "_radius": 0.14110758900642396,
    "_petalColour": {
        "r": 0.8750783205032349,
        "g": 0.020523786544799806,
        "b": 0.283657968044281,
        "a": 1.0
    },
    "_cylinderVertexCount": 6.0,
    "_stemRadius": 0.09522354602813721,
    "_leafCount": 8.0,
    "_edgeRingCount": 15.0,
    "startPos": {
        "x": 0.0,
        "y": 0.0,
        "z": 0.0
    },
    "tangent1": {
        "x": 0.029473353177309037,
        "y": 0.8145763278007507,
        "z": -0.1681966334581375
    },
    "tangent2": {
        "x": -0.30346694588661196,
        "y": 1.4427039623260499,
        "z": -0.5409068465232849
    },
    "endPos": {
        "x": -0.6037647128105164,
        "y": 4.0,
        "z": -1.1740856170654297
    }
}