{
    "_horizontalLines": 19.0,
    "_verticalLines": 18.0,
    "_radius": 0.05130692198872566,
    "_petalColour": {
        "r": 0.22145020961761475,
        "g": 0.10067713260650635,
        "b": 0.9621301889419556,
        "a": 1.0
    },
    "_cylinderVertexCount": 7.0,
    "_stemRadius": 0.03665083646774292,
    "_leafCount": 8.0,
    "_edgeRingCount": 45.0,
    "startPos": {
        "x": 0.0,
        "y": 0.0,
        "z": 0.0
    },
    "tangent1": {
        "x": -0.32282066345214846,
        "y": 1.7094932794570923,
        "z": -0.4303034842014313
    },
    "tangent2": {
        "x": -0.21443481743335725,
        "y": 1.8377765417099,
        "z": -0.12071830034255982
    },
    "endPos": {
        "x": -0.45337435603141787,
        "y": 4.0,
        "z": -0.2848057746887207
    }
}