{
    "_horizontalLines": 19.0,
    "_verticalLines": 18.0,
    "_radius": 0.1263832151889801,
    "_petalColour": {
        "r": 0.25864118337631228,
        "g": 0.21520638465881349,
        "b": 0.23237192630767823,
        "a": 1.0
    },
    "_cylinderVertexCount": 7.0,
    "_stemRadius": 0.11824594438076019,
    "_leafCount": 8.0,
    "_edgeRingCount": 21.0,
    "startPos": {
        "x": 0.0,
        "y": 0.0,
        "z": 0.0
    },
    "tangent1": {
        "x": 0.09140940010547638,
        "y": 1.291418433189392,
        "z": 0.14369986951351167
    },
    "tangent2": {
        "x": -0.37882089614868166,
        "y": 2.2520432472229006,
        "z": 0.10939472913742066
    },
    "endPos": {
        "x": -0.5014675855636597,
        "y": 4.0,
        "z": -0.3578404486179352
    }
}