{
    "_horizontalLines": 15.0,
    "_verticalLines": 16.0,
    "_radius": 0.06894263625144959,
    "_petalColour": {
        "r": 0.15610277652740479,
        "g": 0.27026790380477908,
        "b": 0.1886051893234253,
        "a": 1.0
    },
    "_cylinderVertexCount": 13.0,
    "_stemRadius": 0.05369342863559723,
    "_leafCount": 8.0,
    "_edgeRingCount": 8.0,
    "startPos": {
        "x": 0.0,
        "y": 0.0,
        "z": 0.0
    },
    "tangent1": {
        "x": -0.0982169657945633,
        "y": 0.34956759214401247,
        "z": 0.255192369222641
    },
    "tangent2": {
        "x": -0.18488287925720216,
        "y": 1.4702332019805909,
        "z": 0.5248755216598511
    },
    "endPos": {
        "x": 0.631960928440094,
        "y": 4.0,
        "z": 0.5055396556854248
    }
}