{
    "_horizontalLines": 17.0,
    "_verticalLines": 18.0,
    "_radius": 0.06660246104001999,
    "_petalColour": {
        "r": 0.08495926856994629,
        "g": 0.49941903352737429,
        "b": 0.38273364305496218,
        "a": 1.0
    },
    "_cylinderVertexCount": 6.0,
    "_stemRadius": 0.05658332258462906,
    "_leafCount": 8.0,
    "_edgeRingCount": 10.0,
    "startPos": {
        "x": 0.0,
        "y": 0.0,
        "z": 0.0
    },
    "tangent1": {
        "x": 0.3629697561264038,
        "y": 0.46257418394088747,
        "z": 0.02147536352276802
    },
    "tangent2": {
        "x": 0.2927873730659485,
        "y": 0.9451398849487305,
        "z": 0.4573197066783905
    },
    "endPos": {
        "x": -0.30294471979141238,
        "y": 4.30751895904541,
        "z": 0.4114363193511963
    }
}