{
    "_horizontalLines": 18.0,
    "_verticalLines": 18.0,
    "_radius": 0.06929464638233185,
    "_petalColour": {
        "r": 0.27999383211135867,
        "g": 0.7138420343399048,
        "b": 0.36946195363998415,
        "a": 1.0
    },
    "_cylinderVertexCount": 7.0,
    "_stemRadius": 0.04048285633325577,
    "_leafCount": 8.0,
    "_edgeRingCount": 15.0,
    "startPos": {
        "x": 0.0,
        "y": 0.0,
        "z": 0.0
    },
    "tangent1": {
        "x": -0.3615812361240387,
        "y": 0.1626245528459549,
        "z": -0.0515410415828228
    },
    "tangent2": {
        "x": -0.27107638120651247,
        "y": 0.4814634323120117,
        "z": -0.3707721531391144
    },
    "endPos": {
        "x": 0.4066811203956604,
        "y": 4.0,
        "z": 0.09583732485771179
    }
}