{
    "_horizontalLines": 16.0,
    "_verticalLines": 18.0,
    "_radius": 0.08474743366241455,
    "_petalColour": {
        "r": 0.1938563585281372,
        "g": 0.8241420984268189,
        "b": 0.8699947595596314,
        "a": 1.0
    },
    "_cylinderVertexCount": 7.0,
    "_stemRadius": 0.06186443939805031,
    "_leafCount": 8.0,
    "_edgeRingCount": 45.0,
    "startPos": {
        "x": 0.0,
        "y": 0.0,
        "z": 0.0
    },
    "tangent1": {
        "x": 0.38707616925239565,
        "y": 0.9612762331962586,
        "z": -0.4827815890312195
    },
    "tangent2": {
        "x": 0.4155162274837494,
        "y": 1.3732051849365235,
        "z": -0.9122869968414307
    },
    "endPos": {
        "x": 0.6166096925735474,
        "y": 4.0,
        "z": -0.0776321291923523
    }
}