{
    "_horizontalLines": 15.0,
    "_verticalLines": 16.0,
    "_radius": 0.1216668114066124,
    "_petalColour": {
        "r": 0.042159080505371097,
        "g": 0.33171290159225466,
        "b": 0.1831371784210205,
        "a": 1.0
    },
    "_cylinderVertexCount": 11.0,
    "_stemRadius": 0.10744085907936096,
    "_leafCount": 8.0,
    "_edgeRingCount": 43.0,
    "startPos": {
        "x": 0.0,
        "y": 0.0,
        "z": 0.0
    },
    "tangent1": {
        "x": -0.1598213165998459,
        "y": 0.646629273891449,
        "z": 0.4081287384033203
    },
    "tangent2": {
        "x": -0.6490891575813294,
        "y": 1.3812711238861085,
        "z": 0.48574310541152956
    },
    "endPos": {
        "x": -1.3914592266082764,
        "y": 4.0,
        "z": 0.2643404006958008
    }
}