{
    "_horizontalLines": 17.0,
    "_verticalLines": 18.0,
    "_radius": 0.08129649609327316,
    "_petalColour": {
        "r": 0.10660421848297119,
        "g": 0.36924511194229128,
        "b": 0.6019874215126038,
        "a": 1.0
    },
    "_cylinderVertexCount": 11.0,
    "_stemRadius": 0.03561034053564072,
    "_leafCount": 8.0,
    "_edgeRingCount": 8.0,
    "startPos": {
        "x": 0.0,
        "y": 0.0,
        "z": 0.0
    },
    "tangent1": {
        "x": 0.052741337567567828,
        "y": 0.20312805473804475,
        "z": 0.11355657875537873
    },
    "tangent2": {
        "x": -0.40474843978881838,
        "y": 1.259544014930725,
        "z": -0.03643569350242615
    },
    "endPos": {
        "x": -1.2732505798339844,
        "y": 4.0,
        "z": -0.6272194385528565
    }
}