{
    "_horizontalLines": 18.0,
    "_verticalLines": 17.0,
    "_radius": 0.08107174932956696,
    "_petalColour": {
        "r": 0.683835506439209,
        "g": 0.18004107475280763,
        "b": 0.5088134407997131,
        "a": 1.0
    },
    "_cylinderVertexCount": 9.0,
    "_stemRadius": 0.0786878690123558,
    "_leafCount": 8.0,
    "_edgeRingCount": 29.0,
    "startPos": {
        "x": 0.0,
        "y": 0.0,
        "z": 0.0
    },
    "tangent1": {
        "x": -0.2781997621059418,
        "y": 1.8038219213485718,
        "z": 0.07868309319019318
    },
    "tangent2": {
        "x": -0.4184611439704895,
        "y": 2.4631845951080324,
        "z": -0.03695058822631836
    },
    "endPos": {
        "x": -0.04666176438331604,
        "y": 4.0,
        "z": -0.6265264749526978
    }
}