{
    "_horizontalLines": 15.0,
    "_verticalLines": 16.0,
    "_radius": 0.07714388519525528,
    "_petalColour": {
        "r": 0.23321521282196046,
        "g": 0.6915472745895386,
        "b": 0.8036659955978394,
        "a": 1.0
    },
    "_cylinderVertexCount": 6.0,
    "_stemRadius": 0.054531753063201907,
    "_leafCount": 8.0,
    "_edgeRingCount": 35.0,
    "startPos": {
        "x": 0.0,
        "y": 0.0,
        "z": 0.0
    },
    "tangent1": {
        "x": -0.4248410165309906,
        "y": 1.5256210565567017,
        "z": -0.47805672883987429
    },
    "tangent2": {
        "x": -0.6581927537918091,
        "y": 1.8155543804168702,
        "z": -0.5084513425827026
    },
    "endPos": {
        "x": -1.437803030014038,
        "y": 5.002392768859863,
        "z": -1.0557806491851807
    }
}