{
    "_horizontalLines": 19.0,
    "_verticalLines": 19.0,
    "_radius": 0.09217318147420883,
    "_petalColour": {
        "r": 0.9575130939483643,
        "g": 0.05693376064300537,
        "b": 0.9659671783447266,
        "a": 1.0
    },
    "_cylinderVertexCount": 12.0,
    "_stemRadius": 0.06464847922325134,
    "_leafCount": 8.0,
    "_edgeRingCount": 40.0,
    "startPos": {
        "x": 0.0,
        "y": 0.0,
        "z": 0.0
    },
    "tangent1": {
        "x": -0.31973543763160708,
        "y": 0.10163898766040802,
        "z": -0.34928759932518008
    },
    "tangent2": {
        "x": -0.6591581106185913,
        "y": 1.93690824508667,
        "z": -0.230032816529274
    },
    "endPos": {
        "x": -0.8775020837783814,
        "y": 4.0,
        "z": 0.5794796347618103
    }
}