{
    "_horizontalLines": 15.0,
    "_verticalLines": 17.0,
    "_radius": 0.05857614055275917,
    "_petalColour": {
        "r": 0.37557095289230349,
        "g": 0.5809851288795471,
        "b": 0.26579612493515017,
        "a": 1.0
    },
    "_cylinderVertexCount": 14.0,
    "_stemRadius": 0.056960348039865497,
    "_leafCount": 8.0,
    "_edgeRingCount": 64.0,
    "startPos": {
        "x": 0.0,
        "y": 0.0,
        "z": 0.0
    },
    "tangent1": {
        "x": -0.04712076112627983,
        "y": 0.3437421917915344,
        "z": 0.0586123950779438
    },
    "tangent2": {
        "x": 0.018456939607858659,
        "y": 2.251290798187256,
        "z": -0.12770763039588929
    },
    "endPos": {
        "x": -0.5343552827835083,
        "y": 5.462322235107422,
        "z": 0.00898684561252594
    }
}