{
    "_horizontalLines": 17.0,
    "_verticalLines": 16.0,
    "_radius": 0.15908393263816834,
    "_petalColour": {
        "r": 0.39855819940567019,
        "g": 0.5236709713935852,
        "b": 0.0648660659790039,
        "a": 1.0
    },
    "_cylinderVertexCount": 7.0,
    "_stemRadius": 0.1196531429886818,
    "_leafCount": 8.0,
    "_edgeRingCount": 40.0,
    "startPos": {
        "x": 0.0,
        "y": 0.0,
        "z": 0.0
    },
    "tangent1": {
        "x": -0.49536457657814028,
        "y": 0.22732238471508027,
        "z": -0.2847195565700531
    },
    "tangent2": {
        "x": -0.9589160680770874,
        "y": 0.9690854549407959,
        "z": 0.09299173951148987
    },
    "endPos": {
        "x": -1.064537763595581,
        "y": 4.0,
        "z": -0.20996487140655518
    }
}