{
    "_horizontalLines": 16.0,
    "_verticalLines": 18.0,
    "_radius": 0.03853408247232437,
    "_petalColour": {
        "r": 0.3895261883735657,
        "g": 0.8178045749664307,
        "b": 0.877327561378479,
        "a": 1.0
    },
    "_cylinderVertexCount": 7.0,
    "_stemRadius": 0.024229399859905244,
    "_leafCount": 8.0,
    "_edgeRingCount": 49.0,
    "startPos": {
        "x": 0.0,
        "y": 0.0,
        "z": 0.0
    },
    "tangent1": {
        "x": -0.35908105969429018,
        "y": 1.491644263267517,
        "z": -0.2947120666503906
    },
    "tangent2": {
        "x": 0.09572336077690125,
        "y": 2.0573465824127199,
        "z": -0.3953273892402649
    },
    "endPos": {
        "x": -0.5346552133560181,
        "y": 4.0,
        "z": 0.1306779384613037
    }
}