{
    "_horizontalLines": 16.0,
    "_verticalLines": 19.0,
    "_radius": 0.07177342474460602,
    "_petalColour": {
        "r": 0.9946315288543701,
        "g": 0.9053412675857544,
        "b": 0.5466775298118591,
        "a": 1.0
    },
    "_cylinderVertexCount": 6.0,
    "_stemRadius": 0.026502469554543496,
    "_leafCount": 8.0,
    "_edgeRingCount": 57.0,
    "startPos": {
        "x": 0.0,
        "y": 0.0,
        "z": 0.0
    },
    "tangent1": {
        "x": -0.0010614872444421054,
        "y": 1.273476004600525,
        "z": -0.018198538571596147
    },
    "tangent2": {
        "x": 0.2925739586353302,
        "y": 2.2155699729919435,
        "z": -0.3500213325023651
    },
    "endPos": {
        "x": -0.554269552230835,
        "y": 4.0,
        "z": -1.0839436054229737
    }
}