{
    "_horizontalLines": 15.0,
    "_verticalLines": 17.0,
    "_radius": 0.09891574829816818,
    "_petalColour": {
        "r": 0.574013888835907,
        "g": 0.018590450286865236,
        "b": 0.6799764633178711,
        "a": 1.0
    },
    "_cylinderVertexCount": 6.0,
    "_stemRadius": 0.059760477393865588,
    "_leafCount": 8.0,
    "_edgeRingCount": 47.0,
    "startPos": {
        "x": 0.0,
        "y": 0.0,
        "z": 0.0
    },
    "tangent1": {
        "x": 0.24613988399505616,
        "y": 0.1715518981218338,
        "z": 0.4095439016819
    },
    "tangent2": {
        "x": 0.15152223408222199,
        "y": 1.9591286182403565,
        "z": 0.21934743225574494
    },
    "endPos": {
        "x": 0.46042513847351076,
        "y": 4.0,
        "z": 0.45909857749938967
    }
}