{
    "_horizontalLines": 16.0,
    "_verticalLines": 17.0,
    "_radius": 0.0347854420542717,
    "_petalColour": {
        "r": 0.8322471380233765,
        "g": 0.11274957656860352,
        "b": 0.6015157103538513,
        "a": 1.0
    },
    "_cylinderVertexCount": 8.0,
    "_stemRadius": 0.030985306948423387,
    "_leafCount": 8.0,
    "_edgeRingCount": 30.0,
    "startPos": {
        "x": 0.0,
        "y": 0.0,
        "z": 0.0
    },
    "tangent1": {
        "x": -0.017366599291563035,
        "y": 1.5779705047607422,
        "z": 0.2437509298324585
    },
    "tangent2": {
        "x": 0.20941607654094697,
        "y": 1.8162682056427003,
        "z": 0.2207893580198288
    },
    "endPos": {
        "x": 1.0799670219421387,
        "y": 4.080960273742676,
        "z": -0.32480722665786745
    }
}