{
    "_horizontalLines": 19.0,
    "_verticalLines": 19.0,
    "_radius": 0.0931648313999176,
    "_petalColour": {
        "r": 0.8982399702072144,
        "g": 0.4252961277961731,
        "b": 0.824459433555603,
        "a": 1.0
    },
    "_cylinderVertexCount": 10.0,
    "_stemRadius": 0.07628966122865677,
    "_leafCount": 8.0,
    "_edgeRingCount": 31.0,
    "startPos": {
        "x": 0.0,
        "y": 0.0,
        "z": 0.0
    },
    "tangent1": {
        "x": -0.17738156020641328,
        "y": 1.4260467290878297,
        "z": 0.24527177214622498
    },
    "tangent2": {
        "x": -0.12215647101402283,
        "y": 3.246389389038086,
        "z": -0.016909509897232057
    },
    "endPos": {
        "x": -0.9091852903366089,
        "y": 5.988086223602295,
        "z": -0.616826057434082
    }
}