{
    "_horizontalLines": 15.0,
    "_verticalLines": 15.0,
    "_radius": 0.09072351455688477,
    "_petalColour": {
        "r": 0.5018517374992371,
        "g": 0.6549904346466065,
        "b": 0.7582398653030396,
        "a": 1.0
    },
    "_cylinderVertexCount": 7.0,
    "_stemRadius": 0.08689593523740769,
    "_leafCount": 8.0,
    "_edgeRingCount": 46.0,
    "startPos": {
        "x": 0.0,
        "y": 0.0,
        "z": 0.0
    },
    "tangent1": {
        "x": 0.03796963766217232,
        "y": 1.2901602983474732,
        "z": 0.4758967459201813
    },
    "tangent2": {
        "x": 0.3829994797706604,
        "y": 2.281259775161743,
        "z": 0.9081467390060425
    },
    "endPos": {
        "x": -0.16397029161453248,
        "y": 4.0,
        "z": 1.2622883319854737
    }
}