{
    "_horizontalLines": 16.0,
    "_verticalLines": 19.0,
    "_radius": 0.044799983501434329,
    "_petalColour": {
        "r": 0.24692082405090333,
        "g": 0.5787279009819031,
        "b": 0.21306800842285157,
        "a": 1.0
    },
    "_cylinderVertexCount": 6.0,
    "_stemRadius": 0.0385696105659008,
    "_leafCount": 8.0,
    "_edgeRingCount": 16.0,
    "startPos": {
        "x": 0.0,
        "y": 0.0,
        "z": 0.0
    },
    "tangent1": {
        "x": 0.14244210720062257,
        "y": 1.4667507410049439,
        "z": 0.14659079909324647
    },
    "tangent2": {
        "x": -0.34765636920928957,
        "y": 1.5877517461776734,
        "z": 0.5469084978103638
    },
    "endPos": {
        "x": -0.6307440996170044,
        "y": 4.0,
        "z": 1.1364622116088868
    }
}