{
    "_horizontalLines": 18.0,
    "_verticalLines": 15.0,
    "_radius": 0.0725054070353508,
    "_petalColour": {
        "r": 0.999142050743103,
        "g": 0.2999582886695862,
        "b": 0.5042741894721985,
        "a": 1.0
    },
    "_cylinderVertexCount": 6.0,
    "_stemRadius": 0.05036422982811928,
    "_leafCount": 8.0,
    "_edgeRingCount": 48.0,
    "startPos": {
        "x": 0.0,
        "y": 0.0,
        "z": 0.0
    },
    "tangent1": {
        "x": 0.4600120484828949,
        "y": 0.802515983581543,
        "z": 0.3992181718349457
    },
    "tangent2": {
        "x": 0.41063550114631655,
        "y": 2.0725154876708986,
        "z": 0.07882127165794373
    },
    "endPos": {
        "x": 1.2224608659744263,
        "y": 4.0,
        "z": 0.6565147638320923
    }
}