{
    "_horizontalLines": 18.0,
    "_verticalLines": 17.0,
    "_radius": 0.050921496003866199,
    "_petalColour": {
        "r": 0.8947021961212158,
        "g": 0.9387987852096558,
        "b": 0.5928476452827454,
        "a": 1.0
    },
    "_cylinderVertexCount": 5.0,
    "_stemRadius": 0.035401444882154468,
    "_leafCount": 8.0,
    "_edgeRingCount": 5.0,
    "startPos": {
        "x": 0.0,
        "y": 0.0,
        "z": 0.0
    },
    "tangent1": {
        "x": -0.4383722245693207,
        "y": 1.1716102361679078,
        "z": -0.4493207037448883
    },
    "tangent2": {
        "x": -0.48082593083381655,
        "y": 3.164675235748291,
        "z": -0.12150290608406067
    },
    "endPos": {
        "x": -0.1370476484298706,
        "y": 5.843196868896484,
        "z": 0.12434965372085571
    }
}