{
    "_horizontalLines": 16.0,
    "_verticalLines": 16.0,
    "_radius": 0.03895154967904091,
    "_petalColour": {
        "r": 0.039571166038513187,
        "g": 0.27056068181991579,
        "b": 0.9821823835372925,
        "a": 1.0
    },
    "_cylinderVertexCount": 5.0,
    "_stemRadius": 0.034489527344703677,
    "_leafCount": 8.0,
    "_edgeRingCount": 57.0,
    "startPos": {
        "x": 0.0,
        "y": 0.0,
        "z": 0.0
    },
    "tangent1": {
        "x": -0.22193269431591035,
        "y": 0.4706699252128601,
        "z": -0.4796513617038727
    },
    "tangent2": {
        "x": 0.2267092615365982,
        "y": 1.6365158557891846,
        "z": -0.8847325444221497
    },
    "endPos": {
        "x": -0.3102623224258423,
        "y": 4.149370193481445,
        "z": -0.07074177265167237
    }
}