{
    "_horizontalLines": 15.0,
    "_verticalLines": 15.0,
    "_radius": 0.11678585410118103,
    "_petalColour": {
        "r": 0.12479889392852783,
        "g": 0.8654434680938721,
        "b": 0.4797554612159729,
        "a": 1.0
    },
    "_cylinderVertexCount": 13.0,
    "_stemRadius": 0.07645485550165177,
    "_leafCount": 8.0,
    "_edgeRingCount": 38.0,
    "startPos": {
        "x": 0.0,
        "y": 0.0,
        "z": 0.0
    },
    "tangent1": {
        "x": 0.40079060196876528,
        "y": 1.2071422338485718,
        "z": 0.4118995666503906
    },
    "tangent2": {
        "x": 0.15597592294216157,
        "y": 1.8855469226837159,
        "z": 0.21427731215953828
    },
    "endPos": {
        "x": -0.619232714176178,
        "y": 5.239564895629883,
        "z": 0.4383201003074646
    }
}