{
    "_horizontalLines": 17.0,
    "_verticalLines": 15.0,
    "_radius": 0.13064047694206239,
    "_petalColour": {
        "r": 0.1781148910522461,
        "g": 0.7329026460647583,
        "b": 0.6655771732330322,
        "a": 1.0
    },
    "_cylinderVertexCount": 8.0,
    "_stemRadius": 0.10956678539514542,
    "_leafCount": 8.0,
    "_edgeRingCount": 20.0,
    "startPos": {
        "x": 0.0,
        "y": 0.0,
        "z": 0.0
    },
    "tangent1": {
        "x": 0.16413533687591554,
        "y": 1.0617246627807618,
        "z": -0.09150438010692597
    },
    "tangent2": {
        "x": -0.29051029682159426,
        "y": 2.981381893157959,
        "z": -0.510176956653595
    },
    "endPos": {
        "x": -1.0438916683197022,
        "y": 4.0,
        "z": -1.1055691242218018
    }
}