{
    "_horizontalLines": 16.0,
    "_verticalLines": 19.0,
    "_radius": 0.06600284576416016,
    "_petalColour": {
        "r": 0.15443217754364015,
        "g": 0.6522034406661987,
        "b": 0.8780523538589478,
        "a": 1.0
    },
    "_cylinderVertexCount": 8.0,
    "_stemRadius": 0.033747598528862,
    "_leafCount": 8.0,
    "_edgeRingCount": 4.0,
    "startPos": {
        "x": 0.0,
        "y": 0.0,
        "z": 0.0
    },
    "tangent1": {
        "x": 0.3492393493652344,
        "y": 0.2115972489118576,
        "z": -0.07066746056079865
    },
    "tangent2": {
        "x": 0.514629602432251,
        "y": 0.3054656982421875,
        "z": -0.5233637094497681
    },
    "endPos": {
        "x": 0.44740185141563418,
        "y": 4.0,
        "z": -0.9110652208328247
    }
}