{
    "_horizontalLines": 16.0,
    "_verticalLines": 15.0,
    "_radius": 0.06059117987751961,
    "_petalColour": {
        "r": 0.1923232078552246,
        "g": 0.5017405152320862,
        "b": 0.3538801074028015,
        "a": 1.0
    },
    "_cylinderVertexCount": 5.0,
    "_stemRadius": 0.027691571041941644,
    "_leafCount": 8.0,
    "_edgeRingCount": 17.0,
    "startPos": {
        "x": 0.0,
        "y": 0.0,
        "z": 0.0
    },
    "tangent1": {
        "x": -0.08439497649669647,
        "y": 0.5940017104148865,
        "z": -0.43875131011009219
    },
    "tangent2": {
        "x": 0.19183571636676789,
        "y": 2.4833927154541017,
        "z": -0.7072700262069702
    },
    "endPos": {
        "x": 0.9808549284934998,
        "y": 4.0,
        "z": -0.4494956433773041
    }
}