{
    "_horizontalLines": 19.0,
    "_verticalLines": 16.0,
    "_radius": 0.08597197383642197,
    "_petalColour": {
        "r": 0.9067084789276123,
        "g": 0.09127509593963623,
        "b": 0.051825523376464847,
        "a": 1.0
    },
    "_cylinderVertexCount": 11.0,
    "_stemRadius": 0.04569559916853905,
    "_leafCount": 8.0,
    "_edgeRingCount": 56.0,
    "startPos": {
        "x": 0.0,
        "y": 0.0,
        "z": 0.0
    },
    "tangent1": {
        "x": -0.4113122820854187,
        "y": 0.2161390334367752,
        "z": -0.086147740483284
    },
    "tangent2": {
        "x": -0.6944391131401062,
        "y": 1.0329500436782838,
        "z": 0.38403886556625368
    },
    "endPos": {
        "x": -1.0789740085601807,
        "y": 4.0,
        "z": 1.1754448413848878
    }
}