{
    "_horizontalLines": 16.0,
    "_verticalLines": 17.0,
    "_radius": 0.09867613762617111,
    "_petalColour": {
        "r": 0.4639241099357605,
        "g": 0.8793449401855469,
        "b": 0.8776813745498657,
        "a": 1.0
    },
    "_cylinderVertexCount": 5.0,
    "_stemRadius": 0.07041225582361222,
    "_leafCount": 8.0,
    "_edgeRingCount": 11.0,
    "startPos": {
        "x": 0.0,
        "y": 0.0,
        "z": 0.0
    },
    "tangent1": {
        "x": 0.2493218183517456,
        "y": 0.3742673993110657,
        "z": -0.00830464344471693
    },
    "tangent2": {
        "x": 0.0005501061677932739,
        "y": 1.6242964267730713,
        "z": -0.21219635009765626
    },
    "endPos": {
        "x": 0.33192533254623415,
        "y": 4.709139823913574,
        "z": -0.09572596848011017
    }
}