{
    "_horizontalLines": 15.0,
    "_verticalLines": 16.0,
    "_radius": 0.0325227826833725,
    "_petalColour": {
        "r": 0.1889098882675171,
        "g": 0.25946277379989626,
        "b": 0.7870869636535645,
        "a": 1.0
    },
    "_cylinderVertexCount": 10.0,
    "_stemRadius": 0.028645401820540429,
    "_leafCount": 8.0,
    "_edgeRingCount": 52.0,
    "startPos": {
        "x": 0.0,
        "y": 0.0,
        "z": 0.0
    },
    "tangent1": {
        "x": 0.0013365268241614104,
        "y": 0.8899310827255249,
        "z": 0.2604704797267914
    },
    "tangent2": {
        "x": 0.17840999364852906,
        "y": 1.726434588432312,
        "z": 0.6833550333976746
    },
    "endPos": {
        "x": 0.12942740321159364,
        "y": 4.0,
        "z": 0.5514453649520874
    }
}