{
    "_horizontalLines": 15.0,
    "_verticalLines": 15.0,
    "_radius": 0.08959149569272995,
    "_petalColour": {
        "r": 0.5676376223564148,
        "g": 0.9522956609725952,
        "b": 0.28198879957199099,
        "a": 1.0
    },
    "_cylinderVertexCount": 12.0,
    "_stemRadius": 0.04649961739778519,
    "_leafCount": 8.0,
    "_edgeRingCount": 57.0,
    "startPos": {
        "x": 0.0,
        "y": 0.0,
        "z": 0.0
    },
    "tangent1": {
        "x": -0.36714687943458559,
        "y": 1.053837776184082,
        "z": -0.41243115067481997
    },
    "tangent2": {
        "x": -0.13900914788246156,
        "y": 1.70686936378479,
        "z": -0.6754965782165527
    },
    "endPos": {
        "x": 0.004285946488380432,
        "y": 4.987034797668457,
        "z": -0.9085133671760559
    }
}