{
    "_horizontalLines": 15.0,
    "_verticalLines": 19.0,
    "_radius": 0.0629710778594017,
    "_petalColour": {
        "r": 0.8490403890609741,
        "g": 0.5143308043479919,
        "b": 0.9852547645568848,
        "a": 1.0
    },
    "_cylinderVertexCount": 14.0,
    "_stemRadius": 0.01736854761838913,
    "_leafCount": 8.0,
    "_edgeRingCount": 53.0,
    "startPos": {
        "x": 0.0,
        "y": 0.0,
        "z": 0.0
    },
    "tangent1": {
        "x": 0.4281163215637207,
        "y": 1.8313400745391846,
        "z": 0.33383920788764956
    },
    "tangent2": {
        "x": 0.49921637773513796,
        "y": 3.7127528190612795,
        "z": 0.797006368637085
    },
    "endPos": {
        "x": 0.4879230558872223,
        "y": 5.90853214263916,
        "z": 1.4385631084442139
    }
}