{
    "_horizontalLines": 16.0,
    "_verticalLines": 18.0,
    "_radius": 0.0821070745587349,
    "_petalColour": {
        "r": 0.8443605899810791,
        "g": 0.30861812829971316,
        "b": 0.6723594665527344,
        "a": 1.0
    },
    "_cylinderVertexCount": 5.0,
    "_stemRadius": 0.059008847922086719,
    "_leafCount": 8.0,
    "_edgeRingCount": 30.0,
    "startPos": {
        "x": 0.0,
        "y": 0.0,
        "z": 0.0
    },
    "tangent1": {
        "x": -0.0428895466029644,
        "y": 0.7017821669578552,
        "z": -0.33556118607521059
    },
    "tangent2": {
        "x": -0.25490298867225649,
        "y": 0.9287148714065552,
        "z": 0.09300535917282105
    },
    "endPos": {
        "x": -0.4314865469932556,
        "y": 4.0,
        "z": 0.9229154586791992
    }
}