{
    "_horizontalLines": 17.0,
    "_verticalLines": 15.0,
    "_radius": 0.08859117329120636,
    "_petalColour": {
        "r": 0.6589299440383911,
        "g": 0.2674115300178528,
        "b": 0.229935884475708,
        "a": 1.0
    },
    "_cylinderVertexCount": 8.0,
    "_stemRadius": 0.06056263670325279,
    "_leafCount": 8.0,
    "_edgeRingCount": 29.0,
    "startPos": {
        "x": 0.0,
        "y": 0.0,
        "z": 0.0
    },
    "tangent1": {
        "x": -0.10087700188159943,
        "y": 1.1399402618408204,
        "z": 0.0456511490046978
    },
    "tangent2": {
        "x": -0.49712544679641726,
        "y": 2.66756534576416,
        "z": 0.06261386722326279
    },
    "endPos": {
        "x": -1.1788532733917237,
        "y": 5.4277472496032719,
        "z": 0.23967474699020387
    }
}