{
    "_horizontalLines": 16.0,
    "_verticalLines": 15.0,
    "_radius": 0.1364283263683319,
    "_petalColour": {
        "r": 0.26486676931381228,
        "g": 0.46663469076156618,
        "b": 0.7551374435424805,
        "a": 1.0
    },
    "_cylinderVertexCount": 7.0,
    "_stemRadius": 0.10758306831121445,
    "_leafCount": 8.0,
    "_edgeRingCount": 39.0,
    "startPos": {
        "x": 0.0,
        "y": 0.0,
        "z": 0.0
    },
    "tangent1": {
        "x": -0.0836615115404129,
        "y": 1.9698165655136109,
        "z": 0.21481215953826905
    },
    "tangent2": {
        "x": 0.37178874015808108,
        "y": 2.8823647499084474,
        "z": 0.30472081899642947
    },
    "endPos": {
        "x": 0.42510905861854555,
        "y": 5.334026336669922,
        "z": 0.797197699546814
    }
}