{
    "_horizontalLines": 18.0,
    "_verticalLines": 16.0,
    "_radius": 0.13032744824886323,
    "_petalColour": {
        "r": 0.48436635732650759,
        "g": 0.9437617063522339,
        "b": 0.23988401889801026,
        "a": 1.0
    },
    "_cylinderVertexCount": 7.0,
    "_stemRadius": 0.11624632775783539,
    "_leafCount": 8.0,
    "_edgeRingCount": 40.0,
    "startPos": {
        "x": 0.0,
        "y": 0.0,
        "z": 0.0
    },
    "tangent1": {
        "x": 0.027444172650575639,
        "y": 0.24623222649097444,
        "z": -0.4090200364589691
    },
    "tangent2": {
        "x": 0.2783016264438629,
        "y": 0.9644584655761719,
        "z": 0.07326021790504456
    },
    "endPos": {
        "x": -0.5774946212768555,
        "y": 4.0,
        "z": 0.32525986433029177
    }
}