{
    "_horizontalLines": 18.0,
    "_verticalLines": 16.0,
    "_radius": 0.11269654333591461,
    "_petalColour": {
        "r": 0.9479132890701294,
        "g": 0.46619492769241335,
        "b": 0.41428035497665408,
        "a": 1.0
    },
    "_cylinderVertexCount": 13.0,
    "_stemRadius": 0.0860668197274208,
    "_leafCount": 8.0,
    "_edgeRingCount": 5.0,
    "startPos": {
        "x": 0.0,
        "y": 0.0,
        "z": 0.0
    },
    "tangent1": {
        "x": 0.09607644379138947,
        "y": 1.862449288368225,
        "z": -0.30765238404273989
    },
    "tangent2": {
        "x": 0.4963423013687134,
        "y": 2.378364086151123,
        "z": 0.058322787284851077
    },
    "endPos": {
        "x": 0.39981481432914736,
        "y": 4.0,
        "z": 0.12817785143852235
    }
}