{
    "_horizontalLines": 19.0,
    "_verticalLines": 18.0,
    "_radius": 0.09674615412950516,
    "_petalColour": {
        "r": 0.7054622173309326,
        "g": 0.9173439741134644,
        "b": 0.29534822702407839,
        "a": 1.0
    },
    "_cylinderVertexCount": 13.0,
    "_stemRadius": 0.08277397602796555,
    "_leafCount": 8.0,
    "_edgeRingCount": 60.0,
    "startPos": {
        "x": 0.0,
        "y": 0.0,
        "z": 0.0
    },
    "tangent1": {
        "x": 0.37202760577201846,
        "y": 1.0850738286972047,
        "z": 0.24622869491577149
    },
    "tangent2": {
        "x": 0.6735862493515015,
        "y": 1.2298961877822877,
        "z": 0.6853978037834168
    },
    "endPos": {
        "x": 0.17516320943832398,
        "y": 4.102310657501221,
        "z": 0.8085840940475464
    }
}