{
    "_horizontalLines": 19.0,
    "_verticalLines": 18.0,
    "_radius": 0.0198124460875988,
    "_petalColour": {
        "r": 0.1510998010635376,
        "g": 0.32578903436660769,
        "b": 0.18874597549438477,
        "a": 1.0
    },
    "_cylinderVertexCount": 5.0,
    "_stemRadius": -0.0024341954849660398,
    "_leafCount": 8.0,
    "_edgeRingCount": 19.0,
    "startPos": {
        "x": 0.0,
        "y": 0.0,
        "z": 0.0
    },
    "tangent1": {
        "x": 0.2524733543395996,
        "y": 1.1097904443740845,
        "z": 0.2836873531341553
    },
    "tangent2": {
        "x": 0.10402588546276093,
        "y": 1.987222671508789,
        "z": 0.5908656120300293
    },
    "endPos": {
        "x": -0.25855326652526858,
        "y": 4.0,
        "z": 0.2643335163593292
    }
}