{
    "_horizontalLines": 15.0,
    "_verticalLines": 16.0,
    "_radius": 0.10668110102415085,
    "_petalColour": {
        "r": 0.3504331707954407,
        "g": 0.5967804789543152,
        "b": 0.3113911747932434,
        "a": 1.0
    },
    "_cylinderVertexCount": 8.0,
    "_stemRadius": 0.07679414749145508,
    "_leafCount": 8.0,
    "_edgeRingCount": 39.0,
    "startPos": {
        "x": 0.0,
        "y": 0.0,
        "z": 0.0
    },
    "tangent1": {
        "x": 0.2650899887084961,
        "y": 0.3524276614189148,
        "z": 0.4174584448337555
    },
    "tangent2": {
        "x": -0.217993825674057,
        "y": 1.433089017868042,
        "z": 0.7449984550476074
    },
    "endPos": {
        "x": 0.5087934732437134,
        "y": 4.0,
        "z": 0.18200260400772096
    }
}