{
    "_horizontalLines": 16.0,
    "_verticalLines": 15.0,
    "_radius": 0.03267870098352432,
    "_petalColour": {
        "r": 0.5500116944313049,
        "g": 0.6443295478820801,
        "b": 0.8022174835205078,
        "a": 1.0
    },
    "_cylinderVertexCount": 9.0,
    "_stemRadius": 0.012042952701449395,
    "_leafCount": 8.0,
    "_edgeRingCount": 43.0,
    "startPos": {
        "x": 0.0,
        "y": 0.0,
        "z": 0.0
    },
    "tangent1": {
        "x": 0.31241750717163088,
        "y": 0.7782394289970398,
        "z": 0.25350213050842287
    },
    "tangent2": {
        "x": -0.138820081949234,
        "y": 1.6879382133483887,
        "z": 0.2001904994249344
    },
    "endPos": {
        "x": -0.2463362216949463,
        "y": 4.022920608520508,
        "z": 0.6383256912231445
    }
}