{
    "_horizontalLines": 15.0,
    "_verticalLines": 17.0,
    "_radius": 0.09676297008991242,
    "_petalColour": {
        "r": 0.981513500213623,
        "g": 0.1216806173324585,
        "b": 0.6824221611022949,
        "a": 1.0
    },
    "_cylinderVertexCount": 6.0,
    "_stemRadius": 0.057139649987220767,
    "_leafCount": 8.0,
    "_edgeRingCount": 20.0,
    "startPos": {
        "x": 0.0,
        "y": 0.0,
        "z": 0.0
    },
    "tangent1": {
        "x": 0.45525360107421877,
        "y": 0.7495602965354919,
        "z": -0.2821864187717438
    },
    "tangent2": {
        "x": 0.8133810758590698,
        "y": 0.7736432552337647,
        "z": -0.5532712936401367
    },
    "endPos": {
        "x": 0.9253720641136169,
        "y": 4.0,
        "z": -0.04481697082519531
    }
}