{
    "_horizontalLines": 16.0,
    "_verticalLines": 15.0,
    "_radius": 0.05964889004826546,
    "_petalColour": {
        "r": 0.1194620132446289,
        "g": 0.6699162721633911,
        "b": 0.1742457151412964,
        "a": 1.0
    },
    "_cylinderVertexCount": 13.0,
    "_stemRadius": 0.04807722568511963,
    "_leafCount": 8.0,
    "_edgeRingCount": 27.0,
    "startPos": {
        "x": 0.0,
        "y": 0.0,
        "z": 0.0
    },
    "tangent1": {
        "x": -0.4401227831840515,
        "y": 0.40036600828170779,
        "z": 0.3422389030456543
    },
    "tangent2": {
        "x": -0.9148852825164795,
        "y": 2.1241860389709474,
        "z": 0.23413924872875215
    },
    "endPos": {
        "x": -1.3154538869857789,
        "y": 4.0,
        "z": 0.429971843957901
    }
}