{
    "_horizontalLines": 16.0,
    "_verticalLines": 15.0,
    "_radius": 0.12064982950687409,
    "_petalColour": {
        "r": 0.7004925012588501,
        "g": 0.953384280204773,
        "b": 0.5492733120918274,
        "a": 1.0
    },
    "_cylinderVertexCount": 7.0,
    "_stemRadius": 0.10612057894468308,
    "_leafCount": 8.0,
    "_edgeRingCount": 63.0,
    "startPos": {
        "x": 0.0,
        "y": 0.0,
        "z": 0.0
    },
    "tangent1": {
        "x": 0.3828696012496948,
        "y": 1.8602123260498047,
        "z": 0.49761542677879336
    },
    "tangent2": {
        "x": 0.23578159511089326,
        "y": 2.5558197498321535,
        "z": 0.00277593731880188
    },
    "endPos": {
        "x": -0.03734205663204193,
        "y": 4.0,
        "z": 0.8093681335449219
    }
}