{
    "_horizontalLines": 16.0,
    "_verticalLines": 17.0,
    "_radius": 0.0854802057147026,
    "_petalColour": {
        "r": 0.5319380164146423,
        "g": 0.3432779908180237,
        "b": 0.20327472686767579,
        "a": 1.0
    },
    "_cylinderVertexCount": 8.0,
    "_stemRadius": 0.048254236578941348,
    "_leafCount": 8.0,
    "_edgeRingCount": 43.0,
    "startPos": {
        "x": 0.0,
        "y": 0.0,
        "z": 0.0
    },
    "tangent1": {
        "x": -0.1936212033033371,
        "y": 0.8095840215682983,
        "z": 0.026652049273252488
    },
    "tangent2": {
        "x": -0.1366286277770996,
        "y": 0.9121823906898499,
        "z": 0.1454712450504303
    },
    "endPos": {
        "x": -0.46543172001838686,
        "y": 4.0,
        "z": -0.6630550622940064
    }
}