{
    "_horizontalLines": 15.0,
    "_verticalLines": 17.0,
    "_radius": 0.09031568467617035,
    "_petalColour": {
        "r": 0.9974786043167114,
        "g": 0.4517058730125427,
        "b": 0.22803711891174317,
        "a": 1.0
    },
    "_cylinderVertexCount": 12.0,
    "_stemRadius": 0.04936981946229935,
    "_leafCount": 8.0,
    "_edgeRingCount": 56.0,
    "startPos": {
        "x": 0.0,
        "y": 0.0,
        "z": 0.0
    },
    "tangent1": {
        "x": 0.3311805725097656,
        "y": 0.06637783348560333,
        "z": 0.06766314804553986
    },
    "tangent2": {
        "x": 0.753506064414978,
        "y": 0.264059454202652,
        "z": -0.25451046228408816
    },
    "endPos": {
        "x": 0.5840027928352356,
        "y": 4.0,
        "z": -0.8244774341583252
    }
}