{
    "_horizontalLines": 15.0,
    "_verticalLines": 16.0,
    "_radius": 0.10912571847438812,
    "_petalColour": {
        "r": 0.9775933027267456,
        "g": 0.18407583236694337,
        "b": 0.19498777389526368,
        "a": 1.0
    },
    "_cylinderVertexCount": 6.0,
    "_stemRadius": 0.0840110331773758,
    "_leafCount": 8.0,
    "_edgeRingCount": 8.0,
    "startPos": {
        "x": 0.0,
        "y": 0.0,
        "z": 0.0
    },
    "tangent1": {
        "x": -0.2528107166290283,
        "y": 0.20258216559886933,
        "z": 0.009405660443007946
    },
    "tangent2": {
        "x": 0.049138665199279788,
        "y": 1.2106273174285889,
        "z": -0.19605174660682679
    },
    "endPos": {
        "x": -0.16581250727176667,
        "y": 4.0,
        "z": -0.27119189500808718
    }
}