{
    "_horizontalLines": 19.0,
    "_verticalLines": 17.0,
    "_radius": 0.06477964669466019,
    "_petalColour": {
        "r": 0.813030481338501,
        "g": 0.32813185453414919,
        "b": 0.2980499863624573,
        "a": 1.0
    },
    "_cylinderVertexCount": 12.0,
    "_stemRadius": 0.061915744096040729,
    "_leafCount": 8.0,
    "_edgeRingCount": 50.0,
    "startPos": {
        "x": 0.0,
        "y": 0.0,
        "z": 0.0
    },
    "tangent1": {
        "x": 0.17257937788963319,
        "y": 0.919145405292511,
        "z": -0.016958903521299363
    },
    "tangent2": {
        "x": 0.07293333113193512,
        "y": 1.0322901010513306,
        "z": 0.4795455038547516
    },
    "endPos": {
        "x": -0.8008647561073303,
        "y": 4.0,
        "z": 1.062621831893921
    }
}