{
    "_horizontalLines": 17.0,
    "_verticalLines": 18.0,
    "_radius": 0.05962327495217323,
    "_petalColour": {
        "r": 0.3472502827644348,
        "g": 0.8518491983413696,
        "b": 0.6050727963447571,
        "a": 1.0
    },
    "_cylinderVertexCount": 5.0,
    "_stemRadius": 0.02485807053744793,
    "_leafCount": 8.0,
    "_edgeRingCount": 15.0,
    "startPos": {
        "x": 0.0,
        "y": 0.0,
        "z": 0.0
    },
    "tangent1": {
        "x": 0.3019617795944214,
        "y": 0.9407909512519836,
        "z": 0.028699923306703569
    },
    "tangent2": {
        "x": 0.7687324285507202,
        "y": 2.5430691242218019,
        "z": -0.36917564272880556
    },
    "endPos": {
        "x": 1.056469440460205,
        "y": 4.0,
        "z": -0.9390138387680054
    }
}