{
    "_horizontalLines": 15.0,
    "_verticalLines": 15.0,
    "_radius": 0.11259284615516663,
    "_petalColour": {
        "r": 0.7219353914260864,
        "g": 0.5677836537361145,
        "b": 0.02789616584777832,
        "a": 1.0
    },
    "_cylinderVertexCount": 9.0,
    "_stemRadius": 0.09652011096477509,
    "_leafCount": 8.0,
    "_edgeRingCount": 19.0,
    "startPos": {
        "x": 0.0,
        "y": 0.0,
        "z": 0.0
    },
    "tangent1": {
        "x": -0.29026150703430178,
        "y": 1.9015846252441407,
        "z": -0.14967770874500276
    },
    "tangent2": {
        "x": -0.7751728296279907,
        "y": 2.8145768642425539,
        "z": 0.22541119158267976
    },
    "endPos": {
        "x": -1.5449912548065186,
        "y": 4.0,
        "z": 0.9466649889945984
    }
}