{
    "_horizontalLines": 18.0,
    "_verticalLines": 17.0,
    "_radius": 0.07009858638048172,
    "_petalColour": {
        "r": 0.4001724123954773,
        "g": 0.3905786871910095,
        "b": 0.18695592880249024,
        "a": 1.0
    },
    "_cylinderVertexCount": 7.0,
    "_stemRadius": 0.03735339269042015,
    "_leafCount": 8.0,
    "_edgeRingCount": 35.0,
    "startPos": {
        "x": 0.0,
        "y": 0.0,
        "z": 0.0
    },
    "tangent1": {
        "x": -0.21492676436901093,
        "y": 1.8663489818572999,
        "z": 0.43974757194519045
    },
    "tangent2": {
        "x": -0.2113645076751709,
        "y": 3.708721876144409,
        "z": 0.4902016520500183
    },
    "endPos": {
        "x": -0.645991325378418,
        "y": 5.372192859649658,
        "z": 0.41438016295433047
    }
}