{
    "_horizontalLines": 18.0,
    "_verticalLines": 16.0,
    "_radius": 0.08290824294090271,
    "_petalColour": {
        "r": 0.881187915802002,
        "g": 0.1046140193939209,
        "b": 0.8077210187911987,
        "a": 1.0
    },
    "_cylinderVertexCount": 5.0,
    "_stemRadius": 0.04446631297469139,
    "_leafCount": 8.0,
    "_edgeRingCount": 29.0,
    "startPos": {
        "x": 0.0,
        "y": 0.0,
        "z": 0.0
    },
    "tangent1": {
        "x": 0.41378679871559145,
        "y": 1.422628402709961,
        "z": -0.06896643340587616
    },
    "tangent2": {
        "x": 0.9102922677993774,
        "y": 1.9869928359985352,
        "z": -0.10729679465293884
    },
    "endPos": {
        "x": 1.650757074356079,
        "y": 4.0,
        "z": 0.006703302264213562
    }
}