{
    "_horizontalLines": 15.0,
    "_verticalLines": 15.0,
    "_radius": 0.08584911376237869,
    "_petalColour": {
        "r": 0.14767372608184815,
        "g": 0.9510402679443359,
        "b": 0.9527307748794556,
        "a": 1.0
    },
    "_cylinderVertexCount": 13.0,
    "_stemRadius": 0.0773906484246254,
    "_leafCount": 8.0,
    "_edgeRingCount": 31.0,
    "startPos": {
        "x": 0.0,
        "y": 0.0,
        "z": 0.0
    },
    "tangent1": {
        "x": 0.39295634627342226,
        "y": 1.7764625549316407,
        "z": 0.48720207810401919
    },
    "tangent2": {
        "x": 0.19868482649326325,
        "y": 2.3004302978515627,
        "z": 0.4529610574245453
    },
    "endPos": {
        "x": 0.9484591484069824,
        "y": 4.171131134033203,
        "z": 1.0293503999710084
    }
}