{
    "_horizontalLines": 17.0,
    "_verticalLines": 16.0,
    "_radius": 0.03692850470542908,
    "_petalColour": {
        "r": 0.4683583378791809,
        "g": 0.9060895442962647,
        "b": 0.13125157356262208,
        "a": 1.0
    },
    "_cylinderVertexCount": 8.0,
    "_stemRadius": 0.005435357801616192,
    "_leafCount": 8.0,
    "_edgeRingCount": 51.0,
    "startPos": {
        "x": 0.0,
        "y": 0.0,
        "z": 0.0
    },
    "tangent1": {
        "x": -0.07235746085643769,
        "y": 1.6542518138885499,
        "z": -0.02093200758099556
    },
    "tangent2": {
        "x": 0.1415550261735916,
        "y": 3.5296263694763185,
        "z": -0.1646164357662201
    },
    "endPos": {
        "x": 0.3005903661251068,
        "y": 4.0,
        "z": -0.3528584837913513
    }
}