{
    "_horizontalLines": 15.0,
    "_verticalLines": 15.0,
    "_radius": 0.05670837685465813,
    "_petalColour": {
        "r": 0.3901596665382385,
        "g": 0.5249523520469666,
        "b": 0.8026971817016602,
        "a": 1.0
    },
    "_cylinderVertexCount": 9.0,
    "_stemRadius": 0.022345831617712976,
    "_leafCount": 8.0,
    "_edgeRingCount": 60.0,
    "startPos": {
        "x": 0.0,
        "y": 0.0,
        "z": 0.0
    },
    "tangent1": {
        "x": -0.15481849014759065,
        "y": 1.7429625988006592,
        "z": -0.32945308089256289
    },
    "tangent2": {
        "x": 0.05982412397861481,
        "y": 3.033796548843384,
        "z": -0.23879875242710114
    },
    "endPos": {
        "x": 0.232606440782547,
        "y": 4.130866050720215,
        "z": -0.32377558946609499
    }
}