{
    "_horizontalLines": 15.0,
    "_verticalLines": 15.0,
    "_radius": 0.13627082109451295,
    "_petalColour": {
        "r": 0.3237447142601013,
        "g": 0.2655135989189148,
        "b": 0.4241099953651428,
        "a": 1.0
    },
    "_cylinderVertexCount": 14.0,
    "_stemRadius": 0.10267110913991928,
    "_leafCount": 8.0,
    "_edgeRingCount": 10.0,
    "startPos": {
        "x": 0.0,
        "y": 0.0,
        "z": 0.0
    },
    "tangent1": {
        "x": -0.04241042211651802,
        "y": 0.9859878420829773,
        "z": 0.017071295529603959
    },
    "tangent2": {
        "x": 0.31025439500808718,
        "y": 2.1160285472869875,
        "z": 0.44925209879875185
    },
    "endPos": {
        "x": 0.8156533241271973,
        "y": 5.538415908813477,
        "z": 1.0813323259353638
    }
}