{
    "_horizontalLines": 17.0,
    "_verticalLines": 15.0,
    "_radius": 0.11976180225610733,
    "_petalColour": {
        "r": 0.6289991140365601,
        "g": 0.9101402759552002,
        "b": 0.3271098732948303,
        "a": 1.0
    },
    "_cylinderVertexCount": 8.0,
    "_stemRadius": 0.07299161702394486,
    "_leafCount": 8.0,
    "_edgeRingCount": 37.0,
    "startPos": {
        "x": 0.0,
        "y": 0.0,
        "z": 0.0
    },
    "tangent1": {
        "x": 0.0632048100233078,
        "y": 0.0767095535993576,
        "z": -0.22510309517383576
    },
    "tangent2": {
        "x": 0.03321418538689613,
        "y": 0.7608394622802734,
        "z": 0.08103244006633759
    },
    "endPos": {
        "x": -0.02482360601425171,
        "y": 4.0,
        "z": 0.6840099692344666
    }
}