{
    "_horizontalLines": 15.0,
    "_verticalLines": 18.0,
    "_radius": 0.08496835082769394,
    "_petalColour": {
        "r": 0.8553280830383301,
        "g": 0.5192587971687317,
        "b": 0.15623021125793458,
        "a": 1.0
    },
    "_cylinderVertexCount": 14.0,
    "_stemRadius": 0.07306286692619324,
    "_leafCount": 8.0,
    "_edgeRingCount": 56.0,
    "startPos": {
        "x": 0.0,
        "y": 0.0,
        "z": 0.0
    },
    "tangent1": {
        "x": -0.3360694944858551,
        "y": 0.44052010774612429,
        "z": -0.20941634476184846
    },
    "tangent2": {
        "x": -0.009745776653289795,
        "y": 2.2353367805480959,
        "z": 0.0754576176404953
    },
    "endPos": {
        "x": -0.5534471273422241,
        "y": 4.0,
        "z": -0.6543331146240234
    }
}