{
    "_horizontalLines": 15.0,
    "_verticalLines": 16.0,
    "_radius": 0.14068466424942017,
    "_petalColour": {
        "r": 0.420022189617157,
        "g": 0.843461275100708,
        "b": 0.9391944408416748,
        "a": 1.0
    },
    "_cylinderVertexCount": 10.0,
    "_stemRadius": 0.09802370518445969,
    "_leafCount": 8.0,
    "_edgeRingCount": 61.0,
    "startPos": {
        "x": 0.0,
        "y": 0.0,
        "z": 0.0
    },
    "tangent1": {
        "x": -0.21475215256214143,
        "y": 1.237344741821289,
        "z": 0.1774587482213974
    },
    "tangent2": {
        "x": 0.17887501418590547,
        "y": 2.431647777557373,
        "z": 0.1849539577960968
    },
    "endPos": {
        "x": 0.9254101514816284,
        "y": 4.72730827331543,
        "z": 0.29112786054611208
    }
}