{
    "_horizontalLines": 16.0,
    "_verticalLines": 19.0,
    "_radius": 0.11577186733484268,
    "_petalColour": {
        "r": 0.02636420726776123,
        "g": 0.06562018394470215,
        "b": 0.3272847533226013,
        "a": 1.0
    },
    "_cylinderVertexCount": 6.0,
    "_stemRadius": 0.07857212424278259,
    "_leafCount": 8.0,
    "_edgeRingCount": 49.0,
    "startPos": {
        "x": 0.0,
        "y": 0.0,
        "z": 0.0
    },
    "tangent1": {
        "x": 0.11326666176319123,
        "y": 0.7353771328926086,
        "z": 0.09509424865245819
    },
    "tangent2": {
        "x": 0.24944299459457398,
        "y": 1.1899700164794922,
        "z": -0.2979830503463745
    },
    "endPos": {
        "x": 0.12335608899593353,
        "y": 4.0,
        "z": 0.28807777166366579
    }
}