{
    "_horizontalLines": 15.0,
    "_verticalLines": 16.0,
    "_radius": 0.06622906029224396,
    "_petalColour": {
        "r": 0.9559175968170166,
        "g": 0.9667643308639526,
        "b": 0.4372168183326721,
        "a": 1.0
    },
    "_cylinderVertexCount": 8.0,
    "_stemRadius": 0.03517848253250122,
    "_leafCount": 8.0,
    "_edgeRingCount": 59.0,
    "startPos": {
        "x": 0.0,
        "y": 0.0,
        "z": 0.0
    },
    "tangent1": {
        "x": -0.2421836405992508,
        "y": 0.34106045961380007,
        "z": 0.4344169497489929
    },
    "tangent2": {
        "x": 0.24873928725719453,
        "y": 1.5122525691986085,
        "z": 0.23283527791500092
    },
    "endPos": {
        "x": -0.34837180376052859,
        "y": 4.238430976867676,
        "z": -0.44000786542892458
    }
}