{
    "_horizontalLines": 15.0,
    "_verticalLines": 17.0,
    "_radius": 0.11332973092794419,
    "_petalColour": {
        "r": 0.2344672679901123,
        "g": 0.24333679676055909,
        "b": 0.2068469524383545,
        "a": 1.0
    },
    "_cylinderVertexCount": 6.0,
    "_stemRadius": 0.07959581166505814,
    "_leafCount": 8.0,
    "_edgeRingCount": 11.0,
    "startPos": {
        "x": 0.0,
        "y": 0.0,
        "z": 0.0
    },
    "tangent1": {
        "x": 0.31647756695747378,
        "y": 1.2976120710372925,
        "z": -0.4792137145996094
    },
    "tangent2": {
        "x": 0.10145099461078644,
        "y": 2.8693902492523195,
        "z": -0.2275104522705078
    },
    "endPos": {
        "x": 0.5970693826675415,
        "y": 4.0,
        "z": -0.6713082790374756
    }
}