{
    "_horizontalLines": 17.0,
    "_verticalLines": 19.0,
    "_radius": 0.09892525523900986,
    "_petalColour": {
        "r": 0.1392650604248047,
        "g": 0.6948797702789307,
        "b": 0.2808001637458801,
        "a": 1.0
    },
    "_cylinderVertexCount": 14.0,
    "_stemRadius": 0.09794236719608307,
    "_leafCount": 8.0,
    "_edgeRingCount": 26.0,
    "startPos": {
        "x": 0.0,
        "y": 0.0,
        "z": 0.0
    },
    "tangent1": {
        "x": -0.021114397794008256,
        "y": 1.2223701477050782,
        "z": -0.3634003698825836
    },
    "tangent2": {
        "x": -0.5118876099586487,
        "y": 1.8535096645355225,
        "z": -0.29011476039886477
    },
    "endPos": {
        "x": -0.39923155307769778,
        "y": 4.0,
        "z": 0.1145135760307312
    }
}