{
    "_horizontalLines": 19.0,
    "_verticalLines": 17.0,
    "_radius": 0.07140079140663147,
    "_petalColour": {
        "r": 0.30951517820358279,
        "g": 0.5212692618370056,
        "b": 0.4092246890068054,
        "a": 1.0
    },
    "_cylinderVertexCount": 11.0,
    "_stemRadius": 0.05097673833370209,
    "_leafCount": 8.0,
    "_edgeRingCount": 44.0,
    "startPos": {
        "x": 0.0,
        "y": 0.0,
        "z": 0.0
    },
    "tangent1": {
        "x": 0.29221925139427187,
        "y": 0.12186641991138458,
        "z": 0.055202435702085498
    },
    "tangent2": {
        "x": 0.17901434004306794,
        "y": 1.3352729082107545,
        "z": 0.4229641258716583
    },
    "endPos": {
        "x": 0.7005278468132019,
        "y": 4.341826915740967,
        "z": 0.3037390112876892
    }
}