{
    "_horizontalLines": 16.0,
    "_verticalLines": 18.0,
    "_radius": 0.04762054607272148,
    "_petalColour": {
        "r": 0.6343550682067871,
        "g": 0.7007644176483154,
        "b": 0.13349533081054688,
        "a": 1.0
    },
    "_cylinderVertexCount": 5.0,
    "_stemRadius": 0.016508542001247407,
    "_leafCount": 8.0,
    "_edgeRingCount": 17.0,
    "startPos": {
        "x": 0.0,
        "y": 0.0,
        "z": 0.0
    },
    "tangent1": {
        "x": -0.090955451130867,
        "y": 1.997013807296753,
        "z": -0.4129563271999359
    },
    "tangent2": {
        "x": 0.26939326524734499,
        "y": 3.3654582500457765,
        "z": -0.012478917837142945
    },
    "endPos": {
        "x": 0.41615182161331179,
        "y": 4.9478678703308109,
        "z": -0.43299221992492678
    }
}