{
    "_horizontalLines": 15.0,
    "_verticalLines": 19.0,
    "_radius": 0.07705357670783997,
    "_petalColour": {
        "r": 0.6919384002685547,
        "g": 0.983019232749939,
        "b": 0.49021977186203005,
        "a": 1.0
    },
    "_cylinderVertexCount": 7.0,
    "_stemRadius": 0.06197584792971611,
    "_leafCount": 8.0,
    "_edgeRingCount": 49.0,
    "startPos": {
        "x": 0.0,
        "y": 0.0,
        "z": 0.0
    },
    "tangent1": {
        "x": 0.17675074934959413,
        "y": 1.3258376121520997,
        "z": -0.25372400879859927
    },
    "tangent2": {
        "x": 0.5424248576164246,
        "y": 3.0997679233551027,
        "z": -0.021670371294021608
    },
    "endPos": {
        "x": -0.034346044063568118,
        "y": 4.3444743156433109,
        "z": 0.39684680104255679
    }
}