{
    "_horizontalLines": 18.0,
    "_verticalLines": 19.0,
    "_radius": 0.08537443727254868,
    "_petalColour": {
        "r": 0.217462420463562,
        "g": 0.8991267681121826,
        "b": 0.25177842378616335,
        "a": 1.0
    },
    "_cylinderVertexCount": 8.0,
    "_stemRadius": 0.05272211506962776,
    "_leafCount": 8.0,
    "_edgeRingCount": 37.0,
    "startPos": {
        "x": 0.0,
        "y": 0.0,
        "z": 0.0
    },
    "tangent1": {
        "x": -0.24552850425243379,
        "y": 0.7547144889831543,
        "z": -0.25478148460388186
    },
    "tangent2": {
        "x": 0.22046862542629243,
        "y": 2.265366554260254,
        "z": -0.3477490544319153
    },
    "endPos": {
        "x": -0.12908802926540376,
        "y": 5.153082847595215,
        "z": -0.0022880733013153078
    }
}