{
    "_horizontalLines": 18.0,
    "_verticalLines": 16.0,
    "_radius": 0.03278520703315735,
    "_petalColour": {
        "r": 0.41146785020828249,
        "g": 0.590825617313385,
        "b": 0.4303956627845764,
        "a": 1.0
    },
    "_cylinderVertexCount": 8.0,
    "_stemRadius": 0.017493268474936487,
    "_leafCount": 8.0,
    "_edgeRingCount": 47.0,
    "startPos": {
        "x": 0.0,
        "y": 0.0,
        "z": 0.0
    },
    "tangent1": {
        "x": 0.4755477011203766,
        "y": 1.2494243383407593,
        "z": -0.18408484756946565
    },
    "tangent2": {
        "x": 0.09242630004882813,
        "y": 1.304489254951477,
        "z": -0.36095571517944338
    },
    "endPos": {
        "x": 0.06804957240819931,
        "y": 4.0,
        "z": 0.42252975702285769
    }
}