{
    "_horizontalLines": 16.0,
    "_verticalLines": 19.0,
    "_radius": 0.09604515880346298,
    "_petalColour": {
        "r": 0.21203958988189698,
        "g": 0.3824978470802307,
        "b": 0.23822128772735597,
        "a": 1.0
    },
    "_cylinderVertexCount": 14.0,
    "_stemRadius": 0.08140292763710022,
    "_leafCount": 8.0,
    "_edgeRingCount": 24.0,
    "startPos": {
        "x": 0.0,
        "y": 0.0,
        "z": 0.0
    },
    "tangent1": {
        "x": 0.0019293308723717929,
        "y": 1.7168785333633423,
        "z": 0.27573251724243166
    },
    "tangent2": {
        "x": 0.18292191624641419,
        "y": 1.9168189764022828,
        "z": 0.4841662347316742
    },
    "endPos": {
        "x": 0.6241087317466736,
        "y": 4.0,
        "z": 0.18621456623077393
    }
}