{
    "_horizontalLines": 16.0,
    "_verticalLines": 19.0,
    "_radius": 0.0798221305012703,
    "_petalColour": {
        "r": 0.930168867111206,
        "g": 0.2448793649673462,
        "b": 0.9414900541305542,
        "a": 1.0
    },
    "_cylinderVertexCount": 12.0,
    "_stemRadius": 0.05868003889918327,
    "_leafCount": 8.0,
    "_edgeRingCount": 48.0,
    "startPos": {
        "x": 0.0,
        "y": 0.0,
        "z": 0.0
    },
    "tangent1": {
        "x": -0.168880894780159,
        "y": 1.7953383922576905,
        "z": 0.4164397716522217
    },
    "tangent2": {
        "x": -0.28425803780555727,
        "y": 2.5932347774505617,
        "z": 0.41109389066696169
    },
    "endPos": {
        "x": -1.0747661590576172,
        "y": 5.709539413452148,
        "z": 0.8635193109512329
    }
}