{
    "_horizontalLines": 15.0,
    "_verticalLines": 17.0,
    "_radius": 0.02957788109779358,
    "_petalColour": {
        "r": 0.5617266297340393,
        "g": 0.21275067329406739,
        "b": 0.21613788604736329,
        "a": 1.0
    },
    "_cylinderVertexCount": 9.0,
    "_stemRadius": 0.005166484508663416,
    "_leafCount": 8.0,
    "_edgeRingCount": 26.0,
    "startPos": {
        "x": 0.0,
        "y": 0.0,
        "z": 0.0
    },
    "tangent1": {
        "x": 0.05865483358502388,
        "y": 1.771093726158142,
        "z": 0.2596011161804199
    },
    "tangent2": {
        "x": 0.41732555627822878,
        "y": 2.276726007461548,
        "z": 0.33730632066726687
    },
    "endPos": {
        "x": 0.3589884340763092,
        "y": 4.0,
        "z": 0.18265749514102937
    }
}