{
    "_horizontalLines": 15.0,
    "_verticalLines": 16.0,
    "_radius": 0.15986044704914094,
    "_petalColour": {
        "r": 0.2661523222923279,
        "g": 0.6987030506134033,
        "b": 0.9615421295166016,
        "a": 1.0
    },
    "_cylinderVertexCount": 12.0,
    "_stemRadius": 0.11883635818958283,
    "_leafCount": 8.0,
    "_edgeRingCount": 55.0,
    "startPos": {
        "x": 0.0,
        "y": 0.0,
        "z": 0.0
    },
    "tangent1": {
        "x": -0.018953513354063035,
        "y": 1.4576702117919922,
        "z": 0.2090228796005249
    },
    "tangent2": {
        "x": -0.03970646858215332,
        "y": 2.583301544189453,
        "z": 0.4139740467071533
    },
    "endPos": {
        "x": 0.6798713803291321,
        "y": 5.517500877380371,
        "z": -0.42325639724731448
    }
}