{
    "_horizontalLines": 17.0,
    "_verticalLines": 18.0,
    "_radius": 0.10322391986846924,
    "_petalColour": {
        "r": 0.2987135052680969,
        "g": 0.07447564601898194,
        "b": 0.1820303201675415,
        "a": 1.0
    },
    "_cylinderVertexCount": 9.0,
    "_stemRadius": 0.05350439250469208,
    "_leafCount": 8.0,
    "_edgeRingCount": 57.0,
    "startPos": {
        "x": 0.0,
        "y": 0.0,
        "z": 0.0
    },
    "tangent1": {
        "x": 0.0218382366001606,
        "y": 1.2415131330490113,
        "z": -0.4023522436618805
    },
    "tangent2": {
        "x": 0.31429773569107058,
        "y": 2.2597668170928957,
        "z": -0.4636410176753998
    },
    "endPos": {
        "x": 0.7235959768295288,
        "y": 4.0,
        "z": -0.5325950384140015
    }
}