{
    "_horizontalLines": 18.0,
    "_verticalLines": 18.0,
    "_radius": 0.07502719759941101,
    "_petalColour": {
        "r": 0.6775884628295898,
        "g": 0.8133354187011719,
        "b": 0.8214719295501709,
        "a": 1.0
    },
    "_cylinderVertexCount": 6.0,
    "_stemRadius": 0.034617383033037189,
    "_leafCount": 8.0,
    "_edgeRingCount": 15.0,
    "startPos": {
        "x": 0.0,
        "y": 0.0,
        "z": 0.0
    },
    "tangent1": {
        "x": 0.24117159843444825,
        "y": 1.4326610565185547,
        "z": -0.33884915709495547
    },
    "tangent2": {
        "x": 0.5778555870056152,
        "y": 2.131840229034424,
        "z": -0.4718988537788391
    },
    "endPos": {
        "x": 0.8223788738250732,
        "y": 4.0,
        "z": -0.7056129574775696
    }
}