{
    "_horizontalLines": 19.0,
    "_verticalLines": 19.0,
    "_radius": 0.047668881714344028,
    "_petalColour": {
        "r": 0.01137232780456543,
        "g": 0.5596503615379334,
        "b": 0.9846813678741455,
        "a": 1.0
    },
    "_cylinderVertexCount": 13.0,
    "_stemRadius": 0.03857170790433884,
    "_leafCount": 8.0,
    "_edgeRingCount": 4.0,
    "startPos": {
        "x": 0.0,
        "y": 0.0,
        "z": 0.0
    },
    "tangent1": {
        "x": -0.19002346694469453,
        "y": 1.214819312095642,
        "z": -0.07372565567493439
    },
    "tangent2": {
        "x": -0.5285340547561646,
        "y": 1.3773027658462525,
        "z": -0.15135613083839417
    },
    "endPos": {
        "x": -1.0834705829620362,
        "y": 4.0,
        "z": -0.7588285207748413
    }
}