{
    "_horizontalLines": 16.0,
    "_verticalLines": 18.0,
    "_radius": 0.04147465527057648,
    "_petalColour": {
        "r": 0.05974102020263672,
        "g": 0.6967178583145142,
        "b": 0.073280930519104,
        "a": 1.0
    },
    "_cylinderVertexCount": 5.0,
    "_stemRadius": 0.03132973611354828,
    "_leafCount": 8.0,
    "_edgeRingCount": 49.0,
    "startPos": {
        "x": 0.0,
        "y": 0.0,
        "z": 0.0
    },
    "tangent1": {
        "x": -0.2123677283525467,
        "y": 1.7114731073379517,
        "z": -0.35164451599121096
    },
    "tangent2": {
        "x": -0.6934183239936829,
        "y": 2.337775707244873,
        "z": 0.11787328124046326
    },
    "endPos": {
        "x": -0.04365748167037964,
        "y": 5.133557319641113,
        "z": 0.16853606700897218
    }
}