{
    "_horizontalLines": 18.0,
    "_verticalLines": 17.0,
    "_radius": 0.10044301301240921,
    "_petalColour": {
        "r": 0.6656230688095093,
        "g": 0.4195036292076111,
        "b": 0.9510866403579712,
        "a": 1.0
    },
    "_cylinderVertexCount": 6.0,
    "_stemRadius": 0.08761183172464371,
    "_leafCount": 8.0,
    "_edgeRingCount": 50.0,
    "startPos": {
        "x": 0.0,
        "y": 0.0,
        "z": 0.0
    },
    "tangent1": {
        "x": 0.08829398453235626,
        "y": 1.9264698028564454,
        "z": 0.47388553619384768
    },
    "tangent2": {
        "x": 0.1609973907470703,
        "y": 2.3510019779205324,
        "z": 0.4807315468788147
    },
    "endPos": {
        "x": 0.32322996854782107,
        "y": 4.484265327453613,
        "z": -0.1257941722869873
    }
}