{
    "_horizontalLines": 15.0,
    "_verticalLines": 16.0,
    "_radius": 0.05373447388410568,
    "_petalColour": {
        "r": 0.7620127201080322,
        "g": 0.841415286064148,
        "b": 0.08362436294555664,
        "a": 1.0
    },
    "_cylinderVertexCount": 10.0,
    "_stemRadius": 0.008743124082684517,
    "_leafCount": 8.0,
    "_edgeRingCount": 46.0,
    "startPos": {
        "x": 0.0,
        "y": 0.0,
        "z": 0.0
    },
    "tangent1": {
        "x": -0.0019740581046789886,
        "y": 0.4428718686103821,
        "z": 0.06452865898609162
    },
    "tangent2": {
        "x": 0.38102737069129946,
        "y": 1.1309791803359986,
        "z": 0.1262296736240387
    },
    "endPos": {
        "x": -0.3208918869495392,
        "y": 4.0,
        "z": 0.6642895936965942
    }
}