{
    "_horizontalLines": 18.0,
    "_verticalLines": 19.0,
    "_radius": 0.1376294493675232,
    "_petalColour": {
        "r": 0.439064085483551,
        "g": 0.061309218406677249,
        "b": 0.5919176936149597,
        "a": 1.0
    },
    "_cylinderVertexCount": 10.0,
    "_stemRadius": 0.11902002990245819,
    "_leafCount": 8.0,
    "_edgeRingCount": 3.0,
    "startPos": {
        "x": 0.0,
        "y": 0.0,
        "z": 0.0
    },
    "tangent1": {
        "x": 0.12819012999534608,
        "y": 1.57306969165802,
        "z": -0.17816118896007539
    },
    "tangent2": {
        "x": 0.3697744309902191,
        "y": 2.7860631942749025,
        "z": -0.11574038863182068
    },
    "endPos": {
        "x": 0.47185319662094118,
        "y": 4.0,
        "z": 0.6149808168411255
    }
}