{
    "_horizontalLines": 17.0,
    "_verticalLines": 19.0,
    "_radius": 0.027252638712525369,
    "_petalColour": {
        "r": 0.10741829872131348,
        "g": 0.729271411895752,
        "b": 0.5178553462028503,
        "a": 1.0
    },
    "_cylinderVertexCount": 6.0,
    "_stemRadius": 0.017775004729628564,
    "_leafCount": 8.0,
    "_edgeRingCount": 30.0,
    "startPos": {
        "x": 0.0,
        "y": 0.0,
        "z": 0.0
    },
    "tangent1": {
        "x": 0.43182373046875,
        "y": 0.3680974841117859,
        "z": -0.4625350832939148
    },
    "tangent2": {
        "x": 0.3584938645362854,
        "y": 1.0212746858596802,
        "z": -0.02185577154159546
    },
    "endPos": {
        "x": 0.5332425832748413,
        "y": 4.0,
        "z": 0.3066004812717438
    }
}