{
    "_horizontalLines": 16.0,
    "_verticalLines": 17.0,
    "_radius": 0.09191256761550904,
    "_petalColour": {
        "r": 0.08327805995941162,
        "g": 0.9841780662536621,
        "b": 0.5172504782676697,
        "a": 1.0
    },
    "_cylinderVertexCount": 5.0,
    "_stemRadius": 0.08517028391361237,
    "_leafCount": 8.0,
    "_edgeRingCount": 16.0,
    "startPos": {
        "x": 0.0,
        "y": 0.0,
        "z": 0.0
    },
    "tangent1": {
        "x": -0.4280511736869812,
        "y": 1.2672470808029175,
        "z": -0.2876160144805908
    },
    "tangent2": {
        "x": -0.7937345504760742,
        "y": 2.02209734916687,
        "z": -0.6346319913864136
    },
    "endPos": {
        "x": -0.6917045712471008,
        "y": 4.0,
        "z": -1.1053763628005982
    }
}