{
    "_horizontalLines": 17.0,
    "_verticalLines": 15.0,
    "_radius": 0.09799288213253021,
    "_petalColour": {
        "r": 0.11783444881439209,
        "g": 0.5879277586936951,
        "b": 0.6139225363731384,
        "a": 1.0
    },
    "_cylinderVertexCount": 6.0,
    "_stemRadius": 0.059091608971357349,
    "_leafCount": 8.0,
    "_edgeRingCount": 21.0,
    "startPos": {
        "x": 0.0,
        "y": 0.0,
        "z": 0.0
    },
    "tangent1": {
        "x": 0.396687388420105,
        "y": 0.23729591071605683,
        "z": 0.06308917701244354
    },
    "tangent2": {
        "x": 0.6947132349014282,
        "y": 0.8036406636238098,
        "z": 0.13371944427490235
    },
    "endPos": {
        "x": 0.12235236167907715,
        "y": 4.0,
        "z": -0.21193274855613709
    }
}