{
    "_horizontalLines": 16.0,
    "_verticalLines": 15.0,
    "_radius": 0.14361798763275147,
    "_petalColour": {
        "r": 0.7112932205200195,
        "g": 0.8431497812271118,
        "b": 0.4164823889732361,
        "a": 1.0
    },
    "_cylinderVertexCount": 14.0,
    "_stemRadius": 0.09706795960664749,
    "_leafCount": 8.0,
    "_edgeRingCount": 34.0,
    "startPos": {
        "x": 0.0,
        "y": 0.0,
        "z": 0.0
    },
    "tangent1": {
        "x": -0.10419674217700958,
        "y": 0.6061040759086609,
        "z": 0.08264847099781037
    },
    "tangent2": {
        "x": -0.15536260604858399,
        "y": 2.1477086544036867,
        "z": 0.3710971474647522
    },
    "endPos": {
        "x": -0.45836761593818667,
        "y": 4.874940872192383,
        "z": 0.08039632439613342
    }
}