{
    "_horizontalLines": 10.0,
    "_verticalLines": 10.0,
    "_radius": 0.11721965670585633,
    "_petalColour": {
        "r": 0.3108580708503723,
        "g": 0.2595505118370056,
        "b": 0.6137022376060486,
        "a": 1.0
    },
    "_cylinderVertexCount": 9.0,
    "_stemRadius": 0.11588472872972489,
    "_leafCount": 8.0,
    "_edgeRingCount": 44.0,
    "startPos": {
        "x": -0.0730813518166542,
        "y": 0.013894462957978249,
        "z": 0.03090229071676731
    },
    "tangent1": {
        "x": 0.4109508991241455,
        "y": 0.7321807742118836,
        "z": 0.3513522148132324
    },
    "tangent2": {
        "x": 0.4676360487937927,
        "y": 1.9869444370269776,
        "z": 0.11342768371105194
    },
    "endPos": {
        "x": 1.2219066619873047,
        "y": 5.136406898498535,
        "z": 0.6711235642433167
    }
}