{
    "_horizontalLines": 16.0,
    "_verticalLines": 17.0,
    "_radius": 0.07482893764972687,
    "_petalColour": {
        "r": 0.31359630823135378,
        "g": 0.04852902889251709,
        "b": 0.7690924406051636,
        "a": 1.0
    },
    "_cylinderVertexCount": 6.0,
    "_stemRadius": 0.052133042365312579,
    "_leafCount": 8.0,
    "_edgeRingCount": 16.0,
    "startPos": {
        "x": 0.0,
        "y": 0.0,
        "z": 0.0
    },
    "tangent1": {
        "x": -0.42363986372947695,
        "y": 0.08839301764965058,
        "z": 0.020234156399965287
    },
    "tangent2": {
        "x": -0.02561187744140625,
        "y": 1.9682948589324952,
        "z": -0.1471492350101471
    },
    "endPos": {
        "x": -0.17358513176441194,
        "y": 4.0,
        "z": -0.39012885093688967
    }
}