{
    "_horizontalLines": 19.0,
    "_verticalLines": 16.0,
    "_radius": 0.05358509719371796,
    "_petalColour": {
        "r": 0.8184711933135986,
        "g": 0.7766714096069336,
        "b": 0.8476561307907105,
        "a": 1.0
    },
    "_cylinderVertexCount": 14.0,
    "_stemRadius": 0.0399310328066349,
    "_leafCount": 8.0,
    "_edgeRingCount": 55.0,
    "startPos": {
        "x": 0.0,
        "y": 0.0,
        "z": 0.0
    },
    "tangent1": {
        "x": -0.18426699936389924,
        "y": 1.2828181982040406,
        "z": -0.14219637215137483
    },
    "tangent2": {
        "x": 0.02516750991344452,
        "y": 1.7281889915466309,
        "z": -0.3639446794986725
    },
    "endPos": {
        "x": 0.5392776727676392,
        "y": 4.0,
        "z": -0.13344335556030274
    }
}