{
    "_horizontalLines": 19.0,
    "_verticalLines": 19.0,
    "_radius": 0.13560305535793305,
    "_petalColour": {
        "r": 0.8015180826187134,
        "g": 0.49057430028915408,
        "b": 0.3354002833366394,
        "a": 1.0
    },
    "_cylinderVertexCount": 9.0,
    "_stemRadius": 0.09837941080331803,
    "_leafCount": 8.0,
    "_edgeRingCount": 12.0,
    "startPos": {
        "x": 0.0,
        "y": 0.0,
        "z": 0.0
    },
    "tangent1": {
        "x": 0.41743364930152895,
        "y": 0.8280555605888367,
        "z": -0.2832059860229492
    },
    "tangent2": {
        "x": 0.8653553128242493,
        "y": 1.5772018432617188,
        "z": -0.46146804094314577
    },
    "endPos": {
        "x": 0.758567214012146,
        "y": 4.0,
        "z": -0.7876262664794922
    }
}