{
    "_horizontalLines": 18.0,
    "_verticalLines": 15.0,
    "_radius": 0.10284391790628433,
    "_petalColour": {
        "r": 0.7576326131820679,
        "g": 0.7609326839447022,
        "b": 0.2167593240737915,
        "a": 1.0
    },
    "_cylinderVertexCount": 13.0,
    "_stemRadius": 0.09794889390468598,
    "_leafCount": 8.0,
    "_edgeRingCount": 9.0,
    "startPos": {
        "x": 0.0,
        "y": 0.0,
        "z": 0.0
    },
    "tangent1": {
        "x": -0.46349725127220156,
        "y": 0.5390728116035461,
        "z": -0.27546223998069765
    },
    "tangent2": {
        "x": -0.24524211883544923,
        "y": 0.6857023239135742,
        "z": -0.7490614652633667
    },
    "endPos": {
        "x": -0.47713667154312136,
        "y": 4.0,
        "z": -0.6613175272941589
    }
}