{
    "_horizontalLines": 19.0,
    "_verticalLines": 17.0,
    "_radius": 0.1230906993150711,
    "_petalColour": {
        "r": 0.3326546549797058,
        "g": 0.9411430358886719,
        "b": 0.02378380298614502,
        "a": 1.0
    },
    "_cylinderVertexCount": 12.0,
    "_stemRadius": 0.11286813765764237,
    "_leafCount": 8.0,
    "_edgeRingCount": 36.0,
    "startPos": {
        "x": 0.0,
        "y": 0.0,
        "z": 0.0
    },
    "tangent1": {
        "x": 0.25701093673706057,
        "y": 0.4446161389350891,
        "z": -0.3371056616306305
    },
    "tangent2": {
        "x": 0.014004752039909363,
        "y": 1.8068339824676514,
        "z": -0.4817396402359009
    },
    "endPos": {
        "x": -0.75517338514328,
        "y": 4.0,
        "z": -1.3205647468566895
    }
}