{
    "_horizontalLines": 19.0,
    "_verticalLines": 15.0,
    "_radius": 0.10348272323608399,
    "_petalColour": {
        "r": 0.11231827735900879,
        "g": 0.5938330292701721,
        "b": 0.7948753833770752,
        "a": 1.0
    },
    "_cylinderVertexCount": 6.0,
    "_stemRadius": 0.05676823481917381,
    "_leafCount": 8.0,
    "_edgeRingCount": 21.0,
    "startPos": {
        "x": 0.0,
        "y": 0.0,
        "z": 0.0
    },
    "tangent1": {
        "x": -0.2221798449754715,
        "y": 0.08026771247386933,
        "z": 0.360233873128891
    },
    "tangent2": {
        "x": -0.6015458703041077,
        "y": 0.6653610467910767,
        "z": 0.832375705242157
    },
    "endPos": {
        "x": -0.45422518253326418,
        "y": 4.0,
        "z": 0.6800123453140259
    }
}