{
    "_horizontalLines": 17.0,
    "_verticalLines": 18.0,
    "_radius": 0.058408454060554507,
    "_petalColour": {
        "r": 0.8731898069381714,
        "g": 0.9820712804794312,
        "b": 0.4351269602775574,
        "a": 1.0
    },
    "_cylinderVertexCount": 9.0,
    "_stemRadius": 0.04575192183256149,
    "_leafCount": 8.0,
    "_edgeRingCount": 58.0,
    "startPos": {
        "x": 0.0,
        "y": 0.0,
        "z": 0.0
    },
    "tangent1": {
        "x": 0.3981676995754242,
        "y": 1.705955147743225,
        "z": -0.08538050949573517
    },
    "tangent2": {
        "x": 0.005329698324203491,
        "y": 1.8370484113693238,
        "z": -0.5191130042076111
    },
    "endPos": {
        "x": -0.810930609703064,
        "y": 4.0,
        "z": -0.6340458989143372
    }
}