{
    "_horizontalLines": 19.0,
    "_verticalLines": 19.0,
    "_radius": 0.09440722316503525,
    "_petalColour": {
        "r": 0.06369292736053467,
        "g": 0.2832260727882385,
        "b": 0.8439397811889648,
        "a": 1.0
    },
    "_cylinderVertexCount": 14.0,
    "_stemRadius": 0.07083119451999664,
    "_leafCount": 8.0,
    "_edgeRingCount": 51.0,
    "startPos": {
        "x": 0.0,
        "y": 0.0,
        "z": 0.0
    },
    "tangent1": {
        "x": -0.141391322016716,
        "y": 1.8354740142822266,
        "z": -0.31164857745170596
    },
    "tangent2": {
        "x": -0.08778882026672363,
        "y": 2.2834413051605226,
        "z": -0.5256018042564392
    },
    "endPos": {
        "x": 0.1916135847568512,
        "y": 4.549939155578613,
        "z": -0.46730348467826846
    }
}