{
    "_horizontalLines": 19.0,
    "_verticalLines": 15.0,
    "_radius": 0.128750279545784,
    "_petalColour": {
        "r": 0.806394100189209,
        "g": 0.8270597457885742,
        "b": 0.3301559090614319,
        "a": 1.0
    },
    "_cylinderVertexCount": 12.0,
    "_stemRadius": 0.08366838097572327,
    "_leafCount": 8.0,
    "_edgeRingCount": 9.0,
    "startPos": {
        "x": 0.0,
        "y": 0.0,
        "z": 0.0
    },
    "tangent1": {
        "x": -0.23232655227184297,
        "y": 0.11149711906909943,
        "z": -0.35079994797706606
    },
    "tangent2": {
        "x": -0.03846174478530884,
        "y": 1.0731785297393799,
        "z": -0.11225348711013794
    },
    "endPos": {
        "x": 0.1480882614850998,
        "y": 4.0,
        "z": 0.5964751839637756
    }
}