{
    "_horizontalLines": 15.0,
    "_verticalLines": 18.0,
    "_radius": 0.004686503671109676,
    "_petalColour": {
        "r": 0.6530096530914307,
        "g": 0.34545379877090456,
        "b": 0.10998618602752686,
        "a": 1.0
    },
    "_cylinderVertexCount": 11.0,
    "_stemRadius": -0.0007281064754351974,
    "_leafCount": 8.0,
    "_edgeRingCount": 5.0,
    "startPos": {
        "x": 0.0,
        "y": 0.0,
        "z": 0.0
    },
    "tangent1": {
        "x": 0.48245638608932497,
        "y": 1.8703209161758423,
        "z": 0.43160685896873476
    },
    "tangent2": {
        "x": 0.23877204954624177,
        "y": 2.4334959983825685,
        "z": 0.7622678875923157
    },
    "endPos": {
        "x": -0.45477670431137087,
        "y": 4.0,
        "z": 0.605990469455719
    }
}