{
    "_horizontalLines": 18.0,
    "_verticalLines": 15.0,
    "_radius": 0.031181780621409417,
    "_petalColour": {
        "r": 0.7451732158660889,
        "g": 0.6315033435821533,
        "b": 0.6070629954338074,
        "a": 1.0
    },
    "_cylinderVertexCount": 5.0,
    "_stemRadius": 0.005787570029497147,
    "_leafCount": 8.0,
    "_edgeRingCount": 39.0,
    "startPos": {
        "x": 0.0,
        "y": 0.0,
        "z": 0.0
    },
    "tangent1": {
        "x": -0.24807687103748322,
        "y": 0.4742967486381531,
        "z": -0.024969767779111863
    },
    "tangent2": {
        "x": 0.19942449033260346,
        "y": 1.1892423629760743,
        "z": 0.260444700717926
    },
    "endPos": {
        "x": 0.968713104724884,
        "y": 4.0,
        "z": 0.7807296514511108
    }
}