{
    "_horizontalLines": 19.0,
    "_verticalLines": 16.0,
    "_radius": 0.07918110489845276,
    "_petalColour": {
        "r": 0.3648238778114319,
        "g": 0.24564194679260255,
        "b": 0.39783793687820437,
        "a": 1.0
    },
    "_cylinderVertexCount": 9.0,
    "_stemRadius": 0.06026475876569748,
    "_leafCount": 8.0,
    "_edgeRingCount": 28.0,
    "startPos": {
        "x": 0.0,
        "y": 0.0,
        "z": 0.0
    },
    "tangent1": {
        "x": 0.32266175746917727,
        "y": 0.7247840762138367,
        "z": -0.3342231810092926
    },
    "tangent2": {
        "x": 0.17967598140239716,
        "y": 2.666785717010498,
        "z": -0.29413267970085146
    },
    "endPos": {
        "x": -0.3172786831855774,
        "y": 4.0,
        "z": -0.3573230504989624
    }
}