{
    "_horizontalLines": 18.0,
    "_verticalLines": 16.0,
    "_radius": 0.04701096564531326,
    "_petalColour": {
        "r": 0.2513318657875061,
        "g": 0.5085336565971375,
        "b": 0.6397470235824585,
        "a": 1.0
    },
    "_cylinderVertexCount": 11.0,
    "_stemRadius": 0.025145143270492555,
    "_leafCount": 8.0,
    "_edgeRingCount": 64.0,
    "startPos": {
        "x": 0.0,
        "y": 0.0,
        "z": 0.0
    },
    "tangent1": {
        "x": -0.33430173993110659,
        "y": 1.6471679210662842,
        "z": 0.21331381797790528
    },
    "tangent2": {
        "x": -0.40495967864990237,
        "y": 1.7520337104797364,
        "z": -0.254561185836792
    },
    "endPos": {
        "x": 0.2458704710006714,
        "y": 4.079713821411133,
        "z": -1.0380945205688477
    }
}