{
    "_horizontalLines": 17.0,
    "_verticalLines": 19.0,
    "_radius": 0.1111050546169281,
    "_petalColour": {
        "r": 0.26408177614212038,
        "g": 0.33190232515335085,
        "b": 0.8216619491577148,
        "a": 1.0
    },
    "_cylinderVertexCount": 14.0,
    "_stemRadius": 0.10373884439468384,
    "_leafCount": 8.0,
    "_edgeRingCount": 21.0,
    "startPos": {
        "x": 0.0,
        "y": 0.0,
        "z": 0.0
    },
    "tangent1": {
        "x": -0.15210361778736115,
        "y": 0.486044704914093,
        "z": -0.2806953489780426
    },
    "tangent2": {
        "x": 0.014836102724075318,
        "y": 2.1363346576690676,
        "z": -0.7068069577217102
    },
    "endPos": {
        "x": -0.2779984474182129,
        "y": 4.0,
        "z": -0.7141259908676148
    }
}