{
    "_horizontalLines": 16.0,
    "_verticalLines": 15.0,
    "_radius": 0.06101952865719795,
    "_petalColour": {
        "r": 0.30926138162612917,
        "g": 0.6356923580169678,
        "b": 0.08305442333221436,
        "a": 1.0
    },
    "_cylinderVertexCount": 7.0,
    "_stemRadius": 0.04895910620689392,
    "_leafCount": 8.0,
    "_edgeRingCount": 12.0,
    "startPos": {
        "x": 0.0,
        "y": 0.0,
        "z": 0.0
    },
    "tangent1": {
        "x": 0.3735250234603882,
        "y": 0.7774800658226013,
        "z": 0.3594193458557129
    },
    "tangent2": {
        "x": 0.8709784746170044,
        "y": 2.159682512283325,
        "z": 0.4607546925544739
    },
    "endPos": {
        "x": 1.2888741493225098,
        "y": 4.0,
        "z": 1.0741512775421143
    }
}