{
    "_horizontalLines": 15.0,
    "_verticalLines": 18.0,
    "_radius": 0.041822560131549838,
    "_petalColour": {
        "r": 0.8761504888534546,
        "g": 0.17668581008911134,
        "b": 0.16365349292755128,
        "a": 1.0
    },
    "_cylinderVertexCount": 11.0,
    "_stemRadius": 0.02021021582186222,
    "_leafCount": 8.0,
    "_edgeRingCount": 56.0,
    "startPos": {
        "x": 0.0,
        "y": 0.0,
        "z": 0.0
    },
    "tangent1": {
        "x": 0.30943191051483157,
        "y": 1.5060580968856812,
        "z": 0.3565516471862793
    },
    "tangent2": {
        "x": 0.35916954278945925,
        "y": 3.0894172191619875,
        "z": 0.6739040613174439
    },
    "endPos": {
        "x": 0.29852280020713808,
        "y": 4.99765682220459,
        "z": 0.14780139923095704
    }
}