{
    "_horizontalLines": 16.0,
    "_verticalLines": 17.0,
    "_radius": 0.06652696430683136,
    "_petalColour": {
        "r": 0.1701878309249878,
        "g": 0.683323860168457,
        "b": 0.4863777756690979,
        "a": 1.0
    },
    "_cylinderVertexCount": 12.0,
    "_stemRadius": 0.036768507212400439,
    "_leafCount": 8.0,
    "_edgeRingCount": 42.0,
    "startPos": {
        "x": 0.0,
        "y": 0.0,
        "z": 0.0
    },
    "tangent1": {
        "x": 0.12932193279266358,
        "y": 0.5854081511497498,
        "z": 0.15294110774993897
    },
    "tangent2": {
        "x": -0.1641514003276825,
        "y": 0.7367675304412842,
        "z": 0.2916581630706787
    },
    "endPos": {
        "x": -0.2869632840156555,
        "y": 4.0,
        "z": 0.2218882143497467
    }
}