{
    "_horizontalLines": 17.0,
    "_verticalLines": 17.0,
    "_radius": 0.11975236237049103,
    "_petalColour": {
        "r": 0.21569418907165528,
        "g": 0.5543778538703919,
        "b": 0.1091911792755127,
        "a": 1.0
    },
    "_cylinderVertexCount": 12.0,
    "_stemRadius": 0.07441496104001999,
    "_leafCount": 8.0,
    "_edgeRingCount": 12.0,
    "startPos": {
        "x": 0.0,
        "y": 0.0,
        "z": 0.0
    },
    "tangent1": {
        "x": 0.20144104957580567,
        "y": 1.3894180059432984,
        "z": 0.03908343240618706
    },
    "tangent2": {
        "x": -0.037572816014289859,
        "y": 3.2705276012420656,
        "z": -0.2930290997028351
    },
    "endPos": {
        "x": -0.7587066292762756,
        "y": 6.013611793518066,
        "z": -0.0552024245262146
    }
}