{
    "_horizontalLines": 18.0,
    "_verticalLines": 19.0,
    "_radius": 0.08184005320072174,
    "_petalColour": {
        "r": 0.17120039463043214,
        "g": 0.7120686769485474,
        "b": 0.71070396900177,
        "a": 1.0
    },
    "_cylinderVertexCount": 5.0,
    "_stemRadius": 0.06445138901472092,
    "_leafCount": 8.0,
    "_edgeRingCount": 22.0,
    "startPos": {
        "x": 0.0,
        "y": 0.0,
        "z": 0.0
    },
    "tangent1": {
        "x": 0.4512901306152344,
        "y": 0.3309728503227234,
        "z": -0.33976343274116518
    },
    "tangent2": {
        "x": 0.29553741216659548,
        "y": 1.904618501663208,
        "z": -0.545910656452179
    },
    "endPos": {
        "x": 0.41238343715667727,
        "y": 5.043242931365967,
        "z": -1.3462796211242676
    }
}