{
    "_horizontalLines": 15.0,
    "_verticalLines": 15.0,
    "_radius": 0.14966246485710145,
    "_petalColour": {
        "r": 0.9932621717453003,
        "g": 0.39637500047683718,
        "b": 0.5085766911506653,
        "a": 1.0
    },
    "_cylinderVertexCount": 9.0,
    "_stemRadius": 0.10598938912153244,
    "_leafCount": 8.0,
    "_edgeRingCount": 15.0,
    "startPos": {
        "x": 0.0,
        "y": 0.0,
        "z": 0.0
    },
    "tangent1": {
        "x": -0.30076828598976138,
        "y": 1.183527946472168,
        "z": 0.35173797607421877
    },
    "tangent2": {
        "x": -0.009482532739639283,
        "y": 2.5995631217956545,
        "z": 0.28023630380630495
    },
    "endPos": {
        "x": 0.09878338128328324,
        "y": 4.222833156585693,
        "z": 0.6388791799545288
    }
}