{
    "_horizontalLines": 19.0,
    "_verticalLines": 18.0,
    "_radius": 0.1509513556957245,
    "_petalColour": {
        "r": 0.6268950700759888,
        "g": 0.06830835342407227,
        "b": 0.09535109996795654,
        "a": 1.0
    },
    "_cylinderVertexCount": 13.0,
    "_stemRadius": 0.10655909776687622,
    "_leafCount": 8.0,
    "_edgeRingCount": 34.0,
    "startPos": {
        "x": 0.0,
        "y": 0.0,
        "z": 0.0
    },
    "tangent1": {
        "x": 0.36640843749046328,
        "y": 1.1226943731307984,
        "z": -0.4504423141479492
    },
    "tangent2": {
        "x": 0.003903001546859741,
        "y": 2.250544309616089,
        "z": -0.9233072400093079
    },
    "endPos": {
        "x": -0.8186622858047485,
        "y": 4.0,
        "z": -1.7438750267028809
    }
}