{
    "_horizontalLines": 19.0,
    "_verticalLines": 16.0,
    "_radius": 0.0718664675951004,
    "_petalColour": {
        "r": 0.11668992042541504,
        "g": 0.4815598130226135,
        "b": 0.20109260082244874,
        "a": 1.0
    },
    "_cylinderVertexCount": 14.0,
    "_stemRadius": 0.05688219517469406,
    "_leafCount": 8.0,
    "_edgeRingCount": 36.0,
    "startPos": {
        "x": 0.0,
        "y": 0.0,
        "z": 0.0
    },
    "tangent1": {
        "x": 0.034453678876161578,
        "y": 0.04601402208209038,
        "z": 0.44722509384155276
    },
    "tangent2": {
        "x": -0.015801571309566499,
        "y": 1.6595925092697144,
        "z": 0.660930871963501
    },
    "endPos": {
        "x": 0.6569284796714783,
        "y": 4.426892280578613,
        "z": 0.5694422721862793
    }
}