{
    "_horizontalLines": 18.0,
    "_verticalLines": 17.0,
    "_radius": 0.06227538734674454,
    "_petalColour": {
        "r": 0.0514066219329834,
        "g": 0.7973719835281372,
        "b": 0.3620874285697937,
        "a": 1.0
    },
    "_cylinderVertexCount": 8.0,
    "_stemRadius": 0.03146857023239136,
    "_leafCount": 8.0,
    "_edgeRingCount": 42.0,
    "startPos": {
        "x": 0.0,
        "y": 0.0,
        "z": 0.0
    },
    "tangent1": {
        "x": 0.08681555092334748,
        "y": 0.7338408827781677,
        "z": 0.3600088059902191
    },
    "tangent2": {
        "x": -0.26026391983032229,
        "y": 1.2342543601989747,
        "z": 0.4078226387500763
    },
    "endPos": {
        "x": -0.45913439989089968,
        "y": 4.0,
        "z": -0.30258551239967348
    }
}