{
    "_horizontalLines": 17.0,
    "_verticalLines": 19.0,
    "_radius": 0.0933222845196724,
    "_petalColour": {
        "r": 0.7287471294403076,
        "g": 0.7309854030609131,
        "b": 0.14618098735809327,
        "a": 1.0
    },
    "_cylinderVertexCount": 7.0,
    "_stemRadius": 0.08781596273183823,
    "_leafCount": 8.0,
    "_edgeRingCount": 6.0,
    "startPos": {
        "x": 0.0,
        "y": 0.0,
        "z": 0.0
    },
    "tangent1": {
        "x": 0.002414655638858676,
        "y": 0.9111404418945313,
        "z": -0.26859164237976076
    },
    "tangent2": {
        "x": 0.181659534573555,
        "y": 1.9386730194091797,
        "z": -0.5678356885910034
    },
    "endPos": {
        "x": 0.8792122006416321,
        "y": 4.0,
        "z": 0.2608967423439026
    }
}