{
    "_horizontalLines": 16.0,
    "_verticalLines": 16.0,
    "_radius": 0.032478220760822299,
    "_petalColour": {
        "r": 0.8805891275405884,
        "g": 0.6474567651748657,
        "b": 0.6643232107162476,
        "a": 1.0
    },
    "_cylinderVertexCount": 5.0,
    "_stemRadius": 0.02706693485379219,
    "_leafCount": 8.0,
    "_edgeRingCount": 36.0,
    "startPos": {
        "x": 0.0,
        "y": 0.0,
        "z": 0.0
    },
    "tangent1": {
        "x": -0.07456512749195099,
        "y": 0.7115200161933899,
        "z": 0.05675382539629936
    },
    "tangent2": {
        "x": -0.5689261555671692,
        "y": 1.5573288202285767,
        "z": -0.3616402745246887
    },
    "endPos": {
        "x": -1.0911059379577637,
        "y": 4.0,
        "z": -0.9194998145103455
    }
}