{
    "_horizontalLines": 19.0,
    "_verticalLines": 15.0,
    "_radius": 0.06675828993320465,
    "_petalColour": {
        "r": 0.14858365058898927,
        "g": 0.791671872138977,
        "b": 0.6406933069229126,
        "a": 1.0
    },
    "_cylinderVertexCount": 8.0,
    "_stemRadius": 0.041937779635190967,
    "_leafCount": 8.0,
    "_edgeRingCount": 34.0,
    "startPos": {
        "x": 0.0,
        "y": 0.0,
        "z": 0.0
    },
    "tangent1": {
        "x": -0.4738851487636566,
        "y": 1.8821251392364503,
        "z": 0.46394872665405276
    },
    "tangent2": {
        "x": -0.1435743272304535,
        "y": 3.7726898193359377,
        "z": 0.8475202322006226
    },
    "endPos": {
        "x": 0.27107280492782595,
        "y": 4.852202892303467,
        "z": 0.20930486917495728
    }
}