{
    "_horizontalLines": 18.0,
    "_verticalLines": 15.0,
    "_radius": 0.045680414885282519,
    "_petalColour": {
        "r": 0.3883435130119324,
        "g": 0.0798029899597168,
        "b": 0.22146904468536378,
        "a": 1.0
    },
    "_cylinderVertexCount": 12.0,
    "_stemRadius": -0.004247115459293127,
    "_leafCount": 8.0,
    "_edgeRingCount": 52.0,
    "startPos": {
        "x": 0.0,
        "y": 0.0,
        "z": 0.0
    },
    "tangent1": {
        "x": 0.04084653779864311,
        "y": 1.8017066717147828,
        "z": 0.18040798604488374
    },
    "tangent2": {
        "x": 0.3349354565143585,
        "y": 2.7335264682769777,
        "z": -0.23777534067630769
    },
    "endPos": {
        "x": 1.0906226634979249,
        "y": 4.0,
        "z": -0.9395889639854431
    }
}