{
    "_horizontalLines": 15.0,
    "_verticalLines": 19.0,
    "_radius": 0.08634848147630692,
    "_petalColour": {
        "r": 0.3622066378593445,
        "g": 0.8619024753570557,
        "b": 0.025095343589782716,
        "a": 1.0
    },
    "_cylinderVertexCount": 5.0,
    "_stemRadius": 0.05537966638803482,
    "_leafCount": 8.0,
    "_edgeRingCount": 5.0,
    "startPos": {
        "x": 0.0,
        "y": 0.0,
        "z": 0.0
    },
    "tangent1": {
        "x": 0.44509387016296389,
        "y": 1.569326400756836,
        "z": 0.16158398985862733
    },
    "tangent2": {
        "x": 0.2621254324913025,
        "y": 3.553637981414795,
        "z": 0.06254662573337555
    },
    "endPos": {
        "x": 0.08471684157848358,
        "y": 6.124410629272461,
        "z": 0.641026496887207
    }
}