{
    "_horizontalLines": 15.0,
    "_verticalLines": 17.0,
    "_radius": 0.09238635748624802,
    "_petalColour": {
        "r": 0.45485979318618777,
        "g": 0.5535230040550232,
        "b": 0.319086492061615,
        "a": 1.0
    },
    "_cylinderVertexCount": 12.0,
    "_stemRadius": 0.08144446462392807,
    "_leafCount": 8.0,
    "_edgeRingCount": 33.0,
    "startPos": {
        "x": 0.0,
        "y": 0.0,
        "z": 0.0
    },
    "tangent1": {
        "x": 0.15631316602230073,
        "y": 1.3440437316894532,
        "z": 0.37513265013694765
    },
    "tangent2": {
        "x": 0.182984858751297,
        "y": 1.587132215499878,
        "z": 0.2571282982826233
    },
    "endPos": {
        "x": 0.9480572938919067,
        "y": 4.0,
        "z": 0.7347975969314575
    }
}