{
    "_horizontalLines": 16.0,
    "_verticalLines": 17.0,
    "_radius": 0.07140257209539414,
    "_petalColour": {
        "r": 0.19171786308288575,
        "g": 0.8396148681640625,
        "b": 0.7169070243835449,
        "a": 1.0
    },
    "_cylinderVertexCount": 5.0,
    "_stemRadius": 0.029635000973939897,
    "_leafCount": 8.0,
    "_edgeRingCount": 33.0,
    "startPos": {
        "x": 0.0,
        "y": 0.0,
        "z": 0.0
    },
    "tangent1": {
        "x": -0.21305795013904572,
        "y": 0.16542987525463105,
        "z": 0.48003339767456057
    },
    "tangent2": {
        "x": -0.33516788482666018,
        "y": 0.7851139307022095,
        "z": 0.8313173055648804
    },
    "endPos": {
        "x": 0.02323630452156067,
        "y": 4.0,
        "z": 1.2769975662231446
    }
}