{
    "_horizontalLines": 16.0,
    "_verticalLines": 17.0,
    "_radius": 0.06442753225564957,
    "_petalColour": {
        "r": 0.37436527013778689,
        "g": 0.45219069719314577,
        "b": 0.6915230751037598,
        "a": 1.0
    },
    "_cylinderVertexCount": 11.0,
    "_stemRadius": 0.03885834291577339,
    "_leafCount": 8.0,
    "_edgeRingCount": 15.0,
    "startPos": {
        "x": 0.0,
        "y": 0.0,
        "z": 0.0
    },
    "tangent1": {
        "x": -0.23084764182567597,
        "y": 1.7210899591445923,
        "z": -0.17436151206493379
    },
    "tangent2": {
        "x": -0.5870378613471985,
        "y": 3.1578311920166017,
        "z": -0.2507856786251068
    },
    "endPos": {
        "x": -0.4242016673088074,
        "y": 5.7212114334106449,
        "z": -1.0481805801391602
    }
}