{
    "_horizontalLines": 15.0,
    "_verticalLines": 17.0,
    "_radius": 0.10470160096883774,
    "_petalColour": {
        "r": 0.8842953443527222,
        "g": 0.4795137047767639,
        "b": 0.43383580446243288,
        "a": 1.0
    },
    "_cylinderVertexCount": 11.0,
    "_stemRadius": 0.08699165284633637,
    "_leafCount": 8.0,
    "_edgeRingCount": 45.0,
    "startPos": {
        "x": 0.0,
        "y": 0.0,
        "z": 0.0
    },
    "tangent1": {
        "x": -0.28713011741638186,
        "y": 1.4232033491134644,
        "z": 0.1742180585861206
    },
    "tangent2": {
        "x": -0.4038010239601135,
        "y": 1.8078782558441163,
        "z": -0.10794508457183838
    },
    "endPos": {
        "x": -1.1530952453613282,
        "y": 5.168697357177734,
        "z": 0.7545596361160278
    }
}