{
    "_horizontalLines": 16.0,
    "_verticalLines": 18.0,
    "_radius": 0.041445326060056689,
    "_petalColour": {
        "r": 0.9913604259490967,
        "g": 0.8923808336257935,
        "b": 0.7020283937454224,
        "a": 1.0
    },
    "_cylinderVertexCount": 7.0,
    "_stemRadius": 0.040759939700365069,
    "_leafCount": 8.0,
    "_edgeRingCount": 38.0,
    "startPos": {
        "x": 0.0,
        "y": 0.0,
        "z": 0.0
    },
    "tangent1": {
        "x": -0.013471889309585095,
        "y": 1.1703863143920899,
        "z": 0.21551799774169923
    },
    "tangent2": {
        "x": 0.29935309290885928,
        "y": 2.946183204650879,
        "z": 0.3977210521697998
    },
    "endPos": {
        "x": 0.5802761316299439,
        "y": 6.259439945220947,
        "z": -0.16026335954666139
    }
}