{
    "_horizontalLines": 18.0,
    "_verticalLines": 18.0,
    "_radius": 0.08042239397764206,
    "_petalColour": {
        "r": 0.4722049832344055,
        "g": 0.8608769178390503,
        "b": 0.955723762512207,
        "a": 1.0
    },
    "_cylinderVertexCount": 14.0,
    "_stemRadius": 0.06733720004558563,
    "_leafCount": 8.0,
    "_edgeRingCount": 4.0,
    "startPos": {
        "x": 0.0,
        "y": 0.0,
        "z": 0.0
    },
    "tangent1": {
        "x": -0.4278946816921234,
        "y": 1.4543437957763672,
        "z": 0.4714522361755371
    },
    "tangent2": {
        "x": -0.013940900564193726,
        "y": 2.2023582458496095,
        "z": 0.33953386545181277
    },
    "endPos": {
        "x": -0.22261272370815278,
        "y": 4.0,
        "z": 0.916503369808197
    }
}