{
    "_horizontalLines": 17.0,
    "_verticalLines": 17.0,
    "_radius": 0.008949261158704758,
    "_petalColour": {
        "r": 0.22957253456115724,
        "g": 0.3157913088798523,
        "b": 0.22798633575439454,
        "a": 1.0
    },
    "_cylinderVertexCount": 12.0,
    "_stemRadius": 0.0027464390732347967,
    "_leafCount": 8.0,
    "_edgeRingCount": 50.0,
    "startPos": {
        "x": 0.0,
        "y": 0.0,
        "z": 0.0
    },
    "tangent1": {
        "x": 0.07240600883960724,
        "y": 1.1690864562988282,
        "z": 0.025450896471738817
    },
    "tangent2": {
        "x": 0.49636876583099368,
        "y": 2.9284911155700685,
        "z": 0.01994490623474121
    },
    "endPos": {
        "x": -0.26197218894958498,
        "y": 5.343092918395996,
        "z": 0.44047480821609499
    }
}