{
    "_horizontalLines": 17.0,
    "_verticalLines": 16.0,
    "_radius": 0.021773099899291993,
    "_petalColour": {
        "r": 0.7408791780471802,
        "g": 0.25034910440444949,
        "b": 0.992489218711853,
        "a": 1.0
    },
    "_cylinderVertexCount": 13.0,
    "_stemRadius": -0.0033339031506329777,
    "_leafCount": 8.0,
    "_edgeRingCount": 48.0,
    "startPos": {
        "x": 0.0,
        "y": 0.0,
        "z": 0.0
    },
    "tangent1": {
        "x": -0.36243295669555666,
        "y": 1.3428797721862794,
        "z": 0.12984798848628999
    },
    "tangent2": {
        "x": -0.3049861788749695,
        "y": 1.8302290439605713,
        "z": -0.024034321308135988
    },
    "endPos": {
        "x": -0.4533519148826599,
        "y": 4.225254535675049,
        "z": -0.2791045010089874
    }
}