{
    "_horizontalLines": 15.0,
    "_verticalLines": 15.0,
    "_radius": 0.07751278579235077,
    "_petalColour": {
        "r": 0.3861904740333557,
        "g": 0.3464011549949646,
        "b": 0.7380218505859375,
        "a": 1.0
    },
    "_cylinderVertexCount": 8.0,
    "_stemRadius": 0.0425734780728817,
    "_leafCount": 8.0,
    "_edgeRingCount": 51.0,
    "startPos": {
        "x": 0.0,
        "y": 0.0,
        "z": 0.0
    },
    "tangent1": {
        "x": -0.020596694201231004,
        "y": 1.4557503461837769,
        "z": 0.17101334035396577
    },
    "tangent2": {
        "x": -0.025160551071166993,
        "y": 3.070462226867676,
        "z": 0.36294829845428469
    },
    "endPos": {
        "x": -0.45359691977500918,
        "y": 4.0,
        "z": -0.1080489456653595
    }
}