{
    "_horizontalLines": 17.0,
    "_verticalLines": 19.0,
    "_radius": 0.09439750760793686,
    "_petalColour": {
        "r": 0.9345721006393433,
        "g": 0.8733335733413696,
        "b": 0.7344156503677368,
        "a": 1.0
    },
    "_cylinderVertexCount": 14.0,
    "_stemRadius": 0.08409459888935089,
    "_leafCount": 8.0,
    "_edgeRingCount": 36.0,
    "startPos": {
        "x": 0.0,
        "y": 0.0,
        "z": 0.0
    },
    "tangent1": {
        "x": -0.37534189224243166,
        "y": 1.109283447265625,
        "z": -0.04030175134539604
    },
    "tangent2": {
        "x": -0.1965893805027008,
        "y": 1.2102539539337159,
        "z": 0.41116786003112795
    },
    "endPos": {
        "x": -0.871422529220581,
        "y": 4.0,
        "z": 0.7731354236602783
    }
}