{
    "_horizontalLines": 19.0,
    "_verticalLines": 19.0,
    "_radius": 0.1256028562784195,
    "_petalColour": {
        "r": 0.2998977303504944,
        "g": 0.7608194351196289,
        "b": 0.26244765520095827,
        "a": 1.0
    },
    "_cylinderVertexCount": 13.0,
    "_stemRadius": 0.10864555090665817,
    "_leafCount": 8.0,
    "_edgeRingCount": 22.0,
    "startPos": {
        "x": 0.0,
        "y": 0.0,
        "z": 0.0
    },
    "tangent1": {
        "x": 0.4082111418247223,
        "y": 1.7673141956329346,
        "z": 0.1987154334783554
    },
    "tangent2": {
        "x": -0.032580941915512088,
        "y": 2.1179027557373049,
        "z": -0.21530471742153169
    },
    "endPos": {
        "x": 0.4632456600666046,
        "y": 4.737866401672363,
        "z": -0.7831041216850281
    }
}