{
    "_horizontalLines": 18.0,
    "_verticalLines": 17.0,
    "_radius": 0.04894673079252243,
    "_petalColour": {
        "r": 0.7698488235473633,
        "g": 0.0367128849029541,
        "b": 0.9671279191970825,
        "a": 1.0
    },
    "_cylinderVertexCount": 14.0,
    "_stemRadius": 0.01813684217631817,
    "_leafCount": 8.0,
    "_edgeRingCount": 13.0,
    "startPos": {
        "x": 0.0,
        "y": 0.0,
        "z": 0.0
    },
    "tangent1": {
        "x": -0.12136216461658478,
        "y": 1.9841140508651734,
        "z": 0.07433132827281952
    },
    "tangent2": {
        "x": -0.3231474459171295,
        "y": 3.5656769275665285,
        "z": 0.12105107307434082
    },
    "endPos": {
        "x": -0.06824719905853272,
        "y": 5.987259864807129,
        "z": 0.12868359684944154
    }
}