{
    "_horizontalLines": 19.0,
    "_verticalLines": 15.0,
    "_radius": 0.05160655453801155,
    "_petalColour": {
        "r": 0.38036805391311648,
        "g": 0.8379080295562744,
        "b": 0.3831283450126648,
        "a": 1.0
    },
    "_cylinderVertexCount": 13.0,
    "_stemRadius": 0.043109551072120669,
    "_leafCount": 8.0,
    "_edgeRingCount": 49.0,
    "startPos": {
        "x": 0.0,
        "y": 0.0,
        "z": 0.0
    },
    "tangent1": {
        "x": -0.4296950399875641,
        "y": 0.8543403744697571,
        "z": 0.40973585844039919
    },
    "tangent2": {
        "x": -0.8630141019821167,
        "y": 1.2747427225112916,
        "z": 0.8918458223342896
    },
    "endPos": {
        "x": -1.7181644439697266,
        "y": 4.0,
        "z": 0.22793292999267579
    }
}