{
    "_horizontalLines": 15.0,
    "_verticalLines": 16.0,
    "_radius": 0.149213507771492,
    "_petalColour": {
        "r": 0.27906495332717898,
        "g": 0.4941559433937073,
        "b": 0.024698615074157716,
        "a": 1.0
    },
    "_cylinderVertexCount": 8.0,
    "_stemRadius": 0.1121579259634018,
    "_leafCount": 8.0,
    "_edgeRingCount": 38.0,
    "startPos": {
        "x": 0.0,
        "y": 0.0,
        "z": 0.0
    },
    "tangent1": {
        "x": 0.08789010345935822,
        "y": 0.329484760761261,
        "z": 0.27739083766937258
    },
    "tangent2": {
        "x": -0.16035327315330506,
        "y": 0.5155582427978516,
        "z": 0.3823750615119934
    },
    "endPos": {
        "x": -0.9493780136108398,
        "y": 4.0,
        "z": 1.0788822174072266
    }
}