{
    "_horizontalLines": 15.0,
    "_verticalLines": 17.0,
    "_radius": 0.12426204979419708,
    "_petalColour": {
        "r": 0.10006082057952881,
        "g": 0.5271691679954529,
        "b": 0.8590052127838135,
        "a": 1.0
    },
    "_cylinderVertexCount": 14.0,
    "_stemRadius": 0.11242256313562393,
    "_leafCount": 8.0,
    "_edgeRingCount": 44.0,
    "startPos": {
        "x": 0.0,
        "y": 0.0,
        "z": 0.0
    },
    "tangent1": {
        "x": 0.3903232514858246,
        "y": 0.26680487394332888,
        "z": 0.38741636276245119
    },
    "tangent2": {
        "x": 0.11805638670921326,
        "y": 0.938421905040741,
        "z": 0.18563275039196015
    },
    "endPos": {
        "x": 0.18904316425323487,
        "y": 4.0,
        "z": -0.3198671340942383
    }
}