{
    "_horizontalLines": 15.0,
    "_verticalLines": 16.0,
    "_radius": 0.06856777518987656,
    "_petalColour": {
        "r": 0.7275868654251099,
        "g": 0.17521142959594727,
        "b": 0.30433768033981326,
        "a": 1.0
    },
    "_cylinderVertexCount": 8.0,
    "_stemRadius": 0.02424062043428421,
    "_leafCount": 8.0,
    "_edgeRingCount": 24.0,
    "startPos": {
        "x": 0.0,
        "y": 0.0,
        "z": 0.0
    },
    "tangent1": {
        "x": 0.32842645049095156,
        "y": 0.8640303611755371,
        "z": 0.44643306732177737
    },
    "tangent2": {
        "x": 0.7790946960449219,
        "y": 0.8939301371574402,
        "z": 0.8278870582580566
    },
    "endPos": {
        "x": 1.579061508178711,
        "y": 4.0,
        "z": 0.9545350074768066
    }
}