{
    "_horizontalLines": 16.0,
    "_verticalLines": 18.0,
    "_radius": 0.05224539339542389,
    "_petalColour": {
        "r": 0.7743699550628662,
        "g": 0.6056081652641296,
        "b": 0.6416393518447876,
        "a": 1.0
    },
    "_cylinderVertexCount": 7.0,
    "_stemRadius": 0.050175879150629047,
    "_leafCount": 8.0,
    "_edgeRingCount": 47.0,
    "startPos": {
        "x": 0.0,
        "y": 0.0,
        "z": 0.0
    },
    "tangent1": {
        "x": -0.05579834058880806,
        "y": 0.5186673998832703,
        "z": 0.3418534994125366
    },
    "tangent2": {
        "x": -0.2814292907714844,
        "y": 1.5067886114120484,
        "z": 0.7211565971374512
    },
    "endPos": {
        "x": -0.28967663645744326,
        "y": 4.273029327392578,
        "z": 0.7038609981536865
    }
}