{
    "_horizontalLines": 18.0,
    "_verticalLines": 17.0,
    "_radius": 0.1554822325706482,
    "_petalColour": {
        "r": 0.6493544578552246,
        "g": 0.9795106649398804,
        "b": 0.5239272713661194,
        "a": 1.0
    },
    "_cylinderVertexCount": 6.0,
    "_stemRadius": 0.10567343235015869,
    "_leafCount": 8.0,
    "_edgeRingCount": 20.0,
    "startPos": {
        "x": 0.0,
        "y": 0.0,
        "z": 0.0
    },
    "tangent1": {
        "x": 0.1087365597486496,
        "y": 0.4733636975288391,
        "z": -0.2927870750427246
    },
    "tangent2": {
        "x": 0.31758934259414675,
        "y": 1.4099924564361573,
        "z": -0.37881630659103396
    },
    "endPos": {
        "x": 0.5210849642753601,
        "y": 4.0,
        "z": 0.4172753095626831
    }
}