{
    "_horizontalLines": 17.0,
    "_verticalLines": 15.0,
    "_radius": 0.022185442969202997,
    "_petalColour": {
        "r": 0.9456827640533447,
        "g": 0.5493343472480774,
        "b": 0.5504758954048157,
        "a": 1.0
    },
    "_cylinderVertexCount": 5.0,
    "_stemRadius": 0.0041341958567500118,
    "_leafCount": 8.0,
    "_edgeRingCount": 21.0,
    "startPos": {
        "x": 0.0,
        "y": 0.0,
        "z": 0.0
    },
    "tangent1": {
        "x": 0.2744687795639038,
        "y": 0.7804557681083679,
        "z": 0.04210681840777397
    },
    "tangent2": {
        "x": 0.31334906816482546,
        "y": 1.6220638751983643,
        "z": -0.2868345379829407
    },
    "endPos": {
        "x": 0.8982957005500794,
        "y": 4.0,
        "z": -0.008845478296279908
    }
}