{
    "_horizontalLines": 16.0,
    "_verticalLines": 19.0,
    "_radius": 0.09791955351829529,
    "_petalColour": {
        "r": 0.07505106925964356,
        "g": 0.5240920186042786,
        "b": 0.9154549837112427,
        "a": 1.0
    },
    "_cylinderVertexCount": 11.0,
    "_stemRadius": 0.08401618152856827,
    "_leafCount": 8.0,
    "_edgeRingCount": 49.0,
    "startPos": {
        "x": 0.0,
        "y": 0.0,
        "z": 0.0
    },
    "tangent1": {
        "x": -0.09783415496349335,
        "y": 1.0848010778427125,
        "z": -0.11239676177501679
    },
    "tangent2": {
        "x": -0.20925188064575196,
        "y": 1.3312498331069947,
        "z": -0.5455631613731384
    },
    "endPos": {
        "x": -0.7961361408233643,
        "y": 4.746201992034912,
        "z": -0.6197499632835388
    }
}