{
    "_horizontalLines": 15.0,
    "_verticalLines": 16.0,
    "_radius": 0.04496610164642334,
    "_petalColour": {
        "r": 0.8026782274246216,
        "g": 0.542242705821991,
        "b": 0.990288257598877,
        "a": 1.0
    },
    "_cylinderVertexCount": 6.0,
    "_stemRadius": 0.008748592808842659,
    "_leafCount": 8.0,
    "_edgeRingCount": 19.0,
    "startPos": {
        "x": 0.0,
        "y": 0.0,
        "z": 0.0
    },
    "tangent1": {
        "x": 0.33714303374290469,
        "y": 0.4117977023124695,
        "z": 0.0066735269501805309
    },
    "tangent2": {
        "x": -0.13403159379959107,
        "y": 0.933000922203064,
        "z": -0.41656237840652468
    },
    "endPos": {
        "x": -0.982038140296936,
        "y": 4.0,
        "z": -0.7493581771850586
    }
}