{
    "_horizontalLines": 18.0,
    "_verticalLines": 17.0,
    "_radius": 0.11390985548496247,
    "_petalColour": {
        "r": 0.6530519723892212,
        "g": 0.806434154510498,
        "b": 0.2935327887535095,
        "a": 1.0
    },
    "_cylinderVertexCount": 14.0,
    "_stemRadius": 0.09806016087532044,
    "_leafCount": 8.0,
    "_edgeRingCount": 39.0,
    "startPos": {
        "x": 0.0,
        "y": 0.0,
        "z": 0.0
    },
    "tangent1": {
        "x": -0.029168415814638139,
        "y": 1.0660899877548218,
        "z": 0.06870026886463165
    },
    "tangent2": {
        "x": -0.3219178318977356,
        "y": 2.3500728607177736,
        "z": -0.22698207199573518
    },
    "endPos": {
        "x": -1.0503538846969605,
        "y": 4.0,
        "z": -1.0834980010986329
    }
}