{
    "_horizontalLines": 17.0,
    "_verticalLines": 16.0,
    "_radius": 0.010776340030133725,
    "_petalColour": {
        "r": 0.8804868459701538,
        "g": 0.8171008825302124,
        "b": 0.13067114353179933,
        "a": 1.0
    },
    "_cylinderVertexCount": 13.0,
    "_stemRadius": 0.0060321008786559109,
    "_leafCount": 8.0,
    "_edgeRingCount": 14.0,
    "startPos": {
        "x": 0.0,
        "y": 0.0,
        "z": 0.0
    },
    "tangent1": {
        "x": 0.3597441613674164,
        "y": 0.9990835189819336,
        "z": 0.12592753767967225
    },
    "tangent2": {
        "x": 0.5216813087463379,
        "y": 2.7775659561157228,
        "z": 0.16452349722385407
    },
    "endPos": {
        "x": 0.9726604223251343,
        "y": 5.535619735717773,
        "z": -0.42603492736816409
    }
}