{
    "_horizontalLines": 18.0,
    "_verticalLines": 18.0,
    "_radius": 0.060169972479343417,
    "_petalColour": {
        "r": 0.9534244537353516,
        "g": 0.7181011438369751,
        "b": 0.8332884311676025,
        "a": 1.0
    },
    "_cylinderVertexCount": 13.0,
    "_stemRadius": 0.01657872088253498,
    "_leafCount": 8.0,
    "_edgeRingCount": 11.0,
    "startPos": {
        "x": 0.0,
        "y": 0.0,
        "z": 0.0
    },
    "tangent1": {
        "x": 0.03800659254193306,
        "y": 0.1674058884382248,
        "z": 0.04372973367571831
    },
    "tangent2": {
        "x": -0.2651069462299347,
        "y": 1.4947205781936646,
        "z": 0.1855648308992386
    },
    "endPos": {
        "x": 0.17595553398132325,
        "y": 4.0,
        "z": -0.6366602778434753
    }
}