{
    "_horizontalLines": 15.0,
    "_verticalLines": 17.0,
    "_radius": 0.10609320551156998,
    "_petalColour": {
        "r": 0.9155107736587524,
        "g": 0.9080051183700562,
        "b": 0.046935439109802249,
        "a": 1.0
    },
    "_cylinderVertexCount": 5.0,
    "_stemRadius": 0.08905287832021713,
    "_leafCount": 8.0,
    "_edgeRingCount": 39.0,
    "startPos": {
        "x": 0.0,
        "y": 0.0,
        "z": 0.0
    },
    "tangent1": {
        "x": -0.04606432840228081,
        "y": 0.7431394457817078,
        "z": 0.41938361525535586
    },
    "tangent2": {
        "x": -0.3719756305217743,
        "y": 1.982163667678833,
        "z": 0.40348365902900698
    },
    "endPos": {
        "x": -0.2394760102033615,
        "y": 4.0,
        "z": 0.7961079478263855
    }
}