{
    "_horizontalLines": 18.0,
    "_verticalLines": 16.0,
    "_radius": 0.0843370258808136,
    "_petalColour": {
        "r": 0.9265295267105103,
        "g": 0.4003540873527527,
        "b": 0.48482900857925417,
        "a": 1.0
    },
    "_cylinderVertexCount": 14.0,
    "_stemRadius": 0.040780384093523028,
    "_leafCount": 8.0,
    "_edgeRingCount": 33.0,
    "startPos": {
        "x": 0.0,
        "y": 0.0,
        "z": 0.0
    },
    "tangent1": {
        "x": 0.13200080394744874,
        "y": 0.07100029289722443,
        "z": 0.2890617847442627
    },
    "tangent2": {
        "x": 0.0877324789762497,
        "y": 1.6765727996826172,
        "z": 0.764385461807251
    },
    "endPos": {
        "x": -0.609803318977356,
        "y": 4.0,
        "z": 0.15826427936553956
    }
}