{
    "_horizontalLines": 16.0,
    "_verticalLines": 16.0,
    "_radius": 0.0792766660451889,
    "_petalColour": {
        "r": 0.1919018030166626,
        "g": 0.8087068796157837,
        "b": 0.4785439372062683,
        "a": 1.0
    },
    "_cylinderVertexCount": 6.0,
    "_stemRadius": 0.07350869476795197,
    "_leafCount": 8.0,
    "_edgeRingCount": 51.0,
    "startPos": {
        "x": 0.0,
        "y": 0.0,
        "z": 0.0
    },
    "tangent1": {
        "x": 0.1735832542181015,
        "y": 0.18392257392406465,
        "z": -0.038729000836610797
    },
    "tangent2": {
        "x": -0.17206551134586335,
        "y": 2.0232226848602297,
        "z": 0.27703455090522768
    },
    "endPos": {
        "x": -0.13957028090953828,
        "y": 4.0,
        "z": 0.07701335847377777
    }
}