{
    "_horizontalLines": 19.0,
    "_verticalLines": 17.0,
    "_radius": 0.053292758762836459,
    "_petalColour": {
        "r": 0.026757240295410157,
        "g": 0.25053125619888308,
        "b": 0.49285978078842165,
        "a": 1.0
    },
    "_cylinderVertexCount": 13.0,
    "_stemRadius": 0.013638542965054512,
    "_leafCount": 8.0,
    "_edgeRingCount": 56.0,
    "startPos": {
        "x": 0.0,
        "y": 0.0,
        "z": 0.0
    },
    "tangent1": {
        "x": -0.04777126386761665,
        "y": 0.661466121673584,
        "z": -0.40131816267967226
    },
    "tangent2": {
        "x": -0.23521709442138673,
        "y": 1.8688944578170777,
        "z": -0.17333897948265077
    },
    "endPos": {
        "x": -0.11518312990665436,
        "y": 4.0,
        "z": -0.9729686975479126
    }
}