{
    "_horizontalLines": 15.0,
    "_verticalLines": 16.0,
    "_radius": 0.10968320816755295,
    "_petalColour": {
        "r": 0.22240900993347169,
        "g": 0.9717357158660889,
        "b": 0.02891409397125244,
        "a": 1.0
    },
    "_cylinderVertexCount": 7.0,
    "_stemRadius": 0.07057131081819534,
    "_leafCount": 8.0,
    "_edgeRingCount": 7.0,
    "startPos": {
        "x": 0.0,
        "y": 0.0,
        "z": 0.0
    },
    "tangent1": {
        "x": 0.4867401123046875,
        "y": 0.463972270488739,
        "z": 0.1609114408493042
    },
    "tangent2": {
        "x": 0.5713300108909607,
        "y": 1.9634935855865479,
        "z": 0.5854107141494751
    },
    "endPos": {
        "x": 0.6426305174827576,
        "y": 5.441237926483154,
        "z": -0.18715065717697144
    }
}