{
    "_horizontalLines": 15.0,
    "_verticalLines": 15.0,
    "_radius": 0.022165216505527498,
    "_petalColour": {
        "r": 0.5943713784217835,
        "g": 0.046007394790649417,
        "b": 0.19224274158477784,
        "a": 1.0
    },
    "_cylinderVertexCount": 5.0,
    "_stemRadius": 0.02206765115261078,
    "_leafCount": 8.0,
    "_edgeRingCount": 31.0,
    "startPos": {
        "x": 0.0,
        "y": 0.0,
        "z": 0.0
    },
    "tangent1": {
        "x": 0.023930121213197709,
        "y": 1.5057936906814576,
        "z": 0.0005665302160196006
    },
    "tangent2": {
        "x": 0.47942301630973818,
        "y": 2.2016048431396486,
        "z": -0.12667050957679749
    },
    "endPos": {
        "x": 0.3217329978942871,
        "y": 4.6313066482543949,
        "z": 0.2291780710220337
    }
}