{
    "_horizontalLines": 16.0,
    "_verticalLines": 18.0,
    "_radius": 0.01355366688221693,
    "_petalColour": {
        "r": 0.19052767753601075,
        "g": 0.7835291624069214,
        "b": 0.5800185799598694,
        "a": 1.0
    },
    "_cylinderVertexCount": 7.0,
    "_stemRadius": 0.007523221429437399,
    "_leafCount": 8.0,
    "_edgeRingCount": 52.0,
    "startPos": {
        "x": 0.0,
        "y": 0.0,
        "z": 0.0
    },
    "tangent1": {
        "x": 0.32142531871795657,
        "y": 0.6463574767112732,
        "z": 0.3882896602153778
    },
    "tangent2": {
        "x": 0.08641855418682099,
        "y": 1.7290287017822266,
        "z": 0.7047405242919922
    },
    "endPos": {
        "x": 0.16956749558448792,
        "y": 4.704401969909668,
        "z": 1.2231595516204835
    }
}