{
    "_horizontalLines": 16.0,
    "_verticalLines": 15.0,
    "_radius": 0.052688222378492358,
    "_petalColour": {
        "r": 0.39458268880844118,
        "g": 0.07010936737060547,
        "b": 0.9516189098358154,
        "a": 1.0
    },
    "_cylinderVertexCount": 10.0,
    "_stemRadius": 0.024963503703475,
    "_leafCount": 8.0,
    "_edgeRingCount": 31.0,
    "startPos": {
        "x": 0.0,
        "y": 0.0,
        "z": 0.0
    },
    "tangent1": {
        "x": -0.40053892135620119,
        "y": 1.9374297857284547,
        "z": 0.12620151042938233
    },
    "tangent2": {
        "x": -0.4567638039588928,
        "y": 3.4518418312072756,
        "z": 0.3611103296279907
    },
    "endPos": {
        "x": 0.037164539098739627,
        "y": 5.244414329528809,
        "z": 0.03997388482093811
    }
}