{
    "_horizontalLines": 18.0,
    "_verticalLines": 18.0,
    "_radius": 0.0970664992928505,
    "_petalColour": {
        "r": 0.11813712120056153,
        "g": 0.1509000062942505,
        "b": 0.90250563621521,
        "a": 1.0
    },
    "_cylinderVertexCount": 6.0,
    "_stemRadius": 0.08979136496782303,
    "_leafCount": 8.0,
    "_edgeRingCount": 59.0,
    "startPos": {
        "x": 0.0,
        "y": 0.0,
        "z": 0.0
    },
    "tangent1": {
        "x": -0.3639339506626129,
        "y": 0.17538757622241975,
        "z": -0.13919158279895783
    },
    "tangent2": {
        "x": -0.7814744710922241,
        "y": 1.4946469068527222,
        "z": -0.5856400728225708
    },
    "endPos": {
        "x": -0.9745280146598816,
        "y": 4.0,
        "z": -0.6425346732139587
    }
}