{
    "_horizontalLines": 18.0,
    "_verticalLines": 16.0,
    "_radius": 0.06813222914934159,
    "_petalColour": {
        "r": 0.2778453230857849,
        "g": 0.751191258430481,
        "b": 0.2963194251060486,
        "a": 1.0
    },
    "_cylinderVertexCount": 14.0,
    "_stemRadius": 0.04609113931655884,
    "_leafCount": 8.0,
    "_edgeRingCount": 18.0,
    "startPos": {
        "x": 0.0,
        "y": 0.0,
        "z": 0.0
    },
    "tangent1": {
        "x": 0.41260385513305666,
        "y": 0.7778634428977966,
        "z": -0.11999340355396271
    },
    "tangent2": {
        "x": -0.05086144804954529,
        "y": 1.4313708543777466,
        "z": 0.3379448652267456
    },
    "endPos": {
        "x": 0.5413806438446045,
        "y": 4.0,
        "z": 0.25452056527137759
    }
}