{
    "_horizontalLines": 17.0,
    "_verticalLines": 16.0,
    "_radius": 0.08809511363506317,
    "_petalColour": {
        "r": 0.27013081312179568,
        "g": 0.058855414390563968,
        "b": 0.326133668422699,
        "a": 1.0
    },
    "_cylinderVertexCount": 14.0,
    "_stemRadius": 0.08717209845781326,
    "_leafCount": 8.0,
    "_edgeRingCount": 27.0,
    "startPos": {
        "x": 0.0,
        "y": 0.0,
        "z": 0.0
    },
    "tangent1": {
        "x": 0.13906466960906983,
        "y": 1.9895544052124024,
        "z": 0.3350733518600464
    },
    "tangent2": {
        "x": 0.2501299977302551,
        "y": 2.609992265701294,
        "z": 0.47449326515197756
    },
    "endPos": {
        "x": 0.765706479549408,
        "y": 5.2346906661987309,
        "z": 0.7442920207977295
    }
}