{
    "_horizontalLines": 18.0,
    "_verticalLines": 15.0,
    "_radius": 0.09850011765956879,
    "_petalColour": {
        "r": 0.8340868949890137,
        "g": 0.5577322840690613,
        "b": 0.9892815351486206,
        "a": 1.0
    },
    "_cylinderVertexCount": 8.0,
    "_stemRadius": 0.09241936355829239,
    "_leafCount": 8.0,
    "_edgeRingCount": 60.0,
    "startPos": {
        "x": 0.0,
        "y": 0.0,
        "z": 0.0
    },
    "tangent1": {
        "x": 0.06818671524524689,
        "y": 1.9164345264434815,
        "z": -0.44771280884742739
    },
    "tangent2": {
        "x": 0.23724550008773805,
        "y": 3.3026270866394045,
        "z": 0.020389258861541749
    },
    "endPos": {
        "x": 0.3753587007522583,
        "y": 5.798613548278809,
        "z": 0.45394906401634219
    }
}