{
    "_horizontalLines": 18.0,
    "_verticalLines": 16.0,
    "_radius": 0.0917874127626419,
    "_petalColour": {
        "r": 0.7232669591903687,
        "g": 0.6082116961479187,
        "b": 0.18169093132019044,
        "a": 1.0
    },
    "_cylinderVertexCount": 9.0,
    "_stemRadius": 0.0821918249130249,
    "_leafCount": 8.0,
    "_edgeRingCount": 29.0,
    "startPos": {
        "x": 0.0,
        "y": 0.0,
        "z": 0.0
    },
    "tangent1": {
        "x": -0.28922486305236819,
        "y": 0.7804402709007263,
        "z": -0.21767930686473847
    },
    "tangent2": {
        "x": -0.6760982275009155,
        "y": 2.5421223640441896,
        "z": -0.08327142894268036
    },
    "endPos": {
        "x": -1.3932263851165772,
        "y": 4.441459655761719,
        "z": 0.3484373688697815
    }
}