{
    "_horizontalLines": 19.0,
    "_verticalLines": 17.0,
    "_radius": 0.08972449600696564,
    "_petalColour": {
        "r": 0.18095028400421143,
        "g": 0.5535231232643127,
        "b": 0.5638536810874939,
        "a": 1.0
    },
    "_cylinderVertexCount": 11.0,
    "_stemRadius": 0.0518377423286438,
    "_leafCount": 8.0,
    "_edgeRingCount": 52.0,
    "startPos": {
        "x": 0.0,
        "y": 0.0,
        "z": 0.0
    },
    "tangent1": {
        "x": 0.19357573986053468,
        "y": 1.340598702430725,
        "z": 0.014498424716293812
    },
    "tangent2": {
        "x": 0.6499439477920532,
        "y": 2.9015941619873049,
        "z": -0.10140666365623474
    },
    "endPos": {
        "x": 0.48251402378082278,
        "y": 6.218963623046875,
        "z": -0.08981018513441086
    }
}