{
    "_horizontalLines": 16.0,
    "_verticalLines": 18.0,
    "_radius": 0.06230555474758148,
    "_petalColour": {
        "r": 0.8993487358093262,
        "g": 0.5078445076942444,
        "b": 0.49779385328292849,
        "a": 1.0
    },
    "_cylinderVertexCount": 10.0,
    "_stemRadius": 0.052066102623939517,
    "_leafCount": 8.0,
    "_edgeRingCount": 54.0,
    "startPos": {
        "x": 0.0,
        "y": 0.0,
        "z": 0.0
    },
    "tangent1": {
        "x": 0.05489225313067436,
        "y": 1.4832640886306763,
        "z": 0.08475379645824433
    },
    "tangent2": {
        "x": 0.30192822217941286,
        "y": 2.1751089096069338,
        "z": 0.505314826965332
    },
    "endPos": {
        "x": 0.6044234037399292,
        "y": 4.0,
        "z": -0.3200998902320862
    }
}