{
    "_horizontalLines": 15.0,
    "_verticalLines": 18.0,
    "_radius": 0.10896788537502289,
    "_petalColour": {
        "r": 0.1605740785598755,
        "g": 0.9251236915588379,
        "b": 0.8679081201553345,
        "a": 1.0
    },
    "_cylinderVertexCount": 14.0,
    "_stemRadius": 0.07811327278614044,
    "_leafCount": 8.0,
    "_edgeRingCount": 11.0,
    "startPos": {
        "x": 0.0,
        "y": 0.0,
        "z": 0.0
    },
    "tangent1": {
        "x": -0.09683851897716522,
        "y": 0.2022893875837326,
        "z": -0.09158535301685333
    },
    "tangent2": {
        "x": -0.06824231147766113,
        "y": 1.4803063869476319,
        "z": 0.2777479290962219
    },
    "endPos": {
        "x": 0.2871859669685364,
        "y": 4.0,
        "z": -0.5666725635528565
    }
}