{
    "_horizontalLines": 17.0,
    "_verticalLines": 18.0,
    "_radius": 0.056624457240104678,
    "_petalColour": {
        "r": 0.48527806997299197,
        "g": 0.8416693210601807,
        "b": 0.10339128971099854,
        "a": 1.0
    },
    "_cylinderVertexCount": 11.0,
    "_stemRadius": 0.04368089884519577,
    "_leafCount": 8.0,
    "_edgeRingCount": 21.0,
    "startPos": {
        "x": 0.0,
        "y": 0.0,
        "z": 0.0
    },
    "tangent1": {
        "x": 0.2232130765914917,
        "y": 1.2514199018478394,
        "z": -0.40943098068237307
    },
    "tangent2": {
        "x": 0.4467346668243408,
        "y": 2.7566895484924318,
        "z": -0.04585769772529602
    },
    "endPos": {
        "x": 0.5506907105445862,
        "y": 4.699296951293945,
        "z": 0.2364661693572998
    }
}