{
    "_horizontalLines": 17.0,
    "_verticalLines": 16.0,
    "_radius": 0.1025913804769516,
    "_petalColour": {
        "r": 0.964408278465271,
        "g": 0.35462480783462527,
        "b": 0.871482253074646,
        "a": 1.0
    },
    "_cylinderVertexCount": 12.0,
    "_stemRadius": 0.10236378014087677,
    "_leafCount": 8.0,
    "_edgeRingCount": 50.0,
    "startPos": {
        "x": 0.0,
        "y": 0.0,
        "z": 0.0
    },
    "tangent1": {
        "x": -0.034891653805971149,
        "y": 0.15522117912769319,
        "z": 0.09893651306629181
    },
    "tangent2": {
        "x": -0.2069321572780609,
        "y": 1.9259228706359864,
        "z": 0.5815683007240295
    },
    "endPos": {
        "x": 0.003962680697441101,
        "y": 4.0,
        "z": 0.18946895003318788
    }
}