{
    "_horizontalLines": 17.0,
    "_verticalLines": 19.0,
    "_radius": 0.061272915452718738,
    "_petalColour": {
        "r": 0.41890519857406618,
        "g": 0.678890585899353,
        "b": 0.5935993790626526,
        "a": 1.0
    },
    "_cylinderVertexCount": 13.0,
    "_stemRadius": 0.04425616189837456,
    "_leafCount": 8.0,
    "_edgeRingCount": 17.0,
    "startPos": {
        "x": 0.0,
        "y": 0.0,
        "z": 0.0
    },
    "tangent1": {
        "x": -0.1699964553117752,
        "y": 0.027210425585508348,
        "z": -0.2074308842420578
    },
    "tangent2": {
        "x": 0.018291503190994264,
        "y": 1.5271960496902466,
        "z": -0.6821216940879822
    },
    "endPos": {
        "x": -0.4976750910282135,
        "y": 4.0,
        "z": -0.42625096440315249
    }
}