{
    "_horizontalLines": 19.0,
    "_verticalLines": 17.0,
    "_radius": 0.05191858112812042,
    "_petalColour": {
        "r": 0.9778757095336914,
        "g": 0.18035483360290528,
        "b": 0.6297920942306519,
        "a": 1.0
    },
    "_cylinderVertexCount": 8.0,
    "_stemRadius": 0.05184222012758255,
    "_leafCount": 8.0,
    "_edgeRingCount": 7.0,
    "startPos": {
        "x": 0.0,
        "y": 0.0,
        "z": 0.0
    },
    "tangent1": {
        "x": -0.19942311942577363,
        "y": 0.7622989416122437,
        "z": -0.3606291711330414
    },
    "tangent2": {
        "x": 0.13877733051776887,
        "y": 1.4849708080291749,
        "z": 0.0551358163356781
    },
    "endPos": {
        "x": 0.2819601893424988,
        "y": 4.0,
        "z": -0.5218987464904785
    }
}