{
    "_horizontalLines": 17.0,
    "_verticalLines": 19.0,
    "_radius": 0.08270618319511414,
    "_petalColour": {
        "r": 0.4250923991203308,
        "g": 0.10746991634368897,
        "b": 0.3629564642906189,
        "a": 1.0
    },
    "_cylinderVertexCount": 10.0,
    "_stemRadius": 0.07190579175949097,
    "_leafCount": 8.0,
    "_edgeRingCount": 56.0,
    "startPos": {
        "x": 0.0,
        "y": 0.0,
        "z": 0.0
    },
    "tangent1": {
        "x": 0.4754668176174164,
        "y": 1.7350432872772217,
        "z": 0.05261106416583061
    },
    "tangent2": {
        "x": 0.5859020948410034,
        "y": 2.0250344276428224,
        "z": 0.2845143675804138
    },
    "endPos": {
        "x": -0.19823569059371949,
        "y": 4.0,
        "z": -0.4769858717918396
    }
}