{
    "_horizontalLines": 16.0,
    "_verticalLines": 16.0,
    "_radius": 0.1255704164505005,
    "_petalColour": {
        "r": 0.2976554036140442,
        "g": 0.5513024926185608,
        "b": 0.19965052604675294,
        "a": 1.0
    },
    "_cylinderVertexCount": 10.0,
    "_stemRadius": 0.11109434068202973,
    "_leafCount": 8.0,
    "_edgeRingCount": 4.0,
    "startPos": {
        "x": 0.0,
        "y": 0.0,
        "z": 0.0
    },
    "tangent1": {
        "x": -0.05926341935992241,
        "y": 1.8344402313232422,
        "z": -0.12560157477855683
    },
    "tangent2": {
        "x": -0.37503620982170107,
        "y": 2.003356695175171,
        "z": -0.2859194278717041
    },
    "endPos": {
        "x": -0.2645806670188904,
        "y": 4.75400447845459,
        "z": -0.5160294771194458
    }
}