{
    "_horizontalLines": 16.0,
    "_verticalLines": 17.0,
    "_radius": 0.06625232100486756,
    "_petalColour": {
        "r": 0.2738083004951477,
        "g": 0.7357698678970337,
        "b": 0.6823679208755493,
        "a": 1.0
    },
    "_cylinderVertexCount": 14.0,
    "_stemRadius": 0.055131517350673679,
    "_leafCount": 8.0,
    "_edgeRingCount": 3.0,
    "startPos": {
        "x": 0.0,
        "y": 0.0,
        "z": 0.0
    },
    "tangent1": {
        "x": -0.386324018239975,
        "y": 1.9864380359649659,
        "z": 0.11509557068347931
    },
    "tangent2": {
        "x": -0.6239569783210754,
        "y": 2.7325973510742189,
        "z": 0.5199896097183228
    },
    "endPos": {
        "x": -0.3994974195957184,
        "y": 4.0,
        "z": 0.18447574973106385
    }
}