{
    "_horizontalLines": 18.0,
    "_verticalLines": 16.0,
    "_radius": 0.039543960243463519,
    "_petalColour": {
        "r": 0.675757646560669,
        "g": 0.9601808786392212,
        "b": 0.696195125579834,
        "a": 1.0
    },
    "_cylinderVertexCount": 9.0,
    "_stemRadius": 0.03155192732810974,
    "_leafCount": 8.0,
    "_edgeRingCount": 39.0,
    "startPos": {
        "x": 0.0,
        "y": 0.0,
        "z": 0.0
    },
    "tangent1": {
        "x": -0.2885202467441559,
        "y": 1.7824920415878297,
        "z": 0.424981027841568
    },
    "tangent2": {
        "x": -0.7438533902168274,
        "y": 3.4523534774780275,
        "z": 0.16172757744789124
    },
    "endPos": {
        "x": -0.30123937129974368,
        "y": 5.883331298828125,
        "z": -0.02928389608860016
    }
}