{
    "_horizontalLines": 19.0,
    "_verticalLines": 19.0,
    "_radius": 0.0754096582531929,
    "_petalColour": {
        "r": 0.4340866208076477,
        "g": 0.4290258288383484,
        "b": 0.37561243772506716,
        "a": 1.0
    },
    "_cylinderVertexCount": 7.0,
    "_stemRadius": 0.029170863330364229,
    "_leafCount": 8.0,
    "_edgeRingCount": 49.0,
    "startPos": {
        "x": 0.0,
        "y": 0.0,
        "z": 0.0
    },
    "tangent1": {
        "x": 0.31299951672554018,
        "y": 0.994359016418457,
        "z": -0.35664835572242739
    },
    "tangent2": {
        "x": 0.6582717895507813,
        "y": 2.6752450466156008,
        "z": -0.7708758115768433
    },
    "endPos": {
        "x": 0.42230308055877688,
        "y": 4.0,
        "z": -0.6258533596992493
    }
}