{
    "_horizontalLines": 18.0,
    "_verticalLines": 19.0,
    "_radius": 0.0453903004527092,
    "_petalColour": {
        "r": 0.6452436447143555,
        "g": 0.6560087203979492,
        "b": 0.4152044653892517,
        "a": 1.0
    },
    "_cylinderVertexCount": 7.0,
    "_stemRadius": 0.009955005720257759,
    "_leafCount": 8.0,
    "_edgeRingCount": 24.0,
    "startPos": {
        "x": 0.0,
        "y": 0.0,
        "z": 0.0
    },
    "tangent1": {
        "x": -0.23545746505260468,
        "y": 1.245700478553772,
        "z": -0.19128556549549104
    },
    "tangent2": {
        "x": 0.0262785404920578,
        "y": 2.8915863037109377,
        "z": -0.4192781448364258
    },
    "endPos": {
        "x": 0.4475916028022766,
        "y": 4.605714797973633,
        "z": 0.2216702699661255
    }
}