{
    "_horizontalLines": 19.0,
    "_verticalLines": 17.0,
    "_radius": 0.09669777005910874,
    "_petalColour": {
        "r": 0.9954415559768677,
        "g": 0.007737398147583008,
        "b": 0.941379189491272,
        "a": 1.0
    },
    "_cylinderVertexCount": 12.0,
    "_stemRadius": 0.04737219214439392,
    "_leafCount": 8.0,
    "_edgeRingCount": 57.0,
    "startPos": {
        "x": 0.0,
        "y": 0.0,
        "z": 0.0
    },
    "tangent1": {
        "x": -0.137560173869133,
        "y": 1.8826850652694703,
        "z": 0.03668398782610893
    },
    "tangent2": {
        "x": 0.2257118970155716,
        "y": 3.223464250564575,
        "z": -0.3930835425853729
    },
    "endPos": {
        "x": -0.5070816278457642,
        "y": 5.060029983520508,
        "z": 0.09812027215957642
    }
}