{
    "_horizontalLines": 16.0,
    "_verticalLines": 19.0,
    "_radius": 0.11589930206537247,
    "_petalColour": {
        "r": 0.927355170249939,
        "g": 0.11364972591400147,
        "b": 0.6605936288833618,
        "a": 1.0
    },
    "_cylinderVertexCount": 5.0,
    "_stemRadius": 0.08737384527921677,
    "_leafCount": 8.0,
    "_edgeRingCount": 34.0,
    "startPos": {
        "x": 0.0,
        "y": 0.0,
        "z": 0.0
    },
    "tangent1": {
        "x": -0.21933488547801972,
        "y": 1.5859726667404175,
        "z": -0.25860491394996645
    },
    "tangent2": {
        "x": -0.6599103808403015,
        "y": 2.7295045852661135,
        "z": -0.005472332239151001
    },
    "endPos": {
        "x": -0.9478088617324829,
        "y": 4.665759086608887,
        "z": -0.6568303108215332
    }
}