{
    "_horizontalLines": 15.0,
    "_verticalLines": 18.0,
    "_radius": 0.10457589477300644,
    "_petalColour": {
        "r": 0.16897869110107423,
        "g": 0.770781397819519,
        "b": 0.5972171425819397,
        "a": 1.0
    },
    "_cylinderVertexCount": 8.0,
    "_stemRadius": 0.06377219408750534,
    "_leafCount": 8.0,
    "_edgeRingCount": 30.0,
    "startPos": {
        "x": 0.0,
        "y": 0.0,
        "z": 0.0
    },
    "tangent1": {
        "x": -0.39429929852485659,
        "y": 0.2921817898750305,
        "z": 0.19051751494407655
    },
    "tangent2": {
        "x": -0.6244791150093079,
        "y": 0.898792028427124,
        "z": 0.15350069105625153
    },
    "endPos": {
        "x": 0.1265050172805786,
        "y": 4.219046592712402,
        "z": 0.277459979057312
    }
}