{
    "_horizontalLines": 19.0,
    "_verticalLines": 15.0,
    "_radius": 0.04291136562824249,
    "_petalColour": {
        "r": 0.6711695194244385,
        "g": 0.38638728857040408,
        "b": 0.7136757373809815,
        "a": 1.0
    },
    "_cylinderVertexCount": 13.0,
    "_stemRadius": 0.011104554869234562,
    "_leafCount": 8.0,
    "_edgeRingCount": 35.0,
    "startPos": {
        "x": 0.0,
        "y": 0.0,
        "z": 0.0
    },
    "tangent1": {
        "x": 0.020294953137636186,
        "y": 1.0428367853164673,
        "z": -0.21002034842967988
    },
    "tangent2": {
        "x": -0.4630123972892761,
        "y": 1.6336703300476075,
        "z": -0.4201345443725586
    },
    "endPos": {
        "x": -1.0820748805999756,
        "y": 4.0,
        "z": -0.2933422327041626
    }
}