{
    "_horizontalLines": 19.0,
    "_verticalLines": 18.0,
    "_radius": 0.10302286595106125,
    "_petalColour": {
        "r": 0.3949105143547058,
        "g": 0.2998397946357727,
        "b": 0.5396557450294495,
        "a": 1.0
    },
    "_cylinderVertexCount": 12.0,
    "_stemRadius": 0.07159969955682755,
    "_leafCount": 8.0,
    "_edgeRingCount": 31.0,
    "startPos": {
        "x": 0.0,
        "y": 0.0,
        "z": 0.0
    },
    "tangent1": {
        "x": -0.4728023409843445,
        "y": 1.409859538078308,
        "z": 0.40423497557640078
    },
    "tangent2": {
        "x": -0.5163136720657349,
        "y": 2.7996559143066408,
        "z": 0.6145120859146118
    },
    "endPos": {
        "x": -1.3155672550201417,
        "y": 5.145694255828857,
        "z": 0.9374963045120239
    }
}