{
    "_horizontalLines": 18.0,
    "_verticalLines": 18.0,
    "_radius": 0.08283218741416931,
    "_petalColour": {
        "r": 0.05920422077178955,
        "g": 0.9351450204849243,
        "b": 0.6238610148429871,
        "a": 1.0
    },
    "_cylinderVertexCount": 10.0,
    "_stemRadius": 0.05371822416782379,
    "_leafCount": 8.0,
    "_edgeRingCount": 9.0,
    "startPos": {
        "x": 0.0,
        "y": 0.0,
        "z": 0.0
    },
    "tangent1": {
        "x": -0.40139302611351015,
        "y": 1.6735382080078126,
        "z": -0.06330724060535431
    },
    "tangent2": {
        "x": -0.08106395602226258,
        "y": 3.666779041290283,
        "z": -0.16714397072792054
    },
    "endPos": {
        "x": -0.8719428777694702,
        "y": 4.212933540344238,
        "z": -0.9753220081329346
    }
}