{
    "_horizontalLines": 18.0,
    "_verticalLines": 15.0,
    "_radius": 0.10175897926092148,
    "_petalColour": {
        "r": 0.7524780035018921,
        "g": 0.5683204531669617,
        "b": 0.8682242631912231,
        "a": 1.0
    },
    "_cylinderVertexCount": 6.0,
    "_stemRadius": 0.07402526587247849,
    "_leafCount": 8.0,
    "_edgeRingCount": 9.0,
    "startPos": {
        "x": 0.0,
        "y": 0.0,
        "z": 0.0
    },
    "tangent1": {
        "x": 0.3266514539718628,
        "y": 0.059217263013124469,
        "z": -0.0017087936867028475
    },
    "tangent2": {
        "x": 0.09793607890605927,
        "y": 1.1431567668914796,
        "z": 0.1434333771467209
    },
    "endPos": {
        "x": -0.5288055539131165,
        "y": 4.0,
        "z": -0.06167846918106079
    }
}