{
    "_horizontalLines": 17.0,
    "_verticalLines": 18.0,
    "_radius": 0.11471596360206604,
    "_petalColour": {
        "r": 0.6921806335449219,
        "g": 0.7256349325180054,
        "b": 0.6489478349685669,
        "a": 1.0
    },
    "_cylinderVertexCount": 9.0,
    "_stemRadius": 0.1049804538488388,
    "_leafCount": 8.0,
    "_edgeRingCount": 36.0,
    "startPos": {
        "x": 0.0,
        "y": 0.0,
        "z": 0.0
    },
    "tangent1": {
        "x": -0.04680437967181206,
        "y": 0.587674081325531,
        "z": 0.24766004085540772
    },
    "tangent2": {
        "x": -0.029430627822875978,
        "y": 1.2296726703643799,
        "z": 0.48744845390319826
    },
    "endPos": {
        "x": -0.2850740849971771,
        "y": 4.0,
        "z": 0.05096891522407532
    }
}