{
    "_horizontalLines": 17.0,
    "_verticalLines": 17.0,
    "_radius": 0.09639927744865418,
    "_petalColour": {
        "r": 0.6651043891906738,
        "g": 0.5685332417488098,
        "b": 0.6532149314880371,
        "a": 1.0
    },
    "_cylinderVertexCount": 12.0,
    "_stemRadius": 0.049501627683639529,
    "_leafCount": 8.0,
    "_edgeRingCount": 61.0,
    "startPos": {
        "x": 0.0,
        "y": 0.0,
        "z": 0.0
    },
    "tangent1": {
        "x": 0.10094018280506134,
        "y": 0.41029661893844607,
        "z": 0.10822267830371857
    },
    "tangent2": {
        "x": -0.1922394186258316,
        "y": 1.5895819664001465,
        "z": 0.3663538098335266
    },
    "endPos": {
        "x": -0.674579381942749,
        "y": 4.095909118652344,
        "z": 0.7993385195732117
    }
}