{
    "_horizontalLines": 19.0,
    "_verticalLines": 19.0,
    "_radius": 0.0744345635175705,
    "_petalColour": {
        "r": 0.5412746071815491,
        "g": 0.5768036246299744,
        "b": 0.8265978097915649,
        "a": 1.0
    },
    "_cylinderVertexCount": 13.0,
    "_stemRadius": 0.05108132213354111,
    "_leafCount": 8.0,
    "_edgeRingCount": 4.0,
    "startPos": {
        "x": 0.0,
        "y": 0.0,
        "z": 0.0
    },
    "tangent1": {
        "x": 0.19230544567108155,
        "y": 0.6841432452201843,
        "z": 0.02069096639752388
    },
    "tangent2": {
        "x": 0.3737224340438843,
        "y": 0.9719686508178711,
        "z": 0.43236738443374636
    },
    "endPos": {
        "x": -0.2281404733657837,
        "y": 4.0,
        "z": 0.3664992153644562
    }
}