{
    "_horizontalLines": 19.0,
    "_verticalLines": 18.0,
    "_radius": 0.056601058691740039,
    "_petalColour": {
        "r": 0.673783540725708,
        "g": 0.35113829374313357,
        "b": 0.85160231590271,
        "a": 1.0
    },
    "_cylinderVertexCount": 7.0,
    "_stemRadius": 0.012527810409665108,
    "_leafCount": 8.0,
    "_edgeRingCount": 54.0,
    "startPos": {
        "x": 0.0,
        "y": 0.0,
        "z": 0.0
    },
    "tangent1": {
        "x": 0.013741684146225453,
        "y": 1.4243369102478028,
        "z": -0.009961557574570179
    },
    "tangent2": {
        "x": 0.0563601478934288,
        "y": 1.9970557689666749,
        "z": -0.23936915397644044
    },
    "endPos": {
        "x": 0.08836597204208374,
        "y": 4.0,
        "z": -0.8769606947898865
    }
}