{
    "_horizontalLines": 19.0,
    "_verticalLines": 16.0,
    "_radius": 0.09778847545385361,
    "_petalColour": {
        "r": 0.6927340030670166,
        "g": 0.5794982314109802,
        "b": 0.8758606910705566,
        "a": 1.0
    },
    "_cylinderVertexCount": 8.0,
    "_stemRadius": 0.0557396374642849,
    "_leafCount": 8.0,
    "_edgeRingCount": 54.0,
    "startPos": {
        "x": 0.0,
        "y": 0.0,
        "z": 0.0
    },
    "tangent1": {
        "x": -0.4040367007255554,
        "y": 0.7389377355575562,
        "z": -0.011447715573012829
    },
    "tangent2": {
        "x": -0.6367037296295166,
        "y": 0.94309002161026,
        "z": -0.43493252992630007
    },
    "endPos": {
        "x": -1.4263265132904053,
        "y": 4.0,
        "z": -0.983293890953064
    }
}