{
    "_horizontalLines": 18.0,
    "_verticalLines": 18.0,
    "_radius": 0.05987502261996269,
    "_petalColour": {
        "r": 0.42757648229599,
        "g": 0.4694063067436218,
        "b": 0.8638336658477783,
        "a": 1.0
    },
    "_cylinderVertexCount": 10.0,
    "_stemRadius": 0.05877700448036194,
    "_leafCount": 8.0,
    "_edgeRingCount": 28.0,
    "startPos": {
        "x": 0.0,
        "y": 0.0,
        "z": 0.0
    },
    "tangent1": {
        "x": -0.49296054244041445,
        "y": 1.9780502319335938,
        "z": -0.3876022398471832
    },
    "tangent2": {
        "x": -0.007884114980697632,
        "y": 2.802410840988159,
        "z": -0.3505607545375824
    },
    "endPos": {
        "x": -0.11545007675886154,
        "y": 4.154800891876221,
        "z": -0.9949417114257813
    }
}