{
    "_horizontalLines": 18.0,
    "_verticalLines": 18.0,
    "_radius": 0.11119827628135681,
    "_petalColour": {
        "r": 0.04236805438995361,
        "g": 0.27928847074508669,
        "b": 0.09479081630706787,
        "a": 1.0
    },
    "_cylinderVertexCount": 11.0,
    "_stemRadius": 0.07394221425056458,
    "_leafCount": 8.0,
    "_edgeRingCount": 54.0,
    "startPos": {
        "x": 0.0,
        "y": 0.0,
        "z": 0.0
    },
    "tangent1": {
        "x": 0.4146495759487152,
        "y": 0.8315532803535461,
        "z": -0.4941434860229492
    },
    "tangent2": {
        "x": 0.47083380818367007,
        "y": 1.180977463722229,
        "z": -0.14468327164649964
    },
    "endPos": {
        "x": 0.8700990676879883,
        "y": 4.0,
        "z": -0.441864550113678
    }
}