{
    "_horizontalLines": 16.0,
    "_verticalLines": 19.0,
    "_radius": 0.12112132459878922,
    "_petalColour": {
        "r": 0.5182897448539734,
        "g": 0.6842453479766846,
        "b": 0.7735176086425781,
        "a": 1.0
    },
    "_cylinderVertexCount": 9.0,
    "_stemRadius": 0.0778663232922554,
    "_leafCount": 8.0,
    "_edgeRingCount": 38.0,
    "startPos": {
        "x": 0.0,
        "y": 0.0,
        "z": 0.0
    },
    "tangent1": {
        "x": -0.39177942276000979,
        "y": 1.4147266149520875,
        "z": 0.284598708152771
    },
    "tangent2": {
        "x": -0.1749991476535797,
        "y": 1.8299708366394044,
        "z": 0.5678941011428833
    },
    "endPos": {
        "x": 0.37123027443885805,
        "y": 4.0,
        "z": 0.4981967508792877
    }
}