{
    "_horizontalLines": 15.0,
    "_verticalLines": 18.0,
    "_radius": 0.0006441985024139285,
    "_petalColour": {
        "r": 0.595265805721283,
        "g": 0.3837065100669861,
        "b": 0.9729458093643189,
        "a": 1.0
    },
    "_cylinderVertexCount": 12.0,
    "_stemRadius": -0.005292919930070639,
    "_leafCount": 8.0,
    "_edgeRingCount": 26.0,
    "startPos": {
        "x": 0.0,
        "y": 0.0,
        "z": 0.0
    },
    "tangent1": {
        "x": -0.498018354177475,
        "y": 1.8398414850234986,
        "z": 0.39073774218559267
    },
    "tangent2": {
        "x": -0.7378576993942261,
        "y": 2.1349568367004396,
        "z": 0.8234721422195435
    },
    "endPos": {
        "x": -0.3738561272621155,
        "y": 4.0,
        "z": 1.5836697816848755
    }
}