{
    "_horizontalLines": 18.0,
    "_verticalLines": 16.0,
    "_radius": 0.07546117901802063,
    "_petalColour": {
        "r": 0.8387188911437988,
        "g": 0.37401872873306277,
        "b": 0.8183203935623169,
        "a": 1.0
    },
    "_cylinderVertexCount": 5.0,
    "_stemRadius": 0.056943129748106,
    "_leafCount": 8.0,
    "_edgeRingCount": 28.0,
    "startPos": {
        "x": 0.0,
        "y": 0.0,
        "z": 0.0
    },
    "tangent1": {
        "x": 0.48451367020606997,
        "y": 0.5958495140075684,
        "z": 0.02343897894024849
    },
    "tangent2": {
        "x": 0.44558414816856387,
        "y": 0.9097636342048645,
        "z": 0.3614603579044342
    },
    "endPos": {
        "x": 0.19843195378780366,
        "y": 4.0,
        "z": -0.4982358515262604
    }
}