{
    "_horizontalLines": 19.0,
    "_verticalLines": 19.0,
    "_radius": 0.06339231133460999,
    "_petalColour": {
        "r": 0.4393875002861023,
        "g": 0.07486200332641602,
        "b": 0.751581072807312,
        "a": 1.0
    },
    "_cylinderVertexCount": 7.0,
    "_stemRadius": 0.05398909002542496,
    "_leafCount": 8.0,
    "_edgeRingCount": 19.0,
    "startPos": {
        "x": 0.0,
        "y": 0.0,
        "z": 0.0
    },
    "tangent1": {
        "x": -0.4855685234069824,
        "y": 0.2704542279243469,
        "z": 0.1030452698469162
    },
    "tangent2": {
        "x": -0.5724683403968811,
        "y": 1.7328770160675049,
        "z": 0.07867035269737244
    },
    "endPos": {
        "x": -1.2186050415039063,
        "y": 4.0,
        "z": 0.5896300077438355
    }
}