{
    "_horizontalLines": 19.0,
    "_verticalLines": 15.0,
    "_radius": 0.11471370607614517,
    "_petalColour": {
        "r": 0.41671591997146609,
        "g": 0.5753050446510315,
        "b": 0.6462820768356323,
        "a": 1.0
    },
    "_cylinderVertexCount": 10.0,
    "_stemRadius": 0.0901075005531311,
    "_leafCount": 8.0,
    "_edgeRingCount": 38.0,
    "startPos": {
        "x": 0.0,
        "y": 0.0,
        "z": 0.0
    },
    "tangent1": {
        "x": -0.3838018476963043,
        "y": 1.2065006494522095,
        "z": -0.2110247164964676
    },
    "tangent2": {
        "x": -0.8262265920639038,
        "y": 1.8519599437713624,
        "z": -0.5447819232940674
    },
    "endPos": {
        "x": -1.3483316898345948,
        "y": 4.889822959899902,
        "z": -0.5734458565711975
    }
}