{
    "_horizontalLines": 17.0,
    "_verticalLines": 16.0,
    "_radius": 0.13030624389648438,
    "_petalColour": {
        "r": 0.8308790922164917,
        "g": 0.20035243034362794,
        "b": 0.40085357427597048,
        "a": 1.0
    },
    "_cylinderVertexCount": 13.0,
    "_stemRadius": 0.08841139078140259,
    "_leafCount": 8.0,
    "_edgeRingCount": 9.0,
    "startPos": {
        "x": 0.0,
        "y": 0.0,
        "z": 0.0
    },
    "tangent1": {
        "x": -0.4669837951660156,
        "y": 1.3030403852462769,
        "z": 0.2849756181240082
    },
    "tangent2": {
        "x": -0.536116898059845,
        "y": 2.96856689453125,
        "z": -0.21494817733764649
    },
    "endPos": {
        "x": 0.07158869504928589,
        "y": 5.34299373626709,
        "z": 0.20066964626312257
    }
}