{
    "_horizontalLines": 18.0,
    "_verticalLines": 19.0,
    "_radius": 0.11966617405414581,
    "_petalColour": {
        "r": 0.45030277967453005,
        "g": 0.5300608277320862,
        "b": 0.009792208671569825,
        "a": 1.0
    },
    "_cylinderVertexCount": 9.0,
    "_stemRadius": 0.07289392501115799,
    "_leafCount": 8.0,
    "_edgeRingCount": 56.0,
    "startPos": {
        "x": 0.0,
        "y": 0.0,
        "z": 0.0
    },
    "tangent1": {
        "x": -0.45632344484329226,
        "y": 1.2605457305908204,
        "z": 0.4844491481781006
    },
    "tangent2": {
        "x": -0.8686693906784058,
        "y": 2.1008718013763429,
        "z": 0.13739106059074403
    },
    "endPos": {
        "x": -1.4426528215408326,
        "y": 4.0,
        "z": 0.9403907060623169
    }
}