{
    "_horizontalLines": 17.0,
    "_verticalLines": 19.0,
    "_radius": 0.04512018710374832,
    "_petalColour": {
        "r": 0.997043251991272,
        "g": 0.13919806480407716,
        "b": 0.6035612225532532,
        "a": 1.0
    },
    "_cylinderVertexCount": 14.0,
    "_stemRadius": 0.01831357181072235,
    "_leafCount": 8.0,
    "_edgeRingCount": 24.0,
    "startPos": {
        "x": 0.0,
        "y": 0.0,
        "z": 0.0
    },
    "tangent1": {
        "x": 0.12146095931529999,
        "y": 0.08570404350757599,
        "z": 0.04804282262921333
    },
    "tangent2": {
        "x": 0.5455864071846008,
        "y": 0.3927793502807617,
        "z": 0.5020101070404053
    },
    "endPos": {
        "x": 1.3247740268707276,
        "y": 4.0,
        "z": 1.2961797714233399
    }
}