{
    "_horizontalLines": 18.0,
    "_verticalLines": 15.0,
    "_radius": 0.05959944427013397,
    "_petalColour": {
        "r": 0.34206241369247439,
        "g": 0.16789543628692628,
        "b": 0.2671346068382263,
        "a": 1.0
    },
    "_cylinderVertexCount": 5.0,
    "_stemRadius": 0.029692456126213075,
    "_leafCount": 8.0,
    "_edgeRingCount": 22.0,
    "startPos": {
        "x": 0.0,
        "y": 0.0,
        "z": 0.0
    },
    "tangent1": {
        "x": -0.21243314445018769,
        "y": 1.260687232017517,
        "z": 0.1066870242357254
    },
    "tangent2": {
        "x": -0.005189135670661926,
        "y": 2.0585083961486818,
        "z": 0.4192652106285095
    },
    "endPos": {
        "x": 0.7067166566848755,
        "y": 4.0,
        "z": 0.28723037242889407
    }
}