{
    "_horizontalLines": 18.0,
    "_verticalLines": 17.0,
    "_radius": 0.09998977184295654,
    "_petalColour": {
        "r": 0.3795545697212219,
        "g": 0.1408923864364624,
        "b": 0.3714450001716614,
        "a": 1.0
    },
    "_cylinderVertexCount": 10.0,
    "_stemRadius": 0.08033943921327591,
    "_leafCount": 8.0,
    "_edgeRingCount": 15.0,
    "startPos": {
        "x": 0.0,
        "y": 0.0,
        "z": 0.0
    },
    "tangent1": {
        "x": 0.1731240600347519,
        "y": 1.5957565307617188,
        "z": 0.20708537101745606
    },
    "tangent2": {
        "x": 0.3095676600933075,
        "y": 1.7317450046539307,
        "z": 0.2590802311897278
    },
    "endPos": {
        "x": -0.21899768710136414,
        "y": 4.0,
        "z": 0.34777793288230898
    }
}