{
    "_horizontalLines": 18.0,
    "_verticalLines": 18.0,
    "_radius": 0.031184129416942598,
    "_petalColour": {
        "r": 0.9964505434036255,
        "g": 0.09104645252227783,
        "b": 0.5683161616325378,
        "a": 1.0
    },
    "_cylinderVertexCount": 14.0,
    "_stemRadius": 0.008167047053575516,
    "_leafCount": 8.0,
    "_edgeRingCount": 27.0,
    "startPos": {
        "x": 0.0,
        "y": 0.0,
        "z": 0.0
    },
    "tangent1": {
        "x": -0.11243490874767304,
        "y": 0.7433456182479858,
        "z": -0.10857896506786347
    },
    "tangent2": {
        "x": -0.3156486451625824,
        "y": 2.5478978157043459,
        "z": 0.26197487115859988
    },
    "endPos": {
        "x": -0.4911258816719055,
        "y": 5.275129795074463,
        "z": -0.14114943146705628
    }
}