{
    "_horizontalLines": 17.0,
    "_verticalLines": 18.0,
    "_radius": 0.09540212154388428,
    "_petalColour": {
        "r": 0.05326855182647705,
        "g": 0.8170046806335449,
        "b": 0.8476123809814453,
        "a": 1.0
    },
    "_cylinderVertexCount": 10.0,
    "_stemRadius": 0.07491274178028107,
    "_leafCount": 8.0,
    "_edgeRingCount": 23.0,
    "startPos": {
        "x": 0.0,
        "y": 0.0,
        "z": 0.0
    },
    "tangent1": {
        "x": -0.06112532690167427,
        "y": 1.8511520624160767,
        "z": 0.35923120379447939
    },
    "tangent2": {
        "x": -0.11032772064208985,
        "y": 2.368556022644043,
        "z": 0.6655219793319702
    },
    "endPos": {
        "x": -0.14823737740516663,
        "y": 4.0,
        "z": 0.8491690158843994
    }
}