{
    "_horizontalLines": 15.0,
    "_verticalLines": 19.0,
    "_radius": 0.051049914211034778,
    "_petalColour": {
        "r": 0.46843618154525759,
        "g": 0.7996089458465576,
        "b": 0.45348209142684939,
        "a": 1.0
    },
    "_cylinderVertexCount": 9.0,
    "_stemRadius": 0.039018433541059497,
    "_leafCount": 8.0,
    "_edgeRingCount": 30.0,
    "startPos": {
        "x": 0.0,
        "y": 0.0,
        "z": 0.0
    },
    "tangent1": {
        "x": -0.27347326278686526,
        "y": 0.4719964861869812,
        "z": -0.3933660686016083
    },
    "tangent2": {
        "x": -0.22187118232250215,
        "y": 1.4045906066894532,
        "z": -0.16359803080558778
    },
    "endPos": {
        "x": -0.20002873241901399,
        "y": 4.0,
        "z": -0.6980345249176025
    }
}