{
    "_horizontalLines": 18.0,
    "_verticalLines": 19.0,
    "_radius": 0.05969643220305443,
    "_petalColour": {
        "r": 0.10659945011138916,
        "g": 0.19305729866027833,
        "b": 0.3279852271080017,
        "a": 1.0
    },
    "_cylinderVertexCount": 9.0,
    "_stemRadius": 0.01210823655128479,
    "_leafCount": 8.0,
    "_edgeRingCount": 36.0,
    "startPos": {
        "x": 0.0,
        "y": 0.0,
        "z": 0.0
    },
    "tangent1": {
        "x": -0.24181361496448518,
        "y": 0.9045882225036621,
        "z": 0.10379905998706818
    },
    "tangent2": {
        "x": 0.04020132124423981,
        "y": 1.7232491970062256,
        "z": 0.25600606203079226
    },
    "endPos": {
        "x": 0.8460645079612732,
        "y": 4.0,
        "z": -0.3455948233604431
    }
}