{
    "_horizontalLines": 18.0,
    "_verticalLines": 15.0,
    "_radius": 0.11244436353445053,
    "_petalColour": {
        "r": 0.8481591939926148,
        "g": 0.9999295473098755,
        "b": 0.5537657141685486,
        "a": 1.0
    },
    "_cylinderVertexCount": 7.0,
    "_stemRadius": 0.07869680970907211,
    "_leafCount": 8.0,
    "_edgeRingCount": 29.0,
    "startPos": {
        "x": 0.0,
        "y": 0.0,
        "z": 0.0
    },
    "tangent1": {
        "x": -0.3127375543117523,
        "y": 0.5690776705741882,
        "z": 0.1305006742477417
    },
    "tangent2": {
        "x": -0.39893513917922976,
        "y": 2.332732677459717,
        "z": 0.13579495251178742
    },
    "endPos": {
        "x": 0.20333141088485719,
        "y": 5.076501846313477,
        "z": -0.36760711669921877
    }
}