{
    "_horizontalLines": 15.0,
    "_verticalLines": 16.0,
    "_radius": 0.10937856137752533,
    "_petalColour": {
        "r": 0.40862947702407839,
        "g": 0.481012761592865,
        "b": 0.4304378628730774,
        "a": 1.0
    },
    "_cylinderVertexCount": 13.0,
    "_stemRadius": 0.10415807366371155,
    "_leafCount": 8.0,
    "_edgeRingCount": 25.0,
    "startPos": {
        "x": 0.0,
        "y": 0.0,
        "z": 0.0
    },
    "tangent1": {
        "x": 0.17336997389793397,
        "y": 1.08717679977417,
        "z": -0.15315695106983186
    },
    "tangent2": {
        "x": 0.6098999977111816,
        "y": 2.5907535552978517,
        "z": -0.4173790216445923
    },
    "endPos": {
        "x": -0.182384192943573,
        "y": 5.097043037414551,
        "z": -1.2407758235931397
    }
}