{
    "_horizontalLines": 15.0,
    "_verticalLines": 16.0,
    "_radius": 0.0885283425450325,
    "_petalColour": {
        "r": 0.023924827575683595,
        "g": 0.31835752725601199,
        "b": 0.9402499198913574,
        "a": 1.0
    },
    "_cylinderVertexCount": 7.0,
    "_stemRadius": 0.08072131872177124,
    "_leafCount": 8.0,
    "_edgeRingCount": 23.0,
    "startPos": {
        "x": 0.0,
        "y": 0.0,
        "z": 0.0
    },
    "tangent1": {
        "x": -0.3217180073261261,
        "y": 0.9441507458686829,
        "z": 0.36075422167778017
    },
    "tangent2": {
        "x": -0.16337589919567109,
        "y": 1.7110211849212647,
        "z": 0.8186060190200806
    },
    "endPos": {
        "x": -0.8372935652732849,
        "y": 4.0,
        "z": 0.0038997530937194826
    }
}