{
    "_horizontalLines": 17.0,
    "_verticalLines": 18.0,
    "_radius": 0.10680268704891205,
    "_petalColour": {
        "r": 0.8859350681304932,
        "g": 0.1235588788986206,
        "b": 0.6840076446533203,
        "a": 1.0
    },
    "_cylinderVertexCount": 14.0,
    "_stemRadius": 0.08686810731887818,
    "_leafCount": 8.0,
    "_edgeRingCount": 8.0,
    "startPos": {
        "x": 0.0,
        "y": 0.0,
        "z": 0.0
    },
    "tangent1": {
        "x": 0.20269393920898438,
        "y": 1.9748554229736329,
        "z": -0.16369251906871797
    },
    "tangent2": {
        "x": 0.22274203598499299,
        "y": 3.8452582359313967,
        "z": -0.2723723351955414
    },
    "endPos": {
        "x": 0.4160870909690857,
        "y": 6.300000190734863,
        "z": -1.0616828203201295
    }
}