{
    "_horizontalLines": 16.0,
    "_verticalLines": 18.0,
    "_radius": 0.13912177085876466,
    "_petalColour": {
        "r": 0.2023305892944336,
        "g": 0.9595874547958374,
        "b": 0.8871381282806397,
        "a": 1.0
    },
    "_cylinderVertexCount": 8.0,
    "_stemRadius": 0.11503798514604569,
    "_leafCount": 8.0,
    "_edgeRingCount": 14.0,
    "startPos": {
        "x": 0.0,
        "y": 0.0,
        "z": 0.0
    },
    "tangent1": {
        "x": -0.19248910248279572,
        "y": 1.9400612115859986,
        "z": 0.35537898540496828
    },
    "tangent2": {
        "x": 0.07178954780101776,
        "y": 2.828597068786621,
        "z": -0.02032005786895752
    },
    "endPos": {
        "x": -0.03772279620170593,
        "y": 5.435740947723389,
        "z": 0.6576660871505737
    }
}