{
    "_horizontalLines": 15.0,
    "_verticalLines": 15.0,
    "_radius": 0.046544499695301059,
    "_petalColour": {
        "r": 0.7350136041641235,
        "g": 0.17312252521514893,
        "b": 0.9166423082351685,
        "a": 1.0
    },
    "_cylinderVertexCount": 9.0,
    "_stemRadius": 0.040402889251708987,
    "_leafCount": 8.0,
    "_edgeRingCount": 53.0,
    "startPos": {
        "x": 0.0,
        "y": 0.0,
        "z": 0.0
    },
    "tangent1": {
        "x": 0.08040447533130646,
        "y": 1.2152122259140015,
        "z": -0.451134592294693
    },
    "tangent2": {
        "x": 0.4600875973701477,
        "y": 1.8936798572540284,
        "z": -0.03735962510108948
    },
    "endPos": {
        "x": -0.10892874002456665,
        "y": 5.041667938232422,
        "z": 0.33487915992736819
    }
}