{
    "_horizontalLines": 18.0,
    "_verticalLines": 18.0,
    "_radius": 0.03798086196184158,
    "_petalColour": {
        "r": 0.5898042321205139,
        "g": 0.987384557723999,
        "b": 0.14957284927368165,
        "a": 1.0
    },
    "_cylinderVertexCount": 11.0,
    "_stemRadius": 0.01427534967660904,
    "_leafCount": 8.0,
    "_edgeRingCount": 61.0,
    "startPos": {
        "x": 0.0,
        "y": 0.0,
        "z": 0.0
    },
    "tangent1": {
        "x": -0.47315073013305666,
        "y": 1.4879474639892579,
        "z": -0.3770763576030731
    },
    "tangent2": {
        "x": -0.10267555713653565,
        "y": 2.343536615371704,
        "z": -0.41587772965431216
    },
    "endPos": {
        "x": -0.06419262290000916,
        "y": 5.453739643096924,
        "z": -0.3464999794960022
    }
}