{
    "_horizontalLines": 19.0,
    "_verticalLines": 19.0,
    "_radius": 0.08237702399492264,
    "_petalColour": {
        "r": 0.5959061980247498,
        "g": 0.29641562700271609,
        "b": 0.6264352798461914,
        "a": 1.0
    },
    "_cylinderVertexCount": 9.0,
    "_stemRadius": 0.06865967810153961,
    "_leafCount": 8.0,
    "_edgeRingCount": 25.0,
    "startPos": {
        "x": 0.0,
        "y": 0.0,
        "z": 0.0
    },
    "tangent1": {
        "x": 0.1582312434911728,
        "y": 1.1576347351074219,
        "z": 0.19984567165374757
    },
    "tangent2": {
        "x": -0.03383570909500122,
        "y": 2.931365489959717,
        "z": 0.6579501628875732
    },
    "endPos": {
        "x": 0.7318153381347656,
        "y": 5.1593475341796879,
        "z": 0.10822927951812744
    }
}