{
    "_horizontalLines": 15.0,
    "_verticalLines": 17.0,
    "_radius": 0.0845254436135292,
    "_petalColour": {
        "r": 0.6624481678009033,
        "g": 0.5687736868858337,
        "b": 0.34787434339523318,
        "a": 1.0
    },
    "_cylinderVertexCount": 6.0,
    "_stemRadius": 0.041829366236925128,
    "_leafCount": 8.0,
    "_edgeRingCount": 11.0,
    "startPos": {
        "x": 0.0,
        "y": 0.0,
        "z": 0.0
    },
    "tangent1": {
        "x": 0.3207632005214691,
        "y": 0.896511435508728,
        "z": -0.20423607528209687
    },
    "tangent2": {
        "x": 0.4115222692489624,
        "y": 2.688140392303467,
        "z": -0.2820228040218353
    },
    "endPos": {
        "x": -0.29167473316192629,
        "y": 6.006983757019043,
        "z": -0.2491510510444641
    }
}