{
    "_horizontalLines": 17.0,
    "_verticalLines": 16.0,
    "_radius": 0.1250869333744049,
    "_petalColour": {
        "r": 0.4027097821235657,
        "g": 0.25994616746902468,
        "b": 0.4303475022315979,
        "a": 1.0
    },
    "_cylinderVertexCount": 13.0,
    "_stemRadius": 0.07755645364522934,
    "_leafCount": 8.0,
    "_edgeRingCount": 21.0,
    "startPos": {
        "x": 0.0,
        "y": 0.0,
        "z": 0.0
    },
    "tangent1": {
        "x": 0.04476804658770561,
        "y": 0.6246150732040405,
        "z": -0.39399775862693789
    },
    "tangent2": {
        "x": -0.11721158027648926,
        "y": 1.3031706809997559,
        "z": -0.7192174792289734
    },
    "endPos": {
        "x": 0.08181591331958771,
        "y": 4.0,
        "z": -0.7689825296401978
    }
}