{
    "_horizontalLines": 18.0,
    "_verticalLines": 17.0,
    "_radius": 0.06962702423334122,
    "_petalColour": {
        "r": 0.7104300260543823,
        "g": 0.44642525911331179,
        "b": 0.2437736988067627,
        "a": 1.0
    },
    "_cylinderVertexCount": 7.0,
    "_stemRadius": 0.025587065145373346,
    "_leafCount": 8.0,
    "_edgeRingCount": 22.0,
    "startPos": {
        "x": 0.0,
        "y": 0.0,
        "z": 0.0
    },
    "tangent1": {
        "x": 0.14720618724822999,
        "y": 0.5081512331962586,
        "z": -0.22322078049182893
    },
    "tangent2": {
        "x": 0.38736653327941897,
        "y": 0.7523225545883179,
        "z": -0.45345449447631838
    },
    "endPos": {
        "x": -0.06778141856193543,
        "y": 4.0,
        "z": -0.17122825980186463
    }
}