{
    "_horizontalLines": 18.0,
    "_verticalLines": 16.0,
    "_radius": 0.04497814178466797,
    "_petalColour": {
        "r": 0.18113386631011964,
        "g": 0.17062723636627198,
        "b": 0.4303209185600281,
        "a": 1.0
    },
    "_cylinderVertexCount": 13.0,
    "_stemRadius": 0.04285793751478195,
    "_leafCount": 8.0,
    "_edgeRingCount": 4.0,
    "startPos": {
        "x": 0.0,
        "y": 0.0,
        "z": 0.0
    },
    "tangent1": {
        "x": -0.4755520820617676,
        "y": 0.12786121666431428,
        "z": 0.4933605194091797
    },
    "tangent2": {
        "x": -0.17303335666656495,
        "y": 1.0655250549316407,
        "z": 0.9856897592544556
    },
    "endPos": {
        "x": -0.8143437504768372,
        "y": 4.0,
        "z": 0.35714298486709597
    }
}