{
    "_horizontalLines": 16.0,
    "_verticalLines": 17.0,
    "_radius": 0.08564601838588715,
    "_petalColour": {
        "r": 0.12381982803344727,
        "g": 0.24841082096099854,
        "b": 0.26014870405197146,
        "a": 1.0
    },
    "_cylinderVertexCount": 14.0,
    "_stemRadius": 0.07703974843025208,
    "_leafCount": 8.0,
    "_edgeRingCount": 59.0,
    "startPos": {
        "x": 0.0,
        "y": 0.0,
        "z": 0.0
    },
    "tangent1": {
        "x": 0.3776059150695801,
        "y": 1.2678184509277344,
        "z": -0.004391956143081188
    },
    "tangent2": {
        "x": 0.05501928925514221,
        "y": 3.0062451362609865,
        "z": 0.2605854868888855
    },
    "endPos": {
        "x": -0.7709506750106812,
        "y": 4.337250709533691,
        "z": 0.9453437924385071
    }
}