{
    "_horizontalLines": 17.0,
    "_verticalLines": 15.0,
    "_radius": 0.08338264375925064,
    "_petalColour": {
        "r": 0.17889821529388429,
        "g": 0.5075991749763489,
        "b": 0.06622660160064697,
        "a": 1.0
    },
    "_cylinderVertexCount": 14.0,
    "_stemRadius": 0.07549814879894257,
    "_leafCount": 8.0,
    "_edgeRingCount": 40.0,
    "startPos": {
        "x": 0.0,
        "y": 0.0,
        "z": 0.0
    },
    "tangent1": {
        "x": 0.25876617431640627,
        "y": 1.8593040704727173,
        "z": 0.21726655960083009
    },
    "tangent2": {
        "x": 0.6343855857849121,
        "y": 2.691154956817627,
        "z": 0.07159142196178436
    },
    "endPos": {
        "x": 0.11140674352645874,
        "y": 4.233020782470703,
        "z": -0.7523379325866699
    }
}