{
    "_horizontalLines": 19.0,
    "_verticalLines": 17.0,
    "_radius": 0.08780810236930847,
    "_petalColour": {
        "r": 0.945349931716919,
        "g": 0.41081029176712038,
        "b": 0.8973779678344727,
        "a": 1.0
    },
    "_cylinderVertexCount": 6.0,
    "_stemRadius": 0.038228150457143787,
    "_leafCount": 8.0,
    "_edgeRingCount": 44.0,
    "startPos": {
        "x": 0.0,
        "y": 0.0,
        "z": 0.0
    },
    "tangent1": {
        "x": 0.21933436393737794,
        "y": 0.8781499862670898,
        "z": -0.08089275658130646
    },
    "tangent2": {
        "x": -0.07531675696372986,
        "y": 1.525644302368164,
        "z": -0.36348503828048708
    },
    "endPos": {
        "x": 0.5746772289276123,
        "y": 4.0,
        "z": -0.009049564599990845
    }
}