{
    "_horizontalLines": 16.0,
    "_verticalLines": 15.0,
    "_radius": 0.14594946801662446,
    "_petalColour": {
        "r": 0.8025577068328857,
        "g": 0.8921250104904175,
        "b": 0.7927484512329102,
        "a": 1.0
    },
    "_cylinderVertexCount": 6.0,
    "_stemRadius": 0.10716107487678528,
    "_leafCount": 8.0,
    "_edgeRingCount": 57.0,
    "startPos": {
        "x": 0.0,
        "y": 0.0,
        "z": 0.0
    },
    "tangent1": {
        "x": -0.26630640029907229,
        "y": 0.9961379766464233,
        "z": -0.05891365930438042
    },
    "tangent2": {
        "x": 0.13661503791809083,
        "y": 1.050000786781311,
        "z": -0.19156813621520997
    },
    "endPos": {
        "x": 0.7212944030761719,
        "y": 4.0,
        "z": 0.5346360802650452
    }
}