{
    "_horizontalLines": 17.0,
    "_verticalLines": 19.0,
    "_radius": 0.11898861825466156,
    "_petalColour": {
        "r": 0.16926181316375733,
        "g": 0.10156035423278809,
        "b": 0.672431230545044,
        "a": 1.0
    },
    "_cylinderVertexCount": 8.0,
    "_stemRadius": 0.0986764058470726,
    "_leafCount": 8.0,
    "_edgeRingCount": 25.0,
    "startPos": {
        "x": 0.0,
        "y": 0.0,
        "z": 0.0
    },
    "tangent1": {
        "x": -0.39303532242774966,
        "y": 0.8284087181091309,
        "z": -0.06973190605640412
    },
    "tangent2": {
        "x": 0.06339758634567261,
        "y": 1.8301405906677247,
        "z": 0.16240443289279939
    },
    "endPos": {
        "x": -0.28315290808677676,
        "y": 4.0,
        "z": 0.6349496245384216
    }
}