{
    "_horizontalLines": 16.0,
    "_verticalLines": 16.0,
    "_radius": 0.06840774416923523,
    "_petalColour": {
        "r": 0.7200578451156616,
        "g": 0.7870222330093384,
        "b": 0.1663954257965088,
        "a": 1.0
    },
    "_cylinderVertexCount": 10.0,
    "_stemRadius": 0.0657208189368248,
    "_leafCount": 8.0,
    "_edgeRingCount": 43.0,
    "startPos": {
        "x": 0.0,
        "y": 0.0,
        "z": 0.0
    },
    "tangent1": {
        "x": 0.438265323638916,
        "y": 1.1469157934188843,
        "z": -0.06165141984820366
    },
    "tangent2": {
        "x": -0.013624757528305054,
        "y": 2.226247787475586,
        "z": -0.2638024389743805
    },
    "endPos": {
        "x": 0.5007455348968506,
        "y": 4.0,
        "z": 0.5693756341934204
    }
}