{
    "_horizontalLines": 15.0,
    "_verticalLines": 19.0,
    "_radius": 0.14656470715999604,
    "_petalColour": {
        "r": 0.09045076370239258,
        "g": 0.9552990198135376,
        "b": 0.8895115852355957,
        "a": 1.0
    },
    "_cylinderVertexCount": 7.0,
    "_stemRadius": 0.10541088879108429,
    "_leafCount": 8.0,
    "_edgeRingCount": 21.0,
    "startPos": {
        "x": 0.0,
        "y": 0.0,
        "z": 0.0
    },
    "tangent1": {
        "x": -0.11983494460582733,
        "y": 1.746297836303711,
        "z": -0.09168939292430878
    },
    "tangent2": {
        "x": -0.367619127035141,
        "y": 3.404719114303589,
        "z": -0.4140015244483948
    },
    "endPos": {
        "x": -0.1434280276298523,
        "y": 6.300000190734863,
        "z": -0.28229784965515139
    }
}