{
    "_horizontalLines": 18.0,
    "_verticalLines": 17.0,
    "_radius": 0.10328691452741623,
    "_petalColour": {
        "r": 0.7361583709716797,
        "g": 0.505511462688446,
        "b": 0.05536234378814697,
        "a": 1.0
    },
    "_cylinderVertexCount": 8.0,
    "_stemRadius": 0.0718948096036911,
    "_leafCount": 8.0,
    "_edgeRingCount": 47.0,
    "startPos": {
        "x": 0.0,
        "y": 0.0,
        "z": 0.0
    },
    "tangent1": {
        "x": 0.2295740842819214,
        "y": 0.44623106718063357,
        "z": -0.41452741622924807
    },
    "tangent2": {
        "x": 0.07285244762897492,
        "y": 1.2336636781692505,
        "z": -0.7604584693908691
    },
    "endPos": {
        "x": -0.5707752704620361,
        "y": 4.0,
        "z": -0.33371055126190188
    }
}