{
    "_horizontalLines": 15.0,
    "_verticalLines": 17.0,
    "_radius": 0.04567531868815422,
    "_petalColour": {
        "r": 0.9248603582382202,
        "g": 0.39968782663345339,
        "b": 0.3551098704338074,
        "a": 1.0
    },
    "_cylinderVertexCount": 7.0,
    "_stemRadius": 0.014726405963301659,
    "_leafCount": 8.0,
    "_edgeRingCount": 12.0,
    "startPos": {
        "x": 0.0,
        "y": 0.0,
        "z": 0.0
    },
    "tangent1": {
        "x": -0.27890872955322268,
        "y": 1.3065139055252076,
        "z": -0.32971706986427309
    },
    "tangent2": {
        "x": -0.5744173526763916,
        "y": 2.6868362426757814,
        "z": -0.562156081199646
    },
    "endPos": {
        "x": -1.4356544017791749,
        "y": 6.133410453796387,
        "z": 0.13139081001281739
    }
}