{
    "_horizontalLines": 18.0,
    "_verticalLines": 17.0,
    "_radius": 0.13595125079154969,
    "_petalColour": {
        "r": 0.47155123949050906,
        "g": 0.41080015897750857,
        "b": 0.4555390477180481,
        "a": 1.0
    },
    "_cylinderVertexCount": 5.0,
    "_stemRadius": 0.11054911464452744,
    "_leafCount": 8.0,
    "_edgeRingCount": 20.0,
    "startPos": {
        "x": 0.0,
        "y": 0.0,
        "z": 0.0
    },
    "tangent1": {
        "x": -0.1515011340379715,
        "y": 0.6482295393943787,
        "z": 0.08034439384937287
    },
    "tangent2": {
        "x": -0.6092010736465454,
        "y": 2.0534071922302248,
        "z": -0.05141887068748474
    },
    "endPos": {
        "x": -0.08005452156066895,
        "y": 4.578083038330078,
        "z": -0.22733278572559358
    }
}