{
    "_horizontalLines": 19.0,
    "_verticalLines": 18.0,
    "_radius": 0.05011231079697609,
    "_petalColour": {
        "r": 0.6818264722824097,
        "g": 0.864100456237793,
        "b": 0.3039882779121399,
        "a": 1.0
    },
    "_cylinderVertexCount": 13.0,
    "_stemRadius": 0.02331569604575634,
    "_leafCount": 8.0,
    "_edgeRingCount": 26.0,
    "startPos": {
        "x": 0.0,
        "y": 0.0,
        "z": 0.0
    },
    "tangent1": {
        "x": -0.06566567718982697,
        "y": 1.316015601158142,
        "z": -0.3228704631328583
    },
    "tangent2": {
        "x": -0.06283107399940491,
        "y": 2.267026424407959,
        "z": -0.042011111974716189
    },
    "endPos": {
        "x": -0.9068634510040283,
        "y": 4.325006484985352,
        "z": -0.6366206407546997
    }
}