{
    "_horizontalLines": 19.0,
    "_verticalLines": 16.0,
    "_radius": 0.036734677851200107,
    "_petalColour": {
        "r": 0.7965620756149292,
        "g": 0.48027247190475466,
        "b": 0.7319632768630981,
        "a": 1.0
    },
    "_cylinderVertexCount": 5.0,
    "_stemRadius": 0.03156762942671776,
    "_leafCount": 8.0,
    "_edgeRingCount": 47.0,
    "startPos": {
        "x": 0.0,
        "y": 0.0,
        "z": 0.0
    },
    "tangent1": {
        "x": 0.03167862817645073,
        "y": 0.3001806139945984,
        "z": 0.27063092589378359
    },
    "tangent2": {
        "x": -0.18156218528747559,
        "y": 0.9005718231201172,
        "z": 0.559554934501648
    },
    "endPos": {
        "x": -0.5114824771881104,
        "y": 4.0,
        "z": 0.45957985520362856
    }
}