{
    "_horizontalLines": 17.0,
    "_verticalLines": 16.0,
    "_radius": 0.04867139831185341,
    "_petalColour": {
        "r": 0.7698477506637573,
        "g": 0.30680805444717409,
        "b": 0.9189344644546509,
        "a": 1.0
    },
    "_cylinderVertexCount": 6.0,
    "_stemRadius": 0.03249422088265419,
    "_leafCount": 8.0,
    "_edgeRingCount": 6.0,
    "startPos": {
        "x": 0.0,
        "y": 0.0,
        "z": 0.0
    },
    "tangent1": {
        "x": 0.012778234668076039,
        "y": 1.4473029375076295,
        "z": -0.25676465034484866
    },
    "tangent2": {
        "x": 0.2505646049976349,
        "y": 3.3282203674316408,
        "z": -0.007382065057754517
    },
    "endPos": {
        "x": 0.6873295903205872,
        "y": 4.0,
        "z": 0.49063876271247866
    }
}