{
    "_horizontalLines": 18.0,
    "_verticalLines": 15.0,
    "_radius": 0.09518437087535858,
    "_petalColour": {
        "r": 0.9217885732650757,
        "g": 0.6989172697067261,
        "b": 0.18908333778381349,
        "a": 1.0
    },
    "_cylinderVertexCount": 10.0,
    "_stemRadius": 0.06516555696725846,
    "_leafCount": 8.0,
    "_edgeRingCount": 31.0,
    "startPos": {
        "x": 0.0,
        "y": 0.0,
        "z": 0.0
    },
    "tangent1": {
        "x": 0.08301229774951935,
        "y": 0.40988045930862429,
        "z": 0.25215625762939455
    },
    "tangent2": {
        "x": 0.12039828300476074,
        "y": 1.8816683292388917,
        "z": 0.08675198256969452
    },
    "endPos": {
        "x": -0.08482928574085236,
        "y": 4.0,
        "z": -0.2128477543592453
    }
}