{
    "_horizontalLines": 18.0,
    "_verticalLines": 16.0,
    "_radius": 0.08433277904987335,
    "_petalColour": {
        "r": 0.14533662796020509,
        "g": 0.48034316301345827,
        "b": 0.2533058524131775,
        "a": 1.0
    },
    "_cylinderVertexCount": 10.0,
    "_stemRadius": 0.06485244631767273,
    "_leafCount": 8.0,
    "_edgeRingCount": 60.0,
    "startPos": {
        "x": 0.0,
        "y": 0.0,
        "z": 0.0
    },
    "tangent1": {
        "x": 0.1512613147497177,
        "y": 0.6659354567527771,
        "z": 0.2649421691894531
    },
    "tangent2": {
        "x": -0.1515813022851944,
        "y": 0.8496835231781006,
        "z": 0.45031508803367617
    },
    "endPos": {
        "x": -0.8956939578056336,
        "y": 4.0,
        "z": 0.2562113404273987
    }
}