{
    "_horizontalLines": 15.0,
    "_verticalLines": 15.0,
    "_radius": 0.04352157562971115,
    "_petalColour": {
        "r": 0.20996642112731934,
        "g": 0.3106597065925598,
        "b": 0.28426140546798708,
        "a": 1.0
    },
    "_cylinderVertexCount": 9.0,
    "_stemRadius": 0.012194937095046044,
    "_leafCount": 8.0,
    "_edgeRingCount": 32.0,
    "startPos": {
        "x": 0.0,
        "y": 0.0,
        "z": 0.0
    },
    "tangent1": {
        "x": -0.18734245002269746,
        "y": 1.1318050622940064,
        "z": 0.29060959815979006
    },
    "tangent2": {
        "x": -0.36501583456993105,
        "y": 2.2436184883117677,
        "z": 0.49805140495300295
    },
    "endPos": {
        "x": 0.0697280764579773,
        "y": 5.728532791137695,
        "z": -0.03538304567337036
    }
}