{
    "_horizontalLines": 15.0,
    "_verticalLines": 18.0,
    "_radius": 0.0446007139980793,
    "_petalColour": {
        "r": 0.40492361783981326,
        "g": 0.36293643712997439,
        "b": 0.8029863834381104,
        "a": 1.0
    },
    "_cylinderVertexCount": 13.0,
    "_stemRadius": 0.020348038524389268,
    "_leafCount": 8.0,
    "_edgeRingCount": 58.0,
    "startPos": {
        "x": 0.0,
        "y": 0.0,
        "z": 0.0
    },
    "tangent1": {
        "x": 0.14077243208885194,
        "y": 1.7583332061767579,
        "z": -0.4305354952812195
    },
    "tangent2": {
        "x": 0.5968294143676758,
        "y": 3.060576915740967,
        "z": -0.823192834854126
    },
    "endPos": {
        "x": 0.2106330692768097,
        "y": 5.3108673095703129,
        "z": -1.3958014249801636
    }
}