{
    "_horizontalLines": 19.0,
    "_verticalLines": 16.0,
    "_radius": 0.053790315985679629,
    "_petalColour": {
        "r": 0.4359045624732971,
        "g": 0.4244982600212097,
        "b": 0.8172609806060791,
        "a": 1.0
    },
    "_cylinderVertexCount": 11.0,
    "_stemRadius": 0.03922373056411743,
    "_leafCount": 8.0,
    "_edgeRingCount": 29.0,
    "startPos": {
        "x": 0.0,
        "y": 0.0,
        "z": 0.0
    },
    "tangent1": {
        "x": -0.17085056006908418,
        "y": 1.0441265106201172,
        "z": 0.17686355113983155
    },
    "tangent2": {
        "x": -0.5328065752983093,
        "y": 2.680227279663086,
        "z": -0.27430975437164309
    },
    "endPos": {
        "x": -0.7932283878326416,
        "y": 4.354008674621582,
        "z": -0.5756891965866089
    }
}