{
    "_horizontalLines": 9,
    "_verticalLines": 5,
    "_radius": 0.07959863543510437,
    "_petalColour": {
        "r": 0.04659008979797363,
        "g": 0.4619836211204529,
        "b": 0.5742048621177673,
        "a": 1.0
    },
    "_cylinderVertexCount": 6,
    "_stemRadius": 0.05620471388101578,
    "_leafCount": 8,
    "_edgeRingCount": 64,
    "startPos": {
        "x": 0.15255174040794373,
        "y": 0.29940104484558108,
        "z": -0.032991789281368259
    },
    "tangent1": {
        "x": 0.4482841193675995,
        "y": 0.9653336405754089,
        "z": -0.502133846282959
    },
    "tangent2": {
        "x": 0.20156051218509675,
        "y": 1.5615423917770386,
        "z": -1.0011783838272095
    },
    "endPos": {
        "x": 0.7368895411491394,
        "y": 5.147365570068359,
        "z": -1.189584493637085
    }
}