{
    "_horizontalLines": 4.0,
    "_verticalLines": 13.0,
    "_radius": 0.07202417403459549,
    "_petalColour": {
        "r": 0.3382856249809265,
        "g": 0.6803569793701172,
        "b": 0.37071818113327029,
        "a": 1.0
    },
    "_cylinderVertexCount": 10.0,
    "_stemRadius": 0.060623325407505038,
    "_leafCount": 8.0,
    "_edgeRingCount": 15.0,
    "startPos": {
        "x": 0.083171546459198,
        "y": 0.5879735946655273,
        "z": -0.19948387145996095
    },
    "tangent1": {
        "x": 0.5560194253921509,
        "y": 1.542555332183838,
        "z": -0.13997454941272736
    },
    "tangent2": {
        "x": 0.36474305391311648,
        "y": 3.0858383178710939,
        "z": 0.06772033870220185
    },
    "endPos": {
        "x": 1.2663764953613282,
        "y": 6.157960891723633,
        "z": -0.08588598668575287
    }
}