{
    "_horizontalLines": 18.0,
    "_verticalLines": 17.0,
    "_radius": 0.04073614999651909,
    "_petalColour": {
        "r": 0.5362033247947693,
        "g": 0.755582332611084,
        "b": 0.16709411144256593,
        "a": 1.0
    },
    "_cylinderVertexCount": 7.0,
    "_stemRadius": 0.04032880812883377,
    "_leafCount": 8.0,
    "_edgeRingCount": 16.0,
    "startPos": {
        "x": 0.0,
        "y": 0.0,
        "z": 0.0
    },
    "tangent1": {
        "x": 0.06946544349193573,
        "y": 0.5796946883201599,
        "z": -0.14792756736278535
    },
    "tangent2": {
        "x": -0.2893947958946228,
        "y": 2.1384036540985109,
        "z": -0.4209941625595093
    },
    "endPos": {
        "x": 0.4230078458786011,
        "y": 4.0,
        "z": -1.2417948246002198
    }
}