{
    "_horizontalLines": 17.0,
    "_verticalLines": 16.0,
    "_radius": 0.06045597046613693,
    "_petalColour": {
        "r": 0.7146655321121216,
        "g": 0.7702324390411377,
        "b": 0.49508315324783327,
        "a": 1.0
    },
    "_cylinderVertexCount": 6.0,
    "_stemRadius": 0.028343984857201577,
    "_leafCount": 8.0,
    "_edgeRingCount": 17.0,
    "startPos": {
        "x": 0.0,
        "y": 0.0,
        "z": 0.0
    },
    "tangent1": {
        "x": -0.01335973758250475,
        "y": 0.6095216870307922,
        "z": -0.44935235381126406
    },
    "tangent2": {
        "x": 0.1791267693042755,
        "y": 1.8523621559143067,
        "z": -0.5111199021339417
    },
    "endPos": {
        "x": 1.003297209739685,
        "y": 4.0,
        "z": -0.16485407948493958
    }
}