{
    "_horizontalLines": 16.0,
    "_verticalLines": 18.0,
    "_radius": 0.12252769619226456,
    "_petalColour": {
        "r": 0.02690112590789795,
        "g": 0.5157985091209412,
        "b": 0.6230582594871521,
        "a": 1.0
    },
    "_cylinderVertexCount": 13.0,
    "_stemRadius": 0.09425611793994904,
    "_leafCount": 8.0,
    "_edgeRingCount": 64.0,
    "startPos": {
        "x": 0.0,
        "y": 0.0,
        "z": 0.0
    },
    "tangent1": {
        "x": 0.004219961352646351,
        "y": 1.9923855066299439,
        "z": -0.3149324357509613
    },
    "tangent2": {
        "x": 0.1870538592338562,
        "y": 2.2681660652160646,
        "z": -0.2210879772901535
    },
    "endPos": {
        "x": -0.599658727645874,
        "y": 4.0,
        "z": -0.10977041721343994
    }
}