{
    "_horizontalLines": 18.0,
    "_verticalLines": 19.0,
    "_radius": 0.12607498466968537,
    "_petalColour": {
        "r": 0.4399469494819641,
        "g": 0.03443431854248047,
        "b": 0.9607778787612915,
        "a": 1.0
    },
    "_cylinderVertexCount": 8.0,
    "_stemRadius": 0.09735984355211258,
    "_leafCount": 8.0,
    "_edgeRingCount": 42.0,
    "startPos": {
        "x": 0.0,
        "y": 0.0,
        "z": 0.0
    },
    "tangent1": {
        "x": -0.4859176576137543,
        "y": 1.6652088165283204,
        "z": -0.07932285964488983
    },
    "tangent2": {
        "x": -0.22037705779075623,
        "y": 2.514509916305542,
        "z": -0.49555695056915285
    },
    "endPos": {
        "x": -0.7134628295898438,
        "y": 4.0,
        "z": -0.8565138578414917
    }
}