{
    "_horizontalLines": 16.0,
    "_verticalLines": 16.0,
    "_radius": 0.11754462867975235,
    "_petalColour": {
        "r": 0.039435625076293948,
        "g": 0.11208879947662354,
        "b": 0.6556422710418701,
        "a": 1.0
    },
    "_cylinderVertexCount": 8.0,
    "_stemRadius": 0.11252918094396591,
    "_leafCount": 8.0,
    "_edgeRingCount": 29.0,
    "startPos": {
        "x": 0.0,
        "y": 0.0,
        "z": 0.0
    },
    "tangent1": {
        "x": 0.14611396193504334,
        "y": 1.7161563634872437,
        "z": 0.25865277647972109
    },
    "tangent2": {
        "x": 0.10090149939060211,
        "y": 2.3794357776641847,
        "z": 0.7310538291931152
    },
    "endPos": {
        "x": 0.38823992013931277,
        "y": 4.0,
        "z": 0.2791113257408142
    }
}