{
    "_horizontalLines": 19.0,
    "_verticalLines": 15.0,
    "_radius": 0.14671576023101808,
    "_petalColour": {
        "r": 0.4082409739494324,
        "g": 0.547922670841217,
        "b": 0.5381658673286438,
        "a": 1.0
    },
    "_cylinderVertexCount": 14.0,
    "_stemRadius": 0.11232227087020874,
    "_leafCount": 8.0,
    "_edgeRingCount": 55.0,
    "startPos": {
        "x": 0.0,
        "y": 0.0,
        "z": 0.0
    },
    "tangent1": {
        "x": 0.3355695903301239,
        "y": 1.060166835784912,
        "z": -0.12576813995838166
    },
    "tangent2": {
        "x": -0.10988643765449524,
        "y": 3.0112555027008058,
        "z": 0.3004527688026428
    },
    "endPos": {
        "x": -0.8373204469680786,
        "y": 5.915365695953369,
        "z": -0.19285249710083009
    }
}