{
    "_horizontalLines": 18.0,
    "_verticalLines": 16.0,
    "_radius": 0.10955335199832916,
    "_petalColour": {
        "r": 0.5668062567710877,
        "g": 0.8276406526565552,
        "b": 0.39380115270614626,
        "a": 1.0
    },
    "_cylinderVertexCount": 5.0,
    "_stemRadius": 0.0836329385638237,
    "_leafCount": 8.0,
    "_edgeRingCount": 53.0,
    "startPos": {
        "x": 0.0,
        "y": 0.0,
        "z": 0.0
    },
    "tangent1": {
        "x": -0.16928501427173615,
        "y": 1.0613250732421876,
        "z": 0.465567022562027
    },
    "tangent2": {
        "x": 0.12080304324626923,
        "y": 2.5915169715881349,
        "z": 0.1052025854587555
    },
    "endPos": {
        "x": 0.4571534991264343,
        "y": 4.0,
        "z": 0.2763625383377075
    }
}