{
    "_horizontalLines": 15.0,
    "_verticalLines": 15.0,
    "_radius": 0.08876469731330872,
    "_petalColour": {
        "r": 0.5207726359367371,
        "g": 0.649185299873352,
        "b": 0.9755741357803345,
        "a": 1.0
    },
    "_cylinderVertexCount": 7.0,
    "_stemRadius": 0.07016690820455551,
    "_leafCount": 8.0,
    "_edgeRingCount": 54.0,
    "startPos": {
        "x": 0.0,
        "y": 0.0,
        "z": 0.0
    },
    "tangent1": {
        "x": -0.12336187064647675,
        "y": 1.9358199834823609,
        "z": 0.24405944347381593
    },
    "tangent2": {
        "x": -0.5589764714241028,
        "y": 2.1866371631622316,
        "z": 0.37347424030303957
    },
    "endPos": {
        "x": -0.8028672933578491,
        "y": 4.4960432052612309,
        "z": 0.9452409744262695
    }
}