{
    "_horizontalLines": 15.0,
    "_verticalLines": 18.0,
    "_radius": 0.03272809460759163,
    "_petalColour": {
        "r": 0.8249592781066895,
        "g": 0.592367947101593,
        "b": 0.016572952270507814,
        "a": 1.0
    },
    "_cylinderVertexCount": 13.0,
    "_stemRadius": 0.029031768441200258,
    "_leafCount": 8.0,
    "_edgeRingCount": 49.0,
    "startPos": {
        "x": 0.0,
        "y": 0.0,
        "z": 0.0
    },
    "tangent1": {
        "x": 0.19265449047088624,
        "y": 1.7590370178222657,
        "z": 0.11347456276416779
    },
    "tangent2": {
        "x": 0.21626369655132295,
        "y": 2.3093385696411135,
        "z": -0.004721730947494507
    },
    "endPos": {
        "x": 0.2313665896654129,
        "y": 5.73274040222168,
        "z": -0.7728227376937866
    }
}