{
    "_horizontalLines": 15.0,
    "_verticalLines": 16.0,
    "_radius": 0.0953461304306984,
    "_petalColour": {
        "r": 0.9882997274398804,
        "g": 0.6567734479904175,
        "b": 0.40328532457351687,
        "a": 1.0
    },
    "_cylinderVertexCount": 5.0,
    "_stemRadius": 0.06284695118665695,
    "_leafCount": 8.0,
    "_edgeRingCount": 49.0,
    "startPos": {
        "x": 0.0,
        "y": 0.0,
        "z": 0.0
    },
    "tangent1": {
        "x": -0.08535952866077423,
        "y": 0.891139030456543,
        "z": -0.09234504401683808
    },
    "tangent2": {
        "x": -0.075737863779068,
        "y": 2.6133861541748049,
        "z": -0.1955948770046234
    },
    "endPos": {
        "x": -0.015453692525625229,
        "y": 4.0,
        "z": 0.35303351283073428
    }
}