{
    "_horizontalLines": 15.0,
    "_verticalLines": 16.0,
    "_radius": 0.0561019703745842,
    "_petalColour": {
        "r": 0.9325344562530518,
        "g": 0.271287739276886,
        "b": 0.16861605644226075,
        "a": 1.0
    },
    "_cylinderVertexCount": 7.0,
    "_stemRadius": 0.013447447679936886,
    "_leafCount": 8.0,
    "_edgeRingCount": 64.0,
    "startPos": {
        "x": 0.0,
        "y": 0.0,
        "z": 0.0
    },
    "tangent1": {
        "x": 0.456183522939682,
        "y": 0.36219674348831179,
        "z": 0.27405843138694765
    },
    "tangent2": {
        "x": 0.2662097215652466,
        "y": 1.401655912399292,
        "z": 0.06210316717624664
    },
    "endPos": {
        "x": -0.5081719756126404,
        "y": 4.0,
        "z": -0.7318994998931885
    }
}