{
    "_horizontalLines": 18.0,
    "_verticalLines": 18.0,
    "_radius": 0.08835539221763611,
    "_petalColour": {
        "r": 0.46730393171310427,
        "g": 0.016044020652770997,
        "b": 0.9296778440475464,
        "a": 1.0
    },
    "_cylinderVertexCount": 5.0,
    "_stemRadius": 0.044811081141233447,
    "_leafCount": 8.0,
    "_edgeRingCount": 62.0,
    "startPos": {
        "x": 0.0,
        "y": 0.0,
        "z": 0.0
    },
    "tangent1": {
        "x": 0.08116669952869415,
        "y": 0.1966087371110916,
        "z": -0.020045090466737748
    },
    "tangent2": {
        "x": -0.4065313935279846,
        "y": 2.165360927581787,
        "z": 0.4432566463947296
    },
    "endPos": {
        "x": 0.08789560198783875,
        "y": 4.0,
        "z": 0.8740625381469727
    }
}