{
    "_horizontalLines": 18.0,
    "_verticalLines": 15.0,
    "_radius": 0.07537439465522766,
    "_petalColour": {
        "r": 0.43444913625717165,
        "g": 0.5643463730812073,
        "b": 0.05937373638153076,
        "a": 1.0
    },
    "_cylinderVertexCount": 11.0,
    "_stemRadius": 0.03047903999686241,
    "_leafCount": 8.0,
    "_edgeRingCount": 5.0,
    "startPos": {
        "x": 0.0,
        "y": 0.0,
        "z": 0.0
    },
    "tangent1": {
        "x": -0.4799281060695648,
        "y": 0.1459953337907791,
        "z": -0.03295331075787544
    },
    "tangent2": {
        "x": -0.5534178018569946,
        "y": 0.7023096084594727,
        "z": -0.06068859249353409
    },
    "endPos": {
        "x": -0.6118595004081726,
        "y": 4.0,
        "z": 0.32017022371292117
    }
}