{
    "_horizontalLines": 15.0,
    "_verticalLines": 17.0,
    "_radius": 0.10738930106163025,
    "_petalColour": {
        "r": 0.8063168525695801,
        "g": 0.3217175602912903,
        "b": 0.13355767726898194,
        "a": 1.0
    },
    "_cylinderVertexCount": 11.0,
    "_stemRadius": 0.06022457405924797,
    "_leafCount": 8.0,
    "_edgeRingCount": 17.0,
    "startPos": {
        "x": 0.0,
        "y": 0.0,
        "z": 0.0
    },
    "tangent1": {
        "x": -0.05824680253863335,
        "y": 1.105994701385498,
        "z": 0.08429722487926483
    },
    "tangent2": {
        "x": -0.3917326033115387,
        "y": 1.7060816287994385,
        "z": 0.5107917189598084
    },
    "endPos": {
        "x": -0.5450777411460877,
        "y": 4.0,
        "z": 1.276806354522705
    }
}