{
    "_horizontalLines": 19.0,
    "_verticalLines": 16.0,
    "_radius": 0.056077294051647189,
    "_petalColour": {
        "r": 0.697035551071167,
        "g": 0.36672431230545046,
        "b": 0.43928688764572146,
        "a": 1.0
    },
    "_cylinderVertexCount": 13.0,
    "_stemRadius": 0.03811193257570267,
    "_leafCount": 8.0,
    "_edgeRingCount": 25.0,
    "startPos": {
        "x": 0.0,
        "y": 0.0,
        "z": 0.0
    },
    "tangent1": {
        "x": 0.4188772141933441,
        "y": 0.13801459968090058,
        "z": 0.414644330739975
    },
    "tangent2": {
        "x": 0.35078245401382449,
        "y": 1.1975715160369874,
        "z": 0.7457772493362427
    },
    "endPos": {
        "x": 0.584053635597229,
        "y": 4.0,
        "z": -0.05689948797225952
    }
}