{
    "_horizontalLines": 16.0,
    "_verticalLines": 15.0,
    "_radius": 0.07108806818723679,
    "_petalColour": {
        "r": 0.07430946826934815,
        "g": 0.6335995197296143,
        "b": 0.47273844480514529,
        "a": 1.0
    },
    "_cylinderVertexCount": 11.0,
    "_stemRadius": 0.048945102840662,
    "_leafCount": 8.0,
    "_edgeRingCount": 46.0,
    "startPos": {
        "x": 0.0,
        "y": 0.0,
        "z": 0.0
    },
    "tangent1": {
        "x": -0.10562162101268769,
        "y": 1.4173084497451783,
        "z": 0.2946739196777344
    },
    "tangent2": {
        "x": 0.0522809773683548,
        "y": 3.3605666160583498,
        "z": 0.017933756113052369
    },
    "endPos": {
        "x": -0.6780788898468018,
        "y": 6.300000190734863,
        "z": 0.7782931327819824
    }
}