{
    "_horizontalLines": 19.0,
    "_verticalLines": 17.0,
    "_radius": 0.111319899559021,
    "_petalColour": {
        "r": 0.727141261100769,
        "g": 0.6588810682296753,
        "b": 0.2718217968940735,
        "a": 1.0
    },
    "_cylinderVertexCount": 11.0,
    "_stemRadius": 0.07143941521644592,
    "_leafCount": 8.0,
    "_edgeRingCount": 31.0,
    "startPos": {
        "x": 0.0,
        "y": 0.0,
        "z": 0.0
    },
    "tangent1": {
        "x": -0.401785671710968,
        "y": 0.7890929579734802,
        "z": 0.1423778384923935
    },
    "tangent2": {
        "x": -0.791461706161499,
        "y": 0.9029427766799927,
        "z": -0.036134690046310428
    },
    "endPos": {
        "x": -0.5251612663269043,
        "y": 4.0,
        "z": 0.8090096712112427
    }
}