{
    "_horizontalLines": 16.0,
    "_verticalLines": 17.0,
    "_radius": 0.1018528938293457,
    "_petalColour": {
        "r": 0.5000883936882019,
        "g": 0.47284775972366335,
        "b": 0.018875718116760255,
        "a": 1.0
    },
    "_cylinderVertexCount": 6.0,
    "_stemRadius": 0.06911975890398026,
    "_leafCount": 8.0,
    "_edgeRingCount": 47.0,
    "startPos": {
        "x": 0.0,
        "y": 0.0,
        "z": 0.0
    },
    "tangent1": {
        "x": -0.07047943770885468,
        "y": 0.809995174407959,
        "z": -0.34445151686668398
    },
    "tangent2": {
        "x": 0.0936303585767746,
        "y": 0.8345673680305481,
        "z": -0.8441610336303711
    },
    "endPos": {
        "x": -0.5052251219749451,
        "y": 4.0,
        "z": -1.3083577156066895
    }
}