{
    "_horizontalLines": 17.0,
    "_verticalLines": 19.0,
    "_radius": 0.13049882650375367,
    "_petalColour": {
        "r": 0.10062253475189209,
        "g": 0.15385258197784425,
        "b": 0.4498433470726013,
        "a": 1.0
    },
    "_cylinderVertexCount": 5.0,
    "_stemRadius": 0.08462922275066376,
    "_leafCount": 8.0,
    "_edgeRingCount": 64.0,
    "startPos": {
        "x": 0.0,
        "y": 0.0,
        "z": 0.0
    },
    "tangent1": {
        "x": -0.24087949097156526,
        "y": 1.8267940282821656,
        "z": -0.11610369384288788
    },
    "tangent2": {
        "x": -0.45868825912475588,
        "y": 2.2396063804626467,
        "z": 0.05405300855636597
    },
    "endPos": {
        "x": -0.01704499125480652,
        "y": 4.110622882843018,
        "z": -0.732663631439209
    }
}