{
    "_horizontalLines": 19.0,
    "_verticalLines": 19.0,
    "_radius": 0.15646837651729585,
    "_petalColour": {
        "r": 0.5688201785087586,
        "g": 0.8882826566696167,
        "b": 0.2458287477493286,
        "a": 1.0
    },
    "_cylinderVertexCount": 8.0,
    "_stemRadius": 0.11950038373470307,
    "_leafCount": 8.0,
    "_edgeRingCount": 10.0,
    "startPos": {
        "x": 0.0,
        "y": 0.0,
        "z": 0.0
    },
    "tangent1": {
        "x": 0.20499762892723084,
        "y": 1.5066008567810059,
        "z": -0.36883679032325747
    },
    "tangent2": {
        "x": 0.4332958161830902,
        "y": 2.1202547550201418,
        "z": -0.3557823598384857
    },
    "endPos": {
        "x": 0.5769305229187012,
        "y": 4.0,
        "z": -0.12583011388778687
    }
}