{
    "_horizontalLines": 19.0,
    "_verticalLines": 15.0,
    "_radius": 0.0651276484131813,
    "_petalColour": {
        "r": 0.23476696014404298,
        "g": 0.39039450883865359,
        "b": 0.5175120234489441,
        "a": 1.0
    },
    "_cylinderVertexCount": 14.0,
    "_stemRadius": 0.03749222680926323,
    "_leafCount": 8.0,
    "_edgeRingCount": 43.0,
    "startPos": {
        "x": 0.0,
        "y": 0.0,
        "z": 0.0
    },
    "tangent1": {
        "x": 0.34889495372772219,
        "y": 1.3251762390136719,
        "z": -0.19067807495594026
    },
    "tangent2": {
        "x": 0.05876109004020691,
        "y": 1.668597936630249,
        "z": -0.4953807592391968
    },
    "endPos": {
        "x": -0.7265242338180542,
        "y": 4.0,
        "z": -0.9029247760772705
    }
}