{
    "_horizontalLines": 17.0,
    "_verticalLines": 17.0,
    "_radius": 0.10987653583288193,
    "_petalColour": {
        "r": 0.5241095423698425,
        "g": 0.12787866592407227,
        "b": 0.7800490856170654,
        "a": 1.0
    },
    "_cylinderVertexCount": 6.0,
    "_stemRadius": 0.06542672961950302,
    "_leafCount": 8.0,
    "_edgeRingCount": 29.0,
    "startPos": {
        "x": 0.0,
        "y": 0.0,
        "z": 0.0
    },
    "tangent1": {
        "x": 0.3854031562805176,
        "y": 1.1121333837509156,
        "z": -0.41728639602661135
    },
    "tangent2": {
        "x": 0.035295963287353519,
        "y": 1.9629839658737183,
        "z": -0.6895327568054199
    },
    "endPos": {
        "x": 0.8893557190895081,
        "y": 4.0,
        "z": -0.6235966086387634
    }
}