{
    "_horizontalLines": 17.0,
    "_verticalLines": 19.0,
    "_radius": 0.07432206720113754,
    "_petalColour": {
        "r": 0.06201672554016113,
        "g": 0.2845308184623718,
        "b": 0.8195798397064209,
        "a": 1.0
    },
    "_cylinderVertexCount": 8.0,
    "_stemRadius": 0.07267550379037857,
    "_leafCount": 8.0,
    "_edgeRingCount": 4.0,
    "startPos": {
        "x": 0.0,
        "y": 0.0,
        "z": 0.0
    },
    "tangent1": {
        "x": -0.27160048484802248,
        "y": 1.055242896080017,
        "z": 0.2908754348754883
    },
    "tangent2": {
        "x": -0.13476455211639405,
        "y": 2.221971035003662,
        "z": 0.26534444093704226
    },
    "endPos": {
        "x": -0.9263444542884827,
        "y": 4.0,
        "z": 0.8720259070396423
    }
}