{
    "_horizontalLines": 16.0,
    "_verticalLines": 15.0,
    "_radius": 0.14192184805870057,
    "_petalColour": {
        "r": 0.1882079839706421,
        "g": 0.7954790592193604,
        "b": 0.5100955367088318,
        "a": 1.0
    },
    "_cylinderVertexCount": 9.0,
    "_stemRadius": 0.09530048817396164,
    "_leafCount": 8.0,
    "_edgeRingCount": 5.0,
    "startPos": {
        "x": 0.0,
        "y": 0.0,
        "z": 0.0
    },
    "tangent1": {
        "x": -0.4284425675868988,
        "y": 1.2574653625488282,
        "z": 0.061203766614198688
    },
    "tangent2": {
        "x": -0.17940187454223634,
        "y": 2.934654712677002,
        "z": 0.16129326820373536
    },
    "endPos": {
        "x": 0.5760307908058167,
        "y": 4.0,
        "z": -0.027337059378623964
    }
}