{
    "_horizontalLines": 16.0,
    "_verticalLines": 16.0,
    "_radius": 0.1090339720249176,
    "_petalColour": {
        "r": 0.32573944330215456,
        "g": 0.9485679864883423,
        "b": 0.5082324147224426,
        "a": 1.0
    },
    "_cylinderVertexCount": 9.0,
    "_stemRadius": 0.06944286823272705,
    "_leafCount": 8.0,
    "_edgeRingCount": 32.0,
    "startPos": {
        "x": 0.0,
        "y": 0.0,
        "z": 0.0
    },
    "tangent1": {
        "x": 0.42589664459228518,
        "y": 0.699245274066925,
        "z": 0.355471134185791
    },
    "tangent2": {
        "x": 0.2271246463060379,
        "y": 1.440045952796936,
        "z": 0.6706883907318115
    },
    "endPos": {
        "x": 0.4204886257648468,
        "y": 4.0,
        "z": 1.5346019268035889
    }
}