{
    "_horizontalLines": 19.0,
    "_verticalLines": 15.0,
    "_radius": 0.09037218987941742,
    "_petalColour": {
        "r": 0.7016414403915405,
        "g": 0.8190839290618897,
        "b": 0.516051709651947,
        "a": 1.0
    },
    "_cylinderVertexCount": 8.0,
    "_stemRadius": 0.057959605008363727,
    "_leafCount": 8.0,
    "_edgeRingCount": 57.0,
    "startPos": {
        "x": 0.0,
        "y": 0.0,
        "z": 0.0
    },
    "tangent1": {
        "x": -0.3568672239780426,
        "y": 1.3485584259033204,
        "z": 0.2502230405807495
    },
    "tangent2": {
        "x": -0.5685795545578003,
        "y": 2.9787120819091799,
        "z": 0.4900505542755127
    },
    "endPos": {
        "x": 0.19709551334381104,
        "y": 4.569467544555664,
        "z": -0.05422842502593994
    }
}