{
    "_horizontalLines": 16.0,
    "_verticalLines": 18.0,
    "_radius": 0.09383946657180786,
    "_petalColour": {
        "r": 0.929006814956665,
        "g": 0.9474002122879028,
        "b": 0.5485829710960388,
        "a": 1.0
    },
    "_cylinderVertexCount": 5.0,
    "_stemRadius": 0.04482245817780495,
    "_leafCount": 8.0,
    "_edgeRingCount": 43.0,
    "startPos": {
        "x": 0.0,
        "y": 0.0,
        "z": 0.0
    },
    "tangent1": {
        "x": 0.43279609084129336,
        "y": 0.9252147674560547,
        "z": 0.2279062271118164
    },
    "tangent2": {
        "x": 0.3959203064441681,
        "y": 1.329909086227417,
        "z": 0.2070884257555008
    },
    "endPos": {
        "x": 0.2438516467809677,
        "y": 4.0,
        "z": 0.9679659605026245
    }
}