{
    "_horizontalLines": 17.0,
    "_verticalLines": 15.0,
    "_radius": 0.062170762568712237,
    "_petalColour": {
        "r": 0.32450586557388308,
        "g": 0.8080853223800659,
        "b": 0.3607141375541687,
        "a": 1.0
    },
    "_cylinderVertexCount": 6.0,
    "_stemRadius": 0.037388164550065997,
    "_leafCount": 8.0,
    "_edgeRingCount": 34.0,
    "startPos": {
        "x": 0.0,
        "y": 0.0,
        "z": 0.0
    },
    "tangent1": {
        "x": -0.49155282974243166,
        "y": 1.144073486328125,
        "z": 0.47025084495544436
    },
    "tangent2": {
        "x": -0.6938300728797913,
        "y": 2.632692337036133,
        "z": 0.378303587436676
    },
    "endPos": {
        "x": -0.9183362722396851,
        "y": 5.407801628112793,
        "z": -0.3121247887611389
    }
}