{
    "_horizontalLines": 16.0,
    "_verticalLines": 17.0,
    "_radius": 0.11076077818870545,
    "_petalColour": {
        "r": 0.26201313734054568,
        "g": 0.9995216131210327,
        "b": 0.36215144395828249,
        "a": 1.0
    },
    "_cylinderVertexCount": 8.0,
    "_stemRadius": 0.10810074955224991,
    "_leafCount": 8.0,
    "_edgeRingCount": 27.0,
    "startPos": {
        "x": 0.0,
        "y": 0.0,
        "z": 0.0
    },
    "tangent1": {
        "x": -0.2375599890947342,
        "y": 0.13100413978099824,
        "z": -0.24557475745677949
    },
    "tangent2": {
        "x": 0.1914048045873642,
        "y": 0.4279794692993164,
        "z": 0.12101896107196808
    },
    "endPos": {
        "x": -0.6387126445770264,
        "y": 4.0,
        "z": -0.3126976490020752
    }
}