{
    "_horizontalLines": 19.0,
    "_verticalLines": 18.0,
    "_radius": 0.07502789795398712,
    "_petalColour": {
        "r": 0.4300749897956848,
        "g": 0.9725898504257202,
        "b": 0.2571900486946106,
        "a": 1.0
    },
    "_cylinderVertexCount": 11.0,
    "_stemRadius": 0.05115177109837532,
    "_leafCount": 8.0,
    "_edgeRingCount": 43.0,
    "startPos": {
        "x": 0.0,
        "y": 0.0,
        "z": 0.0
    },
    "tangent1": {
        "x": -0.2419394999742508,
        "y": 0.2676545977592468,
        "z": 0.31094443798065188
    },
    "tangent2": {
        "x": -0.4775365889072418,
        "y": 0.48175084590911868,
        "z": -0.1389448344707489
    },
    "endPos": {
        "x": -0.1622064709663391,
        "y": 4.0,
        "z": 0.7316882610321045
    }
}