{
    "_horizontalLines": 19.0,
    "_verticalLines": 18.0,
    "_radius": 0.06764427572488785,
    "_petalColour": {
        "r": 0.7636793851852417,
        "g": 0.4052233099937439,
        "b": 0.04222917556762695,
        "a": 1.0
    },
    "_cylinderVertexCount": 7.0,
    "_stemRadius": 0.030279316008090974,
    "_leafCount": 8.0,
    "_edgeRingCount": 52.0,
    "startPos": {
        "x": 0.0,
        "y": 0.0,
        "z": 0.0
    },
    "tangent1": {
        "x": 0.3298855721950531,
        "y": 0.6960460543632507,
        "z": -0.07224126160144806
    },
    "tangent2": {
        "x": 0.5878267288208008,
        "y": 1.0090211629867554,
        "z": 0.28066486120224
    },
    "endPos": {
        "x": 1.2336127758026124,
        "y": 4.0,
        "z": 0.03791181743144989
    }
}