{
    "_horizontalLines": 19.0,
    "_verticalLines": 18.0,
    "_radius": 0.11952262371778488,
    "_petalColour": {
        "r": 0.19631505012512208,
        "g": 0.91312575340271,
        "b": 0.3885682225227356,
        "a": 1.0
    },
    "_cylinderVertexCount": 12.0,
    "_stemRadius": 0.07043138146400452,
    "_leafCount": 8.0,
    "_edgeRingCount": 49.0,
    "startPos": {
        "x": 0.0,
        "y": 0.0,
        "z": 0.0
    },
    "tangent1": {
        "x": -0.43271151185035708,
        "y": 1.9981056451797486,
        "z": 0.2067008912563324
    },
    "tangent2": {
        "x": -0.012302219867706299,
        "y": 2.719642162322998,
        "z": 0.09094060957431793
    },
    "endPos": {
        "x": 0.5866928100585938,
        "y": 4.512408256530762,
        "z": 0.46961748600006106
    }
}