{
    "_horizontalLines": 15.0,
    "_verticalLines": 17.0,
    "_radius": 0.025349844247102739,
    "_petalColour": {
        "r": 0.991801381111145,
        "g": 0.4233315587043762,
        "b": 0.1343076229095459,
        "a": 1.0
    },
    "_cylinderVertexCount": 8.0,
    "_stemRadius": 0.0009751401958055794,
    "_leafCount": 8.0,
    "_edgeRingCount": 24.0,
    "startPos": {
        "x": 0.0,
        "y": 0.0,
        "z": 0.0
    },
    "tangent1": {
        "x": 0.22685980796813966,
        "y": 1.5123748779296876,
        "z": -0.3457125723361969
    },
    "tangent2": {
        "x": -0.06339660286903382,
        "y": 1.6797516345977784,
        "z": -0.2092231959104538
    },
    "endPos": {
        "x": 0.5619149208068848,
        "y": 4.0,
        "z": -0.6493667960166931
    }
}