{
    "_horizontalLines": 19.0,
    "_verticalLines": 18.0,
    "_radius": 0.057953376322984698,
    "_petalColour": {
        "r": 0.2378169298171997,
        "g": 0.6193256974220276,
        "b": 0.06831729412078858,
        "a": 1.0
    },
    "_cylinderVertexCount": 5.0,
    "_stemRadius": 0.02487615868449211,
    "_leafCount": 8.0,
    "_edgeRingCount": 26.0,
    "startPos": {
        "x": 0.0,
        "y": 0.0,
        "z": 0.0
    },
    "tangent1": {
        "x": 0.1747179925441742,
        "y": 0.09973926842212677,
        "z": 0.025201987475156785
    },
    "tangent2": {
        "x": 0.14244402945041657,
        "y": 0.4263191223144531,
        "z": -0.0871284008026123
    },
    "endPos": {
        "x": 0.08281849324703217,
        "y": 4.0,
        "z": 0.3530912697315216
    }
}