{
    "_horizontalLines": 18.0,
    "_verticalLines": 18.0,
    "_radius": 0.07669582217931748,
    "_petalColour": {
        "r": 0.9312838315963745,
        "g": 0.15843701362609864,
        "b": 0.5872129797935486,
        "a": 1.0
    },
    "_cylinderVertexCount": 13.0,
    "_stemRadius": 0.05319642648100853,
    "_leafCount": 8.0,
    "_edgeRingCount": 27.0,
    "startPos": {
        "x": 0.0,
        "y": 0.0,
        "z": 0.0
    },
    "tangent1": {
        "x": -0.4003714621067047,
        "y": 1.1875988245010377,
        "z": -0.03199749067425728
    },
    "tangent2": {
        "x": -0.4676031470298767,
        "y": 2.8644003868103029,
        "z": 0.06308436393737793
    },
    "endPos": {
        "x": -1.331690788269043,
        "y": 6.079270362854004,
        "z": 0.8683266043663025
    }
}