{
    "_horizontalLines": 19.0,
    "_verticalLines": 15.0,
    "_radius": 0.10820241272449494,
    "_petalColour": {
        "r": 0.6839796304702759,
        "g": 0.33746951818466189,
        "b": 0.5940267443656921,
        "a": 1.0
    },
    "_cylinderVertexCount": 11.0,
    "_stemRadius": 0.06830308586359024,
    "_leafCount": 8.0,
    "_edgeRingCount": 9.0,
    "startPos": {
        "x": 0.0,
        "y": 0.0,
        "z": 0.0
    },
    "tangent1": {
        "x": 0.3652147054672241,
        "y": 0.09648685157299042,
        "z": -0.27841687202453616
    },
    "tangent2": {
        "x": 0.8584935665130615,
        "y": 0.3724571466445923,
        "z": -0.6928060054779053
    },
    "endPos": {
        "x": 1.4188838005065919,
        "y": 4.0,
        "z": 0.07821756601333618
    }
}