{
    "_horizontalLines": 18.0,
    "_verticalLines": 17.0,
    "_radius": 0.16098201274871827,
    "_petalColour": {
        "r": 0.4264741539955139,
        "g": 0.14610517024993897,
        "b": 0.13854408264160157,
        "a": 1.0
    },
    "_cylinderVertexCount": 7.0,
    "_stemRadius": 0.11174843460321427,
    "_leafCount": 8.0,
    "_edgeRingCount": 33.0,
    "startPos": {
        "x": 0.0,
        "y": 0.0,
        "z": 0.0
    },
    "tangent1": {
        "x": -0.11170057952404022,
        "y": 0.7049865126609802,
        "z": -0.15537409484386445
    },
    "tangent2": {
        "x": -0.5662170648574829,
        "y": 1.6305315494537354,
        "z": -0.06696796417236328
    },
    "endPos": {
        "x": -0.797127366065979,
        "y": 4.0,
        "z": -0.4802030622959137
    }
}