{
    "_horizontalLines": 16.0,
    "_verticalLines": 15.0,
    "_radius": 0.11349588632583618,
    "_petalColour": {
        "r": 0.3934928774833679,
        "g": 0.18959152698516847,
        "b": 0.6830946207046509,
        "a": 1.0
    },
    "_cylinderVertexCount": 7.0,
    "_stemRadius": 0.09793615341186524,
    "_leafCount": 8.0,
    "_edgeRingCount": 60.0,
    "startPos": {
        "x": 0.0,
        "y": 0.0,
        "z": 0.0
    },
    "tangent1": {
        "x": -0.400113970041275,
        "y": 1.646755576133728,
        "z": -0.2729157507419586
    },
    "tangent2": {
        "x": -0.6651229858398438,
        "y": 1.7099095582962037,
        "z": -0.41687214374542239
    },
    "endPos": {
        "x": -0.05285829305648804,
        "y": 4.0,
        "z": -0.37262454628944399
    }
}