{
    "_horizontalLines": 18.0,
    "_verticalLines": 15.0,
    "_radius": 0.10251329094171524,
    "_petalColour": {
        "r": 0.2181708812713623,
        "g": 0.42853134870529177,
        "b": 0.3791767954826355,
        "a": 1.0
    },
    "_cylinderVertexCount": 14.0,
    "_stemRadius": 0.05936864763498306,
    "_leafCount": 8.0,
    "_edgeRingCount": 11.0,
    "startPos": {
        "x": 0.0,
        "y": 0.0,
        "z": 0.0
    },
    "tangent1": {
        "x": -0.034203480929136279,
        "y": 1.290523886680603,
        "z": -0.07560940086841583
    },
    "tangent2": {
        "x": 0.31109729409217837,
        "y": 2.90706205368042,
        "z": -0.016569379717111589
    },
    "endPos": {
        "x": 0.03121030330657959,
        "y": 4.238478183746338,
        "z": 0.29414865374565127
    }
}