{
    "_horizontalLines": 16.0,
    "_verticalLines": 19.0,
    "_radius": 0.08649343997240067,
    "_petalColour": {
        "r": 0.8032976388931274,
        "g": 0.44266635179519656,
        "b": 0.6439716815948486,
        "a": 1.0
    },
    "_cylinderVertexCount": 11.0,
    "_stemRadius": 0.054655060172080997,
    "_leafCount": 8.0,
    "_edgeRingCount": 48.0,
    "startPos": {
        "x": 0.0,
        "y": 0.0,
        "z": 0.0
    },
    "tangent1": {
        "x": 0.04996056482195854,
        "y": 1.4600028991699219,
        "z": -0.01820654794573784
    },
    "tangent2": {
        "x": -0.08581957221031189,
        "y": 2.684464931488037,
        "z": -0.11262336373329163
    },
    "endPos": {
        "x": -0.7702670097351074,
        "y": 6.009516716003418,
        "z": -0.346921443939209
    }
}