{
    "_horizontalLines": 15.0,
    "_verticalLines": 17.0,
    "_radius": 0.12382356822490692,
    "_petalColour": {
        "r": 0.4183282256126404,
        "g": 0.4045078158378601,
        "b": 0.9462701082229614,
        "a": 1.0
    },
    "_cylinderVertexCount": 7.0,
    "_stemRadius": 0.07571711391210556,
    "_leafCount": 8.0,
    "_edgeRingCount": 25.0,
    "startPos": {
        "x": 0.0,
        "y": 0.0,
        "z": 0.0
    },
    "tangent1": {
        "x": -0.45261526107788088,
        "y": 0.5979194045066834,
        "z": -0.1888398677110672
    },
    "tangent2": {
        "x": -0.6147457957267761,
        "y": 1.7840118408203126,
        "z": 0.20380522310733796
    },
    "endPos": {
        "x": -0.7272207736968994,
        "y": 4.0,
        "z": -0.29848432540893557
    }
}