{
    "_horizontalLines": 15.0,
    "_verticalLines": 15.0,
    "_radius": 0.06503357738256455,
    "_petalColour": {
        "r": 0.8262524604797363,
        "g": 0.04197704792022705,
        "b": 0.7438375949859619,
        "a": 1.0
    },
    "_cylinderVertexCount": 13.0,
    "_stemRadius": 0.015931326895952226,
    "_leafCount": 8.0,
    "_edgeRingCount": 10.0,
    "startPos": {
        "x": 0.0,
        "y": 0.0,
        "z": 0.0
    },
    "tangent1": {
        "x": -0.14781002700328828,
        "y": 0.18260784447193147,
        "z": 0.028874922543764116
    },
    "tangent2": {
        "x": -0.3203504979610443,
        "y": 0.9936885833740234,
        "z": 0.28871217370033266
    },
    "endPos": {
        "x": 0.05998823046684265,
        "y": 4.0,
        "z": -0.13261264562606812
    }
}