{
    "_horizontalLines": 19.0,
    "_verticalLines": 17.0,
    "_radius": 0.03976486250758171,
    "_petalColour": {
        "r": 0.40759342908859255,
        "g": 0.2729417681694031,
        "b": 0.37486976385116579,
        "a": 1.0
    },
    "_cylinderVertexCount": 9.0,
    "_stemRadius": 0.010373478755354882,
    "_leafCount": 8.0,
    "_edgeRingCount": 4.0,
    "startPos": {
        "x": 0.0,
        "y": 0.0,
        "z": 0.0
    },
    "tangent1": {
        "x": 0.3897519111633301,
        "y": 0.2626306414604187,
        "z": 0.41708868741989138
    },
    "tangent2": {
        "x": 0.5212284326553345,
        "y": 0.8678466081619263,
        "z": 0.20260252058506013
    },
    "endPos": {
        "x": -0.06189107894897461,
        "y": 4.0,
        "z": -0.04834188520908356
    }
}