{
    "_horizontalLines": 18.0,
    "_verticalLines": 19.0,
    "_radius": 0.0709078460931778,
    "_petalColour": {
        "r": 0.9417582750320435,
        "g": 0.045310258865356448,
        "b": 0.5619189143180847,
        "a": 1.0
    },
    "_cylinderVertexCount": 11.0,
    "_stemRadius": 0.05995957553386688,
    "_leafCount": 8.0,
    "_edgeRingCount": 25.0,
    "startPos": {
        "x": 0.0,
        "y": 0.0,
        "z": 0.0
    },
    "tangent1": {
        "x": 0.36301591992378237,
        "y": 0.44285982847213747,
        "z": -0.016755390912294389
    },
    "tangent2": {
        "x": 0.39634689688682558,
        "y": 1.1147054433822632,
        "z": -0.06444430351257324
    },
    "endPos": {
        "x": 0.4496198892593384,
        "y": 4.0,
        "z": -0.04969479888677597
    }
}