{
    "_horizontalLines": 16.0,
    "_verticalLines": 15.0,
    "_radius": 0.11504960805177689,
    "_petalColour": {
        "r": 0.8056529760360718,
        "g": 0.23074877262115479,
        "b": 0.34366708993911745,
        "a": 1.0
    },
    "_cylinderVertexCount": 14.0,
    "_stemRadius": 0.09603369981050492,
    "_leafCount": 8.0,
    "_edgeRingCount": 63.0,
    "startPos": {
        "x": 0.0,
        "y": 0.0,
        "z": 0.0
    },
    "tangent1": {
        "x": 0.4089469015598297,
        "y": 0.6337398290634155,
        "z": -0.2805119454860687
    },
    "tangent2": {
        "x": 0.6416114568710327,
        "y": 1.5328611135482789,
        "z": 0.006137162446975708
    },
    "endPos": {
        "x": 0.0339503288269043,
        "y": 4.0,
        "z": -0.01668303646147251
    }
}