{
    "_horizontalLines": 19.0,
    "_verticalLines": 18.0,
    "_radius": 0.03143150731921196,
    "_petalColour": {
        "r": 0.3475061058998108,
        "g": 0.8963842391967773,
        "b": 0.9654005765914917,
        "a": 1.0
    },
    "_cylinderVertexCount": 6.0,
    "_stemRadius": 0.022043677046895028,
    "_leafCount": 8.0,
    "_edgeRingCount": 34.0,
    "startPos": {
        "x": 0.0,
        "y": 0.0,
        "z": 0.0
    },
    "tangent1": {
        "x": 0.10471586883068085,
        "y": 1.061643123626709,
        "z": 0.13668334484100343
    },
    "tangent2": {
        "x": 0.04495834931731224,
        "y": 3.0452394485473635,
        "z": 0.2138780802488327
    },
    "endPos": {
        "x": -0.7328295111656189,
        "y": 5.988705635070801,
        "z": 0.3771744668483734
    }
}