{
    "_horizontalLines": 16.0,
    "_verticalLines": 17.0,
    "_radius": 0.09337961673736572,
    "_petalColour": {
        "r": 0.30015426874160769,
        "g": 0.3421974778175354,
        "b": 0.9959121942520142,
        "a": 1.0
    },
    "_cylinderVertexCount": 5.0,
    "_stemRadius": 0.07404356449842453,
    "_leafCount": 8.0,
    "_edgeRingCount": 24.0,
    "startPos": {
        "x": 0.0,
        "y": 0.0,
        "z": 0.0
    },
    "tangent1": {
        "x": -0.003665971802547574,
        "y": 1.5700244903564454,
        "z": -0.4410109519958496
    },
    "tangent2": {
        "x": -0.45124775171279909,
        "y": 3.2976722717285158,
        "z": -0.7657318115234375
    },
    "endPos": {
        "x": 0.18713504076004029,
        "y": 4.19350528717041,
        "z": -1.4910497665405274
    }
}