{
    "_horizontalLines": 17.0,
    "_verticalLines": 17.0,
    "_radius": 0.0690261572599411,
    "_petalColour": {
        "r": 0.40929359197616579,
        "g": 0.5310718417167664,
        "b": 0.4561395049095154,
        "a": 1.0
    },
    "_cylinderVertexCount": 14.0,
    "_stemRadius": 0.02429581992328167,
    "_leafCount": 8.0,
    "_edgeRingCount": 20.0,
    "startPos": {
        "x": 0.0,
        "y": 0.0,
        "z": 0.0
    },
    "tangent1": {
        "x": 0.049134302884340289,
        "y": 0.9209964871406555,
        "z": 0.12221451103687287
    },
    "tangent2": {
        "x": -0.031324293464422229,
        "y": 2.6154067516326906,
        "z": 0.3309862017631531
    },
    "endPos": {
        "x": 0.7841047644615173,
        "y": 5.705920696258545,
        "z": 0.026263266801834108
    }
}