{
    "_horizontalLines": 16.0,
    "_verticalLines": 17.0,
    "_radius": 0.03796977922320366,
    "_petalColour": {
        "r": 0.10763180255889893,
        "g": 0.15512382984161378,
        "b": 0.0488811731338501,
        "a": 1.0
    },
    "_cylinderVertexCount": 14.0,
    "_stemRadius": 0.014421309344470501,
    "_leafCount": 8.0,
    "_edgeRingCount": 15.0,
    "startPos": {
        "x": 0.0,
        "y": 0.0,
        "z": 0.0
    },
    "tangent1": {
        "x": -0.3296358287334442,
        "y": 1.2302024364471436,
        "z": 0.14923104643821717
    },
    "tangent2": {
        "x": -0.3683524429798126,
        "y": 2.048330307006836,
        "z": 0.23956526815891267
    },
    "endPos": {
        "x": 0.268672913312912,
        "y": 5.50065803527832,
        "z": -0.047113195061683658
    }
}