{
    "_horizontalLines": 19.0,
    "_verticalLines": 15.0,
    "_radius": 0.07855833321809769,
    "_petalColour": {
        "r": 0.07590436935424805,
        "g": 0.7952884435653687,
        "b": 0.08220934867858887,
        "a": 1.0
    },
    "_cylinderVertexCount": 10.0,
    "_stemRadius": 0.06276986747980118,
    "_leafCount": 8.0,
    "_edgeRingCount": 17.0,
    "startPos": {
        "x": 0.0,
        "y": 0.0,
        "z": 0.0
    },
    "tangent1": {
        "x": 0.011335325427353382,
        "y": 0.44308871030807497,
        "z": 0.05690484121441841
    },
    "tangent2": {
        "x": 0.1157025396823883,
        "y": 1.753659963607788,
        "z": 0.500779926776886
    },
    "endPos": {
        "x": -0.19410479068756104,
        "y": 4.0,
        "z": -0.2618107795715332
    }
}