{
    "_horizontalLines": 19.0,
    "_verticalLines": 19.0,
    "_radius": 0.11605187505483628,
    "_petalColour": {
        "r": 0.1335827112197876,
        "g": 0.8731197118759155,
        "b": 0.648611307144165,
        "a": 1.0
    },
    "_cylinderVertexCount": 9.0,
    "_stemRadius": 0.09529982507228852,
    "_leafCount": 8.0,
    "_edgeRingCount": 57.0,
    "startPos": {
        "x": 0.0,
        "y": 0.0,
        "z": 0.0
    },
    "tangent1": {
        "x": -0.2025403529405594,
        "y": 0.028548430651426317,
        "z": 0.008664893917739392
    },
    "tangent2": {
        "x": 0.1336306780576706,
        "y": 1.8568912744522095,
        "z": -0.33928993344306948
    },
    "endPos": {
        "x": 0.09429557621479035,
        "y": 4.0,
        "z": -0.3763010501861572
    }
}