{
    "_horizontalLines": 18.0,
    "_verticalLines": 19.0,
    "_radius": 0.08700419962406159,
    "_petalColour": {
        "r": 0.18274319171905518,
        "g": 0.028926610946655275,
        "b": 0.3935454487800598,
        "a": 1.0
    },
    "_cylinderVertexCount": 9.0,
    "_stemRadius": 0.07283779978752136,
    "_leafCount": 8.0,
    "_edgeRingCount": 51.0,
    "startPos": {
        "x": 0.0,
        "y": 0.0,
        "z": 0.0
    },
    "tangent1": {
        "x": -0.4618026614189148,
        "y": 0.7157766222953796,
        "z": -0.45472660660743716
    },
    "tangent2": {
        "x": -0.6522403955459595,
        "y": 2.081547975540161,
        "z": -0.17362672090530396
    },
    "endPos": {
        "x": -0.29282087087631228,
        "y": 4.790149688720703,
        "z": 0.6500473022460938
    }
}