{
    "_horizontalLines": 19.0,
    "_verticalLines": 17.0,
    "_radius": 0.14330260455608369,
    "_petalColour": {
        "r": 0.4305879473686218,
        "g": 0.39366108179092409,
        "b": 0.9893227815628052,
        "a": 1.0
    },
    "_cylinderVertexCount": 6.0,
    "_stemRadius": 0.12730582058429719,
    "_leafCount": 8.0,
    "_edgeRingCount": 28.0,
    "startPos": {
        "x": 0.0,
        "y": 0.0,
        "z": 0.0
    },
    "tangent1": {
        "x": -0.36465129256248476,
        "y": 1.2611418962478638,
        "z": -0.3544393479824066
    },
    "tangent2": {
        "x": -0.7639646530151367,
        "y": 3.073136329650879,
        "z": -0.5719517469406128
    },
    "endPos": {
        "x": -0.6713464856147766,
        "y": 4.4240570068359379,
        "z": -0.9640605449676514
    }
}