{
    "_horizontalLines": 18.0,
    "_verticalLines": 19.0,
    "_radius": 0.07681693881750107,
    "_petalColour": {
        "r": 0.1338334083557129,
        "g": 0.03636348247528076,
        "b": 0.4434589743614197,
        "a": 1.0
    },
    "_cylinderVertexCount": 7.0,
    "_stemRadius": 0.06841640174388886,
    "_leafCount": 8.0,
    "_edgeRingCount": 4.0,
    "startPos": {
        "x": 0.0,
        "y": 0.0,
        "z": 0.0
    },
    "tangent1": {
        "x": -0.04071850702166557,
        "y": 0.3500736355781555,
        "z": -0.3927750587463379
    },
    "tangent2": {
        "x": 0.28930822014808657,
        "y": 1.3002612590789796,
        "z": -0.46729451417922976
    },
    "endPos": {
        "x": 0.16575433313846589,
        "y": 4.427556991577148,
        "z": -0.7102052569389343
    }
}