{
    "_horizontalLines": 17.0,
    "_verticalLines": 15.0,
    "_radius": 0.05134468525648117,
    "_petalColour": {
        "r": 0.531539261341095,
        "g": 0.056231141090393069,
        "b": 0.7017552852630615,
        "a": 1.0
    },
    "_cylinderVertexCount": 14.0,
    "_stemRadius": 0.019297117367386819,
    "_leafCount": 8.0,
    "_edgeRingCount": 25.0,
    "startPos": {
        "x": 0.0,
        "y": 0.0,
        "z": 0.0
    },
    "tangent1": {
        "x": 0.18926820158958436,
        "y": 0.31309813261032107,
        "z": -0.09635238349437714
    },
    "tangent2": {
        "x": -0.19298428297042848,
        "y": 1.8703391551971436,
        "z": -0.2606893479824066
    },
    "endPos": {
        "x": 0.025720730423927308,
        "y": 4.0,
        "z": -0.7602892518043518
    }
}