{
    "_horizontalLines": 15.0,
    "_verticalLines": 19.0,
    "_radius": 0.12464060634374619,
    "_petalColour": {
        "r": 0.05662870407104492,
        "g": 0.574049174785614,
        "b": 0.2724840044975281,
        "a": 1.0
    },
    "_cylinderVertexCount": 12.0,
    "_stemRadius": 0.07721800357103348,
    "_leafCount": 8.0,
    "_edgeRingCount": 30.0,
    "startPos": {
        "x": 0.0,
        "y": 0.0,
        "z": 0.0
    },
    "tangent1": {
        "x": -0.2534574568271637,
        "y": 1.0484908819198609,
        "z": 0.1636664718389511
    },
    "tangent2": {
        "x": -0.33716410398483279,
        "y": 2.489513874053955,
        "z": 0.33087044954299929
    },
    "endPos": {
        "x": -0.3102401793003082,
        "y": 4.429488182067871,
        "z": 0.7596486210823059
    }
}