{
    "_horizontalLines": 15.0,
    "_verticalLines": 16.0,
    "_radius": 0.058528874069452289,
    "_petalColour": {
        "r": 0.402405321598053,
        "g": 0.7558966875076294,
        "b": 0.6137248873710632,
        "a": 1.0
    },
    "_cylinderVertexCount": 7.0,
    "_stemRadius": 0.010588562116026879,
    "_leafCount": 8.0,
    "_edgeRingCount": 53.0,
    "startPos": {
        "x": 0.0,
        "y": 0.0,
        "z": 0.0
    },
    "tangent1": {
        "x": 0.21835049986839295,
        "y": 1.2497954368591309,
        "z": -0.05728120729327202
    },
    "tangent2": {
        "x": 0.2712130844593048,
        "y": 2.5574326515197756,
        "z": -0.11383414268493653
    },
    "endPos": {
        "x": -0.4730382263660431,
        "y": 5.4678730964660648,
        "z": 0.28390026092529299
    }
}