{
    "_horizontalLines": 17.0,
    "_verticalLines": 15.0,
    "_radius": 0.07866918295621872,
    "_petalColour": {
        "r": 0.2872108817100525,
        "g": 0.898628830909729,
        "b": 0.6963555812835693,
        "a": 1.0
    },
    "_cylinderVertexCount": 12.0,
    "_stemRadius": 0.06629998236894608,
    "_leafCount": 8.0,
    "_edgeRingCount": 5.0,
    "startPos": {
        "x": 0.0,
        "y": 0.0,
        "z": 0.0
    },
    "tangent1": {
        "x": -0.11502222716808319,
        "y": 1.5840225219726563,
        "z": -0.33069467544555666
    },
    "tangent2": {
        "x": -0.335094690322876,
        "y": 1.8626153469085694,
        "z": -0.4188825488090515
    },
    "endPos": {
        "x": 0.20084315538406373,
        "y": 4.772883415222168,
        "z": -0.24630315601825715
    }
}