{
    "_horizontalLines": 17.0,
    "_verticalLines": 15.0,
    "_radius": 0.08884894102811814,
    "_petalColour": {
        "r": 0.9112634658813477,
        "g": 0.8821699619293213,
        "b": 0.12338197231292725,
        "a": 1.0
    },
    "_cylinderVertexCount": 14.0,
    "_stemRadius": 0.06279914826154709,
    "_leafCount": 8.0,
    "_edgeRingCount": 31.0,
    "startPos": {
        "x": 0.0,
        "y": 0.0,
        "z": 0.0
    },
    "tangent1": {
        "x": 0.1827089637517929,
        "y": 1.0050325393676758,
        "z": 0.2548103332519531
    },
    "tangent2": {
        "x": 0.30309155583381655,
        "y": 1.1099703311920167,
        "z": 0.20489712059497834
    },
    "endPos": {
        "x": -0.2719326317310333,
        "y": 4.0,
        "z": -0.18520577251911164
    }
}