{
    "_horizontalLines": 18.0,
    "_verticalLines": 19.0,
    "_radius": 0.08108481019735336,
    "_petalColour": {
        "r": 0.1761021614074707,
        "g": 0.5462581515312195,
        "b": 0.301460325717926,
        "a": 1.0
    },
    "_cylinderVertexCount": 9.0,
    "_stemRadius": 0.057747386395931247,
    "_leafCount": 8.0,
    "_edgeRingCount": 24.0,
    "startPos": {
        "x": 0.0,
        "y": 0.0,
        "z": 0.0
    },
    "tangent1": {
        "x": 0.17595766484737397,
        "y": 0.3175126910209656,
        "z": 0.14668118953704835
    },
    "tangent2": {
        "x": 0.4510263204574585,
        "y": 1.0194417238235474,
        "z": 0.07899315655231476
    },
    "endPos": {
        "x": 1.072307825088501,
        "y": 4.0,
        "z": -0.2828766703605652
    }
}