{
    "_horizontalLines": 15.0,
    "_verticalLines": 16.0,
    "_radius": 0.1587536334991455,
    "_petalColour": {
        "r": 0.16232550144195558,
        "g": 0.09058785438537598,
        "b": 0.492481529712677,
        "a": 1.0
    },
    "_cylinderVertexCount": 10.0,
    "_stemRadius": 0.11893879622220993,
    "_leafCount": 8.0,
    "_edgeRingCount": 25.0,
    "startPos": {
        "x": 0.0,
        "y": 0.0,
        "z": 0.0
    },
    "tangent1": {
        "x": -0.0824308842420578,
        "y": 0.4239509701728821,
        "z": -0.3252769410610199
    },
    "tangent2": {
        "x": -0.4602275490760803,
        "y": 2.117802858352661,
        "z": -0.1102813184261322
    },
    "endPos": {
        "x": -0.9363926649093628,
        "y": 4.0,
        "z": 0.5724668502807617
    }
}