{
    "_horizontalLines": 19.0,
    "_verticalLines": 19.0,
    "_radius": 0.08382844179868698,
    "_petalColour": {
        "r": 0.9294617176055908,
        "g": 0.8574843406677246,
        "b": 0.4313480257987976,
        "a": 1.0
    },
    "_cylinderVertexCount": 14.0,
    "_stemRadius": 0.0397488996386528,
    "_leafCount": 8.0,
    "_edgeRingCount": 52.0,
    "startPos": {
        "x": 0.0,
        "y": 0.0,
        "z": 0.0
    },
    "tangent1": {
        "x": 0.020294856280088426,
        "y": 1.5865005254745484,
        "z": 0.45551395416259768
    },
    "tangent2": {
        "x": -0.46643468737602236,
        "y": 2.676713466644287,
        "z": 0.06436994671821594
    },
    "endPos": {
        "x": 0.21883335709571839,
        "y": 5.936705589294434,
        "z": 0.6698249578475952
    }
}