{
    "_horizontalLines": 17.0,
    "_verticalLines": 19.0,
    "_radius": 0.1236795112490654,
    "_petalColour": {
        "r": 0.21795904636383058,
        "g": 0.2345026731491089,
        "b": 0.46823710203170779,
        "a": 1.0
    },
    "_cylinderVertexCount": 14.0,
    "_stemRadius": 0.07729945331811905,
    "_leafCount": 8.0,
    "_edgeRingCount": 57.0,
    "startPos": {
        "x": 0.0,
        "y": 0.0,
        "z": 0.0
    },
    "tangent1": {
        "x": 0.09888763725757599,
        "y": 0.39510613679885867,
        "z": -0.25994133949279787
    },
    "tangent2": {
        "x": 0.3282772898674011,
        "y": 1.6026670932769776,
        "z": -0.48792046308517458
    },
    "endPos": {
        "x": 0.05233713984489441,
        "y": 4.2719221115112309,
        "z": -0.5162250399589539
    }
}