{
    "_horizontalLines": 17.0,
    "_verticalLines": 16.0,
    "_radius": 0.032303500920534137,
    "_petalColour": {
        "r": 0.5095649361610413,
        "g": 0.6337912082672119,
        "b": 0.3809606432914734,
        "a": 1.0
    },
    "_cylinderVertexCount": 11.0,
    "_stemRadius": 0.006891322322189808,
    "_leafCount": 8.0,
    "_edgeRingCount": 25.0,
    "startPos": {
        "x": 0.0,
        "y": 0.0,
        "z": 0.0
    },
    "tangent1": {
        "x": -0.29444465041160586,
        "y": 0.1409885436296463,
        "z": 0.16141198575496674
    },
    "tangent2": {
        "x": -0.04106113314628601,
        "y": 0.14563408493995667,
        "z": 0.37065696716308596
    },
    "endPos": {
        "x": -0.3511279821395874,
        "y": 4.0,
        "z": -0.36226117610931399
    }
}