{
    "_horizontalLines": 15.0,
    "_verticalLines": 18.0,
    "_radius": 0.0979326143860817,
    "_petalColour": {
        "r": 0.8861243724822998,
        "g": 0.878881573677063,
        "b": 0.26304417848587038,
        "a": 1.0
    },
    "_cylinderVertexCount": 6.0,
    "_stemRadius": 0.06141947954893112,
    "_leafCount": 8.0,
    "_edgeRingCount": 19.0,
    "startPos": {
        "x": 0.0,
        "y": 0.0,
        "z": 0.0
    },
    "tangent1": {
        "x": -0.3691653311252594,
        "y": 0.536389172077179,
        "z": 0.3182748556137085
    },
    "tangent2": {
        "x": -0.30162346363067629,
        "y": 1.930570363998413,
        "z": 0.5768628120422363
    },
    "endPos": {
        "x": -0.46627920866012576,
        "y": 4.088291168212891,
        "z": 0.5169845819473267
    }
}