{
    "_horizontalLines": 17.0,
    "_verticalLines": 19.0,
    "_radius": 0.11482346057891846,
    "_petalColour": {
        "r": 0.4674350619316101,
        "g": 0.9151617288589478,
        "b": 0.08474481105804444,
        "a": 1.0
    },
    "_cylinderVertexCount": 6.0,
    "_stemRadius": 0.11151497811079025,
    "_leafCount": 8.0,
    "_edgeRingCount": 44.0,
    "startPos": {
        "x": 0.0,
        "y": 0.0,
        "z": 0.0
    },
    "tangent1": {
        "x": 0.24186646938323975,
        "y": 0.2097785919904709,
        "z": -0.0015910149086266757
    },
    "tangent2": {
        "x": 0.6270520687103272,
        "y": 1.4303847551345826,
        "z": -0.23321270942687989
    },
    "endPos": {
        "x": 0.19729039072990418,
        "y": 4.0,
        "z": 0.4294513463973999
    }
}