{
    "_horizontalLines": 18.0,
    "_verticalLines": 15.0,
    "_radius": 0.07014331966638565,
    "_petalColour": {
        "r": 0.6745433807373047,
        "g": 0.6481510400772095,
        "b": 0.4072607159614563,
        "a": 1.0
    },
    "_cylinderVertexCount": 6.0,
    "_stemRadius": 0.06378217041492462,
    "_leafCount": 8.0,
    "_edgeRingCount": 44.0,
    "startPos": {
        "x": 0.0,
        "y": 0.0,
        "z": 0.0
    },
    "tangent1": {
        "x": -0.08841343224048615,
        "y": 1.8259611129760743,
        "z": 0.2920053005218506
    },
    "tangent2": {
        "x": -0.18268537521362306,
        "y": 3.417996883392334,
        "z": 0.49696314334869387
    },
    "endPos": {
        "x": -0.21229729056358338,
        "y": 4.0,
        "z": -0.15995758771896363
    }
}