{
    "_horizontalLines": 15.0,
    "_verticalLines": 17.0,
    "_radius": 0.05606820434331894,
    "_petalColour": {
        "r": 0.5750901103019714,
        "g": 0.37904638051986697,
        "b": 0.19276511669158936,
        "a": 1.0
    },
    "_cylinderVertexCount": 7.0,
    "_stemRadius": 0.03375718742609024,
    "_leafCount": 8.0,
    "_edgeRingCount": 39.0,
    "startPos": {
        "x": 0.0,
        "y": 0.0,
        "z": 0.0
    },
    "tangent1": {
        "x": -0.36671677231788638,
        "y": 1.5938186645507813,
        "z": 0.3428651988506317
    },
    "tangent2": {
        "x": -0.5413252711296082,
        "y": 2.070836305618286,
        "z": 0.21526972949504853
    },
    "endPos": {
        "x": -0.5050970315933228,
        "y": 4.502180099487305,
        "z": 0.012897849082946778
    }
}