{
    "_horizontalLines": 17.0,
    "_verticalLines": 19.0,
    "_radius": 0.05159759521484375,
    "_petalColour": {
        "r": 0.723023533821106,
        "g": 0.9205117225646973,
        "b": 0.5284560322761536,
        "a": 1.0
    },
    "_cylinderVertexCount": 5.0,
    "_stemRadius": 0.04673583060503006,
    "_leafCount": 8.0,
    "_edgeRingCount": 40.0,
    "startPos": {
        "x": 0.0,
        "y": 0.0,
        "z": 0.0
    },
    "tangent1": {
        "x": 0.0027887343894690277,
        "y": 0.36246031522750857,
        "z": -0.02310805395245552
    },
    "tangent2": {
        "x": -0.25371381640434267,
        "y": 0.5792474746704102,
        "z": 0.06485643982887268
    },
    "endPos": {
        "x": 0.09487158060073853,
        "y": 4.0,
        "z": -0.3118685483932495
    }
}