{
    "_horizontalLines": 19.0,
    "_verticalLines": 18.0,
    "_radius": 0.1225895956158638,
    "_petalColour": {
        "r": 0.834505558013916,
        "g": 0.19267559051513673,
        "b": 0.030871033668518068,
        "a": 1.0
    },
    "_cylinderVertexCount": 10.0,
    "_stemRadius": 0.07427164167165756,
    "_leafCount": 8.0,
    "_edgeRingCount": 31.0,
    "startPos": {
        "x": 0.0,
        "y": 0.0,
        "z": 0.0
    },
    "tangent1": {
        "x": -0.1774461716413498,
        "y": 0.8897008895874023,
        "z": -0.4201604723930359
    },
    "tangent2": {
        "x": -0.35448741912841799,
        "y": 1.810609221458435,
        "z": -0.10397854447364807
    },
    "endPos": {
        "x": -0.13652314245700837,
        "y": 4.0,
        "z": 0.6797266006469727
    }
}