{
    "_horizontalLines": 17.0,
    "_verticalLines": 17.0,
    "_radius": 0.02244727872312069,
    "_petalColour": {
        "r": 0.4898630976676941,
        "g": 0.732282280921936,
        "b": 0.5375117659568787,
        "a": 1.0
    },
    "_cylinderVertexCount": 14.0,
    "_stemRadius": 0.014037750661373139,
    "_leafCount": 8.0,
    "_edgeRingCount": 47.0,
    "startPos": {
        "x": 0.0,
        "y": 0.0,
        "z": 0.0
    },
    "tangent1": {
        "x": 0.24351748824119569,
        "y": 1.161354422569275,
        "z": -0.36623963713645937
    },
    "tangent2": {
        "x": 0.055183544754981998,
        "y": 2.502556562423706,
        "z": -0.062010377645492557
    },
    "endPos": {
        "x": -0.3556051254272461,
        "y": 4.3032684326171879,
        "z": -0.18918876349925996
    }
}