{
    "_horizontalLines": 18.0,
    "_verticalLines": 16.0,
    "_radius": 0.05164794996380806,
    "_petalColour": {
        "r": 0.8095203638076782,
        "g": 0.9280622005462647,
        "b": 0.6808303594589233,
        "a": 1.0
    },
    "_cylinderVertexCount": 11.0,
    "_stemRadius": 0.01364696491509676,
    "_leafCount": 8.0,
    "_edgeRingCount": 17.0,
    "startPos": {
        "x": 0.0,
        "y": 0.0,
        "z": 0.0
    },
    "tangent1": {
        "x": 0.4233825206756592,
        "y": 1.9065765142440797,
        "z": 0.37349116802215578
    },
    "tangent2": {
        "x": 0.192454531788826,
        "y": 2.800793409347534,
        "z": 0.8158204555511475
    },
    "endPos": {
        "x": 0.010181993246078492,
        "y": 5.648765563964844,
        "z": 1.0926250219345093
    }
}