{
    "_horizontalLines": 19.0,
    "_verticalLines": 18.0,
    "_radius": 0.147579625248909,
    "_petalColour": {
        "r": 0.011265993118286133,
        "g": 0.24527227878570558,
        "b": 0.23683691024780274,
        "a": 1.0
    },
    "_cylinderVertexCount": 7.0,
    "_stemRadius": 0.09819291532039643,
    "_leafCount": 8.0,
    "_edgeRingCount": 7.0,
    "startPos": {
        "x": 0.0,
        "y": 0.0,
        "z": 0.0
    },
    "tangent1": {
        "x": 0.3943289518356323,
        "y": 0.2262403517961502,
        "z": -0.30546608567237856
    },
    "tangent2": {
        "x": 0.1093062162399292,
        "y": 0.3920558989048004,
        "z": -0.49864208698272707
    },
    "endPos": {
        "x": -0.08966980874538422,
        "y": 4.0,
        "z": -0.7400769591331482
    }
}