{
    "_horizontalLines": 19.0,
    "_verticalLines": 17.0,
    "_radius": 0.11714057624340058,
    "_petalColour": {
        "r": 0.4122158885002136,
        "g": 0.3398677706718445,
        "b": 0.8569358587265015,
        "a": 1.0
    },
    "_cylinderVertexCount": 6.0,
    "_stemRadius": 0.09563364833593369,
    "_leafCount": 8.0,
    "_edgeRingCount": 35.0,
    "startPos": {
        "x": 0.0,
        "y": 0.0,
        "z": 0.0
    },
    "tangent1": {
        "x": -0.4235106408596039,
        "y": 0.47363072633743288,
        "z": -0.06340818107128144
    },
    "tangent2": {
        "x": -0.2543078660964966,
        "y": 1.2573564052581788,
        "z": -0.46510541439056399
    },
    "endPos": {
        "x": -0.7240753769874573,
        "y": 4.0,
        "z": -0.42178967595100405
    }
}