{
    "_horizontalLines": 18.0,
    "_verticalLines": 17.0,
    "_radius": 0.08511950075626373,
    "_petalColour": {
        "r": 0.7601830959320068,
        "g": 0.18853700160980225,
        "b": 0.4649156928062439,
        "a": 1.0
    },
    "_cylinderVertexCount": 6.0,
    "_stemRadius": 0.08483334630727768,
    "_leafCount": 8.0,
    "_edgeRingCount": 11.0,
    "startPos": {
        "x": 0.0,
        "y": 0.0,
        "z": 0.0
    },
    "tangent1": {
        "x": 0.4806405007839203,
        "y": 1.6835105419158936,
        "z": -0.4586237967014313
    },
    "tangent2": {
        "x": 0.09395283460617066,
        "y": 2.6571402549743654,
        "z": -0.26319068670272829
    },
    "endPos": {
        "x": -0.17143091559410096,
        "y": 6.113030433654785,
        "z": -0.17201587557792664
    }
}