{
    "_horizontalLines": 15.0,
    "_verticalLines": 19.0,
    "_radius": 0.024351641535758973,
    "_petalColour": {
        "r": 0.60313481092453,
        "g": 0.04156947135925293,
        "b": 0.22825217247009278,
        "a": 1.0
    },
    "_cylinderVertexCount": 5.0,
    "_stemRadius": 0.00970835518091917,
    "_leafCount": 8.0,
    "_edgeRingCount": 57.0,
    "startPos": {
        "x": 0.0,
        "y": 0.0,
        "z": 0.0
    },
    "tangent1": {
        "x": 0.24978113174438477,
        "y": 1.6331908702850342,
        "z": 0.08666352927684784
    },
    "tangent2": {
        "x": 0.7257206439971924,
        "y": 3.5881314277648927,
        "z": 0.5779122114181519
    },
    "endPos": {
        "x": -0.1252616047859192,
        "y": 5.39991569519043,
        "z": 0.1581837236881256
    }
}