{
    "_horizontalLines": 16.0,
    "_verticalLines": 18.0,
    "_radius": 0.0845465287566185,
    "_petalColour": {
        "r": 0.3129904866218567,
        "g": 0.9245407581329346,
        "b": 0.7388134002685547,
        "a": 1.0
    },
    "_cylinderVertexCount": 8.0,
    "_stemRadius": 0.0636790469288826,
    "_leafCount": 8.0,
    "_edgeRingCount": 48.0,
    "startPos": {
        "x": 0.0,
        "y": 0.0,
        "z": 0.0
    },
    "tangent1": {
        "x": 0.07657881081104279,
        "y": 1.2959017753601075,
        "z": 0.12980353832244874
    },
    "tangent2": {
        "x": 0.4784773588180542,
        "y": 2.190448760986328,
        "z": 0.12466160953044892
    },
    "endPos": {
        "x": 0.09987923502922058,
        "y": 4.0,
        "z": 0.8346468210220337
    }
}