{
    "_horizontalLines": 17.0,
    "_verticalLines": 16.0,
    "_radius": 0.0608852244913578,
    "_petalColour": {
        "r": 0.9234189987182617,
        "g": 0.4418953061103821,
        "b": 0.8973895311355591,
        "a": 1.0
    },
    "_cylinderVertexCount": 12.0,
    "_stemRadius": 0.04072170704603195,
    "_leafCount": 8.0,
    "_edgeRingCount": 20.0,
    "startPos": {
        "x": 0.0,
        "y": 0.0,
        "z": 0.0
    },
    "tangent1": {
        "x": 0.14762458205223084,
        "y": 1.6420894861221314,
        "z": -0.0815550833940506
    },
    "tangent2": {
        "x": -0.30077895522117617,
        "y": 2.1090047359466554,
        "z": 0.2085283249616623
    },
    "endPos": {
        "x": 0.18065688014030457,
        "y": 5.4055914878845219,
        "z": -0.5195270776748657
    }
}