{
    "_horizontalLines": 17.0,
    "_verticalLines": 18.0,
    "_radius": 0.021542280912399293,
    "_petalColour": {
        "r": 0.4919227957725525,
        "g": 0.42925387620925906,
        "b": 0.08570313453674317,
        "a": 1.0
    },
    "_cylinderVertexCount": 13.0,
    "_stemRadius": 0.004106816835701466,
    "_leafCount": 8.0,
    "_edgeRingCount": 26.0,
    "startPos": {
        "x": 0.0,
        "y": 0.0,
        "z": 0.0
    },
    "tangent1": {
        "x": -0.19549445807933808,
        "y": 0.5488513708114624,
        "z": 0.34201276302337649
    },
    "tangent2": {
        "x": 0.09776361286640167,
        "y": 2.401174545288086,
        "z": 0.5295398235321045
    },
    "endPos": {
        "x": 0.2496587038040161,
        "y": 4.0,
        "z": 0.33310168981552126
    }
}