{
    "_horizontalLines": 17.0,
    "_verticalLines": 16.0,
    "_radius": 0.04292936623096466,
    "_petalColour": {
        "r": 0.26813191175460818,
        "g": 0.9596021175384522,
        "b": 0.3969634175300598,
        "a": 1.0
    },
    "_cylinderVertexCount": 6.0,
    "_stemRadius": 0.03552931174635887,
    "_leafCount": 8.0,
    "_edgeRingCount": 53.0,
    "startPos": {
        "x": 0.0,
        "y": 0.0,
        "z": 0.0
    },
    "tangent1": {
        "x": -0.326627641916275,
        "y": 0.17075081169605256,
        "z": -0.13915376365184785
    },
    "tangent2": {
        "x": 0.03672036528587341,
        "y": 1.1806553602218629,
        "z": 0.27034610509872439
    },
    "endPos": {
        "x": -0.4857763946056366,
        "y": 4.202066421508789,
        "z": 0.837726891040802
    }
}