{
    "_horizontalLines": 18.0,
    "_verticalLines": 15.0,
    "_radius": 0.06511987000703812,
    "_petalColour": {
        "r": 0.27284902334213259,
        "g": 0.30254584550857546,
        "b": 0.47002726793289187,
        "a": 1.0
    },
    "_cylinderVertexCount": 13.0,
    "_stemRadius": 0.01765311323106289,
    "_leafCount": 8.0,
    "_edgeRingCount": 38.0,
    "startPos": {
        "x": 0.0,
        "y": 0.0,
        "z": 0.0
    },
    "tangent1": {
        "x": 0.38472306728363039,
        "y": 0.9229534268379211,
        "z": 0.3850133717060089
    },
    "tangent2": {
        "x": 0.16200987994670869,
        "y": 1.951439380645752,
        "z": 0.8517640829086304
    },
    "endPos": {
        "x": 0.2733595669269562,
        "y": 4.0,
        "z": 1.4270904064178467
    }
}