{
    "_horizontalLines": 18.0,
    "_verticalLines": 18.0,
    "_radius": 0.10305741429328919,
    "_petalColour": {
        "r": 0.8546518087387085,
        "g": 0.9909498691558838,
        "b": 0.45701152086257937,
        "a": 1.0
    },
    "_cylinderVertexCount": 8.0,
    "_stemRadius": 0.07779161632061005,
    "_leafCount": 8.0,
    "_edgeRingCount": 6.0,
    "startPos": {
        "x": 0.0,
        "y": 0.0,
        "z": 0.0
    },
    "tangent1": {
        "x": 0.14918193221092225,
        "y": 1.0568199157714844,
        "z": -0.30410805344581606
    },
    "tangent2": {
        "x": 0.5046795010566711,
        "y": 1.9864044189453126,
        "z": -0.7594192624092102
    },
    "endPos": {
        "x": 0.5299733281135559,
        "y": 4.0,
        "z": -1.0040819644927979
    }
}