{
    "_horizontalLines": 16.0,
    "_verticalLines": 19.0,
    "_radius": 0.0784647986292839,
    "_petalColour": {
        "r": 0.6307976245880127,
        "g": 0.06705760955810547,
        "b": 0.5943321585655212,
        "a": 1.0
    },
    "_cylinderVertexCount": 8.0,
    "_stemRadius": 0.03960109502077103,
    "_leafCount": 8.0,
    "_edgeRingCount": 45.0,
    "startPos": {
        "x": 0.0,
        "y": 0.0,
        "z": 0.0
    },
    "tangent1": {
        "x": -0.18828244507312776,
        "y": 1.9457893371582032,
        "z": -0.05780215188860893
    },
    "tangent2": {
        "x": -0.3136107921600342,
        "y": 2.5251781940460207,
        "z": -0.1364731788635254
    },
    "endPos": {
        "x": -0.3675031363964081,
        "y": 4.51699686050415,
        "z": -0.22811421751976014
    }
}