{
    "_horizontalLines": 17.0,
    "_verticalLines": 19.0,
    "_radius": 0.04560096189379692,
    "_petalColour": {
        "r": 0.35638052225112917,
        "g": 0.7429143190383911,
        "b": 0.3400769829750061,
        "a": 1.0
    },
    "_cylinderVertexCount": 14.0,
    "_stemRadius": 0.021599363535642625,
    "_leafCount": 8.0,
    "_edgeRingCount": 55.0,
    "startPos": {
        "x": 0.0,
        "y": 0.0,
        "z": 0.0
    },
    "tangent1": {
        "x": -0.33787134289741518,
        "y": 0.9562379717826843,
        "z": 0.12242941558361054
    },
    "tangent2": {
        "x": -0.4101727604866028,
        "y": 1.4556201696395875,
        "z": 0.5086084008216858
    },
    "endPos": {
        "x": -0.6164337992668152,
        "y": 4.0,
        "z": 0.6576250195503235
    }
}