{
    "_horizontalLines": 16.0,
    "_verticalLines": 16.0,
    "_radius": 0.10173800587654114,
    "_petalColour": {
        "r": 0.46088773012161257,
        "g": 0.9736027717590332,
        "b": 0.37508195638656618,
        "a": 1.0
    },
    "_cylinderVertexCount": 11.0,
    "_stemRadius": 0.07904530316591263,
    "_leafCount": 8.0,
    "_edgeRingCount": 18.0,
    "startPos": {
        "x": 0.0,
        "y": 0.0,
        "z": 0.0
    },
    "tangent1": {
        "x": 0.34783458709716799,
        "y": 1.7808942794799805,
        "z": 0.34887513518333437
    },
    "tangent2": {
        "x": 0.36389631032943728,
        "y": 2.2651445865631105,
        "z": 0.44058096408843996
    },
    "endPos": {
        "x": -0.2053062915802002,
        "y": 5.075114727020264,
        "z": 0.3598722517490387
    }
}