{
    "_horizontalLines": 16.0,
    "_verticalLines": 17.0,
    "_radius": 0.09672664850950241,
    "_petalColour": {
        "r": 0.9084175825119019,
        "g": 0.32190972566604617,
        "b": 0.4402250647544861,
        "a": 1.0
    },
    "_cylinderVertexCount": 6.0,
    "_stemRadius": 0.08575361967086792,
    "_leafCount": 8.0,
    "_edgeRingCount": 60.0,
    "startPos": {
        "x": 0.0,
        "y": 0.0,
        "z": 0.0
    },
    "tangent1": {
        "x": 0.30840253829956057,
        "y": 0.08387871086597443,
        "z": -0.0931578129529953
    },
    "tangent2": {
        "x": 0.7801901698112488,
        "y": 0.30036067962646487,
        "z": 0.0975753664970398
    },
    "endPos": {
        "x": 1.238141655921936,
        "y": 4.0,
        "z": 0.6536396741867065
    }
}