{
    "_horizontalLines": 16.0,
    "_verticalLines": 15.0,
    "_radius": 0.05542799457907677,
    "_petalColour": {
        "r": 0.2915605902671814,
        "g": 0.2637401223182678,
        "b": 0.785597562789917,
        "a": 1.0
    },
    "_cylinderVertexCount": 7.0,
    "_stemRadius": 0.046628158539533618,
    "_leafCount": 8.0,
    "_edgeRingCount": 42.0,
    "startPos": {
        "x": 0.0,
        "y": 0.0,
        "z": 0.0
    },
    "tangent1": {
        "x": 0.22691333293914796,
        "y": 1.7636632919311524,
        "z": 0.38415849208831789
    },
    "tangent2": {
        "x": 0.7213436365127564,
        "y": 3.378570079803467,
        "z": 0.5185984373092651
    },
    "endPos": {
        "x": 0.07560956478118897,
        "y": 4.4328813552856449,
        "z": 0.7439544200897217
    }
}