{
    "_horizontalLines": 16.0,
    "_verticalLines": 15.0,
    "_radius": 0.0909229964017868,
    "_petalColour": {
        "r": 0.12164676189422608,
        "g": 0.46630924940109255,
        "b": 0.2879597544670105,
        "a": 1.0
    },
    "_cylinderVertexCount": 8.0,
    "_stemRadius": 0.0414595752954483,
    "_leafCount": 8.0,
    "_edgeRingCount": 30.0,
    "startPos": {
        "x": 0.0,
        "y": 0.0,
        "z": 0.0
    },
    "tangent1": {
        "x": -0.42587193846702578,
        "y": 1.6365325450897217,
        "z": -0.14258842170238496
    },
    "tangent2": {
        "x": -0.06902790069580078,
        "y": 2.5264363288879396,
        "z": 0.11172275245189667
    },
    "endPos": {
        "x": 0.5280388593673706,
        "y": 4.0,
        "z": 0.06834568083286286
    }
}