{
    "_horizontalLines": 18.0,
    "_verticalLines": 18.0,
    "_radius": 0.044665269553661349,
    "_petalColour": {
        "r": 0.23893868923187257,
        "g": 0.3328496813774109,
        "b": 0.572277843952179,
        "a": 1.0
    },
    "_cylinderVertexCount": 14.0,
    "_stemRadius": -0.0012077033752575517,
    "_leafCount": 8.0,
    "_edgeRingCount": 10.0,
    "startPos": {
        "x": 0.0,
        "y": 0.0,
        "z": 0.0
    },
    "tangent1": {
        "x": 0.2705861032009125,
        "y": 1.0967960357666016,
        "z": 0.3644920289516449
    },
    "tangent2": {
        "x": 0.13387645781040193,
        "y": 1.3842504024505616,
        "z": 0.4654029607772827
    },
    "endPos": {
        "x": 0.6654248237609863,
        "y": 4.0,
        "z": 0.3739965856075287
    }
}