{
    "_horizontalLines": 18.0,
    "_verticalLines": 19.0,
    "_radius": 0.06476998329162598,
    "_petalColour": {
        "r": 0.34831708669662478,
        "g": 0.17449462413787843,
        "b": 0.8631333112716675,
        "a": 1.0
    },
    "_cylinderVertexCount": 11.0,
    "_stemRadius": 0.03650987148284912,
    "_leafCount": 8.0,
    "_edgeRingCount": 55.0,
    "startPos": {
        "x": 0.0,
        "y": 0.0,
        "z": 0.0
    },
    "tangent1": {
        "x": 0.4624977111816406,
        "y": 0.05729656293988228,
        "z": 0.18355834484100343
    },
    "tangent2": {
        "x": 0.11620005965232849,
        "y": 0.9317375421524048,
        "z": 0.08051164448261261
    },
    "endPos": {
        "x": 0.5565649271011353,
        "y": 4.0,
        "z": 0.9338257312774658
    }
}