{
    "_horizontalLines": 18.0,
    "_verticalLines": 16.0,
    "_radius": 0.06698291003704071,
    "_petalColour": {
        "r": 0.06795072555541992,
        "g": 0.050295472145080569,
        "b": 0.08036088943481446,
        "a": 1.0
    },
    "_cylinderVertexCount": 7.0,
    "_stemRadius": 0.019115429371595384,
    "_leafCount": 8.0,
    "_edgeRingCount": 62.0,
    "startPos": {
        "x": 0.0,
        "y": 0.0,
        "z": 0.0
    },
    "tangent1": {
        "x": 0.3689417839050293,
        "y": 0.8237840533256531,
        "z": -0.1737082451581955
    },
    "tangent2": {
        "x": -0.028098493814468385,
        "y": 0.9325437545776367,
        "z": -0.06410837173461914
    },
    "endPos": {
        "x": 0.04728173464536667,
        "y": 4.0,
        "z": -0.36123332381248476
    }
}