{
    "_horizontalLines": 19.0,
    "_verticalLines": 19.0,
    "_radius": 0.14879494905471803,
    "_petalColour": {
        "r": 0.41435927152633669,
        "g": 0.5564653277397156,
        "b": 0.6560192108154297,
        "a": 1.0
    },
    "_cylinderVertexCount": 8.0,
    "_stemRadius": 0.12722352147102357,
    "_leafCount": 8.0,
    "_edgeRingCount": 9.0,
    "startPos": {
        "x": 0.0,
        "y": 0.0,
        "z": 0.0
    },
    "tangent1": {
        "x": -0.14548854529857636,
        "y": 0.8803092837333679,
        "z": -0.4953640103340149
    },
    "tangent2": {
        "x": -0.5356537699699402,
        "y": 2.6350860595703127,
        "z": -0.1315729320049286
    },
    "endPos": {
        "x": -0.9676855802536011,
        "y": 4.308000564575195,
        "z": 0.6476732492446899
    }
}