{
    "_horizontalLines": 16.0,
    "_verticalLines": 15.0,
    "_radius": 0.04236657917499542,
    "_petalColour": {
        "r": 0.7616642713546753,
        "g": 0.3131846785545349,
        "b": 0.21133947372436524,
        "a": 1.0
    },
    "_cylinderVertexCount": 12.0,
    "_stemRadius": 0.018051298335194589,
    "_leafCount": 8.0,
    "_edgeRingCount": 58.0,
    "startPos": {
        "x": 0.0,
        "y": 0.0,
        "z": 0.0
    },
    "tangent1": {
        "x": 0.3801223933696747,
        "y": 1.5650100708007813,
        "z": -0.17149610817432404
    },
    "tangent2": {
        "x": 0.8699032068252564,
        "y": 3.2826786041259767,
        "z": 0.2052931934595108
    },
    "endPos": {
        "x": 1.6921982765197755,
        "y": 6.300000190734863,
        "z": 0.21609650552272798
    }
}