{
    "_horizontalLines": 16.0,
    "_verticalLines": 17.0,
    "_radius": 0.0830986276268959,
    "_petalColour": {
        "r": 0.5373972058296204,
        "g": 0.803015947341919,
        "b": 0.37951773405075076,
        "a": 1.0
    },
    "_cylinderVertexCount": 7.0,
    "_stemRadius": 0.05293367803096771,
    "_leafCount": 8.0,
    "_edgeRingCount": 36.0,
    "startPos": {
        "x": 0.0,
        "y": 0.0,
        "z": 0.0
    },
    "tangent1": {
        "x": 0.3757518529891968,
        "y": 1.0527191162109376,
        "z": -0.4523897171020508
    },
    "tangent2": {
        "x": 0.679241418838501,
        "y": 1.4144747257232667,
        "z": -0.9279329180717468
    },
    "endPos": {
        "x": 0.28613194823265078,
        "y": 4.0,
        "z": -1.2850606441497803
    }
}