{
    "_horizontalLines": 16.0,
    "_verticalLines": 18.0,
    "_radius": 0.1419142484664917,
    "_petalColour": {
        "r": 0.16792702674865724,
        "g": 0.040770769119262698,
        "b": 0.6629354953765869,
        "a": 1.0
    },
    "_cylinderVertexCount": 8.0,
    "_stemRadius": 0.12642881274223329,
    "_leafCount": 8.0,
    "_edgeRingCount": 50.0,
    "startPos": {
        "x": 0.0,
        "y": 0.0,
        "z": 0.0
    },
    "tangent1": {
        "x": -0.1222648173570633,
        "y": 1.9967552423477173,
        "z": -0.12895651161670686
    },
    "tangent2": {
        "x": 0.359225869178772,
        "y": 3.323218584060669,
        "z": 0.13621453940868379
    },
    "endPos": {
        "x": 0.27187082171440127,
        "y": 4.952430248260498,
        "z": 0.6041639447212219
    }
}