{
    "_horizontalLines": 18.0,
    "_verticalLines": 18.0,
    "_radius": 0.10013958811759949,
    "_petalColour": {
        "r": 0.9224976301193237,
        "g": 0.8501185178756714,
        "b": 0.08991897106170654,
        "a": 1.0
    },
    "_cylinderVertexCount": 11.0,
    "_stemRadius": 0.06966248154640198,
    "_leafCount": 8.0,
    "_edgeRingCount": 42.0,
    "startPos": {
        "x": 0.0,
        "y": 0.0,
        "z": 0.0
    },
    "tangent1": {
        "x": -0.498654842376709,
        "y": 1.3388900756835938,
        "z": 0.006476926617324352
    },
    "tangent2": {
        "x": -0.7330219149589539,
        "y": 2.7475390434265138,
        "z": 0.029753684997558595
    },
    "endPos": {
        "x": -1.3528332710266114,
        "y": 4.858518600463867,
        "z": -0.5535981059074402
    }
}