{
    "_horizontalLines": 17.0,
    "_verticalLines": 19.0,
    "_radius": 0.07929627597332001,
    "_petalColour": {
        "r": 0.5195159316062927,
        "g": 0.5353798270225525,
        "b": 0.7012723684310913,
        "a": 1.0
    },
    "_cylinderVertexCount": 13.0,
    "_stemRadius": 0.07643940299749375,
    "_leafCount": 8.0,
    "_edgeRingCount": 16.0,
    "startPos": {
        "x": 0.0,
        "y": 0.0,
        "z": 0.0
    },
    "tangent1": {
        "x": 0.42064037919044497,
        "y": 0.39278143644332888,
        "z": -0.13372497260570527
    },
    "tangent2": {
        "x": 0.20637069642543794,
        "y": 0.603329062461853,
        "z": 0.02843816578388214
    },
    "endPos": {
        "x": -0.5282230377197266,
        "y": 4.0,
        "z": -0.37543153762817385
    }
}