{
    "_horizontalLines": 17.0,
    "_verticalLines": 18.0,
    "_radius": 0.14386026561260224,
    "_petalColour": {
        "r": 0.5606555342674255,
        "g": 0.12686598300933839,
        "b": 0.8761987686157227,
        "a": 1.0
    },
    "_cylinderVertexCount": 7.0,
    "_stemRadius": 0.09815561771392822,
    "_leafCount": 8.0,
    "_edgeRingCount": 27.0,
    "startPos": {
        "x": 0.0,
        "y": 0.0,
        "z": 0.0
    },
    "tangent1": {
        "x": 0.24790096282958985,
        "y": 1.3055496215820313,
        "z": 0.4594275951385498
    },
    "tangent2": {
        "x": 0.12662391364574433,
        "y": 2.307497501373291,
        "z": 0.8075940608978272
    },
    "endPos": {
        "x": -0.19608406722545625,
        "y": 5.043564796447754,
        "z": 0.3376235067844391
    }
}