{
    "_horizontalLines": 17.0,
    "_verticalLines": 17.0,
    "_radius": 0.10739657282829285,
    "_petalColour": {
        "r": 0.5292360186576843,
        "g": 0.9099873304367065,
        "b": 0.11640036106109619,
        "a": 1.0
    },
    "_cylinderVertexCount": 10.0,
    "_stemRadius": 0.06701944023370743,
    "_leafCount": 8.0,
    "_edgeRingCount": 28.0,
    "startPos": {
        "x": 0.0,
        "y": 0.0,
        "z": 0.0
    },
    "tangent1": {
        "x": 0.1761762946844101,
        "y": 1.1579780578613282,
        "z": -0.329496294260025
    },
    "tangent2": {
        "x": 0.18890836834907533,
        "y": 2.389554023742676,
        "z": -0.7617411613464356
    },
    "endPos": {
        "x": -0.09874182939529419,
        "y": 4.0,
        "z": -0.15428048372268678
    }
}