{
    "_horizontalLines": 15.0,
    "_verticalLines": 15.0,
    "_radius": 0.07030379772186279,
    "_petalColour": {
        "r": 0.9700049161911011,
        "g": 0.245652437210083,
        "b": 0.9777098894119263,
        "a": 1.0
    },
    "_cylinderVertexCount": 13.0,
    "_stemRadius": 0.06798987090587616,
    "_leafCount": 8.0,
    "_edgeRingCount": 60.0,
    "startPos": {
        "x": 0.0,
        "y": 0.0,
        "z": 0.0
    },
    "tangent1": {
        "x": 0.10304160416126251,
        "y": 0.06763152778148651,
        "z": -0.12029413878917694
    },
    "tangent2": {
        "x": -0.3316599130630493,
        "y": 0.6736599206924439,
        "z": -0.20670613646507264
    },
    "endPos": {
        "x": -0.5567410588264465,
        "y": 4.0,
        "z": -0.19016069173812867
    }
}