{
    "_horizontalLines": 16.0,
    "_verticalLines": 16.0,
    "_radius": 0.07152131199836731,
    "_petalColour": {
        "r": 0.9005275964736939,
        "g": 0.8875324726104736,
        "b": 0.2548338770866394,
        "a": 1.0
    },
    "_cylinderVertexCount": 14.0,
    "_stemRadius": 0.06845615804195404,
    "_leafCount": 8.0,
    "_edgeRingCount": 36.0,
    "startPos": {
        "x": 0.0,
        "y": 0.0,
        "z": 0.0
    },
    "tangent1": {
        "x": -0.10205741226673126,
        "y": 0.9415647387504578,
        "z": 0.3359719216823578
    },
    "tangent2": {
        "x": 0.252183198928833,
        "y": 1.013580322265625,
        "z": 0.45431452989578249
    },
    "endPos": {
        "x": 0.14062322676181794,
        "y": 4.259189605712891,
        "z": 0.703385591506958
    }
}