{
    "_horizontalLines": 19.0,
    "_verticalLines": 17.0,
    "_radius": 0.09016367048025131,
    "_petalColour": {
        "r": 0.19758141040802003,
        "g": 0.4939122796058655,
        "b": 0.38552337884902956,
        "a": 1.0
    },
    "_cylinderVertexCount": 11.0,
    "_stemRadius": 0.07639476656913758,
    "_leafCount": 8.0,
    "_edgeRingCount": 35.0,
    "startPos": {
        "x": 0.0,
        "y": 0.0,
        "z": 0.0
    },
    "tangent1": {
        "x": 0.006857681088149548,
        "y": 1.4890426397323609,
        "z": -0.48020458221435549
    },
    "tangent2": {
        "x": 0.20868782699108125,
        "y": 3.1335837841033937,
        "z": -0.7391473054885864
    },
    "endPos": {
        "x": -0.5602743625640869,
        "y": 6.300000190734863,
        "z": -1.5455236434936524
    }
}