{
    "_horizontalLines": 19.0,
    "_verticalLines": 18.0,
    "_radius": 0.06593090295791626,
    "_petalColour": {
        "r": 0.9411231279373169,
        "g": 0.8707318305969238,
        "b": 0.36104971170425417,
        "a": 1.0
    },
    "_cylinderVertexCount": 7.0,
    "_stemRadius": 0.031685810536146167,
    "_leafCount": 8.0,
    "_edgeRingCount": 25.0,
    "startPos": {
        "x": 0.0,
        "y": 0.0,
        "z": 0.0
    },
    "tangent1": {
        "x": -0.23580627143383027,
        "y": 1.3874095678329468,
        "z": 0.36251935362815859
    },
    "tangent2": {
        "x": 0.19600020349025727,
        "y": 2.6062629222869875,
        "z": -0.08234032988548279
    },
    "endPos": {
        "x": 0.044257402420043948,
        "y": 4.0,
        "z": -0.26455503702163699
    }
}