{
    "_horizontalLines": 17.0,
    "_verticalLines": 16.0,
    "_radius": 0.041906774044036868,
    "_petalColour": {
        "r": 0.46810489892959597,
        "g": 0.4153575301170349,
        "b": 0.8214631080627441,
        "a": 1.0
    },
    "_cylinderVertexCount": 13.0,
    "_stemRadius": 0.038892921060323718,
    "_leafCount": 8.0,
    "_edgeRingCount": 33.0,
    "startPos": {
        "x": 0.0,
        "y": 0.0,
        "z": 0.0
    },
    "tangent1": {
        "x": -0.49768561124801638,
        "y": 1.2019038200378419,
        "z": -0.1138039082288742
    },
    "tangent2": {
        "x": -0.3270341753959656,
        "y": 2.4388084411621095,
        "z": -0.47962480783462527
    },
    "endPos": {
        "x": -0.8124716877937317,
        "y": 4.0,
        "z": -0.3293306231498718
    }
}