{
    "_horizontalLines": 15.0,
    "_verticalLines": 15.0,
    "_radius": 0.04945145547389984,
    "_petalColour": {
        "r": 0.2868974804878235,
        "g": 0.5173415541648865,
        "b": 0.5767462849617004,
        "a": 1.0
    },
    "_cylinderVertexCount": 13.0,
    "_stemRadius": 0.011464319191873074,
    "_leafCount": 8.0,
    "_edgeRingCount": 40.0,
    "startPos": {
        "x": 0.0,
        "y": 0.0,
        "z": 0.0
    },
    "tangent1": {
        "x": -0.09104470908641815,
        "y": 0.45879000425338747,
        "z": 0.23961329460144044
    },
    "tangent2": {
        "x": -0.27860531210899355,
        "y": 0.8371213674545288,
        "z": -0.02500629425048828
    },
    "endPos": {
        "x": -0.6859276294708252,
        "y": 4.0,
        "z": -0.3756379783153534
    }
}