{
    "_horizontalLines": 16.0,
    "_verticalLines": 19.0,
    "_radius": 0.049177393317222598,
    "_petalColour": {
        "r": 0.9534599781036377,
        "g": 0.3414645791053772,
        "b": 0.2010117769241333,
        "a": 1.0
    },
    "_cylinderVertexCount": 11.0,
    "_stemRadius": 0.02369396761059761,
    "_leafCount": 8.0,
    "_edgeRingCount": 56.0,
    "startPos": {
        "x": 0.0,
        "y": 0.0,
        "z": 0.0
    },
    "tangent1": {
        "x": -0.2215568572282791,
        "y": 0.5397704839706421,
        "z": -0.2936631143093109
    },
    "tangent2": {
        "x": -0.04603560268878937,
        "y": 1.2758212089538575,
        "z": -0.5698570013046265
    },
    "endPos": {
        "x": -0.8678726553916931,
        "y": 4.299790382385254,
        "z": -0.22349563241004945
    }
}