{
    "_horizontalLines": 19.0,
    "_verticalLines": 19.0,
    "_radius": 0.06962550431489945,
    "_petalColour": {
        "r": 0.8130775690078735,
        "g": 0.02020740509033203,
        "b": 0.26129382848739626,
        "a": 1.0
    },
    "_cylinderVertexCount": 8.0,
    "_stemRadius": 0.06387792527675629,
    "_leafCount": 8.0,
    "_edgeRingCount": 22.0,
    "startPos": {
        "x": 0.0,
        "y": 0.0,
        "z": 0.0
    },
    "tangent1": {
        "x": -0.13119931519031526,
        "y": 1.6300239562988282,
        "z": -0.35498228669166567
    },
    "tangent2": {
        "x": -0.32503342628479006,
        "y": 2.2715823650360109,
        "z": -0.33722028136253359
    },
    "endPos": {
        "x": 0.12207627296447754,
        "y": 4.64154577255249,
        "z": -0.1951187402009964
    }
}