{
    "_horizontalLines": 18.0,
    "_verticalLines": 17.0,
    "_radius": 0.09901373088359833,
    "_petalColour": {
        "r": 0.4397469162940979,
        "g": 0.5080592036247253,
        "b": 0.4937059283256531,
        "a": 1.0
    },
    "_cylinderVertexCount": 14.0,
    "_stemRadius": 0.05695589259266853,
    "_leafCount": 8.0,
    "_edgeRingCount": 49.0,
    "startPos": {
        "x": 0.0,
        "y": 0.0,
        "z": 0.0
    },
    "tangent1": {
        "x": 0.2753227949142456,
        "y": 1.3437598943710328,
        "z": 0.31339550018310549
    },
    "tangent2": {
        "x": 0.15581218898296357,
        "y": 1.742164134979248,
        "z": 0.012330055236816407
    },
    "endPos": {
        "x": 0.904569149017334,
        "y": 4.821898460388184,
        "z": 0.7917607426643372
    }
}