{
    "_horizontalLines": 16.0,
    "_verticalLines": 18.0,
    "_radius": 0.14634700119495393,
    "_petalColour": {
        "r": 0.5438486933708191,
        "g": 0.11492860317230225,
        "b": 0.5823189616203308,
        "a": 1.0
    },
    "_cylinderVertexCount": 5.0,
    "_stemRadius": 0.1056254655122757,
    "_leafCount": 8.0,
    "_edgeRingCount": 28.0,
    "startPos": {
        "x": 0.0,
        "y": 0.0,
        "z": 0.0
    },
    "tangent1": {
        "x": 0.061365414410829547,
        "y": 0.43004971742630007,
        "z": 0.1364879459142685
    },
    "tangent2": {
        "x": -0.36738860607147219,
        "y": 1.0479052066802979,
        "z": -0.2899341583251953
    },
    "endPos": {
        "x": 0.028266727924346925,
        "y": 4.0,
        "z": -0.23101374506950379
    }
}