{
    "_horizontalLines": 17.0,
    "_verticalLines": 18.0,
    "_radius": 0.11298950016498566,
    "_petalColour": {
        "r": 0.22972548007965089,
        "g": 0.7007040977478027,
        "b": 0.5658033490180969,
        "a": 1.0
    },
    "_cylinderVertexCount": 7.0,
    "_stemRadius": 0.07682567089796066,
    "_leafCount": 8.0,
    "_edgeRingCount": 18.0,
    "startPos": {
        "x": 0.0,
        "y": 0.0,
        "z": 0.0
    },
    "tangent1": {
        "x": 0.2401132583618164,
        "y": 1.7158629894256592,
        "z": -0.4337186813354492
    },
    "tangent2": {
        "x": -0.23348504304885865,
        "y": 1.928558349609375,
        "z": -0.7476644515991211
    },
    "endPos": {
        "x": 0.4592124819755554,
        "y": 4.67287015914917,
        "z": -1.2456159591674805
    }
}