{
    "_horizontalLines": 19.0,
    "_verticalLines": 17.0,
    "_radius": 0.09040354192256928,
    "_petalColour": {
        "r": 0.9878920316696167,
        "g": 0.30145174264907839,
        "b": 0.6589323282241821,
        "a": 1.0
    },
    "_cylinderVertexCount": 5.0,
    "_stemRadius": 0.08422940224409104,
    "_leafCount": 8.0,
    "_edgeRingCount": 59.0,
    "startPos": {
        "x": 0.0,
        "y": 0.0,
        "z": 0.0
    },
    "tangent1": {
        "x": -0.265366792678833,
        "y": 1.657099962234497,
        "z": 0.02434368059039116
    },
    "tangent2": {
        "x": -0.6373980045318604,
        "y": 2.082646369934082,
        "z": 0.22304923832416535
    },
    "endPos": {
        "x": -1.2276238203048707,
        "y": 4.190870761871338,
        "z": 0.6096460223197937
    }
}