{
    "_horizontalLines": 17.0,
    "_verticalLines": 17.0,
    "_radius": 0.15672877430915833,
    "_petalColour": {
        "r": 0.4578930735588074,
        "g": 0.3557693362236023,
        "b": 0.38859599828720095,
        "a": 1.0
    },
    "_cylinderVertexCount": 5.0,
    "_stemRadius": 0.11845886707305908,
    "_leafCount": 8.0,
    "_edgeRingCount": 50.0,
    "startPos": {
        "x": 0.0,
        "y": 0.0,
        "z": 0.0
    },
    "tangent1": {
        "x": 0.45642900466918948,
        "y": 1.506528377532959,
        "z": 0.3633764982223511
    },
    "tangent2": {
        "x": 0.21303696930408479,
        "y": 2.8300437927246095,
        "z": 0.4654131531715393
    },
    "endPos": {
        "x": -0.1544826179742813,
        "y": 5.640175819396973,
        "z": 1.2937313318252564
    }
}