{
    "_horizontalLines": 15.0,
    "_verticalLines": 16.0,
    "_radius": 0.07131271064281464,
    "_petalColour": {
        "r": 0.1791914701461792,
        "g": 0.1624070405960083,
        "b": 0.048093199729919437,
        "a": 1.0
    },
    "_cylinderVertexCount": 6.0,
    "_stemRadius": 0.054950322955846789,
    "_leafCount": 8.0,
    "_edgeRingCount": 59.0,
    "startPos": {
        "x": 0.0,
        "y": 0.0,
        "z": 0.0
    },
    "tangent1": {
        "x": 0.4043418765068054,
        "y": 0.3331668972969055,
        "z": 0.24649500846862794
    },
    "tangent2": {
        "x": 0.884346604347229,
        "y": 1.2703453302383423,
        "z": 0.2954191565513611
    },
    "endPos": {
        "x": 0.013397395610809327,
        "y": 4.0,
        "z": -0.3512226343154907
    }
}