{
    "_horizontalLines": 15.0,
    "_verticalLines": 18.0,
    "_radius": 0.11252002418041229,
    "_petalColour": {
        "r": 0.19832146167755128,
        "g": 0.9160726070404053,
        "b": 0.49154382944107058,
        "a": 1.0
    },
    "_cylinderVertexCount": 14.0,
    "_stemRadius": 0.06415177881717682,
    "_leafCount": 8.0,
    "_edgeRingCount": 31.0,
    "startPos": {
        "x": 0.0,
        "y": 0.0,
        "z": 0.0
    },
    "tangent1": {
        "x": 0.27387750148773196,
        "y": 1.0799312591552735,
        "z": -0.004899072460830212
    },
    "tangent2": {
        "x": 0.1371573656797409,
        "y": 1.3712890148162842,
        "z": 0.09242796897888184
    },
    "endPos": {
        "x": 0.728814959526062,
        "y": 4.0,
        "z": -0.1861272156238556
    }
}