{
    "_horizontalLines": 18.0,
    "_verticalLines": 18.0,
    "_radius": 0.10132192820310593,
    "_petalColour": {
        "r": 0.8189191818237305,
        "g": 0.9947628974914551,
        "b": 0.5697265267372131,
        "a": 1.0
    },
    "_cylinderVertexCount": 13.0,
    "_stemRadius": 0.0687669962644577,
    "_leafCount": 8.0,
    "_edgeRingCount": 37.0,
    "startPos": {
        "x": 0.0,
        "y": 0.0,
        "z": 0.0
    },
    "tangent1": {
        "x": -0.40257757902145388,
        "y": 0.8036640286445618,
        "z": -0.2316151112318039
    },
    "tangent2": {
        "x": -0.6831858158111572,
        "y": 1.2252197265625,
        "z": -0.5625889301300049
    },
    "endPos": {
        "x": -1.1358168125152588,
        "y": 4.590303421020508,
        "z": -1.107517957687378
    }
}