{
    "_horizontalLines": 16.0,
    "_verticalLines": 16.0,
    "_radius": 0.037021514028310779,
    "_petalColour": {
        "r": 0.4188665747642517,
        "g": 0.47876495122909548,
        "b": 0.2838807702064514,
        "a": 1.0
    },
    "_cylinderVertexCount": 12.0,
    "_stemRadius": -0.005000333301723003,
    "_leafCount": 8.0,
    "_edgeRingCount": 49.0,
    "startPos": {
        "x": 0.0,
        "y": 0.0,
        "z": 0.0
    },
    "tangent1": {
        "x": 0.3287925720214844,
        "y": 0.47408217191696169,
        "z": 0.0859091728925705
    },
    "tangent2": {
        "x": 0.5607540607452393,
        "y": 1.0799821615219117,
        "z": 0.3346446752548218
    },
    "endPos": {
        "x": 1.3676519393920899,
        "y": 4.0,
        "z": 0.5848791599273682
    }
}