{
    "_horizontalLines": 17.0,
    "_verticalLines": 19.0,
    "_radius": 0.06083875894546509,
    "_petalColour": {
        "r": 0.7467355728149414,
        "g": 0.021309375762939454,
        "b": 0.20831835269927979,
        "a": 1.0
    },
    "_cylinderVertexCount": 12.0,
    "_stemRadius": 0.04901159554719925,
    "_leafCount": 8.0,
    "_edgeRingCount": 22.0,
    "startPos": {
        "x": 0.0,
        "y": 0.0,
        "z": 0.0
    },
    "tangent1": {
        "x": -0.3122434616088867,
        "y": 1.5207751989364625,
        "z": -0.12784604728221894
    },
    "tangent2": {
        "x": -0.6127904653549194,
        "y": 3.485912322998047,
        "z": 0.17708425223827363
    },
    "endPos": {
        "x": -1.1195794343948365,
        "y": 6.300000190734863,
        "z": 0.45164555311203005
    }
}