{
    "_horizontalLines": 16.0,
    "_verticalLines": 18.0,
    "_radius": 0.15572111308574677,
    "_petalColour": {
        "r": 0.3398217558860779,
        "g": 0.07434976100921631,
        "b": 0.18287813663482667,
        "a": 1.0
    },
    "_cylinderVertexCount": 5.0,
    "_stemRadius": 0.10774422436952591,
    "_leafCount": 8.0,
    "_edgeRingCount": 60.0,
    "startPos": {
        "x": 0.0,
        "y": 0.0,
        "z": 0.0
    },
    "tangent1": {
        "x": 0.43791618943214419,
        "y": 0.5771339535713196,
        "z": 0.46230974793434145
    },
    "tangent2": {
        "x": 0.880691647529602,
        "y": 1.69234299659729,
        "z": 0.826593279838562
    },
    "endPos": {
        "x": 0.076976478099823,
        "y": 4.0,
        "z": 1.0456311702728272
    }
}