{
    "_horizontalLines": 15.0,
    "_verticalLines": 16.0,
    "_radius": 0.13712704181671143,
    "_petalColour": {
        "r": 0.41237884759902956,
        "g": 0.11690390110015869,
        "b": 0.21618711948394776,
        "a": 1.0
    },
    "_cylinderVertexCount": 10.0,
    "_stemRadius": 0.09408971667289734,
    "_leafCount": 8.0,
    "_edgeRingCount": 31.0,
    "startPos": {
        "x": 0.0,
        "y": 0.0,
        "z": 0.0
    },
    "tangent1": {
        "x": -0.23871035873889924,
        "y": 0.36258429288864138,
        "z": -0.06674103438854218
    },
    "tangent2": {
        "x": -0.1504458487033844,
        "y": 2.065152645111084,
        "z": -0.48186105489730837
    },
    "endPos": {
        "x": 0.3352307379245758,
        "y": 4.633064270019531,
        "z": -0.9506077766418457
    }
}