{
    "_horizontalLines": 17.0,
    "_verticalLines": 16.0,
    "_radius": 0.037409763783216479,
    "_petalColour": {
        "r": 0.38731008768081667,
        "g": 0.05808210372924805,
        "b": 0.17412781715393067,
        "a": 1.0
    },
    "_cylinderVertexCount": 12.0,
    "_stemRadius": 0.013977671042084694,
    "_leafCount": 8.0,
    "_edgeRingCount": 17.0,
    "startPos": {
        "x": 0.0,
        "y": 0.0,
        "z": 0.0
    },
    "tangent1": {
        "x": -0.2954646050930023,
        "y": 0.5730422735214233,
        "z": 0.42017000913619997
    },
    "tangent2": {
        "x": -0.45888739824295046,
        "y": 0.9000179171562195,
        "z": 0.49630773067474368
    },
    "endPos": {
        "x": -1.0215175151824952,
        "y": 4.232358455657959,
        "z": 1.0070927143096924
    }
}