{
    "_horizontalLines": 15.0,
    "_verticalLines": 15.0,
    "_radius": 0.08159072697162628,
    "_petalColour": {
        "r": 0.02195286750793457,
        "g": 0.1348414421081543,
        "b": 0.2523863911628723,
        "a": 1.0
    },
    "_cylinderVertexCount": 12.0,
    "_stemRadius": 0.04089318960905075,
    "_leafCount": 8.0,
    "_edgeRingCount": 63.0,
    "startPos": {
        "x": 0.0,
        "y": 0.0,
        "z": 0.0
    },
    "tangent1": {
        "x": -0.10811515152454376,
        "y": 0.29422301054000857,
        "z": 0.39964160323143008
    },
    "tangent2": {
        "x": 0.03659956157207489,
        "y": 0.6694053411483765,
        "z": 0.46888840198516848
    },
    "endPos": {
        "x": -0.48829710483551028,
        "y": 4.0,
        "z": 0.2264968305826187
    }
}