{
    "_horizontalLines": 19.0,
    "_verticalLines": 15.0,
    "_radius": 0.1078374832868576,
    "_petalColour": {
        "r": 0.18545079231262208,
        "g": 0.05590701103210449,
        "b": 0.474945604801178,
        "a": 1.0
    },
    "_cylinderVertexCount": 10.0,
    "_stemRadius": 0.08300314098596573,
    "_leafCount": 8.0,
    "_edgeRingCount": 34.0,
    "startPos": {
        "x": 0.0,
        "y": 0.0,
        "z": 0.0
    },
    "tangent1": {
        "x": 0.49973201751708987,
        "y": 1.1753803491592408,
        "z": 0.3381374180316925
    },
    "tangent2": {
        "x": 0.1185329258441925,
        "y": 2.1175880432128908,
        "z": -0.10655918717384339
    },
    "endPos": {
        "x": 0.9566389322280884,
        "y": 4.0,
        "z": -0.5184224247932434
    }
}