{
    "_horizontalLines": 6.0,
    "_verticalLines": 8.0,
    "_radius": 0.07420620322227478,
    "_petalColour": {
        "r": 0.9462786912918091,
        "g": 0.6899956464767456,
        "b": 0.1801135540008545,
        "a": 1.0
    },
    "_cylinderVertexCount": 6.0,
    "_stemRadius": 0.049152787774801257,
    "_leafCount": 8.0,
    "_edgeRingCount": 6.0,
    "startPos": {
        "x": -0.051935456693172458,
        "y": 0.19975891709327699,
        "z": -0.05218634754419327
    },
    "tangent1": {
        "x": 0.3295247256755829,
        "y": 0.34656447172164919,
        "z": 0.3044497072696686
    },
    "tangent2": {
        "x": 0.40294957160949709,
        "y": 1.9814414978027344,
        "z": 0.6979161500930786
    },
    "endPos": {
        "x": 1.1180002689361573,
        "y": 4.431744575500488,
        "z": 0.7263286113739014
    }
}