{
    "_horizontalLines": 18.0,
    "_verticalLines": 16.0,
    "_radius": 0.03201419487595558,
    "_petalColour": {
        "r": 0.8356301784515381,
        "g": 0.8617043495178223,
        "b": 0.8931934833526611,
        "a": 1.0
    },
    "_cylinderVertexCount": 8.0,
    "_stemRadius": 0.01400959212332964,
    "_leafCount": 8.0,
    "_edgeRingCount": 26.0,
    "startPos": {
        "x": 0.0,
        "y": 0.0,
        "z": 0.0
    },
    "tangent1": {
        "x": -0.34200772643089297,
        "y": 0.1153133362531662,
        "z": 0.4872492849826813
    },
    "tangent2": {
        "x": -0.5531929135322571,
        "y": 0.43944454193115237,
        "z": 0.22534781694412232
    },
    "endPos": {
        "x": -1.1775147914886475,
        "y": 4.0,
        "z": 1.0810868740081788
    }
}