{
    "_horizontalLines": 4,
    "_verticalLines": 5,
    "_radius": 0.1713108867406845,
    "_petalColour": {
        "r": 0.2211165428161621,
        "g": 0.2602042555809021,
        "b": 0.708193302154541,
        "a": 1.0
    },
    "_cylinderVertexCount": 12,
    "_stemRadius": 0.12652775645256043,
    "_leafCount": 8,
    "_edgeRingCount": 54,
    "startPos": {
        "x": 0.1323665976524353,
        "y": 0.7863175868988037,
        "z": -0.17037434875965119
    },
    "tangent1": {
        "x": 0.5734733939170837,
        "y": 1.6693150997161866,
        "z": 0.3242596983909607
    },
    "tangent2": {
        "x": 0.5147920846939087,
        "y": 2.892436981201172,
        "z": 0.4737045168876648
    },
    "endPos": {
        "x": -0.10576993227005005,
        "y": 6.611714839935303,
        "z": 0.9218940138816834
    }
}