{
    "_horizontalLines": 18.0,
    "_verticalLines": 19.0,
    "_radius": 0.08597469329833985,
    "_petalColour": {
        "r": 0.8129138946533203,
        "g": 0.2340453863143921,
        "b": 0.6303147077560425,
        "a": 1.0
    },
    "_cylinderVertexCount": 13.0,
    "_stemRadius": 0.05972360819578171,
    "_leafCount": 8.0,
    "_edgeRingCount": 12.0,
    "startPos": {
        "x": 0.0,
        "y": 0.0,
        "z": 0.0
    },
    "tangent1": {
        "x": -0.4109930098056793,
        "y": 0.4803932309150696,
        "z": 0.19342611730098725
    },
    "tangent2": {
        "x": -0.14235201478004456,
        "y": 0.6054016351699829,
        "z": 0.47820383310317995
    },
    "endPos": {
        "x": -0.8873543739318848,
        "y": 4.0,
        "z": -0.34406065940856936
    }
}