{
    "_horizontalLines": 17.0,
    "_verticalLines": 16.0,
    "_radius": 0.10262913256883621,
    "_petalColour": {
        "r": 0.8441265821456909,
        "g": 0.5228345990180969,
        "b": 0.9122492074966431,
        "a": 1.0
    },
    "_cylinderVertexCount": 6.0,
    "_stemRadius": 0.07884849607944489,
    "_leafCount": 8.0,
    "_edgeRingCount": 60.0,
    "startPos": {
        "x": 0.0,
        "y": 0.0,
        "z": 0.0
    },
    "tangent1": {
        "x": 0.053855229169130328,
        "y": 0.4887201189994812,
        "z": -0.34056034684181216
    },
    "tangent2": {
        "x": -0.11444273591041565,
        "y": 1.1719121932983399,
        "z": 0.1208105981349945
    },
    "endPos": {
        "x": 0.0027925819158554079,
        "y": 4.0,
        "z": -0.3984287679195404
    }
}