{
    "_horizontalLines": 17.0,
    "_verticalLines": 18.0,
    "_radius": 0.14489240944385529,
    "_petalColour": {
        "r": 0.6757880449295044,
        "g": 0.3110331892967224,
        "b": 0.30619555711746218,
        "a": 1.0
    },
    "_cylinderVertexCount": 9.0,
    "_stemRadius": 0.11081156134605408,
    "_leafCount": 8.0,
    "_edgeRingCount": 5.0,
    "startPos": {
        "x": 0.0,
        "y": 0.0,
        "z": 0.0
    },
    "tangent1": {
        "x": 0.2292977273464203,
        "y": 1.3335503339767457,
        "z": -0.030156325548887254
    },
    "tangent2": {
        "x": 0.27736786007881167,
        "y": 2.7884151935577394,
        "z": -0.4926626980304718
    },
    "endPos": {
        "x": 0.29071044921875,
        "y": 4.0,
        "z": -0.06894555687904358
    }
}