{
    "_horizontalLines": 18.0,
    "_verticalLines": 15.0,
    "_radius": 0.025501716881990434,
    "_petalColour": {
        "r": 0.6314749717712402,
        "g": 0.7631721496582031,
        "b": 0.38262802362442019,
        "a": 1.0
    },
    "_cylinderVertexCount": 6.0,
    "_stemRadius": 0.02260018140077591,
    "_leafCount": 8.0,
    "_edgeRingCount": 17.0,
    "startPos": {
        "x": 0.0,
        "y": 0.0,
        "z": 0.0
    },
    "tangent1": {
        "x": -0.4191664755344391,
        "y": 1.617396593093872,
        "z": 0.11688213050365448
    },
    "tangent2": {
        "x": 0.013049215078353882,
        "y": 1.9994540214538575,
        "z": 0.5372745394706726
    },
    "endPos": {
        "x": 0.6713237762451172,
        "y": 4.0,
        "z": 0.531586766242981
    }
}