{
    "_horizontalLines": 15.0,
    "_verticalLines": 18.0,
    "_radius": 0.04182857275009155,
    "_petalColour": {
        "r": 0.7194061279296875,
        "g": 0.28390902280807497,
        "b": 0.22531557083129884,
        "a": 1.0
    },
    "_cylinderVertexCount": 14.0,
    "_stemRadius": 0.03411327302455902,
    "_leafCount": 8.0,
    "_edgeRingCount": 47.0,
    "startPos": {
        "x": 0.0,
        "y": 0.0,
        "z": 0.0
    },
    "tangent1": {
        "x": -0.31526461243629458,
        "y": 1.4209171533584595,
        "z": -0.13966993987560273
    },
    "tangent2": {
        "x": 0.12673157453536988,
        "y": 3.0253829956054689,
        "z": 0.1701340228319168
    },
    "endPos": {
        "x": 0.6411494016647339,
        "y": 4.119322776794434,
        "z": -0.2161829024553299
    }
}