{
    "_horizontalLines": 16.0,
    "_verticalLines": 16.0,
    "_radius": 0.0445830412209034,
    "_petalColour": {
        "r": 0.2828240990638733,
        "g": 0.038816213607788089,
        "b": 0.31488436460494997,
        "a": 1.0
    },
    "_cylinderVertexCount": 11.0,
    "_stemRadius": 0.04412642493844032,
    "_leafCount": 8.0,
    "_edgeRingCount": 62.0,
    "startPos": {
        "x": 0.0,
        "y": 0.0,
        "z": 0.0
    },
    "tangent1": {
        "x": -0.37255963683128359,
        "y": 1.622856855392456,
        "z": -0.22841282188892365
    },
    "tangent2": {
        "x": -0.5356348156929016,
        "y": 2.1431703567504885,
        "z": -0.5541934967041016
    },
    "endPos": {
        "x": -1.0233441591262818,
        "y": 4.0,
        "z": -1.0120465755462647
    }
}