{
    "_horizontalLines": 18.0,
    "_verticalLines": 15.0,
    "_radius": 0.07992464303970337,
    "_petalColour": {
        "r": 0.3948962092399597,
        "g": 0.9023293256759644,
        "b": 0.9896093606948853,
        "a": 1.0
    },
    "_cylinderVertexCount": 12.0,
    "_stemRadius": 0.03245222568511963,
    "_leafCount": 8.0,
    "_edgeRingCount": 9.0,
    "startPos": {
        "x": 0.0,
        "y": 0.0,
        "z": 0.0
    },
    "tangent1": {
        "x": 0.3413376808166504,
        "y": 1.9556198120117188,
        "z": -0.01017384510487318
    },
    "tangent2": {
        "x": 0.37119728326797488,
        "y": 2.6884515285491945,
        "z": -0.04411635547876358
    },
    "endPos": {
        "x": -0.4241146445274353,
        "y": 4.183737754821777,
        "z": 0.034006595611572269
    }
}