{
    "_horizontalLines": 17.0,
    "_verticalLines": 18.0,
    "_radius": 0.08120778948068619,
    "_petalColour": {
        "r": 0.18406295776367188,
        "g": 0.15020620822906495,
        "b": 0.4339141249656677,
        "a": 1.0
    },
    "_cylinderVertexCount": 9.0,
    "_stemRadius": 0.06387735903263092,
    "_leafCount": 8.0,
    "_edgeRingCount": 34.0,
    "startPos": {
        "x": 0.0,
        "y": 0.0,
        "z": 0.0
    },
    "tangent1": {
        "x": 0.2609410285949707,
        "y": 0.05285339429974556,
        "z": 0.2202596664428711
    },
    "tangent2": {
        "x": 0.05103592574596405,
        "y": 1.597061038017273,
        "z": 0.1869189292192459
    },
    "endPos": {
        "x": -0.7763388156890869,
        "y": 4.0,
        "z": -0.09042419493198395
    }
}