{
    "_horizontalLines": 19.0,
    "_verticalLines": 17.0,
    "_radius": 0.11519070714712143,
    "_petalColour": {
        "r": 0.5205598473548889,
        "g": 0.992637038230896,
        "b": 0.9786815643310547,
        "a": 1.0
    },
    "_cylinderVertexCount": 12.0,
    "_stemRadius": 0.06566973030567169,
    "_leafCount": 8.0,
    "_edgeRingCount": 36.0,
    "startPos": {
        "x": 0.0,
        "y": 0.0,
        "z": 0.0
    },
    "tangent1": {
        "x": 0.37584781646728518,
        "y": 0.6449487805366516,
        "z": -0.059336137026548389
    },
    "tangent2": {
        "x": 0.12747697532176972,
        "y": 2.545680522918701,
        "z": 0.2808217406272888
    },
    "endPos": {
        "x": 0.3261488378047943,
        "y": 4.0,
        "z": 0.20928147435188294
    }
}