{
    "_horizontalLines": 16.0,
    "_verticalLines": 18.0,
    "_radius": 0.0669620931148529,
    "_petalColour": {
        "r": 0.2719525694847107,
        "g": 0.24111318588256837,
        "b": 0.3211715817451477,
        "a": 1.0
    },
    "_cylinderVertexCount": 6.0,
    "_stemRadius": 0.06574682146310806,
    "_leafCount": 8.0,
    "_edgeRingCount": 31.0,
    "startPos": {
        "x": 0.0,
        "y": 0.0,
        "z": 0.0
    },
    "tangent1": {
        "x": 0.32869061827659609,
        "y": 0.894753634929657,
        "z": -0.058945368975400928
    },
    "tangent2": {
        "x": 0.7373627424240112,
        "y": 1.381601333618164,
        "z": 0.3902987539768219
    },
    "endPos": {
        "x": 1.0741968154907227,
        "y": 4.307746887207031,
        "z": -0.033918142318725589
    }
}