{
    "_horizontalLines": 16.0,
    "_verticalLines": 15.0,
    "_radius": 0.13931457698345185,
    "_petalColour": {
        "r": 0.37945324182510378,
        "g": 0.71659255027771,
        "b": 0.9271389245986939,
        "a": 1.0
    },
    "_cylinderVertexCount": 7.0,
    "_stemRadius": 0.09269098192453385,
    "_leafCount": 8.0,
    "_edgeRingCount": 26.0,
    "startPos": {
        "x": 0.0,
        "y": 0.0,
        "z": 0.0
    },
    "tangent1": {
        "x": -0.13959212601184846,
        "y": 0.9529409408569336,
        "z": 0.4761805534362793
    },
    "tangent2": {
        "x": -0.44592612981796267,
        "y": 1.9858016967773438,
        "z": 0.7275197505950928
    },
    "endPos": {
        "x": -1.1030819416046143,
        "y": 4.669784069061279,
        "z": 1.0560102462768555
    }
}