{
    "_horizontalLines": 19.0,
    "_verticalLines": 17.0,
    "_radius": 0.10762020200490952,
    "_petalColour": {
        "r": 0.7294348478317261,
        "g": 0.4636778235435486,
        "b": 0.34012430906295779,
        "a": 1.0
    },
    "_cylinderVertexCount": 13.0,
    "_stemRadius": 0.06274409592151642,
    "_leafCount": 8.0,
    "_edgeRingCount": 62.0,
    "startPos": {
        "x": 0.0,
        "y": 0.0,
        "z": 0.0
    },
    "tangent1": {
        "x": -0.007926988415420056,
        "y": 1.4048579931259156,
        "z": -0.4337730407714844
    },
    "tangent2": {
        "x": -0.15108346939086915,
        "y": 1.7012856006622315,
        "z": 0.031495094299316409
    },
    "endPos": {
        "x": 0.28283292055130007,
        "y": 4.0,
        "z": -0.23059651255607606
    }
}