{
    "_horizontalLines": 16.0,
    "_verticalLines": 18.0,
    "_radius": 0.086594358086586,
    "_petalColour": {
        "r": 0.9854798316955566,
        "g": 0.6934465169906616,
        "b": 0.2439892292022705,
        "a": 1.0
    },
    "_cylinderVertexCount": 6.0,
    "_stemRadius": 0.05059506371617317,
    "_leafCount": 8.0,
    "_edgeRingCount": 29.0,
    "startPos": {
        "x": 0.0,
        "y": 0.0,
        "z": 0.0
    },
    "tangent1": {
        "x": 0.23240399360656739,
        "y": 0.6126088500022888,
        "z": -0.0190001018345356
    },
    "tangent2": {
        "x": -0.18958735466003419,
        "y": 0.6794768571853638,
        "z": -0.4891529679298401
    },
    "endPos": {
        "x": -0.6848622560501099,
        "y": 4.0,
        "z": -0.9752346873283386
    }
}