{
    "_horizontalLines": 15.0,
    "_verticalLines": 19.0,
    "_radius": 0.1085115373134613,
    "_petalColour": {
        "r": 0.8111554384231567,
        "g": 0.9286692142486572,
        "b": 0.7536234855651856,
        "a": 1.0
    },
    "_cylinderVertexCount": 10.0,
    "_stemRadius": 0.08155893534421921,
    "_leafCount": 8.0,
    "_edgeRingCount": 41.0,
    "startPos": {
        "x": 0.0,
        "y": 0.0,
        "z": 0.0
    },
    "tangent1": {
        "x": -0.33568334579467776,
        "y": 1.3607257604599,
        "z": 0.18232354521751405
    },
    "tangent2": {
        "x": -0.1597694456577301,
        "y": 3.077481269836426,
        "z": 0.325714647769928
    },
    "endPos": {
        "x": 0.4401126205921173,
        "y": 4.0,
        "z": 0.7686651945114136
    }
}