{
    "_horizontalLines": 19.0,
    "_verticalLines": 16.0,
    "_radius": 0.05434303730726242,
    "_petalColour": {
        "r": 0.5846100449562073,
        "g": 0.9814239740371704,
        "b": 0.7756154537200928,
        "a": 1.0
    },
    "_cylinderVertexCount": 14.0,
    "_stemRadius": 0.020469537004828454,
    "_leafCount": 8.0,
    "_edgeRingCount": 9.0,
    "startPos": {
        "x": 0.0,
        "y": 0.0,
        "z": 0.0
    },
    "tangent1": {
        "x": 0.4950292110443115,
        "y": 1.6805976629257203,
        "z": -0.2600395679473877
    },
    "tangent2": {
        "x": 0.35749930143356326,
        "y": 2.2801833152770998,
        "z": -0.45985525846481326
    },
    "endPos": {
        "x": 0.5660025477409363,
        "y": 4.0,
        "z": 0.08085405826568604
    }
}