{
    "_horizontalLines": 16.0,
    "_verticalLines": 15.0,
    "_radius": 0.054157793521881106,
    "_petalColour": {
        "r": 0.43716973066329958,
        "g": 0.8180450201034546,
        "b": 0.006287813186645508,
        "a": 1.0
    },
    "_cylinderVertexCount": 10.0,
    "_stemRadius": 0.04531921446323395,
    "_leafCount": 8.0,
    "_edgeRingCount": 18.0,
    "startPos": {
        "x": 0.0,
        "y": 0.0,
        "z": 0.0
    },
    "tangent1": {
        "x": -0.25164031982421877,
        "y": 1.9017890691757203,
        "z": 0.15439996123313905
    },
    "tangent2": {
        "x": -0.23790650069713593,
        "y": 2.3168749809265138,
        "z": -0.34491777420043948
    },
    "endPos": {
        "x": 0.3571104407310486,
        "y": 4.332949161529541,
        "z": -0.9816967248916626
    }
}