{
    "_horizontalLines": 18.0,
    "_verticalLines": 18.0,
    "_radius": 0.09610305726528168,
    "_petalColour": {
        "r": 0.261962354183197,
        "g": 0.00529634952545166,
        "b": 0.47873860597610476,
        "a": 1.0
    },
    "_cylinderVertexCount": 10.0,
    "_stemRadius": 0.09266620129346848,
    "_leafCount": 8.0,
    "_edgeRingCount": 6.0,
    "startPos": {
        "x": 0.0,
        "y": 0.0,
        "z": 0.0
    },
    "tangent1": {
        "x": 0.49838685989379885,
        "y": 1.5069838762283326,
        "z": 0.21457242965698243
    },
    "tangent2": {
        "x": 0.28766125440597536,
        "y": 3.4721038341522219,
        "z": 0.6971200704574585
    },
    "endPos": {
        "x": 0.5338090658187866,
        "y": 5.082554340362549,
        "z": 0.02119070291519165
    }
}