{
    "_horizontalLines": 16.0,
    "_verticalLines": 17.0,
    "_radius": 0.1327131986618042,
    "_petalColour": {
        "r": 0.533392608165741,
        "g": 0.3233880400657654,
        "b": 0.5271850228309631,
        "a": 1.0
    },
    "_cylinderVertexCount": 13.0,
    "_stemRadius": 0.08973018825054169,
    "_leafCount": 8.0,
    "_edgeRingCount": 60.0,
    "startPos": {
        "x": 0.0,
        "y": 0.0,
        "z": 0.0
    },
    "tangent1": {
        "x": -0.3034961521625519,
        "y": 1.011655330657959,
        "z": 0.07544751465320587
    },
    "tangent2": {
        "x": -0.7914971113204956,
        "y": 2.7530317306518556,
        "z": 0.44503718614578249
    },
    "endPos": {
        "x": -0.35452115535736086,
        "y": 5.115705490112305,
        "z": 0.6174451112747192
    }
}