{
    "_horizontalLines": 19.0,
    "_verticalLines": 16.0,
    "_radius": 0.06253697723150253,
    "_petalColour": {
        "r": 0.7576690912246704,
        "g": 0.1870816946029663,
        "b": 0.015930652618408204,
        "a": 1.0
    },
    "_cylinderVertexCount": 14.0,
    "_stemRadius": 0.05120501667261124,
    "_leafCount": 8.0,
    "_edgeRingCount": 19.0,
    "startPos": {
        "x": 0.0,
        "y": 0.0,
        "z": 0.0
    },
    "tangent1": {
        "x": 0.3671736717224121,
        "y": 1.1422160863876343,
        "z": 0.32664620876312258
    },
    "tangent2": {
        "x": 0.538637638092041,
        "y": 1.4605419635772706,
        "z": 0.7766015529632568
    },
    "endPos": {
        "x": 0.5251592993736267,
        "y": 4.0,
        "z": 0.6982799768447876
    }
}