{
    "_horizontalLines": 17.0,
    "_verticalLines": 19.0,
    "_radius": 0.13399961590766908,
    "_petalColour": {
        "r": 0.9797549247741699,
        "g": 0.7365010976791382,
        "b": 0.722335934638977,
        "a": 1.0
    },
    "_cylinderVertexCount": 11.0,
    "_stemRadius": 0.09162589907646179,
    "_leafCount": 8.0,
    "_edgeRingCount": 5.0,
    "startPos": {
        "x": 0.0,
        "y": 0.0,
        "z": 0.0
    },
    "tangent1": {
        "x": -0.1786683052778244,
        "y": 0.47489529848098757,
        "z": -0.3554286062717438
    },
    "tangent2": {
        "x": -0.4128182828426361,
        "y": 0.8597599267959595,
        "z": -0.4303048849105835
    },
    "endPos": {
        "x": 0.39325448870658877,
        "y": 4.0,
        "z": -0.998597264289856
    }
}