{
    "_horizontalLines": 18.0,
    "_verticalLines": 18.0,
    "_radius": 0.1053127571940422,
    "_petalColour": {
        "r": 0.770086407661438,
        "g": 0.07523918151855469,
        "b": 0.14939939975738526,
        "a": 1.0
    },
    "_cylinderVertexCount": 8.0,
    "_stemRadius": 0.09940677881240845,
    "_leafCount": 8.0,
    "_edgeRingCount": 43.0,
    "startPos": {
        "x": 0.0,
        "y": 0.0,
        "z": 0.0
    },
    "tangent1": {
        "x": 0.3847101926803589,
        "y": 0.13045291602611543,
        "z": 0.15651415288448335
    },
    "tangent2": {
        "x": 0.5054293274879456,
        "y": 0.3383727967739105,
        "z": 0.3477115333080292
    },
    "endPos": {
        "x": 0.3732492923736572,
        "y": 4.0,
        "z": 0.7828487157821655
    }
}