{
    "_horizontalLines": 19.0,
    "_verticalLines": 19.0,
    "_radius": 0.0041906763799488548,
    "_petalColour": {
        "r": 0.5439632534980774,
        "g": 0.6657124757766724,
        "b": 0.306019127368927,
        "a": 1.0
    },
    "_cylinderVertexCount": 10.0,
    "_stemRadius": -0.0006471514934673905,
    "_leafCount": 8.0,
    "_edgeRingCount": 30.0,
    "startPos": {
        "x": 0.0,
        "y": 0.0,
        "z": 0.0
    },
    "tangent1": {
        "x": -0.2154676467180252,
        "y": 1.0481605529785157,
        "z": 0.09756450355052948
    },
    "tangent2": {
        "x": -0.1430799961090088,
        "y": 2.3656983375549318,
        "z": -0.29903680086135867
    },
    "endPos": {
        "x": -0.3197830319404602,
        "y": 4.0,
        "z": -1.101447582244873
    }
}