{
    "_horizontalLines": 19.0,
    "_verticalLines": 15.0,
    "_radius": 0.04936596006155014,
    "_petalColour": {
        "r": 0.6493312120437622,
        "g": 0.7136062383651733,
        "b": 0.042523741722106937,
        "a": 1.0
    },
    "_cylinderVertexCount": 12.0,
    "_stemRadius": 0.012593758292496205,
    "_leafCount": 8.0,
    "_edgeRingCount": 52.0,
    "startPos": {
        "x": 0.0,
        "y": 0.0,
        "z": 0.0
    },
    "tangent1": {
        "x": 0.473188579082489,
        "y": 0.5152910351753235,
        "z": -0.3271055221557617
    },
    "tangent2": {
        "x": 0.5865861177444458,
        "y": 1.6538913249969483,
        "z": -0.048331648111343387
    },
    "endPos": {
        "x": -0.15446919202804566,
        "y": 4.905885696411133,
        "z": 0.11974512040615082
    }
}