{
    "_horizontalLines": 15.0,
    "_verticalLines": 19.0,
    "_radius": 0.06077505648136139,
    "_petalColour": {
        "r": 0.9360345602035523,
        "g": 0.7441812753677368,
        "b": 0.7152811288833618,
        "a": 1.0
    },
    "_cylinderVertexCount": 11.0,
    "_stemRadius": 0.03588633984327316,
    "_leafCount": 8.0,
    "_edgeRingCount": 3.0,
    "startPos": {
        "x": 0.0,
        "y": 0.0,
        "z": 0.0
    },
    "tangent1": {
        "x": 0.3570946455001831,
        "y": 0.9058296084403992,
        "z": 0.439967542886734
    },
    "tangent2": {
        "x": 0.7583904266357422,
        "y": 1.9388892650604249,
        "z": 0.39816269278526308
    },
    "endPos": {
        "x": 0.5712085962295532,
        "y": 5.183621406555176,
        "z": 1.230389952659607
    }
}