{
    "_horizontalLines": 17.0,
    "_verticalLines": 15.0,
    "_radius": 0.09342792630195618,
    "_petalColour": {
        "r": 0.145560622215271,
        "g": 0.6937369108200073,
        "b": 0.33273714780807497,
        "a": 1.0
    },
    "_cylinderVertexCount": 5.0,
    "_stemRadius": 0.07347574830055237,
    "_leafCount": 8.0,
    "_edgeRingCount": 35.0,
    "startPos": {
        "x": 0.0,
        "y": 0.0,
        "z": 0.0
    },
    "tangent1": {
        "x": -0.3319002091884613,
        "y": 1.8436973094940186,
        "z": 0.49579787254333498
    },
    "tangent2": {
        "x": -0.17266426980495454,
        "y": 2.3610761165618898,
        "z": 0.8432785272598267
    },
    "endPos": {
        "x": -0.6001057028770447,
        "y": 4.0,
        "z": 1.013486385345459
    }
}