{
    "_horizontalLines": 17.0,
    "_verticalLines": 19.0,
    "_radius": 0.03937334194779396,
    "_petalColour": {
        "r": 0.6498209238052368,
        "g": 0.5349584221839905,
        "b": 0.8685166835784912,
        "a": 1.0
    },
    "_cylinderVertexCount": 5.0,
    "_stemRadius": 0.0218564011156559,
    "_leafCount": 8.0,
    "_edgeRingCount": 36.0,
    "startPos": {
        "x": 0.0,
        "y": 0.0,
        "z": 0.0
    },
    "tangent1": {
        "x": 0.08978386223316193,
        "y": 1.208544135093689,
        "z": 0.19526633620262147
    },
    "tangent2": {
        "x": -0.021857112646102907,
        "y": 2.0760130882263185,
        "z": 0.6656255722045898
    },
    "endPos": {
        "x": -0.013602501712739468,
        "y": 4.0,
        "z": 0.11511415243148804
    }
}