{
    "_horizontalLines": 17.0,
    "_verticalLines": 19.0,
    "_radius": 0.06501717120409012,
    "_petalColour": {
        "r": 0.06382560729980469,
        "g": 0.5747687220573425,
        "b": 0.44562727212905886,
        "a": 1.0
    },
    "_cylinderVertexCount": 11.0,
    "_stemRadius": 0.06061048433184624,
    "_leafCount": 8.0,
    "_edgeRingCount": 41.0,
    "startPos": {
        "x": 0.0,
        "y": 0.0,
        "z": 0.0
    },
    "tangent1": {
        "x": 0.32168471813201907,
        "y": 0.5288776159286499,
        "z": -0.06796030700206757
    },
    "tangent2": {
        "x": 0.7688659429550171,
        "y": 1.8959171772003174,
        "z": 0.2910541892051697
    },
    "endPos": {
        "x": 1.041166067123413,
        "y": 4.0,
        "z": 0.6040588617324829
    }
}