{
    "_horizontalLines": 17.0,
    "_verticalLines": 18.0,
    "_radius": 0.10277539491653443,
    "_petalColour": {
        "r": 0.9295716285705566,
        "g": 0.7397726774215698,
        "b": 0.004727482795715332,
        "a": 1.0
    },
    "_cylinderVertexCount": 14.0,
    "_stemRadius": 0.05965759977698326,
    "_leafCount": 8.0,
    "_edgeRingCount": 36.0,
    "startPos": {
        "x": 0.0,
        "y": 0.0,
        "z": 0.0
    },
    "tangent1": {
        "x": 0.39927980303764346,
        "y": 1.0282201766967774,
        "z": -0.028955649584531785
    },
    "tangent2": {
        "x": 0.4105185568332672,
        "y": 2.014159679412842,
        "z": 0.37621280550956728
    },
    "endPos": {
        "x": 0.6708622574806213,
        "y": 4.0,
        "z": 1.0289186239242554
    }
}