{
    "_horizontalLines": 19.0,
    "_verticalLines": 15.0,
    "_radius": 0.053320325911045077,
    "_petalColour": {
        "r": 0.09726834297180176,
        "g": 0.5769771933555603,
        "b": 0.05498349666595459,
        "a": 1.0
    },
    "_cylinderVertexCount": 5.0,
    "_stemRadius": 0.0491614043712616,
    "_leafCount": 8.0,
    "_edgeRingCount": 14.0,
    "startPos": {
        "x": 0.0,
        "y": 0.0,
        "z": 0.0
    },
    "tangent1": {
        "x": -0.3635806143283844,
        "y": 1.3305621147155762,
        "z": 0.07931800186634064
    },
    "tangent2": {
        "x": -0.30659720301628115,
        "y": 2.4521541595458986,
        "z": -0.36366450786590578
    },
    "endPos": {
        "x": -0.23495888710021974,
        "y": 4.0,
        "z": -0.4507610499858856
    }
}