{
    "_horizontalLines": 16.0,
    "_verticalLines": 15.0,
    "_radius": 0.04378987103700638,
    "_petalColour": {
        "r": 0.1305856704711914,
        "g": 0.9227771759033203,
        "b": 0.7574139833450317,
        "a": 1.0
    },
    "_cylinderVertexCount": 6.0,
    "_stemRadius": 0.012137910351157189,
    "_leafCount": 8.0,
    "_edgeRingCount": 56.0,
    "startPos": {
        "x": 0.0,
        "y": 0.0,
        "z": 0.0
    },
    "tangent1": {
        "x": 0.34387895464897158,
        "y": 0.6643966436386108,
        "z": -0.24366717040538789
    },
    "tangent2": {
        "x": 0.6710062026977539,
        "y": 1.3598936796188355,
        "z": 0.18366684019565583
    },
    "endPos": {
        "x": 0.07140886783599854,
        "y": 4.01449728012085,
        "z": 0.4437015652656555
    }
}