{
    "_horizontalLines": 15.0,
    "_verticalLines": 17.0,
    "_radius": 0.07971988618373871,
    "_petalColour": {
        "r": 0.20217883586883546,
        "g": 0.8551996946334839,
        "b": 0.08544051647186279,
        "a": 1.0
    },
    "_cylinderVertexCount": 12.0,
    "_stemRadius": 0.03399847447872162,
    "_leafCount": 8.0,
    "_edgeRingCount": 38.0,
    "startPos": {
        "x": 0.0,
        "y": 0.0,
        "z": 0.0
    },
    "tangent1": {
        "x": -0.28191813826560976,
        "y": 0.6609663963317871,
        "z": 0.2097063958644867
    },
    "tangent2": {
        "x": -0.16860713064670564,
        "y": 2.3657782077789308,
        "z": -0.015426024794578553
    },
    "endPos": {
        "x": 0.22519709169864655,
        "y": 5.776134967803955,
        "z": -0.031919725239276889
    }
}