{
    "_horizontalLines": 17.0,
    "_verticalLines": 19.0,
    "_radius": 0.025962963700294496,
    "_petalColour": {
        "r": 0.23657751083374024,
        "g": 0.5666481852531433,
        "b": 0.21385681629180909,
        "a": 1.0
    },
    "_cylinderVertexCount": 9.0,
    "_stemRadius": 0.025722380727529527,
    "_leafCount": 8.0,
    "_edgeRingCount": 54.0,
    "startPos": {
        "x": 0.0,
        "y": 0.0,
        "z": 0.0
    },
    "tangent1": {
        "x": 0.0019227981101721526,
        "y": 1.286004662513733,
        "z": 0.2154085636138916
    },
    "tangent2": {
        "x": -0.2232559621334076,
        "y": 1.6712498664855958,
        "z": -0.149556964635849
    },
    "endPos": {
        "x": 0.29762086272239687,
        "y": 4.879420757293701,
        "z": 0.07258802652359009
    }
}