{
    "_horizontalLines": 16.0,
    "_verticalLines": 18.0,
    "_radius": 0.08174846321344376,
    "_petalColour": {
        "r": 0.38664036989212038,
        "g": 0.39141911268234255,
        "b": 0.5954154133796692,
        "a": 1.0
    },
    "_cylinderVertexCount": 11.0,
    "_stemRadius": 0.06715088337659836,
    "_leafCount": 8.0,
    "_edgeRingCount": 27.0,
    "startPos": {
        "x": 0.0,
        "y": 0.0,
        "z": 0.0
    },
    "tangent1": {
        "x": -0.1778549700975418,
        "y": 1.5767730474472047,
        "z": 0.3586052656173706
    },
    "tangent2": {
        "x": -0.3532538414001465,
        "y": 1.8730578422546387,
        "z": 0.2713579535484314
    },
    "endPos": {
        "x": 0.5117672085762024,
        "y": 4.0,
        "z": -0.4320807456970215
    }
}