{
    "_horizontalLines": 19.0,
    "_verticalLines": 17.0,
    "_radius": 0.03691451996564865,
    "_petalColour": {
        "r": 0.5328614115715027,
        "g": 0.6297461986541748,
        "b": 0.07855308055877686,
        "a": 1.0
    },
    "_cylinderVertexCount": 10.0,
    "_stemRadius": 0.0303793977946043,
    "_leafCount": 8.0,
    "_edgeRingCount": 5.0,
    "startPos": {
        "x": 0.0,
        "y": 0.0,
        "z": 0.0
    },
    "tangent1": {
        "x": 0.4656221270561218,
        "y": 1.2166030406951905,
        "z": 0.4387211799621582
    },
    "tangent2": {
        "x": 0.1659710705280304,
        "y": 2.5268845558166506,
        "z": 0.6899352073669434
    },
    "endPos": {
        "x": 0.7285306453704834,
        "y": 4.079738616943359,
        "z": 0.1783401370048523
    }
}