{
    "_horizontalLines": 19.0,
    "_verticalLines": 17.0,
    "_radius": 0.13572362065315247,
    "_petalColour": {
        "r": 0.7618899345397949,
        "g": 0.11790966987609863,
        "b": 0.7381078004837036,
        "a": 1.0
    },
    "_cylinderVertexCount": 13.0,
    "_stemRadius": 0.08897444605827332,
    "_leafCount": 8.0,
    "_edgeRingCount": 36.0,
    "startPos": {
        "x": 0.0,
        "y": 0.0,
        "z": 0.0
    },
    "tangent1": {
        "x": -0.0686461478471756,
        "y": 0.8534500002861023,
        "z": 0.13413771986961366
    },
    "tangent2": {
        "x": 0.3156892657279968,
        "y": 1.457112431526184,
        "z": 0.32972103357315066
    },
    "endPos": {
        "x": -0.04932817816734314,
        "y": 4.0,
        "z": 0.15442879498004914
    }
}