{
    "_horizontalLines": 18.0,
    "_verticalLines": 17.0,
    "_radius": 0.09227652102708817,
    "_petalColour": {
        "r": 0.7475728988647461,
        "g": 0.4445064663887024,
        "b": 0.8333696126937866,
        "a": 1.0
    },
    "_cylinderVertexCount": 12.0,
    "_stemRadius": 0.06932768225669861,
    "_leafCount": 8.0,
    "_edgeRingCount": 18.0,
    "startPos": {
        "x": 0.0,
        "y": 0.0,
        "z": 0.0
    },
    "tangent1": {
        "x": -0.26076260209083559,
        "y": 0.051351357251405719,
        "z": 0.4481208324432373
    },
    "tangent2": {
        "x": -0.6886347532272339,
        "y": 0.8362747430801392,
        "z": 0.7682269811630249
    },
    "endPos": {
        "x": -0.39460769295692446,
        "y": 4.0,
        "z": 0.27052435278892519
    }
}