{
    "_horizontalLines": 19.0,
    "_verticalLines": 19.0,
    "_radius": 0.028919899836182596,
    "_petalColour": {
        "r": 0.1715923547744751,
        "g": 0.8739641904830933,
        "b": 0.5559740662574768,
        "a": 1.0
    },
    "_cylinderVertexCount": 13.0,
    "_stemRadius": 0.012145170010626316,
    "_leafCount": 8.0,
    "_edgeRingCount": 52.0,
    "startPos": {
        "x": 0.0,
        "y": 0.0,
        "z": 0.0
    },
    "tangent1": {
        "x": -0.027642201632261277,
        "y": 1.1979093551635743,
        "z": 0.21790778636932374
    },
    "tangent2": {
        "x": 0.14446203410625459,
        "y": 3.0935094356536867,
        "z": -0.12150385975837708
    },
    "endPos": {
        "x": -0.22263948619365693,
        "y": 5.211321830749512,
        "z": -0.8891022205352783
    }
}