{
    "_horizontalLines": 16.0,
    "_verticalLines": 19.0,
    "_radius": 0.04127464443445206,
    "_petalColour": {
        "r": 0.42420774698257449,
        "g": 0.22770226001739503,
        "b": 0.7011947631835938,
        "a": 1.0
    },
    "_cylinderVertexCount": 13.0,
    "_stemRadius": 0.021642975509166719,
    "_leafCount": 8.0,
    "_edgeRingCount": 60.0,
    "startPos": {
        "x": 0.0,
        "y": 0.0,
        "z": 0.0
    },
    "tangent1": {
        "x": -0.49332696199417117,
        "y": 1.0888465642929078,
        "z": 0.47867655754089358
    },
    "tangent2": {
        "x": -0.6916605234146118,
        "y": 2.771595001220703,
        "z": 0.9545477628707886
    },
    "endPos": {
        "x": -0.13356178998947144,
        "y": 5.6664886474609379,
        "z": 0.1885111927986145
    }
}