{
    "_horizontalLines": 15.0,
    "_verticalLines": 16.0,
    "_radius": 0.08202768862247467,
    "_petalColour": {
        "r": 0.8683867454528809,
        "g": 0.8845875263214111,
        "b": 0.5298234820365906,
        "a": 1.0
    },
    "_cylinderVertexCount": 14.0,
    "_stemRadius": 0.07816420495510102,
    "_leafCount": 8.0,
    "_edgeRingCount": 55.0,
    "startPos": {
        "x": 0.0,
        "y": 0.0,
        "z": 0.0
    },
    "tangent1": {
        "x": -0.2452712506055832,
        "y": 0.9910955429077148,
        "z": 0.031420182436704639
    },
    "tangent2": {
        "x": -0.21257123351097108,
        "y": 2.8908748626708986,
        "z": -0.34372392296791079
    },
    "endPos": {
        "x": -0.38231152296066286,
        "y": 5.439713954925537,
        "z": -0.6633341312408447
    }
}