{
    "_horizontalLines": 18.0,
    "_verticalLines": 18.0,
    "_radius": 0.11983640491962433,
    "_petalColour": {
        "r": 0.8364452123641968,
        "g": 0.8178976774215698,
        "b": 0.11405801773071289,
        "a": 1.0
    },
    "_cylinderVertexCount": 12.0,
    "_stemRadius": 0.10763266682624817,
    "_leafCount": 8.0,
    "_edgeRingCount": 34.0,
    "startPos": {
        "x": 0.0,
        "y": 0.0,
        "z": 0.0
    },
    "tangent1": {
        "x": 0.3132602870464325,
        "y": 0.43688124418258669,
        "z": -0.37035199999809267
    },
    "tangent2": {
        "x": -0.03478601574897766,
        "y": 0.6413816213607788,
        "z": -0.061645716428756717
    },
    "endPos": {
        "x": -0.9008703231811523,
        "y": 4.0,
        "z": -0.01869839057326317
    }
}