{
    "_horizontalLines": 19.0,
    "_verticalLines": 19.0,
    "_radius": 0.05468117818236351,
    "_petalColour": {
        "r": 0.007246851921081543,
        "g": 0.14907121658325196,
        "b": 0.42838162183761599,
        "a": 1.0
    },
    "_cylinderVertexCount": 6.0,
    "_stemRadius": 0.04744702950119972,
    "_leafCount": 8.0,
    "_edgeRingCount": 61.0,
    "startPos": {
        "x": 0.0,
        "y": 0.0,
        "z": 0.0
    },
    "tangent1": {
        "x": -0.11178259551525116,
        "y": 1.408437728881836,
        "z": 0.37343141436576846
    },
    "tangent2": {
        "x": -0.20721435546875,
        "y": 1.8157594203948975,
        "z": 0.8669660091400147
    },
    "endPos": {
        "x": 0.026971369981765748,
        "y": 4.942139625549316,
        "z": 0.42420387268066409
    }
}