{
    "_horizontalLines": 17.0,
    "_verticalLines": 16.0,
    "_radius": 0.10426893085241318,
    "_petalColour": {
        "r": 0.6000763773918152,
        "g": 0.2237454652786255,
        "b": 0.7030878067016602,
        "a": 1.0
    },
    "_cylinderVertexCount": 14.0,
    "_stemRadius": 0.06146543473005295,
    "_leafCount": 8.0,
    "_edgeRingCount": 50.0,
    "startPos": {
        "x": 0.0,
        "y": 0.0,
        "z": 0.0
    },
    "tangent1": {
        "x": -0.3258951008319855,
        "y": 0.9486158490180969,
        "z": -0.3546084463596344
    },
    "tangent2": {
        "x": -0.7102937698364258,
        "y": 1.7380425930023194,
        "z": -0.19908468425273896
    },
    "endPos": {
        "x": -0.6612381339073181,
        "y": 4.0,
        "z": 0.11280225217342377
    }
}