{
    "_horizontalLines": 17.0,
    "_verticalLines": 17.0,
    "_radius": 0.10841947048902512,
    "_petalColour": {
        "r": 0.0009378194808959961,
        "g": 0.015565037727355957,
        "b": 0.21370196342468263,
        "a": 1.0
    },
    "_cylinderVertexCount": 11.0,
    "_stemRadius": 0.06428046524524689,
    "_leafCount": 8.0,
    "_edgeRingCount": 22.0,
    "startPos": {
        "x": 0.0,
        "y": 0.0,
        "z": 0.0
    },
    "tangent1": {
        "x": 0.17472384870052339,
        "y": 1.9729763269424439,
        "z": 0.3704696595668793
    },
    "tangent2": {
        "x": -0.09934641420841217,
        "y": 2.368844509124756,
        "z": -0.016789734363555909
    },
    "endPos": {
        "x": -0.29962295293807986,
        "y": 4.81842565536499,
        "z": -0.8519947528839111
    }
}