{
    "_horizontalLines": 18.0,
    "_verticalLines": 15.0,
    "_radius": 0.10678037256002426,
    "_petalColour": {
        "r": 0.46116477251052859,
        "g": 0.21368169784545899,
        "b": 0.8636839389801025,
        "a": 1.0
    },
    "_cylinderVertexCount": 11.0,
    "_stemRadius": 0.05782405287027359,
    "_leafCount": 8.0,
    "_edgeRingCount": 44.0,
    "startPos": {
        "x": 0.0,
        "y": 0.0,
        "z": 0.0
    },
    "tangent1": {
        "x": 0.42418575286865237,
        "y": 1.9144150018692017,
        "z": 0.34667322039604189
    },
    "tangent2": {
        "x": 0.8448977470397949,
        "y": 2.772951602935791,
        "z": 0.6953563690185547
    },
    "endPos": {
        "x": 0.23265427350997926,
        "y": 6.099255561828613,
        "z": 0.8481582403182983
    }
}