{
    "_horizontalLines": 16.0,
    "_verticalLines": 19.0,
    "_radius": 0.06429825723171234,
    "_petalColour": {
        "r": 0.37083035707473757,
        "g": 0.30620986223220827,
        "b": 0.24529778957366944,
        "a": 1.0
    },
    "_cylinderVertexCount": 14.0,
    "_stemRadius": 0.05562678724527359,
    "_leafCount": 8.0,
    "_edgeRingCount": 35.0,
    "startPos": {
        "x": 0.0,
        "y": 0.0,
        "z": 0.0
    },
    "tangent1": {
        "x": 0.22990188002586366,
        "y": 1.0128703117370606,
        "z": -0.3474484384059906
    },
    "tangent2": {
        "x": 0.02417425811290741,
        "y": 2.1101937294006349,
        "z": -0.26402175426483157
    },
    "endPos": {
        "x": 0.07054515182971955,
        "y": 4.0,
        "z": 0.5996422171592712
    }
}