{
    "_horizontalLines": 17.0,
    "_verticalLines": 16.0,
    "_radius": 0.0939764529466629,
    "_petalColour": {
        "r": 0.7157689332962036,
        "g": 0.19230401515960694,
        "b": 0.1863086223602295,
        "a": 1.0
    },
    "_cylinderVertexCount": 5.0,
    "_stemRadius": 0.0806138813495636,
    "_leafCount": 8.0,
    "_edgeRingCount": 24.0,
    "startPos": {
        "x": 0.0,
        "y": 0.0,
        "z": 0.0
    },
    "tangent1": {
        "x": -0.07912211120128632,
        "y": 1.8024829626083375,
        "z": -0.024995040148496629
    },
    "tangent2": {
        "x": -0.14415955543518067,
        "y": 2.1382524967193605,
        "z": -0.40312737226486208
    },
    "endPos": {
        "x": -0.940936803817749,
        "y": 5.370223522186279,
        "z": -0.6154619455337524
    }
}