{
    "_horizontalLines": 17.0,
    "_verticalLines": 17.0,
    "_radius": 0.08146970719099045,
    "_petalColour": {
        "r": 0.37927383184432986,
        "g": 0.25612229108810427,
        "b": 0.8496137857437134,
        "a": 1.0
    },
    "_cylinderVertexCount": 12.0,
    "_stemRadius": 0.044724367558956149,
    "_leafCount": 8.0,
    "_edgeRingCount": 32.0,
    "startPos": {
        "x": 0.0,
        "y": 0.0,
        "z": 0.0
    },
    "tangent1": {
        "x": -0.23015375435352326,
        "y": 1.8590255975723267,
        "z": -0.4358770251274109
    },
    "tangent2": {
        "x": 0.22469158470630647,
        "y": 3.4017038345336916,
        "z": -0.798114001750946
    },
    "endPos": {
        "x": 1.0899131298065186,
        "y": 4.591323375701904,
        "z": -0.004826188087463379
    }
}