{
    "_horizontalLines": 17.0,
    "_verticalLines": 19.0,
    "_radius": 0.10324624925851822,
    "_petalColour": {
        "r": 0.5762130618095398,
        "g": 0.19804823398590089,
        "b": 0.18102514743804933,
        "a": 1.0
    },
    "_cylinderVertexCount": 8.0,
    "_stemRadius": 0.06705348938703537,
    "_leafCount": 8.0,
    "_edgeRingCount": 5.0,
    "startPos": {
        "x": 0.0,
        "y": 0.0,
        "z": 0.0
    },
    "tangent1": {
        "x": 0.028691578656435014,
        "y": 0.31380289793014529,
        "z": 0.08864359557628632
    },
    "tangent2": {
        "x": 0.5204089879989624,
        "y": 1.1508054733276368,
        "z": 0.5326328873634338
    },
    "endPos": {
        "x": 0.5740483403205872,
        "y": 4.0,
        "z": -0.32007884979248049
    }
}