{
    "_horizontalLines": 17.0,
    "_verticalLines": 18.0,
    "_radius": 0.10044906288385391,
    "_petalColour": {
        "r": 0.8574416637420654,
        "g": 0.39462822675704958,
        "b": 0.4488949179649353,
        "a": 1.0
    },
    "_cylinderVertexCount": 12.0,
    "_stemRadius": 0.07384809106588364,
    "_leafCount": 8.0,
    "_edgeRingCount": 46.0,
    "startPos": {
        "x": 0.0,
        "y": 0.0,
        "z": 0.0
    },
    "tangent1": {
        "x": -0.01905517652630806,
        "y": 0.5173438787460327,
        "z": -0.20555762946605683
    },
    "tangent2": {
        "x": 0.16591958701610566,
        "y": 1.8226935863494874,
        "z": 0.20623664557933808
    },
    "endPos": {
        "x": 0.3284475803375244,
        "y": 5.1359944343566898,
        "z": 0.09756293147802353
    }
}