{
    "_horizontalLines": 15.0,
    "_verticalLines": 15.0,
    "_radius": 0.13425929844379426,
    "_petalColour": {
        "r": 0.06711578369140625,
        "g": 0.733514666557312,
        "b": 0.39040595293045046,
        "a": 1.0
    },
    "_cylinderVertexCount": 11.0,
    "_stemRadius": 0.11500468850135803,
    "_leafCount": 8.0,
    "_edgeRingCount": 38.0,
    "startPos": {
        "x": 0.0,
        "y": 0.0,
        "z": 0.0
    },
    "tangent1": {
        "x": -0.04404311254620552,
        "y": 0.11302833259105683,
        "z": -0.4114413261413574
    },
    "tangent2": {
        "x": -0.016534805297851564,
        "y": 0.4791761636734009,
        "z": -0.8718336820602417
    },
    "endPos": {
        "x": -0.27951905131340029,
        "y": 4.0,
        "z": -1.294368863105774
    }
}