{
    "_horizontalLines": 15.0,
    "_verticalLines": 16.0,
    "_radius": 0.08253836631774903,
    "_petalColour": {
        "r": 0.4643102288246155,
        "g": 0.6127327084541321,
        "b": 0.5640602707862854,
        "a": 1.0
    },
    "_cylinderVertexCount": 11.0,
    "_stemRadius": 0.0794086754322052,
    "_leafCount": 8.0,
    "_edgeRingCount": 63.0,
    "startPos": {
        "x": 0.0,
        "y": 0.0,
        "z": 0.0
    },
    "tangent1": {
        "x": 0.4116063117980957,
        "y": 1.0242385864257813,
        "z": -0.044076014310121539
    },
    "tangent2": {
        "x": 0.41483086347579958,
        "y": 2.18466854095459,
        "z": 0.2928704619407654
    },
    "endPos": {
        "x": 0.03463223576545715,
        "y": 4.0,
        "z": 0.6580767631530762
    }
}