{
    "_horizontalLines": 17.0,
    "_verticalLines": 17.0,
    "_radius": 0.0347319096326828,
    "_petalColour": {
        "r": 0.6260635852813721,
        "g": 0.03392040729522705,
        "b": 0.12788212299346925,
        "a": 1.0
    },
    "_cylinderVertexCount": 11.0,
    "_stemRadius": -0.005537886172533035,
    "_leafCount": 8.0,
    "_edgeRingCount": 50.0,
    "startPos": {
        "x": 0.0,
        "y": 0.0,
        "z": 0.0
    },
    "tangent1": {
        "x": -0.047098446637392047,
        "y": 1.9741992950439454,
        "z": -0.358516126871109
    },
    "tangent2": {
        "x": 0.37647780776023867,
        "y": 2.916416883468628,
        "z": -0.675885796546936
    },
    "endPos": {
        "x": 0.6664333343505859,
        "y": 6.070600509643555,
        "z": -0.22003966569900514
    }
}