{
    "_horizontalLines": 15.0,
    "_verticalLines": 16.0,
    "_radius": 0.1033044084906578,
    "_petalColour": {
        "r": 0.9283071756362915,
        "g": 0.4613369107246399,
        "b": 0.9896469116210938,
        "a": 1.0
    },
    "_cylinderVertexCount": 9.0,
    "_stemRadius": 0.09940885752439499,
    "_leafCount": 8.0,
    "_edgeRingCount": 11.0,
    "startPos": {
        "x": 0.0,
        "y": 0.0,
        "z": 0.0
    },
    "tangent1": {
        "x": -0.44784364104270937,
        "y": 0.7768563628196716,
        "z": -0.03582949563860893
    },
    "tangent2": {
        "x": -0.19516536593437196,
        "y": 0.8867179155349731,
        "z": -0.13670459389686585
    },
    "endPos": {
        "x": -0.05699498951435089,
        "y": 4.0,
        "z": -0.6398638486862183
    }
}