{
    "_horizontalLines": 17.0,
    "_verticalLines": 16.0,
    "_radius": 0.08229570090770722,
    "_petalColour": {
        "r": 0.3248749375343323,
        "g": 0.3708793520927429,
        "b": 0.6256827116012573,
        "a": 1.0
    },
    "_cylinderVertexCount": 9.0,
    "_stemRadius": 0.07090561836957932,
    "_leafCount": 8.0,
    "_edgeRingCount": 23.0,
    "startPos": {
        "x": 0.0,
        "y": 0.0,
        "z": 0.0
    },
    "tangent1": {
        "x": 0.22970044612884522,
        "y": 0.7966837882995606,
        "z": -0.2830076217651367
    },
    "tangent2": {
        "x": -0.20081570744514466,
        "y": 1.4025321006774903,
        "z": 0.023984789848327638
    },
    "endPos": {
        "x": -0.11909078806638718,
        "y": 4.0,
        "z": 0.19499538838863374
    }
}