{
    "_horizontalLines": 19.0,
    "_verticalLines": 17.0,
    "_radius": 0.06640968471765518,
    "_petalColour": {
        "r": 0.29690927267074587,
        "g": 0.961654543876648,
        "b": 0.934505820274353,
        "a": 1.0
    },
    "_cylinderVertexCount": 14.0,
    "_stemRadius": 0.018721016123890878,
    "_leafCount": 8.0,
    "_edgeRingCount": 55.0,
    "startPos": {
        "x": 0.0,
        "y": 0.0,
        "z": 0.0
    },
    "tangent1": {
        "x": -0.22134800255298615,
        "y": 1.9030141830444337,
        "z": 0.46996212005615237
    },
    "tangent2": {
        "x": 0.040585681796073917,
        "y": 2.282846212387085,
        "z": 0.7427277565002441
    },
    "endPos": {
        "x": 0.4950104355812073,
        "y": 5.116063117980957,
        "z": 1.581606149673462
    }
}