{
    "_horizontalLines": 17.0,
    "_verticalLines": 15.0,
    "_radius": 0.1320231854915619,
    "_petalColour": {
        "r": 0.6766135692596436,
        "g": 0.2947377562522888,
        "b": 0.36389726400375368,
        "a": 1.0
    },
    "_cylinderVertexCount": 11.0,
    "_stemRadius": 0.08514349162578583,
    "_leafCount": 8.0,
    "_edgeRingCount": 17.0,
    "startPos": {
        "x": 0.0,
        "y": 0.0,
        "z": 0.0
    },
    "tangent1": {
        "x": 0.4040399491786957,
        "y": 0.2267896682024002,
        "z": -0.4319177567958832
    },
    "tangent2": {
        "x": 0.7495379447937012,
        "y": 1.5377867221832276,
        "z": -0.0684208869934082
    },
    "endPos": {
        "x": 0.029464542865753175,
        "y": 4.0,
        "z": -0.10928496718406677
    }
}