{
    "_horizontalLines": 15.0,
    "_verticalLines": 15.0,
    "_radius": 0.017750363796949388,
    "_petalColour": {
        "r": 0.7251104116439819,
        "g": 0.9405256509780884,
        "b": 0.9825543165206909,
        "a": 1.0
    },
    "_cylinderVertexCount": 9.0,
    "_stemRadius": 0.004491242580115795,
    "_leafCount": 8.0,
    "_edgeRingCount": 55.0,
    "startPos": {
        "x": 0.0,
        "y": 0.0,
        "z": 0.0
    },
    "tangent1": {
        "x": -0.13024325668811799,
        "y": 1.0745611190795899,
        "z": -0.08087606728076935
    },
    "tangent2": {
        "x": -0.11167287826538086,
        "y": 2.8598055839538576,
        "z": -0.4224918484687805
    },
    "endPos": {
        "x": 0.27990275621414187,
        "y": 4.657709121704102,
        "z": -1.1672855615615845
    }
}