{
    "_horizontalLines": 9,
    "_verticalLines": 7,
    "_radius": 0.007156971376389265,
    "_petalColour": {
        "r": 0.26123374700546267,
        "g": 0.8379431962966919,
        "b": 0.8279393911361694,
        "a": 1.0
    },
    "_cylinderVertexCount": 11,
    "_stemRadius": 0.006234596483409405,
    "_leafCount": 8,
    "_edgeRingCount": 59,
    "startPos": {
        "x": 0.04534449428319931,
        "y": 0.5855657458305359,
        "z": 0.03360631316900253
    },
    "tangent1": {
        "x": 0.46110978722572329,
        "y": 1.2493973970413209,
        "z": -0.4646657109260559
    },
    "tangent2": {
        "x": 0.6707158088684082,
        "y": 2.1074938774108888,
        "z": -0.947750449180603
    },
    "endPos": {
        "x": 1.38444185256958,
        "y": 3.551067352294922,
        "z": -1.3576171398162842
    }
}