{
    "_horizontalLines": 15.0,
    "_verticalLines": 17.0,
    "_radius": 0.04200366884469986,
    "_petalColour": {
        "r": 0.4878538250923157,
        "g": 0.2577638030052185,
        "b": 0.830954909324646,
        "a": 1.0
    },
    "_cylinderVertexCount": 6.0,
    "_stemRadius": 0.0006672181189060211,
    "_leafCount": 8.0,
    "_edgeRingCount": 55.0,
    "startPos": {
        "x": 0.0,
        "y": 0.0,
        "z": 0.0
    },
    "tangent1": {
        "x": -0.065310999751091,
        "y": 0.1854560822248459,
        "z": 0.3118516802787781
    },
    "tangent2": {
        "x": -0.5210246443748474,
        "y": 0.5554577112197876,
        "z": 0.7958640456199646
    },
    "endPos": {
        "x": -1.3048996925354005,
        "y": 4.0,
        "z": 0.7473591566085815
    }
}