{
    "_horizontalLines": 11.0,
    "_verticalLines": 12.0,
    "_radius": 0.18547432124614716,
    "_petalColour": {
        "r": 0.8957552909851074,
        "g": 0.47787266969680788,
        "b": 0.727637529373169,
        "a": 1.0
    },
    "_cylinderVertexCount": 7.0,
    "_stemRadius": 0.13823792338371278,
    "_leafCount": 8.0,
    "_edgeRingCount": 30.0,
    "startPos": {
        "x": -0.03768060356378555,
        "y": 0.682124674320221,
        "z": 0.2198408842086792
    },
    "tangent1": {
        "x": -0.2201327681541443,
        "y": 2.118861675262451,
        "z": 0.6855725049972534
    },
    "tangent2": {
        "x": -0.24826835095882417,
        "y": 3.1686363220214845,
        "z": 0.3275723159313202
    },
    "endPos": {
        "x": -0.6927391290664673,
        "y": 3.7590956687927248,
        "z": 0.3561778664588928
    }
}