{
    "_horizontalLines": 16.0,
    "_verticalLines": 16.0,
    "_radius": 0.1267371028661728,
    "_petalColour": {
        "r": 0.6885091066360474,
        "g": 0.759299635887146,
        "b": 0.8296235799789429,
        "a": 1.0
    },
    "_cylinderVertexCount": 6.0,
    "_stemRadius": 0.08947742730379105,
    "_leafCount": 8.0,
    "_edgeRingCount": 39.0,
    "startPos": {
        "x": 0.0,
        "y": 0.0,
        "z": 0.0
    },
    "tangent1": {
        "x": -0.40726202726364138,
        "y": 1.5793575048446656,
        "z": 0.36786210536956789
    },
    "tangent2": {
        "x": -0.3925689458847046,
        "y": 2.3134663105010988,
        "z": 0.20770661532878877
    },
    "endPos": {
        "x": -0.5360985398292542,
        "y": 4.0,
        "z": -0.31515830755233767
    }
}