{
    "_horizontalLines": 15.0,
    "_verticalLines": 16.0,
    "_radius": 0.09342274814844132,
    "_petalColour": {
        "r": 0.49595576524734499,
        "g": 0.18616950511932374,
        "b": 0.05454444885253906,
        "a": 1.0
    },
    "_cylinderVertexCount": 8.0,
    "_stemRadius": 0.08042290806770325,
    "_leafCount": 8.0,
    "_edgeRingCount": 56.0,
    "startPos": {
        "x": 0.0,
        "y": 0.0,
        "z": 0.0
    },
    "tangent1": {
        "x": -0.3813847601413727,
        "y": 0.5249822735786438,
        "z": -0.040636349469423297
    },
    "tangent2": {
        "x": -0.140329509973526,
        "y": 2.454963207244873,
        "z": 0.26089900732040408
    },
    "endPos": {
        "x": 0.3986831605434418,
        "y": 4.260822296142578,
        "z": 0.2888144552707672
    }
}