{
    "_horizontalLines": 15.0,
    "_verticalLines": 18.0,
    "_radius": 0.10758547484874726,
    "_petalColour": {
        "r": 0.7778750658035278,
        "g": 0.31923943758010867,
        "b": 0.7660839557647705,
        "a": 1.0
    },
    "_cylinderVertexCount": 11.0,
    "_stemRadius": 0.07641077786684036,
    "_leafCount": 8.0,
    "_edgeRingCount": 57.0,
    "startPos": {
        "x": 0.0,
        "y": 0.0,
        "z": 0.0
    },
    "tangent1": {
        "x": -0.10358528792858124,
        "y": 0.7724578976631165,
        "z": 0.4101700782775879
    },
    "tangent2": {
        "x": -0.5410427451133728,
        "y": 1.580930471420288,
        "z": 0.7482271194458008
    },
    "endPos": {
        "x": -0.5381750464439392,
        "y": 4.0,
        "z": 1.2266318798065186
    }
}