{
    "_horizontalLines": 18.0,
    "_verticalLines": 16.0,
    "_radius": 0.07560193538665772,
    "_petalColour": {
        "r": 0.6612277030944824,
        "g": 0.27910691499710085,
        "b": 0.7193218469619751,
        "a": 1.0
    },
    "_cylinderVertexCount": 14.0,
    "_stemRadius": 0.05747220665216446,
    "_leafCount": 8.0,
    "_edgeRingCount": 44.0,
    "startPos": {
        "x": 0.0,
        "y": 0.0,
        "z": 0.0
    },
    "tangent1": {
        "x": 0.08909635245800019,
        "y": 0.5453594326972961,
        "z": 0.0038580417167395355
    },
    "tangent2": {
        "x": 0.3970211148262024,
        "y": 2.4825761318206789,
        "z": -0.08675011992454529
    },
    "endPos": {
        "x": 0.9700549244880676,
        "y": 4.2779541015625,
        "z": 0.6669772863388062
    }
}