{
    "_horizontalLines": 15.0,
    "_verticalLines": 19.0,
    "_radius": 0.09066585451364517,
    "_petalColour": {
        "r": 0.7066589593887329,
        "g": 0.24905657768249513,
        "b": 0.07617604732513428,
        "a": 1.0
    },
    "_cylinderVertexCount": 13.0,
    "_stemRadius": 0.054634179919958118,
    "_leafCount": 8.0,
    "_edgeRingCount": 56.0,
    "startPos": {
        "x": 0.0,
        "y": 0.0,
        "z": 0.0
    },
    "tangent1": {
        "x": 0.34328576922416689,
        "y": 0.0025604248512536289,
        "z": 0.38782939314842226
    },
    "tangent2": {
        "x": 0.47434061765670779,
        "y": 0.6118993759155273,
        "z": 0.2998744249343872
    },
    "endPos": {
        "x": 0.7198781967163086,
        "y": 4.0,
        "z": 0.9495607018470764
    }
}