{
    "_horizontalLines": 19.0,
    "_verticalLines": 16.0,
    "_radius": 0.10152377933263779,
    "_petalColour": {
        "r": 0.4679461121559143,
        "g": 0.538320004940033,
        "b": 0.7058008909225464,
        "a": 1.0
    },
    "_cylinderVertexCount": 11.0,
    "_stemRadius": 0.07286050170660019,
    "_leafCount": 8.0,
    "_edgeRingCount": 5.0,
    "startPos": {
        "x": 0.0,
        "y": 0.0,
        "z": 0.0
    },
    "tangent1": {
        "x": 0.4071260392665863,
        "y": 0.6896612048149109,
        "z": 0.3522396981716156
    },
    "tangent2": {
        "x": 0.6577273607254028,
        "y": 1.603151798248291,
        "z": 0.6478580236434937
    },
    "endPos": {
        "x": 1.3003315925598145,
        "y": 4.959716796875,
        "z": 0.8781064748764038
    }
}