{
    "_horizontalLines": 17.0,
    "_verticalLines": 19.0,
    "_radius": 0.08513273298740387,
    "_petalColour": {
        "r": 0.250213086605072,
        "g": 0.05803573131561279,
        "b": 0.34026557207107546,
        "a": 1.0
    },
    "_cylinderVertexCount": 5.0,
    "_stemRadius": 0.05142507329583168,
    "_leafCount": 8.0,
    "_edgeRingCount": 37.0,
    "startPos": {
        "x": 0.0,
        "y": 0.0,
        "z": 0.0
    },
    "tangent1": {
        "x": -0.4992660582065582,
        "y": 1.3058615922927857,
        "z": -0.4763334393501282
    },
    "tangent2": {
        "x": -0.02530500292778015,
        "y": 1.387574553489685,
        "z": -0.843464732170105
    },
    "endPos": {
        "x": -0.43890100717544558,
        "y": 4.0,
        "z": -1.0946663618087769
    }
}