{
    "_horizontalLines": 17.0,
    "_verticalLines": 15.0,
    "_radius": 0.047937680035829547,
    "_petalColour": {
        "r": 0.12017560005187988,
        "g": 0.8717080354690552,
        "b": 0.24354588985443116,
        "a": 1.0
    },
    "_cylinderVertexCount": 5.0,
    "_stemRadius": 0.01807788945734501,
    "_leafCount": 8.0,
    "_edgeRingCount": 35.0,
    "startPos": {
        "x": 0.0,
        "y": 0.0,
        "z": 0.0
    },
    "tangent1": {
        "x": -0.06268163025379181,
        "y": 0.8890209197998047,
        "z": 0.4005350172519684
    },
    "tangent2": {
        "x": -0.4431527853012085,
        "y": 1.7256786823272706,
        "z": 0.7504185438156128
    },
    "endPos": {
        "x": -0.8938841819763184,
        "y": 4.001987457275391,
        "z": 0.29911482334136965
    }
}