{
    "_horizontalLines": 16.0,
    "_verticalLines": 15.0,
    "_radius": 0.09350773692131043,
    "_petalColour": {
        "r": 0.9425251483917236,
        "g": 0.43131428956985476,
        "b": 0.0228729248046875,
        "a": 1.0
    },
    "_cylinderVertexCount": 10.0,
    "_stemRadius": 0.07629875838756561,
    "_leafCount": 8.0,
    "_edgeRingCount": 13.0,
    "startPos": {
        "x": 0.0,
        "y": 0.0,
        "z": 0.0
    },
    "tangent1": {
        "x": -0.4697442948818207,
        "y": 0.9138109087944031,
        "z": 0.4764517843723297
    },
    "tangent2": {
        "x": -0.4142381250858307,
        "y": 1.2252200841903687,
        "z": 0.9208883047103882
    },
    "endPos": {
        "x": -0.4904211163520813,
        "y": 4.0,
        "z": 1.3031418323516846
    }
}