{
    "_horizontalLines": 18.0,
    "_verticalLines": 19.0,
    "_radius": 0.10832466930150986,
    "_petalColour": {
        "r": 0.37488359212875368,
        "g": 0.11546206474304199,
        "b": 0.10902345180511475,
        "a": 1.0
    },
    "_cylinderVertexCount": 8.0,
    "_stemRadius": 0.080972820520401,
    "_leafCount": 8.0,
    "_edgeRingCount": 10.0,
    "startPos": {
        "x": 0.0,
        "y": 0.0,
        "z": 0.0
    },
    "tangent1": {
        "x": -0.37873342633247378,
        "y": 1.6071010828018189,
        "z": -0.23284439742565156
    },
    "tangent2": {
        "x": -0.8240245580673218,
        "y": 3.563943862915039,
        "z": -0.5106641054153442
    },
    "endPos": {
        "x": -0.21161425113677979,
        "y": 5.075727939605713,
        "z": 0.21292036771774293
    }
}