{
    "_horizontalLines": 15.0,
    "_verticalLines": 19.0,
    "_radius": 0.0772910863161087,
    "_petalColour": {
        "r": 0.3264605402946472,
        "g": 0.4274982810020447,
        "b": 0.8802090883255005,
        "a": 1.0
    },
    "_cylinderVertexCount": 10.0,
    "_stemRadius": 0.06961684674024582,
    "_leafCount": 8.0,
    "_edgeRingCount": 61.0,
    "startPos": {
        "x": 0.0,
        "y": 0.0,
        "z": 0.0
    },
    "tangent1": {
        "x": -0.2020004242658615,
        "y": 0.47559183835983279,
        "z": -0.3106001913547516
    },
    "tangent2": {
        "x": -0.20698651671409608,
        "y": 0.8095191717147827,
        "z": -0.49813902378082278
    },
    "endPos": {
        "x": 0.06896752119064331,
        "y": 4.0,
        "z": -0.019559144973754884
    }
}