{
    "_horizontalLines": 17.0,
    "_verticalLines": 17.0,
    "_radius": 0.034464627504348758,
    "_petalColour": {
        "r": 0.24091839790344239,
        "g": 0.0757213830947876,
        "b": 0.14803767204284669,
        "a": 1.0
    },
    "_cylinderVertexCount": 13.0,
    "_stemRadius": 0.005144781433045864,
    "_leafCount": 8.0,
    "_edgeRingCount": 17.0,
    "startPos": {
        "x": 0.0,
        "y": 0.0,
        "z": 0.0
    },
    "tangent1": {
        "x": -0.23824067413806916,
        "y": 0.0019977570045739414,
        "z": 0.4531869888305664
    },
    "tangent2": {
        "x": -0.2338418960571289,
        "y": 1.9587130546569825,
        "z": 0.38451439142227175
    },
    "endPos": {
        "x": -0.38586467504501345,
        "y": 5.010737419128418,
        "z": -0.41572755575180056
    }
}