{
    "_horizontalLines": 19.0,
    "_verticalLines": 16.0,
    "_radius": 0.14018724858760835,
    "_petalColour": {
        "r": 0.07193243503570557,
        "g": 0.17360234260559083,
        "b": 0.7561942338943481,
        "a": 1.0
    },
    "_cylinderVertexCount": 13.0,
    "_stemRadius": 0.12470117211341858,
    "_leafCount": 8.0,
    "_edgeRingCount": 49.0,
    "startPos": {
        "x": 0.0,
        "y": 0.0,
        "z": 0.0
    },
    "tangent1": {
        "x": 0.16827428340911866,
        "y": 0.2399122267961502,
        "z": -0.342679500579834
    },
    "tangent2": {
        "x": 0.2736580967903137,
        "y": 0.36725369095802309,
        "z": -0.35400718450546267
    },
    "endPos": {
        "x": 0.21332451701164246,
        "y": 4.0,
        "z": -1.1492658853530884
    }
}