{
    "_horizontalLines": 19.0,
    "_verticalLines": 17.0,
    "_radius": 0.15693359076976777,
    "_petalColour": {
        "r": 0.30891352891921999,
        "g": 0.3131503462791443,
        "b": 0.7685014009475708,
        "a": 1.0
    },
    "_cylinderVertexCount": 13.0,
    "_stemRadius": 0.10962194204330445,
    "_leafCount": 8.0,
    "_edgeRingCount": 37.0,
    "startPos": {
        "x": 0.0,
        "y": 0.0,
        "z": 0.0
    },
    "tangent1": {
        "x": 0.3842158317565918,
        "y": 1.6569640636444092,
        "z": 0.33089911937713625
    },
    "tangent2": {
        "x": 0.14202003180980683,
        "y": 2.6882104873657228,
        "z": 0.4915875196456909
    },
    "endPos": {
        "x": 0.6515341401100159,
        "y": 4.1215949058532719,
        "z": 1.272460699081421
    }
}