{
    "_horizontalLines": 15.0,
    "_verticalLines": 19.0,
    "_radius": 0.08334704488515854,
    "_petalColour": {
        "r": 0.664597749710083,
        "g": 0.8330979347229004,
        "b": 0.5452700257301331,
        "a": 1.0
    },
    "_cylinderVertexCount": 10.0,
    "_stemRadius": 0.049458764493465427,
    "_leafCount": 8.0,
    "_edgeRingCount": 12.0,
    "startPos": {
        "x": 0.0,
        "y": 0.0,
        "z": 0.0
    },
    "tangent1": {
        "x": -0.03192610666155815,
        "y": 1.0493987798690797,
        "z": 0.04881172254681587
    },
    "tangent2": {
        "x": 0.23255948722362519,
        "y": 1.9746936559677125,
        "z": 0.4374578595161438
    },
    "endPos": {
        "x": 0.5130281448364258,
        "y": 5.264689922332764,
        "z": 1.184263825416565
    }
}