{
    "_horizontalLines": 17.0,
    "_verticalLines": 19.0,
    "_radius": 0.06655119359493256,
    "_petalColour": {
        "r": 0.3896593451499939,
        "g": 0.5537511706352234,
        "b": 0.23243987560272218,
        "a": 1.0
    },
    "_cylinderVertexCount": 11.0,
    "_stemRadius": 0.022330310195684434,
    "_leafCount": 8.0,
    "_edgeRingCount": 58.0,
    "startPos": {
        "x": 0.0,
        "y": 0.0,
        "z": 0.0
    },
    "tangent1": {
        "x": 0.2156999111175537,
        "y": 1.0048456192016602,
        "z": 0.05576629564166069
    },
    "tangent2": {
        "x": 0.28939777612686159,
        "y": 2.744168996810913,
        "z": 0.4176951050758362
    },
    "endPos": {
        "x": 0.8143044114112854,
        "y": 4.50115442276001,
        "z": -0.12149947881698609
    }
}