{
    "_horizontalLines": 18.0,
    "_verticalLines": 15.0,
    "_radius": 0.07145005464553833,
    "_petalColour": {
        "r": 0.9424769878387451,
        "g": 0.8696144819259644,
        "b": 0.7755292654037476,
        "a": 1.0
    },
    "_cylinderVertexCount": 9.0,
    "_stemRadius": 0.06319714337587357,
    "_leafCount": 8.0,
    "_edgeRingCount": 63.0,
    "startPos": {
        "x": 0.0,
        "y": 0.0,
        "z": 0.0
    },
    "tangent1": {
        "x": -0.12789182364940644,
        "y": 1.9271869659423829,
        "z": 0.38750991225242617
    },
    "tangent2": {
        "x": -0.6249841451644898,
        "y": 2.6077115535736086,
        "z": 0.5722174644470215
    },
    "endPos": {
        "x": -1.3239340782165528,
        "y": 5.940859317779541,
        "z": 0.7169582843780518
    }
}