{
    "_horizontalLines": 18.0,
    "_verticalLines": 16.0,
    "_radius": 0.04056944698095322,
    "_petalColour": {
        "r": 0.798430323600769,
        "g": 0.06824231147766113,
        "b": 0.7661275863647461,
        "a": 1.0
    },
    "_cylinderVertexCount": 11.0,
    "_stemRadius": 0.00715937465429306,
    "_leafCount": 8.0,
    "_edgeRingCount": 31.0,
    "startPos": {
        "x": 0.0,
        "y": 0.0,
        "z": 0.0
    },
    "tangent1": {
        "x": -0.18948550522327424,
        "y": 1.3353443145751954,
        "z": -0.2004224807024002
    },
    "tangent2": {
        "x": -0.6376691460609436,
        "y": 2.9184961318969728,
        "z": -0.4400717318058014
    },
    "endPos": {
        "x": 0.2044816017150879,
        "y": 4.0,
        "z": -0.2818451523780823
    }
}