{
    "_horizontalLines": 15.0,
    "_verticalLines": 17.0,
    "_radius": 0.029300924390554429,
    "_petalColour": {
        "r": 0.2260596752166748,
        "g": 0.4959947466850281,
        "b": 0.154099702835083,
        "a": 1.0
    },
    "_cylinderVertexCount": 12.0,
    "_stemRadius": 0.021881796419620515,
    "_leafCount": 8.0,
    "_edgeRingCount": 12.0,
    "startPos": {
        "x": 0.0,
        "y": 0.0,
        "z": 0.0
    },
    "tangent1": {
        "x": 0.16271613538265229,
        "y": 1.0397300720214844,
        "z": 0.3782254159450531
    },
    "tangent2": {
        "x": 0.6270027160644531,
        "y": 2.6050000190734865,
        "z": 0.14660601317882539
    },
    "endPos": {
        "x": 1.0645966529846192,
        "y": 4.0,
        "z": 0.04853016883134842
    }
}