{
    "_horizontalLines": 17.0,
    "_verticalLines": 15.0,
    "_radius": 0.09346410632133484,
    "_petalColour": {
        "r": 0.08675158023834229,
        "g": 0.7088547945022583,
        "b": 0.7448374032974243,
        "a": 1.0
    },
    "_cylinderVertexCount": 7.0,
    "_stemRadius": 0.07127565890550614,
    "_leafCount": 8.0,
    "_edgeRingCount": 42.0,
    "startPos": {
        "x": 0.0,
        "y": 0.0,
        "z": 0.0
    },
    "tangent1": {
        "x": 0.12298031151294708,
        "y": 0.27779656648635867,
        "z": 0.2685140371322632
    },
    "tangent2": {
        "x": -0.2577403783798218,
        "y": 0.8918666839599609,
        "z": -0.2209501564502716
    },
    "endPos": {
        "x": 0.6141752600669861,
        "y": 4.0,
        "z": -0.45857691764831545
    }
}