{
    "_horizontalLines": 19.0,
    "_verticalLines": 15.0,
    "_radius": 0.04177403822541237,
    "_petalColour": {
        "r": 0.005361795425415039,
        "g": 0.5784085392951965,
        "b": 0.5578145384788513,
        "a": 1.0
    },
    "_cylinderVertexCount": 14.0,
    "_stemRadius": 0.028702137991786004,
    "_leafCount": 8.0,
    "_edgeRingCount": 55.0,
    "startPos": {
        "x": 0.0,
        "y": 0.0,
        "z": 0.0
    },
    "tangent1": {
        "x": -0.41969090700149538,
        "y": 1.6346126794815064,
        "z": -0.48031139373779299
    },
    "tangent2": {
        "x": -0.2844000458717346,
        "y": 2.0808112621307375,
        "z": -0.6403984427452087
    },
    "endPos": {
        "x": -0.530611515045166,
        "y": 5.240901947021484,
        "z": -0.4151628315448761
    }
}