{
    "_horizontalLines": 16.0,
    "_verticalLines": 15.0,
    "_radius": 0.07350976765155792,
    "_petalColour": {
        "r": 0.12410867214202881,
        "g": 0.28906553983688357,
        "b": 0.9183214902877808,
        "a": 1.0
    },
    "_cylinderVertexCount": 10.0,
    "_stemRadius": 0.0536445677280426,
    "_leafCount": 8.0,
    "_edgeRingCount": 32.0,
    "startPos": {
        "x": 0.0,
        "y": 0.0,
        "z": 0.0
    },
    "tangent1": {
        "x": -0.19434623420238496,
        "y": 0.6729032397270203,
        "z": 0.4812208116054535
    },
    "tangent2": {
        "x": -0.020243704319000245,
        "y": 1.0899404287338257,
        "z": 0.8968812823295593
    },
    "endPos": {
        "x": -0.004600489512085915,
        "y": 4.0,
        "z": 0.9875249862670898
    }
}