{
    "_horizontalLines": 16.0,
    "_verticalLines": 16.0,
    "_radius": 0.10709922760725022,
    "_petalColour": {
        "r": 0.38730543851852419,
        "g": 0.8398782014846802,
        "b": 0.983727216720581,
        "a": 1.0
    },
    "_cylinderVertexCount": 7.0,
    "_stemRadius": 0.07031290233135224,
    "_leafCount": 8.0,
    "_edgeRingCount": 45.0,
    "startPos": {
        "x": 0.0,
        "y": 0.0,
        "z": 0.0
    },
    "tangent1": {
        "x": -0.1847556084394455,
        "y": 1.826189398765564,
        "z": 0.05300898477435112
    },
    "tangent2": {
        "x": -0.20638060569763184,
        "y": 3.0635056495666506,
        "z": -0.15520095825195313
    },
    "endPos": {
        "x": 0.1825428307056427,
        "y": 4.0,
        "z": 0.5694484710693359
    }
}