{
    "_horizontalLines": 18.0,
    "_verticalLines": 17.0,
    "_radius": 0.13325722515583039,
    "_petalColour": {
        "r": 0.9938725233078003,
        "g": 0.3873923420906067,
        "b": 0.04671680927276611,
        "a": 1.0
    },
    "_cylinderVertexCount": 11.0,
    "_stemRadius": 0.12190236896276474,
    "_leafCount": 8.0,
    "_edgeRingCount": 16.0,
    "startPos": {
        "x": 0.0,
        "y": 0.0,
        "z": 0.0
    },
    "tangent1": {
        "x": 0.20595049858093263,
        "y": 0.9522287249565125,
        "z": -0.050794411450624469
    },
    "tangent2": {
        "x": 0.39429807662963869,
        "y": 1.2433017492294312,
        "z": -0.3520565330982208
    },
    "endPos": {
        "x": 1.1846559047698975,
        "y": 4.0,
        "z": -0.9996675252914429
    }
}