{
    "_horizontalLines": 19.0,
    "_verticalLines": 18.0,
    "_radius": 0.1016954556107521,
    "_petalColour": {
        "r": 0.11675167083740235,
        "g": 0.2067699432373047,
        "b": 0.0852358341217041,
        "a": 1.0
    },
    "_cylinderVertexCount": 10.0,
    "_stemRadius": 0.08347911387681961,
    "_leafCount": 8.0,
    "_edgeRingCount": 9.0,
    "startPos": {
        "x": 0.0,
        "y": 0.0,
        "z": 0.0
    },
    "tangent1": {
        "x": -0.11764355003833771,
        "y": 1.2282336950302125,
        "z": 0.123569056391716
    },
    "tangent2": {
        "x": -0.0680178701877594,
        "y": 1.325461506843567,
        "z": 0.17180585861206056
    },
    "endPos": {
        "x": -0.9312225580215454,
        "y": 4.0,
        "z": -0.25476422905921938
    }
}