{
    "_horizontalLines": 15.0,
    "_verticalLines": 18.0,
    "_radius": 0.05376720800995827,
    "_petalColour": {
        "r": 0.08505189418792725,
        "g": 0.3052501082420349,
        "b": 0.6642897129058838,
        "a": 1.0
    },
    "_cylinderVertexCount": 12.0,
    "_stemRadius": 0.008469419553875924,
    "_leafCount": 8.0,
    "_edgeRingCount": 7.0,
    "startPos": {
        "x": 0.0,
        "y": 0.0,
        "z": 0.0
    },
    "tangent1": {
        "x": 0.17814835906028748,
        "y": 1.2437591552734376,
        "z": 0.07392115890979767
    },
    "tangent2": {
        "x": -0.29443731904029848,
        "y": 2.855372667312622,
        "z": 0.48623937368392947
    },
    "endPos": {
        "x": 0.5695544481277466,
        "y": 5.657524585723877,
        "z": 0.5681495666503906
    }
}