{
    "_horizontalLines": 19.0,
    "_verticalLines": 17.0,
    "_radius": 0.11211191117763519,
    "_petalColour": {
        "r": 0.43642276525497439,
        "g": 0.16490113735198975,
        "b": 0.01093590259552002,
        "a": 1.0
    },
    "_cylinderVertexCount": 11.0,
    "_stemRadius": 0.08619424700737,
    "_leafCount": 8.0,
    "_edgeRingCount": 29.0,
    "startPos": {
        "x": 0.0,
        "y": 0.0,
        "z": 0.0
    },
    "tangent1": {
        "x": -0.010494041256606579,
        "y": 0.12820930778980256,
        "z": 0.18434438109397889
    },
    "tangent2": {
        "x": 0.37764471769332888,
        "y": 1.5182697772979737,
        "z": 0.6116312742233276
    },
    "endPos": {
        "x": 0.04252949357032776,
        "y": 4.0,
        "z": 0.06946301460266113
    }
}