{
    "_horizontalLines": 16.0,
    "_verticalLines": 19.0,
    "_radius": 0.09732062369585037,
    "_petalColour": {
        "r": 0.7519323825836182,
        "g": 0.12633144855499268,
        "b": 0.5087340474128723,
        "a": 1.0
    },
    "_cylinderVertexCount": 8.0,
    "_stemRadius": 0.06449494510889054,
    "_leafCount": 8.0,
    "_edgeRingCount": 4.0,
    "startPos": {
        "x": 0.0,
        "y": 0.0,
        "z": 0.0
    },
    "tangent1": {
        "x": 0.3038257360458374,
        "y": 0.4282243847846985,
        "z": 0.026884984225034715
    },
    "tangent2": {
        "x": 0.6746927499771118,
        "y": 1.254401445388794,
        "z": 0.024331234395503999
    },
    "endPos": {
        "x": 0.11048388481140137,
        "y": 4.0,
        "z": -0.8225297927856445
    }
}