{
    "_horizontalLines": 18.0,
    "_verticalLines": 19.0,
    "_radius": 0.09823252260684967,
    "_petalColour": {
        "r": 0.3210144639015198,
        "g": 0.7472655773162842,
        "b": 0.3918827176094055,
        "a": 1.0
    },
    "_cylinderVertexCount": 9.0,
    "_stemRadius": 0.05205288529396057,
    "_leafCount": 8.0,
    "_edgeRingCount": 9.0,
    "startPos": {
        "x": 0.0,
        "y": 0.0,
        "z": 0.0
    },
    "tangent1": {
        "x": -0.1465316265821457,
        "y": 1.2796622514724732,
        "z": -0.3197578489780426
    },
    "tangent2": {
        "x": -0.09820818901062012,
        "y": 1.864884376525879,
        "z": -0.04519382119178772
    },
    "endPos": {
        "x": 0.46630871295928957,
        "y": 4.0,
        "z": -0.13733911514282227
    }
}