{
    "_horizontalLines": 17.0,
    "_verticalLines": 19.0,
    "_radius": 0.07492249459028244,
    "_petalColour": {
        "r": 0.3684846758842468,
        "g": 0.20180845260620118,
        "b": 0.810207724571228,
        "a": 1.0
    },
    "_cylinderVertexCount": 7.0,
    "_stemRadius": 0.04605615884065628,
    "_leafCount": 8.0,
    "_edgeRingCount": 11.0,
    "startPos": {
        "x": 0.0,
        "y": 0.0,
        "z": 0.0
    },
    "tangent1": {
        "x": -0.15903611481189729,
        "y": 1.7185180187225342,
        "z": 0.4139786660671234
    },
    "tangent2": {
        "x": -0.12845292687416078,
        "y": 2.950265407562256,
        "z": 0.6001947522163391
    },
    "endPos": {
        "x": 0.05180104076862335,
        "y": 4.258973598480225,
        "z": 1.1180224418640137
    }
}