{
    "_horizontalLines": 19.0,
    "_verticalLines": 16.0,
    "_radius": 0.10500209778547287,
    "_petalColour": {
        "r": 0.3330751061439514,
        "g": 0.8119138479232788,
        "b": 0.45741337537765505,
        "a": 1.0
    },
    "_cylinderVertexCount": 11.0,
    "_stemRadius": 0.07254599779844284,
    "_leafCount": 8.0,
    "_edgeRingCount": 48.0,
    "startPos": {
        "x": 0.0,
        "y": 0.0,
        "z": 0.0
    },
    "tangent1": {
        "x": 0.3879685401916504,
        "y": 0.9592933654785156,
        "z": 0.14924344420433045
    },
    "tangent2": {
        "x": -0.007733255624771118,
        "y": 2.750317096710205,
        "z": 0.5366686582565308
    },
    "endPos": {
        "x": 0.6178849935531616,
        "y": 6.086094856262207,
        "z": 0.40338295698165896
    }
}