{
    "_horizontalLines": 18.0,
    "_verticalLines": 15.0,
    "_radius": 0.025055114179849626,
    "_petalColour": {
        "r": 0.21838700771331788,
        "g": 0.6906025409698486,
        "b": 0.06915080547332764,
        "a": 1.0
    },
    "_cylinderVertexCount": 8.0,
    "_stemRadius": 0.019704042002558709,
    "_leafCount": 8.0,
    "_edgeRingCount": 39.0,
    "startPos": {
        "x": 0.0,
        "y": 0.0,
        "z": 0.0
    },
    "tangent1": {
        "x": -0.4253379702568054,
        "y": 1.9647247791290284,
        "z": 0.30532777309417727
    },
    "tangent2": {
        "x": -0.14916115999221803,
        "y": 3.107799768447876,
        "z": -0.18772375583648683
    },
    "endPos": {
        "x": 0.0009310692548751831,
        "y": 4.0,
        "z": 0.35676467418670657
    }
}