{
    "_horizontalLines": 19.0,
    "_verticalLines": 15.0,
    "_radius": 0.02190934494137764,
    "_petalColour": {
        "r": 0.3554078936576843,
        "g": 0.5076550841331482,
        "b": 0.922864556312561,
        "a": 1.0
    },
    "_cylinderVertexCount": 7.0,
    "_stemRadius": 0.011844620108604432,
    "_leafCount": 8.0,
    "_edgeRingCount": 43.0,
    "startPos": {
        "x": 0.0,
        "y": 0.0,
        "z": 0.0
    },
    "tangent1": {
        "x": 0.230200856924057,
        "y": 0.06455059349536896,
        "z": 0.47132372856140139
    },
    "tangent2": {
        "x": 0.6099377870559692,
        "y": 0.8054097890853882,
        "z": 0.8813445568084717
    },
    "endPos": {
        "x": 1.3114725351333619,
        "y": 4.0,
        "z": 1.3181285858154297
    }
}