{
    "_horizontalLines": 19.0,
    "_verticalLines": 17.0,
    "_radius": 0.10044236481189728,
    "_petalColour": {
        "r": 0.3428388237953186,
        "g": 0.10130143165588379,
        "b": 0.136466383934021,
        "a": 1.0
    },
    "_cylinderVertexCount": 13.0,
    "_stemRadius": 0.05766640231013298,
    "_leafCount": 8.0,
    "_edgeRingCount": 8.0,
    "startPos": {
        "x": 0.0,
        "y": 0.0,
        "z": 0.0
    },
    "tangent1": {
        "x": 0.44006863236427309,
        "y": 0.9109991192817688,
        "z": 0.3501056432723999
    },
    "tangent2": {
        "x": 0.712833046913147,
        "y": 2.4169294834136965,
        "z": 0.00924670696258545
    },
    "endPos": {
        "x": -0.08030694723129273,
        "y": 4.037765026092529,
        "z": -0.8412458896636963
    }
}