{
    "_horizontalLines": 15.0,
    "_verticalLines": 15.0,
    "_radius": 0.10985109210014343,
    "_petalColour": {
        "r": 0.9512059688568115,
        "g": 0.21557831764221192,
        "b": 0.8938496112823486,
        "a": 1.0
    },
    "_cylinderVertexCount": 7.0,
    "_stemRadius": 0.07648366689682007,
    "_leafCount": 8.0,
    "_edgeRingCount": 37.0,
    "startPos": {
        "x": 0.0,
        "y": 0.0,
        "z": 0.0
    },
    "tangent1": {
        "x": 0.40388011932373049,
        "y": 1.446038842201233,
        "z": -0.08402414619922638
    },
    "tangent2": {
        "x": 0.396889865398407,
        "y": 3.1165771484375,
        "z": -0.44415903091430666
    },
    "endPos": {
        "x": 0.4454030692577362,
        "y": 4.0,
        "z": -1.124460220336914
    }
}