{
    "_horizontalLines": 15.0,
    "_verticalLines": 15.0,
    "_radius": 0.08900336176156998,
    "_petalColour": {
        "r": 0.16080915927886964,
        "g": 0.2513800263404846,
        "b": 0.4116838574409485,
        "a": 1.0
    },
    "_cylinderVertexCount": 13.0,
    "_stemRadius": 0.040359001606702808,
    "_leafCount": 8.0,
    "_edgeRingCount": 32.0,
    "startPos": {
        "x": 0.0,
        "y": 0.0,
        "z": 0.0
    },
    "tangent1": {
        "x": -0.17679648101329804,
        "y": 0.4864351153373718,
        "z": -0.10470204055309296
    },
    "tangent2": {
        "x": -0.013759776949882508,
        "y": 1.798529863357544,
        "z": -0.5981065034866333
    },
    "endPos": {
        "x": 0.4551643133163452,
        "y": 4.0,
        "z": -0.5749375224113464
    }
}