{
    "_horizontalLines": 19.0,
    "_verticalLines": 17.0,
    "_radius": 0.10410979390144348,
    "_petalColour": {
        "r": 0.24597609043121339,
        "g": 0.3454359173774719,
        "b": 0.2883381247520447,
        "a": 1.0
    },
    "_cylinderVertexCount": 12.0,
    "_stemRadius": 0.09291177988052368,
    "_leafCount": 8.0,
    "_edgeRingCount": 44.0,
    "startPos": {
        "x": 0.0,
        "y": 0.0,
        "z": 0.0
    },
    "tangent1": {
        "x": 0.2809288501739502,
        "y": 0.14371033012866975,
        "z": -0.055670689791440967
    },
    "tangent2": {
        "x": 0.5770236253738403,
        "y": 0.22311019897460938,
        "z": 0.28201034665107729
    },
    "endPos": {
        "x": 1.1777410507202149,
        "y": 4.0,
        "z": 1.049723505973816
    }
}