{
    "_horizontalLines": 16.0,
    "_verticalLines": 15.0,
    "_radius": 0.08778064697980881,
    "_petalColour": {
        "r": 0.3711945414543152,
        "g": 0.21161675453186036,
        "b": 0.7209509611129761,
        "a": 1.0
    },
    "_cylinderVertexCount": 12.0,
    "_stemRadius": 0.06669551134109497,
    "_leafCount": 8.0,
    "_edgeRingCount": 19.0,
    "startPos": {
        "x": 0.0,
        "y": 0.0,
        "z": 0.0
    },
    "tangent1": {
        "x": -0.029564809054136277,
        "y": 0.5364705920219421,
        "z": -0.3518730103969574
    },
    "tangent2": {
        "x": 0.03760052099823952,
        "y": 0.5553007125854492,
        "z": -0.5394197106361389
    },
    "endPos": {
        "x": -0.38292863965034487,
        "y": 4.0,
        "z": 0.1276983618736267
    }
}