{
    "_horizontalLines": 17.0,
    "_verticalLines": 18.0,
    "_radius": 0.09240449965000153,
    "_petalColour": {
        "r": 0.8308230638504028,
        "g": 0.058286190032958987,
        "b": 0.7320847511291504,
        "a": 1.0
    },
    "_cylinderVertexCount": 10.0,
    "_stemRadius": 0.06226371228694916,
    "_leafCount": 8.0,
    "_edgeRingCount": 23.0,
    "startPos": {
        "x": 0.0,
        "y": 0.0,
        "z": 0.0
    },
    "tangent1": {
        "x": -0.31387051939964297,
        "y": 1.3664164543151856,
        "z": -0.14799360930919648
    },
    "tangent2": {
        "x": -0.39716416597366335,
        "y": 2.112182378768921,
        "z": -0.329148530960083
    },
    "endPos": {
        "x": -1.1649911403656006,
        "y": 4.656879425048828,
        "z": -0.2755872309207916
    }
}