{
    "_horizontalLines": 17.0,
    "_verticalLines": 15.0,
    "_radius": 0.08058767020702362,
    "_petalColour": {
        "r": 0.7884387969970703,
        "g": 0.6906306743621826,
        "b": 0.9611562490463257,
        "a": 1.0
    },
    "_cylinderVertexCount": 14.0,
    "_stemRadius": 0.05130250006914139,
    "_leafCount": 8.0,
    "_edgeRingCount": 26.0,
    "startPos": {
        "x": 0.0,
        "y": 0.0,
        "z": 0.0
    },
    "tangent1": {
        "x": -0.021246861666440965,
        "y": 1.0017776489257813,
        "z": 0.32105159759521487
    },
    "tangent2": {
        "x": 0.14923612773418427,
        "y": 1.554107427597046,
        "z": 0.22911114990711213
    },
    "endPos": {
        "x": -0.45014071464538576,
        "y": 4.0,
        "z": 0.26691874861717226
    }
}