{
    "_horizontalLines": 16.0,
    "_verticalLines": 17.0,
    "_radius": 0.04561043530702591,
    "_petalColour": {
        "r": 0.3177487254142761,
        "g": 0.3177831768989563,
        "b": 0.6414761543273926,
        "a": 1.0
    },
    "_cylinderVertexCount": 12.0,
    "_stemRadius": 0.020755421370267869,
    "_leafCount": 8.0,
    "_edgeRingCount": 41.0,
    "startPos": {
        "x": 0.0,
        "y": 0.0,
        "z": 0.0
    },
    "tangent1": {
        "x": -0.06831951439380646,
        "y": 1.7537224292755128,
        "z": -0.08695025742053986
    },
    "tangent2": {
        "x": 0.2491094321012497,
        "y": 2.6814377307891847,
        "z": -0.5296220183372498
    },
    "endPos": {
        "x": 0.1364770233631134,
        "y": 4.0,
        "z": -0.3082858622074127
    }
}