{
    "_horizontalLines": 15.0,
    "_verticalLines": 15.0,
    "_radius": 0.06656227260828018,
    "_petalColour": {
        "r": 0.2634574770927429,
        "g": 0.2897408604621887,
        "b": 0.6270158290863037,
        "a": 1.0
    },
    "_cylinderVertexCount": 12.0,
    "_stemRadius": 0.04504471272230148,
    "_leafCount": 8.0,
    "_edgeRingCount": 60.0,
    "startPos": {
        "x": 0.0,
        "y": 0.0,
        "z": 0.0
    },
    "tangent1": {
        "x": 0.17435286939144135,
        "y": 0.6506168246269226,
        "z": -0.3806547224521637
    },
    "tangent2": {
        "x": -0.17292754352092744,
        "y": 1.2148852348327637,
        "z": 0.047240257263183597
    },
    "endPos": {
        "x": 0.44966697692871096,
        "y": 4.0,
        "z": -0.17512331902980805
    }
}