{
    "_horizontalLines": 17.0,
    "_verticalLines": 19.0,
    "_radius": 0.024790862575173379,
    "_petalColour": {
        "r": 0.9241751432418823,
        "g": 0.5779548287391663,
        "b": 0.9252234697341919,
        "a": 1.0
    },
    "_cylinderVertexCount": 11.0,
    "_stemRadius": 0.022618841379880906,
    "_leafCount": 8.0,
    "_edgeRingCount": 13.0,
    "startPos": {
        "x": 0.0,
        "y": 0.0,
        "z": 0.0
    },
    "tangent1": {
        "x": -0.40980130434036257,
        "y": 1.8839359283447266,
        "z": -0.42642420530319216
    },
    "tangent2": {
        "x": -0.8249155282974243,
        "y": 3.5593080520629885,
        "z": -0.41548287868499758
    },
    "endPos": {
        "x": -1.116538166999817,
        "y": 4.0,
        "z": -1.0720148086547852
    }
}