{
    "_horizontalLines": 16.0,
    "_verticalLines": 15.0,
    "_radius": 0.07658960670232773,
    "_petalColour": {
        "r": 0.44674307107925417,
        "g": 0.6376528739929199,
        "b": 0.14237689971923829,
        "a": 1.0
    },
    "_cylinderVertexCount": 6.0,
    "_stemRadius": 0.029178502038121225,
    "_leafCount": 8.0,
    "_edgeRingCount": 26.0,
    "startPos": {
        "x": 0.0,
        "y": 0.0,
        "z": 0.0
    },
    "tangent1": {
        "x": -0.45073968172073367,
        "y": 1.3438903093338013,
        "z": -0.2921457290649414
    },
    "tangent2": {
        "x": -0.855947732925415,
        "y": 2.4011831283569338,
        "z": -0.6397027969360352
    },
    "endPos": {
        "x": -0.676723062992096,
        "y": 5.733349800109863,
        "z": -0.009055018424987793
    }
}