{
    "_horizontalLines": 18.0,
    "_verticalLines": 15.0,
    "_radius": 0.11938323080539704,
    "_petalColour": {
        "r": 0.9398496150970459,
        "g": 0.6525983810424805,
        "b": 0.1675581932067871,
        "a": 1.0
    },
    "_cylinderVertexCount": 7.0,
    "_stemRadius": 0.073903888463974,
    "_leafCount": 8.0,
    "_edgeRingCount": 62.0,
    "startPos": {
        "x": 0.0,
        "y": 0.0,
        "z": 0.0
    },
    "tangent1": {
        "x": 0.389040470123291,
        "y": 0.828061580657959,
        "z": -0.45794153213500979
    },
    "tangent2": {
        "x": 0.6321985721588135,
        "y": 0.8635504841804504,
        "z": -0.924423336982727
    },
    "endPos": {
        "x": 0.020748019218444825,
        "y": 4.0,
        "z": -1.462266206741333
    }
}