{
    "_horizontalLines": 17.0,
    "_verticalLines": 15.0,
    "_radius": 0.056497059762477878,
    "_petalColour": {
        "r": 0.056719183921813968,
        "g": 0.8568557500839233,
        "b": 0.21761679649353028,
        "a": 1.0
    },
    "_cylinderVertexCount": 5.0,
    "_stemRadius": 0.03513888269662857,
    "_leafCount": 8.0,
    "_edgeRingCount": 14.0,
    "startPos": {
        "x": 0.0,
        "y": 0.0,
        "z": 0.0
    },
    "tangent1": {
        "x": -0.0028260231483727695,
        "y": 1.8555023670196534,
        "z": 0.1262521594762802
    },
    "tangent2": {
        "x": -0.4145978093147278,
        "y": 3.592658281326294,
        "z": -0.17187462747097016
    },
    "endPos": {
        "x": 0.2944056987762451,
        "y": 4.70210599899292,
        "z": 0.25478899478912356
    }
}