{
    "_horizontalLines": 18.0,
    "_verticalLines": 19.0,
    "_radius": 0.14322306215763093,
    "_petalColour": {
        "r": 0.6777268648147583,
        "g": 0.34182780981063845,
        "b": 0.672256588935852,
        "a": 1.0
    },
    "_cylinderVertexCount": 11.0,
    "_stemRadius": 0.11035602539777756,
    "_leafCount": 8.0,
    "_edgeRingCount": 24.0,
    "startPos": {
        "x": 0.0,
        "y": 0.0,
        "z": 0.0
    },
    "tangent1": {
        "x": -0.32219696044921877,
        "y": 1.5228127241134644,
        "z": -0.010829496197402478
    },
    "tangent2": {
        "x": 0.044752687215805057,
        "y": 2.219454526901245,
        "z": -0.37302395701408389
    },
    "endPos": {
        "x": 0.18665479123592378,
        "y": 4.8667144775390629,
        "z": -0.8396093845367432
    }
}