{
    "_horizontalLines": 15.0,
    "_verticalLines": 16.0,
    "_radius": 0.027195503935217859,
    "_petalColour": {
        "r": 0.11924850940704346,
        "g": 0.861009955406189,
        "b": 0.4738624691963196,
        "a": 1.0
    },
    "_cylinderVertexCount": 11.0,
    "_stemRadius": -0.0033369034063071014,
    "_leafCount": 8.0,
    "_edgeRingCount": 8.0,
    "startPos": {
        "x": 0.0,
        "y": 0.0,
        "z": 0.0
    },
    "tangent1": {
        "x": -0.15590925514698029,
        "y": 0.6957610845565796,
        "z": -0.04166154935956001
    },
    "tangent2": {
        "x": 0.3362168073654175,
        "y": 1.0949795246124268,
        "z": 0.24849824607372285
    },
    "endPos": {
        "x": 0.7436177730560303,
        "y": 4.0,
        "z": 0.7578832507133484
    }
}