{
    "_horizontalLines": 19.0,
    "_verticalLines": 19.0,
    "_radius": 0.08167732506990433,
    "_petalColour": {
        "r": 0.7692408561706543,
        "g": 0.6720753908157349,
        "b": 0.052054405212402347,
        "a": 1.0
    },
    "_cylinderVertexCount": 11.0,
    "_stemRadius": 0.07061085850000382,
    "_leafCount": 8.0,
    "_edgeRingCount": 12.0,
    "startPos": {
        "x": 0.0,
        "y": 0.0,
        "z": 0.0
    },
    "tangent1": {
        "x": -0.49199095368385317,
        "y": 1.5634914636611939,
        "z": 0.011196804232895375
    },
    "tangent2": {
        "x": -0.9775922298431397,
        "y": 2.9710185527801515,
        "z": 0.08645334839820862
    },
    "endPos": {
        "x": -0.3578123450279236,
        "y": 5.249177932739258,
        "z": 0.36255258321762087
    }
}