{
    "_horizontalLines": 15.0,
    "_verticalLines": 19.0,
    "_radius": 0.08114335685968399,
    "_petalColour": {
        "r": 0.7134602069854736,
        "g": 0.8979265689849854,
        "b": 0.5019945502281189,
        "a": 1.0
    },
    "_cylinderVertexCount": 13.0,
    "_stemRadius": 0.05860026553273201,
    "_leafCount": 8.0,
    "_edgeRingCount": 12.0,
    "startPos": {
        "x": 0.0,
        "y": 0.0,
        "z": 0.0
    },
    "tangent1": {
        "x": -0.16537709534168244,
        "y": 0.6934654116630554,
        "z": -0.27703022956848147
    },
    "tangent2": {
        "x": -0.20201626420021058,
        "y": 2.6327126026153566,
        "z": -0.7265197038650513
    },
    "endPos": {
        "x": -0.6937577724456787,
        "y": 5.823007106781006,
        "z": -0.9146047234535217
    }
}