{
    "_horizontalLines": 19.0,
    "_verticalLines": 15.0,
    "_radius": 0.1374155580997467,
    "_petalColour": {
        "r": 0.3179599642753601,
        "g": 0.3742108941078186,
        "b": 0.02407073974609375,
        "a": 1.0
    },
    "_cylinderVertexCount": 5.0,
    "_stemRadius": 0.09368101507425308,
    "_leafCount": 8.0,
    "_edgeRingCount": 16.0,
    "startPos": {
        "x": 0.0,
        "y": 0.0,
        "z": 0.0
    },
    "tangent1": {
        "x": -0.07557491958141327,
        "y": 1.4868583679199219,
        "z": 0.12627112865447999
    },
    "tangent2": {
        "x": -0.3307591676712036,
        "y": 2.4023475646972658,
        "z": -0.20442211627960206
    },
    "endPos": {
        "x": -0.4581414461135864,
        "y": 4.0,
        "z": 0.24715739488601685
    }
}