{
    "_horizontalLines": 16.0,
    "_verticalLines": 17.0,
    "_radius": 0.037220124155282977,
    "_petalColour": {
        "r": 0.9317004680633545,
        "g": 0.5471134781837463,
        "b": 0.36431246995925906,
        "a": 1.0
    },
    "_cylinderVertexCount": 12.0,
    "_stemRadius": 0.0210164375603199,
    "_leafCount": 8.0,
    "_edgeRingCount": 59.0,
    "startPos": {
        "x": 0.0,
        "y": 0.0,
        "z": 0.0
    },
    "tangent1": {
        "x": -0.2750745713710785,
        "y": 0.5902164578437805,
        "z": -0.2625976502895355
    },
    "tangent2": {
        "x": -0.6804940700531006,
        "y": 1.0631351470947266,
        "z": -0.5546120405197144
    },
    "endPos": {
        "x": -0.33210596442222597,
        "y": 4.184938907623291,
        "z": -0.4622969329357147
    }
}