{
    "_horizontalLines": 18.0,
    "_verticalLines": 17.0,
    "_radius": 0.061399415135383609,
    "_petalColour": {
        "r": 0.6203247904777527,
        "g": 0.7197725772857666,
        "b": 0.34887737035751345,
        "a": 1.0
    },
    "_cylinderVertexCount": 9.0,
    "_stemRadius": 0.02825857326388359,
    "_leafCount": 8.0,
    "_edgeRingCount": 64.0,
    "startPos": {
        "x": 0.0,
        "y": 0.0,
        "z": 0.0
    },
    "tangent1": {
        "x": -0.19489364326000215,
        "y": 1.9650564193725587,
        "z": -0.3546430766582489
    },
    "tangent2": {
        "x": -0.4059576988220215,
        "y": 3.29600191116333,
        "z": 0.08290135860443115
    },
    "endPos": {
        "x": -0.23332823812961579,
        "y": 4.0,
        "z": -0.5270187854766846
    }
}