{
    "_horizontalLines": 19.0,
    "_verticalLines": 17.0,
    "_radius": 0.1168036013841629,
    "_petalColour": {
        "r": 0.5393684506416321,
        "g": 0.4768633246421814,
        "b": 0.6951279640197754,
        "a": 1.0
    },
    "_cylinderVertexCount": 11.0,
    "_stemRadius": 0.07046845555305481,
    "_leafCount": 8.0,
    "_edgeRingCount": 48.0,
    "startPos": {
        "x": 0.0,
        "y": 0.0,
        "z": 0.0
    },
    "tangent1": {
        "x": 0.22349059581756593,
        "y": 0.6072511076927185,
        "z": -0.21920375525951386
    },
    "tangent2": {
        "x": 0.16036050021648408,
        "y": 2.429619312286377,
        "z": -0.25538405776023867
    },
    "endPos": {
        "x": 0.728539764881134,
        "y": 4.0,
        "z": 0.1666138768196106
    }
}