{
    "_horizontalLines": 18.0,
    "_verticalLines": 18.0,
    "_radius": 0.019437255337834359,
    "_petalColour": {
        "r": 0.9377462863922119,
        "g": 0.785832405090332,
        "b": 0.6466027498245239,
        "a": 1.0
    },
    "_cylinderVertexCount": 12.0,
    "_stemRadius": 0.014224286191165448,
    "_leafCount": 8.0,
    "_edgeRingCount": 51.0,
    "startPos": {
        "x": 0.0,
        "y": 0.0,
        "z": 0.0
    },
    "tangent1": {
        "x": 0.08898444473743439,
        "y": 0.4773198962211609,
        "z": -0.4701107144355774
    },
    "tangent2": {
        "x": 0.2188846468925476,
        "y": 1.3720269203186036,
        "z": -0.5191059112548828
    },
    "endPos": {
        "x": 0.24915894865989686,
        "y": 4.0,
        "z": 0.25653165578842165
    }
}