{
    "_horizontalLines": 19.0,
    "_verticalLines": 19.0,
    "_radius": 0.03167930617928505,
    "_petalColour": {
        "r": 0.7915754318237305,
        "g": 0.6247498393058777,
        "b": 0.890609622001648,
        "a": 1.0
    },
    "_cylinderVertexCount": 11.0,
    "_stemRadius": 0.026418272405862809,
    "_leafCount": 8.0,
    "_edgeRingCount": 56.0,
    "startPos": {
        "x": 0.0,
        "y": 0.0,
        "z": 0.0
    },
    "tangent1": {
        "x": 0.3727802038192749,
        "y": 1.8590790033340455,
        "z": -0.18101520836353303
    },
    "tangent2": {
        "x": 0.1662970334291458,
        "y": 2.030566692352295,
        "z": -0.00035831332206726074
    },
    "endPos": {
        "x": -0.5552507042884827,
        "y": 4.0,
        "z": -0.206292524933815
    }
}