{
    "_horizontalLines": 17.0,
    "_verticalLines": 18.0,
    "_radius": 0.1516129970550537,
    "_petalColour": {
        "r": 0.7710047960281372,
        "g": 0.12625336647033692,
        "b": 0.5078787207603455,
        "a": 1.0
    },
    "_cylinderVertexCount": 13.0,
    "_stemRadius": 0.12006817013025284,
    "_leafCount": 8.0,
    "_edgeRingCount": 36.0,
    "startPos": {
        "x": 0.0,
        "y": 0.0,
        "z": 0.0
    },
    "tangent1": {
        "x": -0.3336101472377777,
        "y": 0.8105554580688477,
        "z": 0.43840837478637698
    },
    "tangent2": {
        "x": -0.34966352581977847,
        "y": 2.146921157836914,
        "z": 0.7584618330001831
    },
    "endPos": {
        "x": -0.3849984407424927,
        "y": 4.0,
        "z": 1.1985323429107667
    }
}