{
    "_horizontalLines": 17.0,
    "_verticalLines": 16.0,
    "_radius": 0.08907990157604218,
    "_petalColour": {
        "r": 0.15665090084075929,
        "g": 0.9427764415740967,
        "b": 0.3935890793800354,
        "a": 1.0
    },
    "_cylinderVertexCount": 6.0,
    "_stemRadius": 0.05531872436404228,
    "_leafCount": 8.0,
    "_edgeRingCount": 63.0,
    "startPos": {
        "x": 0.0,
        "y": 0.0,
        "z": 0.0
    },
    "tangent1": {
        "x": -0.09699682891368866,
        "y": 0.5538172721862793,
        "z": 0.19327329099178315
    },
    "tangent2": {
        "x": 0.364179790019989,
        "y": 2.4963550567626955,
        "z": 0.18955519795417787
    },
    "endPos": {
        "x": 0.04165956377983093,
        "y": 4.689939022064209,
        "z": 0.7736285924911499
    }
}