{
    "_horizontalLines": 18.0,
    "_verticalLines": 18.0,
    "_radius": 0.06050942465662956,
    "_petalColour": {
        "r": 0.8791580200195313,
        "g": 0.09591472148895264,
        "b": 0.8526421785354614,
        "a": 1.0
    },
    "_cylinderVertexCount": 8.0,
    "_stemRadius": 0.058759164065122607,
    "_leafCount": 8.0,
    "_edgeRingCount": 12.0,
    "startPos": {
        "x": 0.0,
        "y": 0.0,
        "z": 0.0
    },
    "tangent1": {
        "x": -0.3886231482028961,
        "y": 0.2918556332588196,
        "z": 0.1005278080701828
    },
    "tangent2": {
        "x": -0.8146408796310425,
        "y": 1.482694387435913,
        "z": -0.2680734395980835
    },
    "endPos": {
        "x": -0.29548704624176028,
        "y": 4.0,
        "z": -1.0795650482177735
    }
}