{
    "_horizontalLines": 16.0,
    "_verticalLines": 19.0,
    "_radius": 0.0864136666059494,
    "_petalColour": {
        "r": 0.9503180980682373,
        "g": 0.020801782608032228,
        "b": 0.6257421970367432,
        "a": 1.0
    },
    "_cylinderVertexCount": 5.0,
    "_stemRadius": 0.039150651544332507,
    "_leafCount": 8.0,
    "_edgeRingCount": 8.0,
    "startPos": {
        "x": 0.0,
        "y": 0.0,
        "z": 0.0
    },
    "tangent1": {
        "x": 0.2977182865142822,
        "y": 1.8292319774627686,
        "z": 0.2207680642604828
    },
    "tangent2": {
        "x": 0.7171192169189453,
        "y": 2.627300500869751,
        "z": 0.4485430419445038
    },
    "endPos": {
        "x": 0.7805361151695252,
        "y": 4.0,
        "z": 0.11075544357299805
    }
}