{
    "_horizontalLines": 15.0,
    "_verticalLines": 15.0,
    "_radius": 0.0761672779917717,
    "_petalColour": {
        "r": 0.026085734367370607,
        "g": 0.9109276533126831,
        "b": 0.6006692051887512,
        "a": 1.0
    },
    "_cylinderVertexCount": 12.0,
    "_stemRadius": 0.031156625598669053,
    "_leafCount": 8.0,
    "_edgeRingCount": 41.0,
    "startPos": {
        "x": 0.0,
        "y": 0.0,
        "z": 0.0
    },
    "tangent1": {
        "x": -0.3549409806728363,
        "y": 0.5815757513046265,
        "z": 0.4876408576965332
    },
    "tangent2": {
        "x": 0.05491629242897034,
        "y": 2.0706164836883547,
        "z": 0.6647394895553589
    },
    "endPos": {
        "x": -0.546724796295166,
        "y": 4.0,
        "z": 0.9638621807098389
    }
}