{
    "_horizontalLines": 17.0,
    "_verticalLines": 17.0,
    "_radius": 0.15102219581604005,
    "_petalColour": {
        "r": 0.3700483441352844,
        "g": 0.46291714906692507,
        "b": 0.1528559923171997,
        "a": 1.0
    },
    "_cylinderVertexCount": 5.0,
    "_stemRadius": 0.10728708654642105,
    "_leafCount": 8.0,
    "_edgeRingCount": 38.0,
    "startPos": {
        "x": 0.0,
        "y": 0.0,
        "z": 0.0
    },
    "tangent1": {
        "x": 0.05744891241192818,
        "y": 0.16842250525951386,
        "z": 0.12469105422496796
    },
    "tangent2": {
        "x": -0.25924065709114077,
        "y": 1.927770733833313,
        "z": 0.30643951892852785
    },
    "endPos": {
        "x": 0.40063777565956118,
        "y": 4.654882431030273,
        "z": 0.48099589347839358
    }
}