{
    "_horizontalLines": 18.0,
    "_verticalLines": 15.0,
    "_radius": 0.08674439042806626,
    "_petalColour": {
        "r": 0.9921208620071411,
        "g": 0.3163565993309021,
        "b": 0.3103010058403015,
        "a": 1.0
    },
    "_cylinderVertexCount": 8.0,
    "_stemRadius": 0.03940350189805031,
    "_leafCount": 8.0,
    "_edgeRingCount": 36.0,
    "startPos": {
        "x": 0.0,
        "y": 0.0,
        "z": 0.0
    },
    "tangent1": {
        "x": -0.22141771018505097,
        "y": 0.08185653388500214,
        "z": -0.26884564757347109
    },
    "tangent2": {
        "x": -0.4201556146144867,
        "y": 1.5029876232147217,
        "z": -0.4808405041694641
    },
    "endPos": {
        "x": 0.2133837640285492,
        "y": 4.0,
        "z": 0.05776095390319824
    }
}