{
    "_horizontalLines": 16.0,
    "_verticalLines": 18.0,
    "_radius": 0.03396209701895714,
    "_petalColour": {
        "r": 0.39528924226760867,
        "g": 0.06661498546600342,
        "b": 0.9971531629562378,
        "a": 1.0
    },
    "_cylinderVertexCount": 13.0,
    "_stemRadius": 0.007847881875932217,
    "_leafCount": 8.0,
    "_edgeRingCount": 20.0,
    "startPos": {
        "x": 0.0,
        "y": 0.0,
        "z": 0.0
    },
    "tangent1": {
        "x": -0.21785922348499299,
        "y": 0.03969936445355415,
        "z": -0.09164313971996308
    },
    "tangent2": {
        "x": -0.5607405304908752,
        "y": 0.5620613098144531,
        "z": -0.17952808737754823
    },
    "endPos": {
        "x": -0.20070329308509828,
        "y": 4.0,
        "z": 0.3720267713069916
    }
}