{
    "_horizontalLines": 18.0,
    "_verticalLines": 17.0,
    "_radius": 0.09228067100048065,
    "_petalColour": {
        "r": 0.6921261548995972,
        "g": 0.994020938873291,
        "b": 0.7734631299972534,
        "a": 1.0
    },
    "_cylinderVertexCount": 8.0,
    "_stemRadius": 0.08182255178689957,
    "_leafCount": 8.0,
    "_edgeRingCount": 9.0,
    "startPos": {
        "x": 0.0,
        "y": 0.0,
        "z": 0.0
    },
    "tangent1": {
        "x": -0.22525005042552949,
        "y": 1.186187744140625,
        "z": 0.44189634919166567
    },
    "tangent2": {
        "x": -0.5248826742172241,
        "y": 2.4385733604431154,
        "z": 0.6461803913116455
    },
    "endPos": {
        "x": -0.01034635305404663,
        "y": 4.0,
        "z": 0.24345120787620545
    }
}