{
    "_horizontalLines": 18.0,
    "_verticalLines": 18.0,
    "_radius": 0.11794622987508774,
    "_petalColour": {
        "r": 0.24622583389282227,
        "g": 0.4827459454536438,
        "b": 0.4614550471305847,
        "a": 1.0
    },
    "_cylinderVertexCount": 9.0,
    "_stemRadius": 0.11204454302787781,
    "_leafCount": 8.0,
    "_edgeRingCount": 22.0,
    "startPos": {
        "x": 0.0,
        "y": 0.0,
        "z": 0.0
    },
    "tangent1": {
        "x": 0.21054065227508546,
        "y": 0.5978471636772156,
        "z": -0.20741911232471467
    },
    "tangent2": {
        "x": -0.2004203200340271,
        "y": 1.7917370796203614,
        "z": 0.04134814441204071
    },
    "endPos": {
        "x": 0.6590519547462463,
        "y": 4.0,
        "z": 0.3516985774040222
    }
}