{
    "_horizontalLines": 15.0,
    "_verticalLines": 19.0,
    "_radius": 0.02065819874405861,
    "_petalColour": {
        "r": 0.7915362119674683,
        "g": 0.4127165675163269,
        "b": 0.5329998135566711,
        "a": 1.0
    },
    "_cylinderVertexCount": 7.0,
    "_stemRadius": 0.011692319996654988,
    "_leafCount": 8.0,
    "_edgeRingCount": 37.0,
    "startPos": {
        "x": 0.0,
        "y": 0.0,
        "z": 0.0
    },
    "tangent1": {
        "x": 0.37565886974334719,
        "y": 0.4075468182563782,
        "z": 0.3726051151752472
    },
    "tangent2": {
        "x": 0.2890099883079529,
        "y": 1.0031063556671143,
        "z": 0.7000714540481567
    },
    "endPos": {
        "x": 0.8433711528778076,
        "y": 4.28307580947876,
        "z": 0.6007946729660034
    }
}