{
    "_horizontalLines": 15.0,
    "_verticalLines": 15.0,
    "_radius": 0.09069035202264786,
    "_petalColour": {
        "r": 0.5060475468635559,
        "g": 0.29959744215011599,
        "b": 0.18319320678710938,
        "a": 1.0
    },
    "_cylinderVertexCount": 11.0,
    "_stemRadius": 0.05373218283057213,
    "_leafCount": 8.0,
    "_edgeRingCount": 35.0,
    "startPos": {
        "x": 0.0,
        "y": 0.0,
        "z": 0.0
    },
    "tangent1": {
        "x": 0.047121476382017139,
        "y": 0.6717628240585327,
        "z": -0.09666462242603302
    },
    "tangent2": {
        "x": 0.14030113816261292,
        "y": 1.9660910367965699,
        "z": -0.19732451438903809
    },
    "endPos": {
        "x": 0.13897526264190675,
        "y": 5.117692947387695,
        "z": -0.6538553237915039
    }
}