{
    "_horizontalLines": 14,
    "_verticalLines": 8,
    "_radius": 0.028958488255739213,
    "_petalColour": {
        "r": 0.40087562799453738,
        "g": 0.5855304598808289,
        "b": 0.32839876413345339,
        "a": 1.0
    },
    "_cylinderVertexCount": 14,
    "_stemRadius": 0.026872392743825914,
    "_leafCount": 8,
    "_edgeRingCount": 17,
    "startPos": {
        "x": -0.08089933544397354,
        "y": 0.3317929208278656,
        "z": -0.16930098831653596
    },
    "tangent1": {
        "x": 0.1303108036518097,
        "y": 1.9053970575332642,
        "z": -0.6528039574623108
    },
    "tangent2": {
        "x": -0.010870471596717835,
        "y": 2.105797529220581,
        "z": -1.0485754013061524
    },
    "endPos": {
        "x": -0.05423680692911148,
        "y": 3.501904010772705,
        "z": -0.570009708404541
    }
}