{
    "_horizontalLines": 11.0,
    "_verticalLines": 14.0,
    "_radius": 0.10305413603782654,
    "_petalColour": {
        "r": 0.19666051864624024,
        "g": 0.8916400671005249,
        "b": 0.24542772769927979,
        "a": 1.0
    },
    "_cylinderVertexCount": 13.0,
    "_stemRadius": 0.06676073372364044,
    "_leafCount": 8.0,
    "_edgeRingCount": 31.0,
    "startPos": {
        "x": -0.11843035370111466,
        "y": 0.6907289028167725,
        "z": 0.17738771438598634
    },
    "tangent1": {
        "x": -0.5257946252822876,
        "y": 1.9447072744369507,
        "z": 0.48228681087493899
    },
    "tangent2": {
        "x": -0.389994740486145,
        "y": 3.1011407375335695,
        "z": 0.5171328186988831
    },
    "endPos": {
        "x": 0.18454515933990479,
        "y": 5.662363052368164,
        "z": -0.1625489592552185
    }
}