{
    "_horizontalLines": 19.0,
    "_verticalLines": 19.0,
    "_radius": 0.059272490441799167,
    "_petalColour": {
        "r": 0.4698949456214905,
        "g": 0.9917173385620117,
        "b": 0.6014357209205627,
        "a": 1.0
    },
    "_cylinderVertexCount": 9.0,
    "_stemRadius": 0.026691658422350885,
    "_leafCount": 8.0,
    "_edgeRingCount": 60.0,
    "startPos": {
        "x": 0.0,
        "y": 0.0,
        "z": 0.0
    },
    "tangent1": {
        "x": 0.014947366900742054,
        "y": 1.6253753900527955,
        "z": 0.1586124747991562
    },
    "tangent2": {
        "x": -0.25176602602005007,
        "y": 2.419851303100586,
        "z": 0.45216846466064455
    },
    "endPos": {
        "x": -0.43439823389053347,
        "y": 5.009081840515137,
        "z": -0.08556747436523438
    }
}