{
    "_horizontalLines": 18.0,
    "_verticalLines": 15.0,
    "_radius": 0.09474664181470871,
    "_petalColour": {
        "r": 0.8615517616271973,
        "g": 0.483708918094635,
        "b": 0.9625387191772461,
        "a": 1.0
    },
    "_cylinderVertexCount": 11.0,
    "_stemRadius": 0.09057524055242539,
    "_leafCount": 8.0,
    "_edgeRingCount": 5.0,
    "startPos": {
        "x": 0.0,
        "y": 0.0,
        "z": 0.0
    },
    "tangent1": {
        "x": 0.4673171937465668,
        "y": 0.9386863708496094,
        "z": -0.3063695728778839
    },
    "tangent2": {
        "x": 0.3817521333694458,
        "y": 1.8346936702728272,
        "z": -0.6076337695121765
    },
    "endPos": {
        "x": 1.1467304229736329,
        "y": 4.0,
        "z": -0.48859351873397829
    }
}