{
    "_horizontalLines": 18.0,
    "_verticalLines": 16.0,
    "_radius": 0.048288244754076007,
    "_petalColour": {
        "r": 0.7870990037918091,
        "g": 0.7789169549942017,
        "b": 0.6588901281356812,
        "a": 1.0
    },
    "_cylinderVertexCount": 7.0,
    "_stemRadius": 0.03669546917080879,
    "_leafCount": 8.0,
    "_edgeRingCount": 27.0,
    "startPos": {
        "x": 0.0,
        "y": 0.0,
        "z": 0.0
    },
    "tangent1": {
        "x": 0.37432706356048586,
        "y": 0.3192397952079773,
        "z": -0.024631787091493608
    },
    "tangent2": {
        "x": 0.1140468418598175,
        "y": 0.8164991140365601,
        "z": 0.2965394854545593
    },
    "endPos": {
        "x": 0.6385692358016968,
        "y": 4.0,
        "z": 1.084298014640808
    }
}