{
    "_horizontalLines": 16.0,
    "_verticalLines": 15.0,
    "_radius": 0.13737143576145173,
    "_petalColour": {
        "r": 0.575872004032135,
        "g": 0.9784344434738159,
        "b": 0.522502601146698,
        "a": 1.0
    },
    "_cylinderVertexCount": 10.0,
    "_stemRadius": 0.0882042720913887,
    "_leafCount": 8.0,
    "_edgeRingCount": 48.0,
    "startPos": {
        "x": 0.0,
        "y": 0.0,
        "z": 0.0
    },
    "tangent1": {
        "x": -0.11038036644458771,
        "y": 1.852238416671753,
        "z": 0.37850475311279299
    },
    "tangent2": {
        "x": -0.16874924302101136,
        "y": 3.598583936691284,
        "z": 0.7475122213363648
    },
    "endPos": {
        "x": -0.29022616147994997,
        "y": 4.533974647521973,
        "z": 0.5163007974624634
    }
}