{
    "_horizontalLines": 16.0,
    "_verticalLines": 17.0,
    "_radius": 0.023425640538334848,
    "_petalColour": {
        "r": 0.09298086166381836,
        "g": 0.2622752785682678,
        "b": 0.553224503993988,
        "a": 1.0
    },
    "_cylinderVertexCount": 10.0,
    "_stemRadius": 0.02238871529698372,
    "_leafCount": 8.0,
    "_edgeRingCount": 21.0,
    "startPos": {
        "x": 0.0,
        "y": 0.0,
        "z": 0.0
    },
    "tangent1": {
        "x": 0.05671815946698189,
        "y": 0.40199774503707888,
        "z": 0.11551995575428009
    },
    "tangent2": {
        "x": -0.16169357299804688,
        "y": 1.6611907482147217,
        "z": 0.47410863637924197
    },
    "endPos": {
        "x": 0.30172407627105715,
        "y": 4.4600324630737309,
        "z": 0.7226780652999878
    }
}