{
    "_horizontalLines": 17.0,
    "_verticalLines": 17.0,
    "_radius": 0.07849136739969254,
    "_petalColour": {
        "r": 0.9345823526382446,
        "g": 0.6322308778762817,
        "b": 0.7699903249740601,
        "a": 1.0
    },
    "_cylinderVertexCount": 5.0,
    "_stemRadius": 0.06643594056367874,
    "_leafCount": 8.0,
    "_edgeRingCount": 5.0,
    "startPos": {
        "x": 0.0,
        "y": 0.0,
        "z": 0.0
    },
    "tangent1": {
        "x": 0.4606935381889343,
        "y": 1.5551414489746094,
        "z": -0.4964432716369629
    },
    "tangent2": {
        "x": 0.566774845123291,
        "y": 1.7007954120635987,
        "z": -0.2872345447540283
    },
    "endPos": {
        "x": 0.703059196472168,
        "y": 4.0,
        "z": -0.018037647008895875
    }
}