{
    "_horizontalLines": 17.0,
    "_verticalLines": 15.0,
    "_radius": 0.14936086535453797,
    "_petalColour": {
        "r": 0.36305302381515505,
        "g": 0.5846238732337952,
        "b": 0.5171143412590027,
        "a": 1.0
    },
    "_cylinderVertexCount": 7.0,
    "_stemRadius": 0.115653857588768,
    "_leafCount": 8.0,
    "_edgeRingCount": 48.0,
    "startPos": {
        "x": 0.0,
        "y": 0.0,
        "z": 0.0
    },
    "tangent1": {
        "x": -0.4957481324672699,
        "y": 1.8531345129013062,
        "z": 0.027164172381162645
    },
    "tangent2": {
        "x": -0.44553378224372866,
        "y": 3.3886208534240724,
        "z": -0.36757615208625796
    },
    "endPos": {
        "x": -0.5899664163589478,
        "y": 5.1313042640686039,
        "z": -0.6473667621612549
    }
}