{
    "_horizontalLines": 17.0,
    "_verticalLines": 16.0,
    "_radius": 0.09830067306756973,
    "_petalColour": {
        "r": 0.6890972852706909,
        "g": 0.38094812631607058,
        "b": 0.3965147137641907,
        "a": 1.0
    },
    "_cylinderVertexCount": 11.0,
    "_stemRadius": 0.08569470047950745,
    "_leafCount": 8.0,
    "_edgeRingCount": 58.0,
    "startPos": {
        "x": 0.0,
        "y": 0.0,
        "z": 0.0
    },
    "tangent1": {
        "x": -0.4171985685825348,
        "y": 0.29620569944381716,
        "z": -0.2911905348300934
    },
    "tangent2": {
        "x": -0.7281945943832398,
        "y": 2.0943245887756349,
        "z": 0.004446476697921753
    },
    "endPos": {
        "x": -0.5709174871444702,
        "y": 4.6162872314453129,
        "z": 0.41850030422210696
    }
}