{
    "_horizontalLines": 18.0,
    "_verticalLines": 18.0,
    "_radius": 0.04747685790061951,
    "_petalColour": {
        "r": 0.542599618434906,
        "g": 0.176527738571167,
        "b": 0.1064218282699585,
        "a": 1.0
    },
    "_cylinderVertexCount": 14.0,
    "_stemRadius": 0.005579513963311911,
    "_leafCount": 8.0,
    "_edgeRingCount": 24.0,
    "startPos": {
        "x": 0.0,
        "y": 0.0,
        "z": 0.0
    },
    "tangent1": {
        "x": -0.0897710770368576,
        "y": 1.1142358779907227,
        "z": 0.49894189834594729
    },
    "tangent2": {
        "x": -0.335968017578125,
        "y": 1.8442959785461426,
        "z": 0.9303848743438721
    },
    "endPos": {
        "x": -0.20085261762142182,
        "y": 4.0,
        "z": 1.2364332675933838
    }
}