{
    "_horizontalLines": 16.0,
    "_verticalLines": 17.0,
    "_radius": 0.12092066556215286,
    "_petalColour": {
        "r": 0.09108936786651612,
        "g": 0.10784947872161865,
        "b": 0.8029094934463501,
        "a": 1.0
    },
    "_cylinderVertexCount": 14.0,
    "_stemRadius": 0.0833297073841095,
    "_leafCount": 8.0,
    "_edgeRingCount": 17.0,
    "startPos": {
        "x": 0.0,
        "y": 0.0,
        "z": 0.0
    },
    "tangent1": {
        "x": 0.02120356634259224,
        "y": 0.8690616488456726,
        "z": 0.4051492214202881
    },
    "tangent2": {
        "x": -0.2389402836561203,
        "y": 1.0253219604492188,
        "z": 0.11015954613685608
    },
    "endPos": {
        "x": 0.1605978161096573,
        "y": 4.0,
        "z": 0.666131854057312
    }
}