{
    "_horizontalLines": 19.0,
    "_verticalLines": 16.0,
    "_radius": 0.10004973411560059,
    "_petalColour": {
        "r": 0.014603495597839356,
        "g": 0.7918117046356201,
        "b": 0.5563883185386658,
        "a": 1.0
    },
    "_cylinderVertexCount": 6.0,
    "_stemRadius": 0.07377886027097702,
    "_leafCount": 8.0,
    "_edgeRingCount": 62.0,
    "startPos": {
        "x": 0.0,
        "y": 0.0,
        "z": 0.0
    },
    "tangent1": {
        "x": 0.005731153301894665,
        "y": 0.7174920439720154,
        "z": -0.49801844358444216
    },
    "tangent2": {
        "x": 0.08248910307884217,
        "y": 0.9810277223587036,
        "z": -0.700750470161438
    },
    "endPos": {
        "x": 0.18745094537734986,
        "y": 4.0,
        "z": -0.7708984613418579
    }
}