{
    "_horizontalLines": 18.0,
    "_verticalLines": 17.0,
    "_radius": 0.10897702723741532,
    "_petalColour": {
        "r": 0.2193317413330078,
        "g": 0.08556568622589112,
        "b": 0.34533649682998659,
        "a": 1.0
    },
    "_cylinderVertexCount": 12.0,
    "_stemRadius": 0.06789999455213547,
    "_leafCount": 8.0,
    "_edgeRingCount": 41.0,
    "startPos": {
        "x": 0.0,
        "y": 0.0,
        "z": 0.0
    },
    "tangent1": {
        "x": 0.17434775829315186,
        "y": 1.8693405389785767,
        "z": -0.032959651201963428
    },
    "tangent2": {
        "x": -0.2053057849407196,
        "y": 3.770045518875122,
        "z": 0.02947378158569336
    },
    "endPos": {
        "x": 0.13522350788116456,
        "y": 6.300000190734863,
        "z": -0.14722494781017304
    }
}