{
    "_horizontalLines": 16.0,
    "_verticalLines": 17.0,
    "_radius": 0.017745647579431535,
    "_petalColour": {
        "r": 0.1926267147064209,
        "g": 0.6141638159751892,
        "b": 0.2948436141014099,
        "a": 1.0
    },
    "_cylinderVertexCount": 13.0,
    "_stemRadius": -0.0009785130387172104,
    "_leafCount": 8.0,
    "_edgeRingCount": 9.0,
    "startPos": {
        "x": 0.0,
        "y": 0.0,
        "z": 0.0
    },
    "tangent1": {
        "x": -0.3229851722717285,
        "y": 0.3253299593925476,
        "z": -0.3442692756652832
    },
    "tangent2": {
        "x": -0.28973430395126345,
        "y": 1.693476915359497,
        "z": -0.09497654438018799
    },
    "endPos": {
        "x": 0.46223485469818118,
        "y": 5.056140899658203,
        "z": 0.5170785188674927
    }
}