{
    "_horizontalLines": 15.0,
    "_verticalLines": 18.0,
    "_radius": 0.12222237884998322,
    "_petalColour": {
        "r": 0.6373517513275147,
        "g": 0.07155311107635498,
        "b": 0.30563944578170779,
        "a": 1.0
    },
    "_cylinderVertexCount": 5.0,
    "_stemRadius": 0.11962852627038956,
    "_leafCount": 8.0,
    "_edgeRingCount": 39.0,
    "startPos": {
        "x": 0.0,
        "y": 0.0,
        "z": 0.0
    },
    "tangent1": {
        "x": -0.23810406029224397,
        "y": 1.241546630859375,
        "z": -0.1046028584241867
    },
    "tangent2": {
        "x": -0.1561450958251953,
        "y": 2.4788613319396974,
        "z": -0.5273083448410034
    },
    "endPos": {
        "x": -0.20737633109092713,
        "y": 5.353069305419922,
        "z": 0.14948761463165284
    }
}