{
    "_horizontalLines": 18.0,
    "_verticalLines": 16.0,
    "_radius": 0.13887497782707215,
    "_petalColour": {
        "r": 0.023579835891723634,
        "g": 0.7802109718322754,
        "b": 0.6993812322616577,
        "a": 1.0
    },
    "_cylinderVertexCount": 13.0,
    "_stemRadius": 0.10631096363067627,
    "_leafCount": 8.0,
    "_edgeRingCount": 28.0,
    "startPos": {
        "x": 0.0,
        "y": 0.0,
        "z": 0.0
    },
    "tangent1": {
        "x": -0.452139288187027,
        "y": 1.4975601434707642,
        "z": 0.3208347260951996
    },
    "tangent2": {
        "x": -0.315736323595047,
        "y": 2.284653663635254,
        "z": 0.6161271929740906
    },
    "endPos": {
        "x": -0.39962291717529299,
        "y": 4.0,
        "z": 0.34972265362739565
    }
}