{
    "_horizontalLines": 15.0,
    "_verticalLines": 15.0,
    "_radius": 0.07814619690179825,
    "_petalColour": {
        "r": 0.5581311583518982,
        "g": 0.5517118573188782,
        "b": 0.2908554673194885,
        "a": 1.0
    },
    "_cylinderVertexCount": 13.0,
    "_stemRadius": 0.04281947761774063,
    "_leafCount": 8.0,
    "_edgeRingCount": 52.0,
    "startPos": {
        "x": 0.0,
        "y": 0.0,
        "z": 0.0
    },
    "tangent1": {
        "x": -0.4605412483215332,
        "y": 0.4469001889228821,
        "z": -0.3922717869281769
    },
    "tangent2": {
        "x": -0.581410825252533,
        "y": 1.6157727241516114,
        "z": -0.6426092982292175
    },
    "endPos": {
        "x": -1.090697169303894,
        "y": 4.0,
        "z": -0.3364182412624359
    }
}