{
    "_horizontalLines": 15.0,
    "_verticalLines": 17.0,
    "_radius": 0.08740399777889252,
    "_petalColour": {
        "r": 0.6837599277496338,
        "g": 0.7018349170684815,
        "b": 0.6585205793380737,
        "a": 1.0
    },
    "_cylinderVertexCount": 12.0,
    "_stemRadius": 0.055827707052230838,
    "_leafCount": 8.0,
    "_edgeRingCount": 62.0,
    "startPos": {
        "x": 0.0,
        "y": 0.0,
        "z": 0.0
    },
    "tangent1": {
        "x": 0.4281567633152008,
        "y": 1.0157232284545899,
        "z": 0.10412807762622833
    },
    "tangent2": {
        "x": 0.4716286361217499,
        "y": 2.153346538543701,
        "z": 0.48293596506118777
    },
    "endPos": {
        "x": 0.859078049659729,
        "y": 4.088586807250977,
        "z": 1.1814680099487305
    }
}