{
    "_horizontalLines": 17.0,
    "_verticalLines": 15.0,
    "_radius": 0.08624502271413803,
    "_petalColour": {
        "r": 0.526854932308197,
        "g": 0.7430465221405029,
        "b": 0.28350692987442019,
        "a": 1.0
    },
    "_cylinderVertexCount": 11.0,
    "_stemRadius": 0.08180119097232819,
    "_leafCount": 8.0,
    "_edgeRingCount": 47.0,
    "startPos": {
        "x": 0.0,
        "y": 0.0,
        "z": 0.0
    },
    "tangent1": {
        "x": 0.4252868592739105,
        "y": 0.6315774321556091,
        "z": 0.20939946174621583
    },
    "tangent2": {
        "x": 0.402760773897171,
        "y": 1.943917989730835,
        "z": 0.16474361717700959
    },
    "endPos": {
        "x": 0.04723435640335083,
        "y": 5.206329345703125,
        "z": -0.47550302743911745
    }
}