{
    "_horizontalLines": 16.0,
    "_verticalLines": 15.0,
    "_radius": 0.09279422461986542,
    "_petalColour": {
        "r": 0.7816494703292847,
        "g": 0.8079419136047363,
        "b": 0.20872032642364503,
        "a": 1.0
    },
    "_cylinderVertexCount": 11.0,
    "_stemRadius": 0.0496138334274292,
    "_leafCount": 8.0,
    "_edgeRingCount": 9.0,
    "startPos": {
        "x": 0.0,
        "y": 0.0,
        "z": 0.0
    },
    "tangent1": {
        "x": 0.26028335094451907,
        "y": 1.4072818756103516,
        "z": 0.45831432938575747
    },
    "tangent2": {
        "x": 0.7258752584457398,
        "y": 2.5601916313171388,
        "z": 0.82279372215271
    },
    "endPos": {
        "x": 1.5655090808868409,
        "y": 5.202191352844238,
        "z": -0.03328979015350342
    }
}