{
    "_horizontalLines": 16.0,
    "_verticalLines": 17.0,
    "_radius": 0.045764412730932239,
    "_petalColour": {
        "r": 0.70308518409729,
        "g": 0.6566554307937622,
        "b": 0.3211124539375305,
        "a": 1.0
    },
    "_cylinderVertexCount": 7.0,
    "_stemRadius": 0.017675045877695085,
    "_leafCount": 8.0,
    "_edgeRingCount": 7.0,
    "startPos": {
        "x": 0.0,
        "y": 0.0,
        "z": 0.0
    },
    "tangent1": {
        "x": -0.08249740302562714,
        "y": 1.1328239440917969,
        "z": -0.3027288615703583
    },
    "tangent2": {
        "x": -0.4723733067512512,
        "y": 1.8656446933746338,
        "z": -0.22431795299053193
    },
    "endPos": {
        "x": 0.1872677206993103,
        "y": 4.222324371337891,
        "z": 0.07124434411525727
    }
}