{
    "_horizontalLines": 17.0,
    "_verticalLines": 17.0,
    "_radius": 0.09304274618625641,
    "_petalColour": {
        "r": 0.5523369908332825,
        "g": 0.9330718517303467,
        "b": 0.3371739983558655,
        "a": 1.0
    },
    "_cylinderVertexCount": 14.0,
    "_stemRadius": 0.08315536379814148,
    "_leafCount": 8.0,
    "_edgeRingCount": 29.0,
    "startPos": {
        "x": 0.0,
        "y": 0.0,
        "z": 0.0
    },
    "tangent1": {
        "x": -0.14559511840343476,
        "y": 0.7641343474388123,
        "z": 0.2664145231246948
    },
    "tangent2": {
        "x": -0.13597750663757325,
        "y": 2.0555851459503176,
        "z": 0.19432537257671357
    },
    "endPos": {
        "x": -0.6883836984634399,
        "y": 5.067328929901123,
        "z": 0.4834584593772888
    }
}