{
    "_horizontalLines": 18.0,
    "_verticalLines": 18.0,
    "_radius": 0.03667653352022171,
    "_petalColour": {
        "r": 0.4559405446052551,
        "g": 0.45392435789108279,
        "b": 0.5981805920600891,
        "a": 1.0
    },
    "_cylinderVertexCount": 8.0,
    "_stemRadius": 0.035986028611660007,
    "_leafCount": 8.0,
    "_edgeRingCount": 12.0,
    "startPos": {
        "x": 0.0,
        "y": 0.0,
        "z": 0.0
    },
    "tangent1": {
        "x": 0.28693151473999026,
        "y": 1.1422033309936524,
        "z": 0.03378324583172798
    },
    "tangent2": {
        "x": 0.6223733425140381,
        "y": 2.819031238555908,
        "z": 0.08292446285486222
    },
    "endPos": {
        "x": 1.3781075477600098,
        "y": 5.456758499145508,
        "z": -0.7545746564865112
    }
}