{
    "_horizontalLines": 15.0,
    "_verticalLines": 15.0,
    "_radius": 0.1023566722869873,
    "_petalColour": {
        "r": 0.8613988161087036,
        "g": 0.7751685380935669,
        "b": 0.8178282976150513,
        "a": 1.0
    },
    "_cylinderVertexCount": 5.0,
    "_stemRadius": 0.06944255530834198,
    "_leafCount": 8.0,
    "_edgeRingCount": 27.0,
    "startPos": {
        "x": 0.0,
        "y": 0.0,
        "z": 0.0
    },
    "tangent1": {
        "x": 0.22627615928649903,
        "y": 1.4775080680847169,
        "z": 0.07890816032886505
    },
    "tangent2": {
        "x": -0.22938323020935059,
        "y": 1.5762627124786378,
        "z": 0.40084880590438845
    },
    "endPos": {
        "x": -0.06681032478809357,
        "y": 4.0,
        "z": 0.288588285446167
    }
}