{
    "_horizontalLines": 19.0,
    "_verticalLines": 15.0,
    "_radius": 0.035215556621551517,
    "_petalColour": {
        "r": 0.49981898069381716,
        "g": 0.3815787434577942,
        "b": 0.9636507034301758,
        "a": 1.0
    },
    "_cylinderVertexCount": 11.0,
    "_stemRadius": 0.02234662137925625,
    "_leafCount": 8.0,
    "_edgeRingCount": 31.0,
    "startPos": {
        "x": 0.0,
        "y": 0.0,
        "z": 0.0
    },
    "tangent1": {
        "x": -0.4314671456813812,
        "y": 0.2460058182477951,
        "z": 0.07285837829113007
    },
    "tangent2": {
        "x": -0.6179083585739136,
        "y": 0.4875379502773285,
        "z": 0.3382810950279236
    },
    "endPos": {
        "x": -0.18712851405143739,
        "y": 4.0,
        "z": 0.4291287958621979
    }
}