{
    "_horizontalLines": 15.0,
    "_verticalLines": 18.0,
    "_radius": 0.1223406121134758,
    "_petalColour": {
        "r": 0.9240539073944092,
        "g": 0.36729007959365847,
        "b": 0.668624758720398,
        "a": 1.0
    },
    "_cylinderVertexCount": 8.0,
    "_stemRadius": 0.08814137428998947,
    "_leafCount": 8.0,
    "_edgeRingCount": 12.0,
    "startPos": {
        "x": 0.0,
        "y": 0.0,
        "z": 0.0
    },
    "tangent1": {
        "x": -0.24452634155750276,
        "y": 1.5654109716415406,
        "z": -0.49364644289016726
    },
    "tangent2": {
        "x": -0.4981299042701721,
        "y": 2.6440014839172365,
        "z": -0.486472487449646
    },
    "endPos": {
        "x": -0.13307169079780579,
        "y": 4.0,
        "z": -0.14247390627861024
    }
}