{
    "_horizontalLines": 17.0,
    "_verticalLines": 19.0,
    "_radius": 0.030869701877236368,
    "_petalColour": {
        "r": 0.08402132987976074,
        "g": 0.05923938751220703,
        "b": 0.1309216022491455,
        "a": 1.0
    },
    "_cylinderVertexCount": 8.0,
    "_stemRadius": 0.02434060536324978,
    "_leafCount": 8.0,
    "_edgeRingCount": 17.0,
    "startPos": {
        "x": 0.0,
        "y": 0.0,
        "z": 0.0
    },
    "tangent1": {
        "x": -0.20957155525684358,
        "y": 1.4796127080917359,
        "z": 0.03582186624407768
    },
    "tangent2": {
        "x": 0.24452342092990876,
        "y": 3.260488510131836,
        "z": 0.012376070022583008
    },
    "endPos": {
        "x": -0.11255241930484772,
        "y": 4.5587663650512699,
        "z": 0.5690652132034302
    }
}