{
    "_horizontalLines": 17.0,
    "_verticalLines": 19.0,
    "_radius": 0.04324086010456085,
    "_petalColour": {
        "r": 0.4252597689628601,
        "g": 0.017691612243652345,
        "b": 0.704382061958313,
        "a": 1.0
    },
    "_cylinderVertexCount": 8.0,
    "_stemRadius": 0.03919170796871185,
    "_leafCount": 8.0,
    "_edgeRingCount": 61.0,
    "startPos": {
        "x": 0.0,
        "y": 0.0,
        "z": 0.0
    },
    "tangent1": {
        "x": 0.38944968581199648,
        "y": 1.039656639099121,
        "z": 0.27233466506004336
    },
    "tangent2": {
        "x": 0.0191381573677063,
        "y": 2.6186299324035646,
        "z": 0.6627950668334961
    },
    "endPos": {
        "x": 0.2773526608943939,
        "y": 4.0,
        "z": -0.17195618152618409
    }
}