{
    "_horizontalLines": 19.0,
    "_verticalLines": 17.0,
    "_radius": 0.11103149503469467,
    "_petalColour": {
        "r": 0.6564584970474243,
        "g": 0.9400354623794556,
        "b": 0.2260342836380005,
        "a": 1.0
    },
    "_cylinderVertexCount": 8.0,
    "_stemRadius": 0.0653119683265686,
    "_leafCount": 8.0,
    "_edgeRingCount": 55.0,
    "startPos": {
        "x": 0.0,
        "y": 0.0,
        "z": 0.0
    },
    "tangent1": {
        "x": -0.3437202274799347,
        "y": 1.1417913436889649,
        "z": -0.39547500014305117
    },
    "tangent2": {
        "x": 0.14392024278640748,
        "y": 3.069878101348877,
        "z": -0.6306818127632141
    },
    "endPos": {
        "x": 0.4052930176258087,
        "y": 5.675264358520508,
        "z": -1.2728586196899415
    }
}