{
    "_horizontalLines": 15.0,
    "_verticalLines": 18.0,
    "_radius": 0.1313033103942871,
    "_petalColour": {
        "r": 0.9347251653671265,
        "g": 0.2787330746650696,
        "b": 0.006620883941650391,
        "a": 1.0
    },
    "_cylinderVertexCount": 13.0,
    "_stemRadius": 0.10563966631889343,
    "_leafCount": 8.0,
    "_edgeRingCount": 4.0,
    "startPos": {
        "x": 0.0,
        "y": 0.0,
        "z": 0.0
    },
    "tangent1": {
        "x": -0.19663377106189729,
        "y": 1.4356441497802735,
        "z": -0.0026886940468102695
    },
    "tangent2": {
        "x": -0.021514490246772767,
        "y": 2.6091461181640627,
        "z": -0.37088289856910708
    },
    "endPos": {
        "x": 0.740985631942749,
        "y": 5.76332950592041,
        "z": -0.1060035228729248
    }
}