{
    "_horizontalLines": 16.0,
    "_verticalLines": 19.0,
    "_radius": 0.09423872083425522,
    "_petalColour": {
        "r": 0.2770293354988098,
        "g": 0.27530378103256228,
        "b": 0.040923237800598147,
        "a": 1.0
    },
    "_cylinderVertexCount": 14.0,
    "_stemRadius": 0.05227532610297203,
    "_leafCount": 8.0,
    "_edgeRingCount": 4.0,
    "startPos": {
        "x": 0.0,
        "y": 0.0,
        "z": 0.0
    },
    "tangent1": {
        "x": -0.4976364076137543,
        "y": 1.6093320846557618,
        "z": 0.303460955619812
    },
    "tangent2": {
        "x": -0.20065805315971375,
        "y": 1.8513743877410889,
        "z": 0.2638322710990906
    },
    "endPos": {
        "x": -0.5617753863334656,
        "y": 4.0,
        "z": 0.025552794337272645
    }
}