{
    "_horizontalLines": 16.0,
    "_verticalLines": 19.0,
    "_radius": 0.08038382232189179,
    "_petalColour": {
        "r": 0.7094662189483643,
        "g": 0.6616917848587036,
        "b": 0.3667587637901306,
        "a": 1.0
    },
    "_cylinderVertexCount": 8.0,
    "_stemRadius": 0.05512338876724243,
    "_leafCount": 8.0,
    "_edgeRingCount": 16.0,
    "startPos": {
        "x": 0.0,
        "y": 0.0,
        "z": 0.0
    },
    "tangent1": {
        "x": 0.4728090167045593,
        "y": 0.16078396141529084,
        "z": -0.4506027102470398
    },
    "tangent2": {
        "x": 0.019785284996032716,
        "y": 1.4997092485427857,
        "z": -0.49635207653045657
    },
    "endPos": {
        "x": 0.5704535245895386,
        "y": 4.024990081787109,
        "z": -1.3176758289337159
    }
}