{
    "_horizontalLines": 16.0,
    "_verticalLines": 15.0,
    "_radius": 0.015538548119366169,
    "_petalColour": {
        "r": 0.5047354102134705,
        "g": 0.21936547756195069,
        "b": 0.8179999589920044,
        "a": 1.0
    },
    "_cylinderVertexCount": 13.0,
    "_stemRadius": -0.0005281448247842491,
    "_leafCount": 8.0,
    "_edgeRingCount": 64.0,
    "startPos": {
        "x": 0.0,
        "y": 0.0,
        "z": 0.0
    },
    "tangent1": {
        "x": -0.4069374203681946,
        "y": 0.6517691612243652,
        "z": 0.28171443939208987
    },
    "tangent2": {
        "x": -0.27878496050834658,
        "y": 1.183577537536621,
        "z": -0.17519491910934449
    },
    "endPos": {
        "x": -0.1608329862356186,
        "y": 4.0,
        "z": -0.6435511112213135
    }
}