{
    "_horizontalLines": 16.0,
    "_verticalLines": 18.0,
    "_radius": 0.09626353532075882,
    "_petalColour": {
        "r": 0.40324562788009646,
        "g": 0.7823833227157593,
        "b": 0.479969322681427,
        "a": 1.0
    },
    "_cylinderVertexCount": 14.0,
    "_stemRadius": 0.09107156842947006,
    "_leafCount": 8.0,
    "_edgeRingCount": 44.0,
    "startPos": {
        "x": 0.0,
        "y": 0.0,
        "z": 0.0
    },
    "tangent1": {
        "x": 0.013313484378159047,
        "y": 0.133036807179451,
        "z": -0.026620913296937944
    },
    "tangent2": {
        "x": -0.48340359330177309,
        "y": 0.15759125351905824,
        "z": -0.4283783435821533
    },
    "endPos": {
        "x": 0.15209510922431947,
        "y": 4.0,
        "z": -0.896962583065033
    }
}