{
    "_horizontalLines": 16.0,
    "_verticalLines": 18.0,
    "_radius": 0.06510604172945023,
    "_petalColour": {
        "r": 0.9225319623947144,
        "g": 0.7921978235244751,
        "b": 0.3240125775337219,
        "a": 1.0
    },
    "_cylinderVertexCount": 5.0,
    "_stemRadius": 0.056067708879709247,
    "_leafCount": 8.0,
    "_edgeRingCount": 54.0,
    "startPos": {
        "x": 0.0,
        "y": 0.0,
        "z": 0.0
    },
    "tangent1": {
        "x": -0.03163261339068413,
        "y": 1.184054970741272,
        "z": 0.19727014005184174
    },
    "tangent2": {
        "x": -0.42106303572654726,
        "y": 1.7683720588684083,
        "z": 0.20836633443832398
    },
    "endPos": {
        "x": -0.8072910904884338,
        "y": 4.363614082336426,
        "z": 0.37058377265930178
    }
}