{
    "_horizontalLines": 17.0,
    "_verticalLines": 15.0,
    "_radius": 0.07572632282972336,
    "_petalColour": {
        "r": 0.40855246782302859,
        "g": 0.10174453258514404,
        "b": 0.43478113412857058,
        "a": 1.0
    },
    "_cylinderVertexCount": 12.0,
    "_stemRadius": 0.06088833510875702,
    "_leafCount": 8.0,
    "_edgeRingCount": 20.0,
    "startPos": {
        "x": 0.0,
        "y": 0.0,
        "z": 0.0
    },
    "tangent1": {
        "x": -0.06397886574268341,
        "y": 0.5219928622245789,
        "z": 0.026056576520204545
    },
    "tangent2": {
        "x": -0.2701195776462555,
        "y": 2.126718044281006,
        "z": 0.42329341173171999
    },
    "endPos": {
        "x": 0.10488441586494446,
        "y": 5.505786895751953,
        "z": -0.4394901990890503
    }
}