{
    "_horizontalLines": 19.0,
    "_verticalLines": 15.0,
    "_radius": 0.11944862455129624,
    "_petalColour": {
        "r": 0.8093080520629883,
        "g": 0.8775842189788818,
        "b": 0.5609419941902161,
        "a": 1.0
    },
    "_cylinderVertexCount": 8.0,
    "_stemRadius": 0.09118407964706421,
    "_leafCount": 8.0,
    "_edgeRingCount": 31.0,
    "startPos": {
        "x": 0.0,
        "y": 0.0,
        "z": 0.0
    },
    "tangent1": {
        "x": -0.28237175941467287,
        "y": 0.5788162350654602,
        "z": -0.1614951640367508
    },
    "tangent2": {
        "x": 0.12847989797592164,
        "y": 2.1540145874023439,
        "z": 0.12179388105869293
    },
    "endPos": {
        "x": -0.5543196201324463,
        "y": 4.420823574066162,
        "z": -0.5620205402374268
    }
}