{
    "_horizontalLines": 19.0,
    "_verticalLines": 17.0,
    "_radius": 0.1300118863582611,
    "_petalColour": {
        "r": 0.7574640512466431,
        "g": 0.37364262342453005,
        "b": 0.8726062774658203,
        "a": 1.0
    },
    "_cylinderVertexCount": 12.0,
    "_stemRadius": 0.09872881323099137,
    "_leafCount": 8.0,
    "_edgeRingCount": 35.0,
    "startPos": {
        "x": 0.0,
        "y": 0.0,
        "z": 0.0
    },
    "tangent1": {
        "x": -0.14102692902088166,
        "y": 1.423563003540039,
        "z": -0.32157495617866518
    },
    "tangent2": {
        "x": -0.09416341781616211,
        "y": 2.4109396934509279,
        "z": -0.786266565322876
    },
    "endPos": {
        "x": 0.21260926127433778,
        "y": 5.295968055725098,
        "z": -1.5733380317687989
    }
}