{
    "_horizontalLines": 18.0,
    "_verticalLines": 19.0,
    "_radius": 0.10582376271486283,
    "_petalColour": {
        "r": 0.8336132764816284,
        "g": 0.20189940929412843,
        "b": 0.7933422327041626,
        "a": 1.0
    },
    "_cylinderVertexCount": 12.0,
    "_stemRadius": 0.05884353071451187,
    "_leafCount": 8.0,
    "_edgeRingCount": 56.0,
    "startPos": {
        "x": 0.0,
        "y": 0.0,
        "z": 0.0
    },
    "tangent1": {
        "x": 0.3711939752101898,
        "y": 1.415366768836975,
        "z": -0.3290792405605316
    },
    "tangent2": {
        "x": 0.15243686735630036,
        "y": 2.502408981323242,
        "z": -0.705218493938446
    },
    "endPos": {
        "x": -0.6483127474784851,
        "y": 5.707728385925293,
        "z": -0.48709261417388918
    }
}