{
    "_horizontalLines": 15.0,
    "_verticalLines": 16.0,
    "_radius": 0.045558590441942218,
    "_petalColour": {
        "r": 0.3940996527671814,
        "g": 0.32879573106765749,
        "b": 0.44801515340805056,
        "a": 1.0
    },
    "_cylinderVertexCount": 12.0,
    "_stemRadius": 0.028034109622240068,
    "_leafCount": 8.0,
    "_edgeRingCount": 46.0,
    "startPos": {
        "x": 0.0,
        "y": 0.0,
        "z": 0.0
    },
    "tangent1": {
        "x": 0.07999949157238007,
        "y": 1.3430198431015015,
        "z": -0.12906165421009065
    },
    "tangent2": {
        "x": 0.28490644693374636,
        "y": 2.834643602371216,
        "z": 0.2902534604072571
    },
    "endPos": {
        "x": -0.11186698079109192,
        "y": 4.0,
        "z": -0.04037901759147644
    }
}