{
    "_horizontalLines": 15.0,
    "_verticalLines": 17.0,
    "_radius": 0.11425236612558365,
    "_petalColour": {
        "r": 0.37326210737228396,
        "g": 0.6365138292312622,
        "b": 0.2949604392051697,
        "a": 1.0
    },
    "_cylinderVertexCount": 10.0,
    "_stemRadius": 0.0945117175579071,
    "_leafCount": 8.0,
    "_edgeRingCount": 25.0,
    "startPos": {
        "x": 0.0,
        "y": 0.0,
        "z": 0.0
    },
    "tangent1": {
        "x": 0.28129708766937258,
        "y": 0.724047839641571,
        "z": -0.22971801459789277
    },
    "tangent2": {
        "x": 0.3614439368247986,
        "y": 2.08070969581604,
        "z": -0.32437658309936526
    },
    "endPos": {
        "x": -0.009992629289627076,
        "y": 5.3758087158203129,
        "z": -0.8484141230583191
    }
}