{
    "_horizontalLines": 15.0,
    "_verticalLines": 16.0,
    "_radius": 0.13575686514377595,
    "_petalColour": {
        "r": 0.3525652289390564,
        "g": 0.5669103264808655,
        "b": 0.5397936701774597,
        "a": 1.0
    },
    "_cylinderVertexCount": 11.0,
    "_stemRadius": 0.09379623085260391,
    "_leafCount": 8.0,
    "_edgeRingCount": 59.0,
    "startPos": {
        "x": 0.0,
        "y": 0.0,
        "z": 0.0
    },
    "tangent1": {
        "x": -0.3656875789165497,
        "y": 0.4752872586250305,
        "z": -0.13495425879955293
    },
    "tangent2": {
        "x": -0.6981824040412903,
        "y": 2.4591195583343508,
        "z": 0.2741813063621521
    },
    "endPos": {
        "x": -0.06167483329772949,
        "y": 5.683137893676758,
        "z": 1.104427456855774
    }
}