{
    "_horizontalLines": 17.0,
    "_verticalLines": 15.0,
    "_radius": 0.08504217863082886,
    "_petalColour": {
        "r": 0.24269795417785645,
        "g": 0.1445465087890625,
        "b": 0.29674309492111208,
        "a": 1.0
    },
    "_cylinderVertexCount": 14.0,
    "_stemRadius": 0.07725969702005387,
    "_leafCount": 8.0,
    "_edgeRingCount": 31.0,
    "startPos": {
        "x": 0.0,
        "y": 0.0,
        "z": 0.0
    },
    "tangent1": {
        "x": 0.25906094908714297,
        "y": 0.4319717288017273,
        "z": -0.1699652224779129
    },
    "tangent2": {
        "x": 0.5764908790588379,
        "y": 1.2622251510620118,
        "z": 0.26263290643692019
    },
    "endPos": {
        "x": -0.004407763481140137,
        "y": 4.354982376098633,
        "z": -0.103422611951828
    }
}