{
    "_horizontalLines": 17.0,
    "_verticalLines": 15.0,
    "_radius": 0.11317364871501923,
    "_petalColour": {
        "r": 0.5335704684257507,
        "g": 0.933647632598877,
        "b": 0.06903207302093506,
        "a": 1.0
    },
    "_cylinderVertexCount": 11.0,
    "_stemRadius": 0.08031239360570908,
    "_leafCount": 8.0,
    "_edgeRingCount": 4.0,
    "startPos": {
        "x": 0.0,
        "y": 0.0,
        "z": 0.0
    },
    "tangent1": {
        "x": -0.036713410168886188,
        "y": 0.8869407773017883,
        "z": 0.2493792474269867
    },
    "tangent2": {
        "x": -0.1362607479095459,
        "y": 1.6684677600860596,
        "z": 0.07117094099521637
    },
    "endPos": {
        "x": 0.022025927901268007,
        "y": 4.465312957763672,
        "z": 0.17759910225868226
    }
}