{
    "_horizontalLines": 18.0,
    "_verticalLines": 15.0,
    "_radius": 0.04233076050877571,
    "_petalColour": {
        "r": 0.28971320390701296,
        "g": 0.45357733964920046,
        "b": 0.5029383301734924,
        "a": 1.0
    },
    "_cylinderVertexCount": 11.0,
    "_stemRadius": 0.01788344234228134,
    "_leafCount": 8.0,
    "_edgeRingCount": 55.0,
    "startPos": {
        "x": 0.0,
        "y": 0.0,
        "z": 0.0
    },
    "tangent1": {
        "x": 0.34247854351997378,
        "y": 1.1970504522323609,
        "z": 0.1442030668258667
    },
    "tangent2": {
        "x": 0.18224285542964936,
        "y": 3.1433990001678469,
        "z": 0.3548276424407959
    },
    "endPos": {
        "x": -0.2399377077817917,
        "y": 5.497987747192383,
        "z": 1.1426403522491456
    }
}