{
    "_horizontalLines": 18.0,
    "_verticalLines": 19.0,
    "_radius": 0.07015278935432434,
    "_petalColour": {
        "r": 0.16177785396575929,
        "g": 0.45639902353286745,
        "b": 0.9316893815994263,
        "a": 1.0
    },
    "_cylinderVertexCount": 6.0,
    "_stemRadius": 0.0423293337225914,
    "_leafCount": 8.0,
    "_edgeRingCount": 33.0,
    "startPos": {
        "x": 0.0,
        "y": 0.0,
        "z": 0.0
    },
    "tangent1": {
        "x": 0.2863055169582367,
        "y": 1.843988060951233,
        "z": -0.0420103557407856
    },
    "tangent2": {
        "x": 0.6292635798454285,
        "y": 1.8514059782028199,
        "z": 0.010584831237792969
    },
    "endPos": {
        "x": -0.029186248779296876,
        "y": 5.323819160461426,
        "z": 0.2043885737657547
    }
}