{
    "_horizontalLines": 19.0,
    "_verticalLines": 19.0,
    "_radius": 0.0987745150923729,
    "_petalColour": {
        "r": 0.5774480700492859,
        "g": 0.9319398403167725,
        "b": 0.5141071677207947,
        "a": 1.0
    },
    "_cylinderVertexCount": 12.0,
    "_stemRadius": 0.07634337991476059,
    "_leafCount": 8.0,
    "_edgeRingCount": 39.0,
    "startPos": {
        "x": 0.0,
        "y": 0.0,
        "z": 0.0
    },
    "tangent1": {
        "x": 0.35561010241508486,
        "y": 1.5552130937576295,
        "z": 0.34939420223236086
    },
    "tangent2": {
        "x": 0.6154128313064575,
        "y": 3.53720760345459,
        "z": 0.14945046603679658
    },
    "endPos": {
        "x": 0.01934593915939331,
        "y": 6.300000190734863,
        "z": 0.2519831955432892
    }
}