{
    "_horizontalLines": 15.0,
    "_verticalLines": 16.0,
    "_radius": 0.07401531934738159,
    "_petalColour": {
        "r": 0.5306006073951721,
        "g": 0.07319676876068115,
        "b": 0.8188081979751587,
        "a": 1.0
    },
    "_cylinderVertexCount": 10.0,
    "_stemRadius": 0.055963002145290378,
    "_leafCount": 8.0,
    "_edgeRingCount": 20.0,
    "startPos": {
        "x": 0.0,
        "y": 0.0,
        "z": 0.0
    },
    "tangent1": {
        "x": -0.16416426002979279,
        "y": 1.0532833337783814,
        "z": -0.18183712661266328
    },
    "tangent2": {
        "x": -0.29743504524230959,
        "y": 1.5840299129486085,
        "z": -0.5872327089309692
    },
    "endPos": {
        "x": -0.6018129587173462,
        "y": 4.634721755981445,
        "z": -0.38474398851394656
    }
}