{
    "_horizontalLines": 17.0,
    "_verticalLines": 18.0,
    "_radius": 0.06699130684137345,
    "_petalColour": {
        "r": 0.7353014945983887,
        "g": 0.48936766386032107,
        "b": 0.01848602294921875,
        "a": 1.0
    },
    "_cylinderVertexCount": 7.0,
    "_stemRadius": 0.028898198157548906,
    "_leafCount": 8.0,
    "_edgeRingCount": 20.0,
    "startPos": {
        "x": 0.0,
        "y": 0.0,
        "z": 0.0
    },
    "tangent1": {
        "x": -0.15801091492176057,
        "y": 1.0161651372909547,
        "z": -0.04142708703875542
    },
    "tangent2": {
        "x": -0.26258182525634768,
        "y": 1.2767622470855713,
        "z": -0.1657392978668213
    },
    "endPos": {
        "x": -0.36201366782188418,
        "y": 4.0,
        "z": -0.45366570353507998
    }
}