{
    "_horizontalLines": 19.0,
    "_verticalLines": 19.0,
    "_radius": 0.11718958616256714,
    "_petalColour": {
        "r": 0.3097969889640808,
        "g": 0.6048994660377502,
        "b": 0.710401177406311,
        "a": 1.0
    },
    "_cylinderVertexCount": 12.0,
    "_stemRadius": 0.08754819631576538,
    "_leafCount": 8.0,
    "_edgeRingCount": 22.0,
    "startPos": {
        "x": 0.0,
        "y": 0.0,
        "z": 0.0
    },
    "tangent1": {
        "x": 0.2202739715576172,
        "y": 1.0875438451766968,
        "z": 0.1494438499212265
    },
    "tangent2": {
        "x": 0.37088143825531008,
        "y": 2.3132591247558595,
        "z": 0.36721640825271609
    },
    "endPos": {
        "x": -0.17670685052871705,
        "y": 5.600595474243164,
        "z": -0.17968326807022096
    }
}