{
    "_horizontalLines": 15.0,
    "_verticalLines": 16.0,
    "_radius": 0.09016458690166474,
    "_petalColour": {
        "r": 0.6714279651641846,
        "g": 0.8410110473632813,
        "b": 0.9904320240020752,
        "a": 1.0
    },
    "_cylinderVertexCount": 9.0,
    "_stemRadius": 0.051913078874349597,
    "_leafCount": 8.0,
    "_edgeRingCount": 17.0,
    "startPos": {
        "x": 0.0,
        "y": 0.0,
        "z": 0.0
    },
    "tangent1": {
        "x": -0.31538620591163638,
        "y": 0.35452765226364138,
        "z": 0.3479766845703125
    },
    "tangent2": {
        "x": -0.5723344087600708,
        "y": 1.9881808757781983,
        "z": 0.7093565464019775
    },
    "endPos": {
        "x": -0.1673503816127777,
        "y": 4.0,
        "z": 0.9069202542304993
    }
}