{
    "_horizontalLines": 18.0,
    "_verticalLines": 15.0,
    "_radius": 0.08800210803747177,
    "_petalColour": {
        "r": 0.4696970582008362,
        "g": 0.723036527633667,
        "b": 0.15433037281036378,
        "a": 1.0
    },
    "_cylinderVertexCount": 8.0,
    "_stemRadius": 0.059362880885601047,
    "_leafCount": 8.0,
    "_edgeRingCount": 10.0,
    "startPos": {
        "x": 0.0,
        "y": 0.0,
        "z": 0.0
    },
    "tangent1": {
        "x": -0.1777353733778,
        "y": 0.8771575689315796,
        "z": -0.4101218283176422
    },
    "tangent2": {
        "x": -0.6077355146408081,
        "y": 0.9772496819496155,
        "z": -0.34298813343048098
    },
    "endPos": {
        "x": -0.4562867283821106,
        "y": 4.0,
        "z": 0.34873080253601076
    }
}