{
    "_horizontalLines": 15.0,
    "_verticalLines": 17.0,
    "_radius": 0.07360553741455078,
    "_petalColour": {
        "r": 0.6524313688278198,
        "g": 0.4423472285270691,
        "b": 0.7505643367767334,
        "a": 1.0
    },
    "_cylinderVertexCount": 12.0,
    "_stemRadius": 0.03904976695775986,
    "_leafCount": 8.0,
    "_edgeRingCount": 61.0,
    "startPos": {
        "x": 0.0,
        "y": 0.0,
        "z": 0.0
    },
    "tangent1": {
        "x": 0.39621999859809878,
        "y": 0.6682330965995789,
        "z": -0.31165429949760439
    },
    "tangent2": {
        "x": -0.07221224904060364,
        "y": 1.1585019826889039,
        "z": 0.08395352959632874
    },
    "endPos": {
        "x": 0.7250596284866333,
        "y": 4.0,
        "z": 0.06907802075147629
    }
}