{
    "_horizontalLines": 17.0,
    "_verticalLines": 15.0,
    "_radius": 0.15157297253608704,
    "_petalColour": {
        "r": 0.8003393411636353,
        "g": 0.1966392993927002,
        "b": 0.8635290861129761,
        "a": 1.0
    },
    "_cylinderVertexCount": 7.0,
    "_stemRadius": 0.11632382869720459,
    "_leafCount": 8.0,
    "_edgeRingCount": 10.0,
    "startPos": {
        "x": 0.0,
        "y": 0.0,
        "z": 0.0
    },
    "tangent1": {
        "x": 0.17219743132591248,
        "y": 1.8125988245010377,
        "z": -0.21823878586292268
    },
    "tangent2": {
        "x": -0.16795149445533753,
        "y": 3.6126785278320314,
        "z": -0.06685169041156769
    },
    "endPos": {
        "x": -0.2790898084640503,
        "y": 4.649847984313965,
        "z": -0.16696488857269288
    }
}