{
    "_horizontalLines": 15.0,
    "_verticalLines": 19.0,
    "_radius": 0.14788994193077088,
    "_petalColour": {
        "r": 0.13980865478515626,
        "g": 0.836092472076416,
        "b": 0.765465497970581,
        "a": 1.0
    },
    "_cylinderVertexCount": 7.0,
    "_stemRadius": 0.11179818958044052,
    "_leafCount": 8.0,
    "_edgeRingCount": 53.0,
    "startPos": {
        "x": 0.0,
        "y": 0.0,
        "z": 0.0
    },
    "tangent1": {
        "x": -0.37767019867897036,
        "y": 0.14482001960277558,
        "z": -0.45523080229759219
    },
    "tangent2": {
        "x": -0.4538854956626892,
        "y": 0.8091208934783936,
        "z": -0.1794966161251068
    },
    "endPos": {
        "x": -0.6611683368682861,
        "y": 4.0,
        "z": -0.676181435585022
    }
}