{
    "_horizontalLines": 19.0,
    "_verticalLines": 16.0,
    "_radius": 0.02554955706000328,
    "_petalColour": {
        "r": 0.6840564012527466,
        "g": 0.9319931268692017,
        "b": 0.8610904216766357,
        "a": 1.0
    },
    "_cylinderVertexCount": 5.0,
    "_stemRadius": 0.009685257449746132,
    "_leafCount": 8.0,
    "_edgeRingCount": 12.0,
    "startPos": {
        "x": 0.0,
        "y": 0.0,
        "z": 0.0
    },
    "tangent1": {
        "x": 0.3401280343532562,
        "y": 1.874402642250061,
        "z": 0.3783435821533203
    },
    "tangent2": {
        "x": 0.5054421424865723,
        "y": 3.6527047157287599,
        "z": 0.8243600130081177
    },
    "endPos": {
        "x": 0.8071919679641724,
        "y": 5.9352312088012699,
        "z": 1.4710137844085694
    }
}