{
    "_horizontalLines": 16.0,
    "_verticalLines": 19.0,
    "_radius": 0.11908065527677536,
    "_petalColour": {
        "r": 0.8050347566604614,
        "g": 0.6896915435791016,
        "b": 0.039538025856018069,
        "a": 1.0
    },
    "_cylinderVertexCount": 14.0,
    "_stemRadius": 0.08220018446445465,
    "_leafCount": 8.0,
    "_edgeRingCount": 60.0,
    "startPos": {
        "x": 0.0,
        "y": 0.0,
        "z": 0.0
    },
    "tangent1": {
        "x": 0.25379952788352969,
        "y": 0.3163549304008484,
        "z": -0.3998246192932129
    },
    "tangent2": {
        "x": 0.34936290979385378,
        "y": 0.9210349321365356,
        "z": -0.23337699472904206
    },
    "endPos": {
        "x": 1.1343952417373658,
        "y": 4.0,
        "z": -0.8742544651031494
    }
}