{
    "_horizontalLines": 18.0,
    "_verticalLines": 17.0,
    "_radius": 0.14277434349060059,
    "_petalColour": {
        "r": 0.3370320200920105,
        "g": 0.38731545209884646,
        "b": 0.9911566972732544,
        "a": 1.0
    },
    "_cylinderVertexCount": 8.0,
    "_stemRadius": 0.10951690375804901,
    "_leafCount": 8.0,
    "_edgeRingCount": 40.0,
    "startPos": {
        "x": 0.0,
        "y": 0.0,
        "z": 0.0
    },
    "tangent1": {
        "x": -0.2851142883300781,
        "y": 1.3044795989990235,
        "z": -0.17931003868579865
    },
    "tangent2": {
        "x": -0.3758471608161926,
        "y": 2.4431886672973635,
        "z": -0.14801573753356934
    },
    "endPos": {
        "x": -1.0639874935150147,
        "y": 4.0,
        "z": -0.8937856554985046
    }
}