{
    "_horizontalLines": 19.0,
    "_verticalLines": 17.0,
    "_radius": 0.04633941128849983,
    "_petalColour": {
        "r": 0.05495500564575195,
        "g": 0.15011286735534669,
        "b": 0.42594414949417117,
        "a": 1.0
    },
    "_cylinderVertexCount": 7.0,
    "_stemRadius": 0.02514824829995632,
    "_leafCount": 8.0,
    "_edgeRingCount": 14.0,
    "startPos": {
        "x": 0.0,
        "y": 0.0,
        "z": 0.0
    },
    "tangent1": {
        "x": 0.36853885650634768,
        "y": 1.90949285030365,
        "z": -0.04896039888262749
    },
    "tangent2": {
        "x": 0.7176915407180786,
        "y": 3.6208648681640627,
        "z": -0.28719139099121096
    },
    "endPos": {
        "x": 0.6369403004646301,
        "y": 5.043793678283691,
        "z": 0.3739902973175049
    }
}