{
    "_horizontalLines": 17.0,
    "_verticalLines": 16.0,
    "_radius": 0.12159208208322525,
    "_petalColour": {
        "r": 0.9680593013763428,
        "g": 0.9596109390258789,
        "b": 0.40830177068710329,
        "a": 1.0
    },
    "_cylinderVertexCount": 6.0,
    "_stemRadius": 0.09063328057527542,
    "_leafCount": 8.0,
    "_edgeRingCount": 46.0,
    "startPos": {
        "x": 0.0,
        "y": 0.0,
        "z": 0.0
    },
    "tangent1": {
        "x": -0.07564382255077362,
        "y": 1.9555892944335938,
        "z": 0.1492318958044052
    },
    "tangent2": {
        "x": -0.4989005923271179,
        "y": 2.279500722885132,
        "z": 0.16083219647407533
    },
    "endPos": {
        "x": -0.7345826625823975,
        "y": 4.567408561706543,
        "z": 0.8236948251724243
    }
}