{
    "_horizontalLines": 17.0,
    "_verticalLines": 17.0,
    "_radius": 0.1596498191356659,
    "_petalColour": {
        "r": 0.38202887773513796,
        "g": 0.37962061166763308,
        "b": 0.872936487197876,
        "a": 1.0
    },
    "_cylinderVertexCount": 12.0,
    "_stemRadius": 0.12515509128570558,
    "_leafCount": 8.0,
    "_edgeRingCount": 13.0,
    "startPos": {
        "x": 0.0,
        "y": 0.0,
        "z": 0.0
    },
    "tangent1": {
        "x": 0.05527620390057564,
        "y": 0.5813434720039368,
        "z": 0.09850473701953888
    },
    "tangent2": {
        "x": 0.41647452116012576,
        "y": 0.632764458656311,
        "z": 0.01153603196144104
    },
    "endPos": {
        "x": 0.6719366312026978,
        "y": 4.0,
        "z": -0.7623770236968994
    }
}