{
    "_horizontalLines": 16.0,
    "_verticalLines": 18.0,
    "_radius": 0.13056479394435883,
    "_petalColour": {
        "r": 0.5278930068016052,
        "g": 0.04835808277130127,
        "b": 0.7565131187438965,
        "a": 1.0
    },
    "_cylinderVertexCount": 13.0,
    "_stemRadius": 0.1202709972858429,
    "_leafCount": 8.0,
    "_edgeRingCount": 61.0,
    "startPos": {
        "x": 0.0,
        "y": 0.0,
        "z": 0.0
    },
    "tangent1": {
        "x": -0.08133812248706818,
        "y": 1.23676598072052,
        "z": 0.3902817666530609
    },
    "tangent2": {
        "x": 0.06416824460029602,
        "y": 1.3689674139022828,
        "z": 0.5034685730934143
    },
    "endPos": {
        "x": 0.13598179817199708,
        "y": 4.0,
        "z": 0.8347115516662598
    }
}