{
    "_horizontalLines": 18.0,
    "_verticalLines": 18.0,
    "_radius": 0.10401913523674011,
    "_petalColour": {
        "r": 0.146584153175354,
        "g": 0.016431331634521486,
        "b": 0.5607474446296692,
        "a": 1.0
    },
    "_cylinderVertexCount": 8.0,
    "_stemRadius": 0.0843624696135521,
    "_leafCount": 8.0,
    "_edgeRingCount": 11.0,
    "startPos": {
        "x": 0.0,
        "y": 0.0,
        "z": 0.0
    },
    "tangent1": {
        "x": 0.14642809331417085,
        "y": 0.11564560234546662,
        "z": 0.0644204169511795
    },
    "tangent2": {
        "x": 0.16438287496566773,
        "y": 0.47793805599212649,
        "z": -0.3810955882072449
    },
    "endPos": {
        "x": 0.26130297780036929,
        "y": 4.0,
        "z": 0.3784104585647583
    }
}