{
    "_horizontalLines": 19.0,
    "_verticalLines": 18.0,
    "_radius": 0.08118284493684769,
    "_petalColour": {
        "r": 0.6012431979179382,
        "g": 0.7411574125289917,
        "b": 0.4841281771659851,
        "a": 1.0
    },
    "_cylinderVertexCount": 8.0,
    "_stemRadius": 0.03140733018517494,
    "_leafCount": 8.0,
    "_edgeRingCount": 50.0,
    "startPos": {
        "x": 0.0,
        "y": 0.0,
        "z": 0.0
    },
    "tangent1": {
        "x": 0.005209731869399548,
        "y": 0.47492295503616335,
        "z": -0.05072207376360893
    },
    "tangent2": {
        "x": -0.2896869480609894,
        "y": 2.370562791824341,
        "z": 0.0020055770874023439
    },
    "endPos": {
        "x": -0.8833502531051636,
        "y": 4.0,
        "z": 0.7739758491516113
    }
}