{
    "_horizontalLines": 18.0,
    "_verticalLines": 17.0,
    "_radius": 0.04153599962592125,
    "_petalColour": {
        "r": 0.10263252258300781,
        "g": 0.7975476980209351,
        "b": 0.19891273975372315,
        "a": 1.0
    },
    "_cylinderVertexCount": 6.0,
    "_stemRadius": 0.04025924950838089,
    "_leafCount": 8.0,
    "_edgeRingCount": 24.0,
    "startPos": {
        "x": 0.0,
        "y": 0.0,
        "z": 0.0
    },
    "tangent1": {
        "x": -0.4101104736328125,
        "y": 0.19561119377613069,
        "z": -0.0236479751765728
    },
    "tangent2": {
        "x": -0.4365597367286682,
        "y": 1.276116132736206,
        "z": -0.300264447927475
    },
    "endPos": {
        "x": -0.22739224135875703,
        "y": 4.611565589904785,
        "z": -0.17158250510692597
    }
}