{
    "_horizontalLines": 15,
    "_verticalLines": 11,
    "_radius": 0.09208445250988007,
    "_petalColour": {
        "r": 0.8280441761016846,
        "g": 0.7509653568267822,
        "b": 0.508398711681366,
        "a": 1.0
    },
    "_cylinderVertexCount": 7,
    "_stemRadius": 0.0719253197312355,
    "_leafCount": 8,
    "_edgeRingCount": 36,
    "startPos": {
        "x": 0.05422363430261612,
        "y": 0.6398014426231384,
        "z": 0.006157970521599054
    },
    "tangent1": {
        "x": 0.295266330242157,
        "y": 2.288788318634033,
        "z": 0.16357500851154328
    },
    "tangent2": {
        "x": -0.11931192874908447,
        "y": 4.141279220581055,
        "z": 0.5052338242530823
    },
    "endPos": {
        "x": -0.8375660181045532,
        "y": 7.55579948425293,
        "z": 0.850459098815918
    }
}