{
    "_horizontalLines": 17.0,
    "_verticalLines": 19.0,
    "_radius": 0.06512482464313507,
    "_petalColour": {
        "r": 0.31620413064956667,
        "g": 0.6574190855026245,
        "b": 0.6708178520202637,
        "a": 1.0
    },
    "_cylinderVertexCount": 11.0,
    "_stemRadius": 0.045424509793519977,
    "_leafCount": 8.0,
    "_edgeRingCount": 42.0,
    "startPos": {
        "x": 0.0,
        "y": 0.0,
        "z": 0.0
    },
    "tangent1": {
        "x": 0.4589158892631531,
        "y": 0.7014968991279602,
        "z": -0.15434007346630097
    },
    "tangent2": {
        "x": 0.5790313482284546,
        "y": 2.484320878982544,
        "z": -0.3058494031429291
    },
    "endPos": {
        "x": 0.5977380275726318,
        "y": 4.0,
        "z": 0.5566830635070801
    }
}