{
    "_horizontalLines": 19.0,
    "_verticalLines": 18.0,
    "_radius": 0.07105214893817902,
    "_petalColour": {
        "r": 0.09079921245574951,
        "g": 0.23874104022979737,
        "b": 0.24514102935791017,
        "a": 1.0
    },
    "_cylinderVertexCount": 10.0,
    "_stemRadius": 0.04415610805153847,
    "_leafCount": 8.0,
    "_edgeRingCount": 19.0,
    "startPos": {
        "x": 0.0,
        "y": 0.0,
        "z": 0.0
    },
    "tangent1": {
        "x": -0.2909072935581207,
        "y": 0.8275415301322937,
        "z": 0.4130955636501312
    },
    "tangent2": {
        "x": -0.1599767804145813,
        "y": 1.0655711889266968,
        "z": 0.5951582789421082
    },
    "endPos": {
        "x": -0.4014355540275574,
        "y": 4.0,
        "z": 1.2480621337890626
    }
}