{
    "_horizontalLines": 17.0,
    "_verticalLines": 17.0,
    "_radius": 0.04285605624318123,
    "_petalColour": {
        "r": 0.6156135201454163,
        "g": 0.1501307487487793,
        "b": 0.37732988595962527,
        "a": 1.0
    },
    "_cylinderVertexCount": 7.0,
    "_stemRadius": 0.026762472465634347,
    "_leafCount": 8.0,
    "_edgeRingCount": 3.0,
    "startPos": {
        "x": 0.0,
        "y": 0.0,
        "z": 0.0
    },
    "tangent1": {
        "x": -0.18454699218273164,
        "y": 1.9826164245605469,
        "z": 0.24764275550842286
    },
    "tangent2": {
        "x": -0.2735527455806732,
        "y": 2.632091522216797,
        "z": 0.7124365568161011
    },
    "endPos": {
        "x": -0.6275896430015564,
        "y": 6.114152908325195,
        "z": 0.09596753120422363
    }
}