{
    "_horizontalLines": 16.0,
    "_verticalLines": 16.0,
    "_radius": 0.0873347595334053,
    "_petalColour": {
        "r": 0.9762053489685059,
        "g": 0.5653349757194519,
        "b": 0.9061462879180908,
        "a": 1.0
    },
    "_cylinderVertexCount": 10.0,
    "_stemRadius": 0.05524330958724022,
    "_leafCount": 8.0,
    "_edgeRingCount": 8.0,
    "startPos": {
        "x": 0.0,
        "y": 0.0,
        "z": 0.0
    },
    "tangent1": {
        "x": -0.3638645112514496,
        "y": 0.6147535443305969,
        "z": -0.4157862663269043
    },
    "tangent2": {
        "x": -0.6623794436454773,
        "y": 2.032348871231079,
        "z": -0.4453051686286926
    },
    "endPos": {
        "x": -0.5469173789024353,
        "y": 4.0,
        "z": -0.668555498123169
    }
}