{
    "_horizontalLines": 17.0,
    "_verticalLines": 18.0,
    "_radius": 0.07454263418912888,
    "_petalColour": {
        "r": 0.6049103140830994,
        "g": 0.2590422034263611,
        "b": 0.5295866131782532,
        "a": 1.0
    },
    "_cylinderVertexCount": 6.0,
    "_stemRadius": 0.07215110957622528,
    "_leafCount": 8.0,
    "_edgeRingCount": 19.0,
    "startPos": {
        "x": 0.0,
        "y": 0.0,
        "z": 0.0
    },
    "tangent1": {
        "x": -0.43463239073753359,
        "y": 1.8280502557754517,
        "z": 0.16737745702266694
    },
    "tangent2": {
        "x": -0.38546422123908999,
        "y": 2.5089783668518068,
        "z": 0.38788723945617678
    },
    "endPos": {
        "x": -0.26924026012420657,
        "y": 4.0,
        "z": 0.3323228061199188
    }
}