{
    "_horizontalLines": 12,
    "_verticalLines": 4,
    "_radius": 0.14812268316745759,
    "_petalColour": {
        "r": 0.7453372478485107,
        "g": 0.5016643404960632,
        "b": 0.4015577435493469,
        "a": 1.0
    },
    "_cylinderVertexCount": 7,
    "_stemRadius": 0.1312302052974701,
    "_leafCount": 8,
    "_edgeRingCount": 34,
    "startPos": {
        "x": -0.2418990582227707,
        "y": 0.02826395072042942,
        "z": 0.17331355810165406
    },
    "tangent1": {
        "x": -0.5757984519004822,
        "y": 0.19650812447071076,
        "z": -0.2945798635482788
    },
    "tangent2": {
        "x": -0.9589508771896362,
        "y": 1.2620103359222413,
        "z": -0.5537915229797363
    },
    "endPos": {
        "x": -0.4945729970932007,
        "y": 4.16569709777832,
        "z": -0.13180327415466309
    }
}