{
    "_horizontalLines": 17.0,
    "_verticalLines": 16.0,
    "_radius": 0.15427085757255555,
    "_petalColour": {
        "r": 0.9910742044448853,
        "g": 0.8779861927032471,
        "b": 0.36760133504867556,
        "a": 1.0
    },
    "_cylinderVertexCount": 5.0,
    "_stemRadius": 0.10460801422595978,
    "_leafCount": 8.0,
    "_edgeRingCount": 19.0,
    "startPos": {
        "x": 0.0,
        "y": 0.0,
        "z": 0.0
    },
    "tangent1": {
        "x": -0.4269179403781891,
        "y": 1.8222278356552125,
        "z": -0.2385724037885666
    },
    "tangent2": {
        "x": -0.2872977554798126,
        "y": 2.436228036880493,
        "z": -0.5545303225517273
    },
    "endPos": {
        "x": -1.083184003829956,
        "y": 4.0,
        "z": -1.0137732028961182
    }
}