{
    "_horizontalLines": 16.0,
    "_verticalLines": 19.0,
    "_radius": 0.06179966777563095,
    "_petalColour": {
        "r": 0.7238502502441406,
        "g": 0.48419564962387087,
        "b": 0.16245412826538087,
        "a": 1.0
    },
    "_cylinderVertexCount": 9.0,
    "_stemRadius": 0.01437164843082428,
    "_leafCount": 8.0,
    "_edgeRingCount": 9.0,
    "startPos": {
        "x": 0.0,
        "y": 0.0,
        "z": 0.0
    },
    "tangent1": {
        "x": -0.13808055222034455,
        "y": 1.0364837646484376,
        "z": 0.17581509053707124
    },
    "tangent2": {
        "x": -0.6060330867767334,
        "y": 1.0845839977264405,
        "z": 0.6057748794555664
    },
    "endPos": {
        "x": 0.14637082815170289,
        "y": 4.0,
        "z": 1.2495555877685547
    }
}