{
    "_horizontalLines": 19.0,
    "_verticalLines": 17.0,
    "_radius": 0.03156832978129387,
    "_petalColour": {
        "r": 0.5100530982017517,
        "g": 0.1276395320892334,
        "b": 0.9832170009613037,
        "a": 1.0
    },
    "_cylinderVertexCount": 13.0,
    "_stemRadius": 0.006382006220519543,
    "_leafCount": 8.0,
    "_edgeRingCount": 46.0,
    "startPos": {
        "x": 0.0,
        "y": 0.0,
        "z": 0.0
    },
    "tangent1": {
        "x": -0.024077940732240678,
        "y": 1.9443858861923218,
        "z": -0.4177282452583313
    },
    "tangent2": {
        "x": -0.16288504004478455,
        "y": 3.464804172515869,
        "z": -0.1096767783164978
    },
    "endPos": {
        "x": 0.08776921033859253,
        "y": 4.0,
        "z": -0.4789923131465912
    }
}