{
    "_horizontalLines": 19.0,
    "_verticalLines": 17.0,
    "_radius": 0.1181812435388565,
    "_petalColour": {
        "r": 0.03113842010498047,
        "g": 0.6101464629173279,
        "b": 0.21952736377716065,
        "a": 1.0
    },
    "_cylinderVertexCount": 6.0,
    "_stemRadius": 0.08972028642892838,
    "_leafCount": 8.0,
    "_edgeRingCount": 49.0,
    "startPos": {
        "x": 0.0,
        "y": 0.0,
        "z": 0.0
    },
    "tangent1": {
        "x": -0.02813868597149849,
        "y": 0.6538190245628357,
        "z": 0.23462915420532227
    },
    "tangent2": {
        "x": -0.40104958415031435,
        "y": 0.7689687013626099,
        "z": 0.12336783111095429
    },
    "endPos": {
        "x": -0.6080998778343201,
        "y": 4.0,
        "z": 0.6351757049560547
    }
}