{
    "_horizontalLines": 19.0,
    "_verticalLines": 19.0,
    "_radius": 0.07505811005830765,
    "_petalColour": {
        "r": 0.7571002244949341,
        "g": 0.10497486591339112,
        "b": 0.6807208061218262,
        "a": 1.0
    },
    "_cylinderVertexCount": 5.0,
    "_stemRadius": 0.04295600950717926,
    "_leafCount": 8.0,
    "_edgeRingCount": 36.0,
    "startPos": {
        "x": 0.0,
        "y": 0.0,
        "z": 0.0
    },
    "tangent1": {
        "x": -0.2925182282924652,
        "y": 0.7122640013694763,
        "z": 0.2763957977294922
    },
    "tangent2": {
        "x": 0.03575849533081055,
        "y": 2.5069684982299806,
        "z": 0.7164479494094849
    },
    "endPos": {
        "x": -0.3171401917934418,
        "y": 5.959358215332031,
        "z": -0.05060046911239624
    }
}