{
    "_horizontalLines": 16.0,
    "_verticalLines": 16.0,
    "_radius": 0.0867566466331482,
    "_petalColour": {
        "r": 0.8878393173217773,
        "g": 0.9859261512756348,
        "b": 0.004754900932312012,
        "a": 1.0
    },
    "_cylinderVertexCount": 9.0,
    "_stemRadius": 0.056275490671396258,
    "_leafCount": 8.0,
    "_edgeRingCount": 33.0,
    "startPos": {
        "x": 0.0,
        "y": 0.0,
        "z": 0.0
    },
    "tangent1": {
        "x": 0.2936917245388031,
        "y": 0.6212852597236633,
        "z": -0.16873355209827424
    },
    "tangent2": {
        "x": -0.04737788438796997,
        "y": 1.9635822772979737,
        "z": 0.2698139548301697
    },
    "endPos": {
        "x": 0.5657029151916504,
        "y": 4.0,
        "z": 0.7058471441268921
    }
}