{
    "_horizontalLines": 4.0,
    "_verticalLines": 10.0,
    "_radius": 0.00616450747475028,
    "_petalColour": {
        "r": 0.49800819158554079,
        "g": 0.9297043085098267,
        "b": 0.9545527696609497,
        "a": 1.0
    },
    "_cylinderVertexCount": 8.0,
    "_stemRadius": -0.0032074362970888616,
    "_leafCount": 8.0,
    "_edgeRingCount": 20.0,
    "startPos": {
        "x": -0.06554815918207169,
        "y": 0.5804393291473389,
        "z": 0.04419086128473282
    },
    "tangent1": {
        "x": 0.0866316482424736,
        "y": 1.1480541229248047,
        "z": 0.07500842213630676
    },
    "tangent2": {
        "x": -0.04719122499227524,
        "y": 2.0940701961517336,
        "z": 0.20538055896759034
    },
    "endPos": {
        "x": -0.4822382926940918,
        "y": 5.399558067321777,
        "z": 1.1924166679382325
    }
}