{
    "_horizontalLines": 17.0,
    "_verticalLines": 15.0,
    "_radius": 0.024548981338739396,
    "_petalColour": {
        "r": 0.08057713508605957,
        "g": 0.9070380926132202,
        "b": 0.5398357510566711,
        "a": 1.0
    },
    "_cylinderVertexCount": 13.0,
    "_stemRadius": 0.016798116266727449,
    "_leafCount": 8.0,
    "_edgeRingCount": 7.0,
    "startPos": {
        "x": 0.0,
        "y": 0.0,
        "z": 0.0
    },
    "tangent1": {
        "x": 0.056763697415590289,
        "y": 1.8754920959472657,
        "z": 0.30570316314697268
    },
    "tangent2": {
        "x": -0.31440824270248415,
        "y": 2.715529680252075,
        "z": 0.14468975365161897
    },
    "endPos": {
        "x": -0.10208244621753693,
        "y": 5.723361492156982,
        "z": -0.35383301973342898
    }
}