{
    "_horizontalLines": 18.0,
    "_verticalLines": 19.0,
    "_radius": 0.12583377957344056,
    "_petalColour": {
        "r": 0.30286258459091189,
        "g": 0.4963255524635315,
        "b": 0.7117375135421753,
        "a": 1.0
    },
    "_cylinderVertexCount": 12.0,
    "_stemRadius": 0.10825133323669434,
    "_leafCount": 8.0,
    "_edgeRingCount": 33.0,
    "startPos": {
        "x": 0.0,
        "y": 0.0,
        "z": 0.0
    },
    "tangent1": {
        "x": -0.22809667885303498,
        "y": 1.9385093450546265,
        "z": 0.456073522567749
    },
    "tangent2": {
        "x": -0.1795799732208252,
        "y": 2.1712381839752199,
        "z": 0.09661364555358887
    },
    "endPos": {
        "x": 0.68229740858078,
        "y": 4.0,
        "z": -0.7750850319862366
    }
}