{
    "_horizontalLines": 17.0,
    "_verticalLines": 17.0,
    "_radius": 0.1012771725654602,
    "_petalColour": {
        "r": 0.8674640655517578,
        "g": 0.6775866746902466,
        "b": 0.5024875998497009,
        "a": 1.0
    },
    "_cylinderVertexCount": 9.0,
    "_stemRadius": 0.05381122604012489,
    "_leafCount": 8.0,
    "_edgeRingCount": 57.0,
    "startPos": {
        "x": 0.0,
        "y": 0.0,
        "z": 0.0
    },
    "tangent1": {
        "x": -0.06711287796497345,
        "y": 1.3289378881454468,
        "z": 0.36436641216278078
    },
    "tangent2": {
        "x": -0.5317955613136292,
        "y": 2.540875196456909,
        "z": 0.8277698755264282
    },
    "endPos": {
        "x": -0.4087636470794678,
        "y": 4.158792495727539,
        "z": 0.828395664691925
    }
}