{
    "_horizontalLines": 17.0,
    "_verticalLines": 15.0,
    "_radius": 0.09776318073272705,
    "_petalColour": {
        "r": 0.008152365684509278,
        "g": 0.24272072315216065,
        "b": 0.6347405910491943,
        "a": 1.0
    },
    "_cylinderVertexCount": 9.0,
    "_stemRadius": 0.05045062303543091,
    "_leafCount": 8.0,
    "_edgeRingCount": 64.0,
    "startPos": {
        "x": 0.0,
        "y": 0.0,
        "z": 0.0
    },
    "tangent1": {
        "x": -0.015105056576430798,
        "y": 1.479318618774414,
        "z": -0.32182303071022036
    },
    "tangent2": {
        "x": 0.05389642342925072,
        "y": 2.5987777709960939,
        "z": 0.02695167064666748
    },
    "endPos": {
        "x": -0.3682810366153717,
        "y": 6.037364959716797,
        "z": 0.7314216494560242
    }
}