{
    "_horizontalLines": 7,
    "_verticalLines": 12,
    "_radius": 0.014316583052277565,
    "_petalColour": {
        "r": 0.824843168258667,
        "g": 0.9635796546936035,
        "b": 0.01320803165435791,
        "a": 1.0
    },
    "_cylinderVertexCount": 12,
    "_stemRadius": -0.011721181683242321,
    "_leafCount": 8,
    "_edgeRingCount": 51,
    "startPos": {
        "x": 0.10789406299591065,
        "y": 0.9552076458930969,
        "z": 0.1664997935295105
    },
    "tangent1": {
        "x": -0.23912456631660462,
        "y": 2.3060338497161867,
        "z": 0.29237455129623415
    },
    "tangent2": {
        "x": -0.2917385995388031,
        "y": 3.7674331665039064,
        "z": 0.23727940022945405
    },
    "endPos": {
        "x": 0.45881685614585879,
        "y": 5.77088737487793,
        "z": 1.1375646591186524
    }
}