{
    "_horizontalLines": 18.0,
    "_verticalLines": 17.0,
    "_radius": 0.06954308599233628,
    "_petalColour": {
        "r": 0.7188208103179932,
        "g": 0.6368935108184815,
        "b": 0.7359838485717773,
        "a": 1.0
    },
    "_cylinderVertexCount": 14.0,
    "_stemRadius": 0.04310452938079834,
    "_leafCount": 8.0,
    "_edgeRingCount": 3.0,
    "startPos": {
        "x": 0.0,
        "y": 0.0,
        "z": 0.0
    },
    "tangent1": {
        "x": 0.02691025659441948,
        "y": 0.5735114812850952,
        "z": 0.36461544036865237
    },
    "tangent2": {
        "x": -0.08219274878501892,
        "y": 1.9311903715133668,
        "z": 0.3770454525947571
    },
    "endPos": {
        "x": -0.5368750691413879,
        "y": 4.0,
        "z": 0.5927175879478455
    }
}