{
    "_horizontalLines": 7.0,
    "_verticalLines": 8.0,
    "_radius": 0.13000856339931489,
    "_petalColour": {
        "r": 0.23839843273162843,
        "g": 0.10785770416259766,
        "b": 0.5260842442512512,
        "a": 1.0
    },
    "_cylinderVertexCount": 5.0,
    "_stemRadius": 0.09721896052360535,
    "_leafCount": 8.0,
    "_edgeRingCount": 4.0,
    "startPos": {
        "x": 0.10970419645309448,
        "y": 0.8966838717460632,
        "z": 0.08021961897611618
    },
    "tangent1": {
        "x": 0.06239856407046318,
        "y": 2.8805229663848879,
        "z": -0.246130108833313
    },
    "tangent2": {
        "x": -0.23048283159732819,
        "y": 3.6529135704040529,
        "z": -0.6417771577835083
    },
    "endPos": {
        "x": -1.1785380840301514,
        "y": 4.580265998840332,
        "z": -1.4922902584075928
    }
}