{
    "_horizontalLines": 19.0,
    "_verticalLines": 17.0,
    "_radius": 0.12353087961673737,
    "_petalColour": {
        "r": 0.8235992193222046,
        "g": 0.5857778191566467,
        "b": 0.5048263669013977,
        "a": 1.0
    },
    "_cylinderVertexCount": 11.0,
    "_stemRadius": 0.11886682361364365,
    "_leafCount": 8.0,
    "_edgeRingCount": 47.0,
    "startPos": {
        "x": 0.0,
        "y": 0.0,
        "z": 0.0
    },
    "tangent1": {
        "x": 0.4959115982055664,
        "y": 1.5185340642929078,
        "z": -0.2608039379119873
    },
    "tangent2": {
        "x": 0.3260670304298401,
        "y": 2.3582558631896974,
        "z": -0.2821119427680969
    },
    "endPos": {
        "x": 0.35899510979652407,
        "y": 4.555124282836914,
        "z": -1.0860106945037842
    }
}