{
    "_horizontalLines": 15.0,
    "_verticalLines": 15.0,
    "_radius": 0.09818632155656815,
    "_petalColour": {
        "r": 0.13885796070098878,
        "g": 0.7870224714279175,
        "b": 0.4310683608055115,
        "a": 1.0
    },
    "_cylinderVertexCount": 8.0,
    "_stemRadius": 0.07654725760221482,
    "_leafCount": 8.0,
    "_edgeRingCount": 60.0,
    "startPos": {
        "x": 0.0,
        "y": 0.0,
        "z": 0.0
    },
    "tangent1": {
        "x": -0.09693603217601776,
        "y": 1.584377646446228,
        "z": -0.02913503721356392
    },
    "tangent2": {
        "x": 0.16792316734790803,
        "y": 2.9998698234558107,
        "z": 0.03439926728606224
    },
    "endPos": {
        "x": 0.7558827996253967,
        "y": 4.832763671875,
        "z": 0.6328802704811096
    }
}