{
    "_horizontalLines": 15.0,
    "_verticalLines": 17.0,
    "_radius": 0.0580412782728672,
    "_petalColour": {
        "r": 0.9721440076828003,
        "g": 0.31046682596206667,
        "b": 0.9797923564910889,
        "a": 1.0
    },
    "_cylinderVertexCount": 10.0,
    "_stemRadius": 0.05687934160232544,
    "_leafCount": 8.0,
    "_edgeRingCount": 15.0,
    "startPos": {
        "x": 0.0,
        "y": 0.0,
        "z": 0.0
    },
    "tangent1": {
        "x": 0.02224259451031685,
        "y": 1.3620041608810425,
        "z": 0.239020437002182
    },
    "tangent2": {
        "x": -0.42933571338653567,
        "y": 2.511162281036377,
        "z": -0.23635083436965943
    },
    "endPos": {
        "x": -0.2586078643798828,
        "y": 5.287504196166992,
        "z": 0.2711378335952759
    }
}