{
    "_horizontalLines": 16.0,
    "_verticalLines": 15.0,
    "_radius": 0.06045432761311531,
    "_petalColour": {
        "r": 0.08432912826538086,
        "g": 0.5543374419212341,
        "b": 0.5682275891304016,
        "a": 1.0
    },
    "_cylinderVertexCount": 10.0,
    "_stemRadius": 0.0596044547855854,
    "_leafCount": 8.0,
    "_edgeRingCount": 46.0,
    "startPos": {
        "x": 0.0,
        "y": 0.0,
        "z": 0.0
    },
    "tangent1": {
        "x": 0.47924208641052248,
        "y": 1.5587573051452637,
        "z": 0.38092783093452456
    },
    "tangent2": {
        "x": 0.04694065451622009,
        "y": 2.360394239425659,
        "z": 0.6929731369018555
    },
    "endPos": {
        "x": 0.19384439289569856,
        "y": 4.495704174041748,
        "z": 1.2847704887390137
    }
}