{
    "_horizontalLines": 16.0,
    "_verticalLines": 15.0,
    "_radius": 0.1407371163368225,
    "_petalColour": {
        "r": 0.3835795521736145,
        "g": 0.8757059574127197,
        "b": 0.3739704489707947,
        "a": 1.0
    },
    "_cylinderVertexCount": 11.0,
    "_stemRadius": 0.11529195308685303,
    "_leafCount": 8.0,
    "_edgeRingCount": 46.0,
    "startPos": {
        "x": 0.0,
        "y": 0.0,
        "z": 0.0
    },
    "tangent1": {
        "x": 0.04921073839068413,
        "y": 1.2241649627685547,
        "z": -0.1534847766160965
    },
    "tangent2": {
        "x": 0.01260995864868164,
        "y": 2.6469521522521974,
        "z": -0.15668940544128419
    },
    "endPos": {
        "x": -0.5916205048561096,
        "y": 4.0,
        "z": -0.2466454803943634
    }
}