{
    "_horizontalLines": 16.0,
    "_verticalLines": 16.0,
    "_radius": 0.08923812955617905,
    "_petalColour": {
        "r": 0.49141091108322146,
        "g": 0.6870431900024414,
        "b": 0.10230588912963867,
        "a": 1.0
    },
    "_cylinderVertexCount": 14.0,
    "_stemRadius": 0.07332903146743775,
    "_leafCount": 8.0,
    "_edgeRingCount": 40.0,
    "startPos": {
        "x": 0.0,
        "y": 0.0,
        "z": 0.0
    },
    "tangent1": {
        "x": 0.3550962209701538,
        "y": 0.857745349407196,
        "z": 0.06571789085865021
    },
    "tangent2": {
        "x": 0.24509890377521516,
        "y": 2.5506489276885988,
        "z": -0.16307353973388673
    },
    "endPos": {
        "x": -0.495397686958313,
        "y": 5.059482097625732,
        "z": 0.6328111290931702
    }
}