{
    "_horizontalLines": 5.0,
    "_verticalLines": 5.0,
    "_radius": 0.05718438699841499,
    "_petalColour": {
        "r": 0.21897053718566895,
        "g": 0.5232148766517639,
        "b": 0.3950614333152771,
        "a": 1.0
    },
    "_cylinderVertexCount": 12.0,
    "_stemRadius": 0.04998853802680969,
    "_leafCount": 8.0,
    "_edgeRingCount": 35.0,
    "startPos": {
        "x": 0.17068757116794587,
        "y": 0.49766960740089419,
        "z": -0.20605869591236115
    },
    "tangent1": {
        "x": 0.07135853171348572,
        "y": 1.5922012329101563,
        "z": -0.482303261756897
    },
    "tangent2": {
        "x": -0.2875974178314209,
        "y": 2.0822675228118898,
        "z": -0.8515629768371582
    },
    "endPos": {
        "x": -0.04356226325035095,
        "y": 3.967649221420288,
        "z": -0.8318008184432983
    }
}