{
    "_horizontalLines": 15.0,
    "_verticalLines": 17.0,
    "_radius": 0.029916083440184594,
    "_petalColour": {
        "r": 0.3031960129737854,
        "g": 0.16273128986358643,
        "b": 0.00015485286712646484,
        "a": 1.0
    },
    "_cylinderVertexCount": 14.0,
    "_stemRadius": 0.017994586378335954,
    "_leafCount": 8.0,
    "_edgeRingCount": 33.0,
    "startPos": {
        "x": 0.0,
        "y": 0.0,
        "z": 0.0
    },
    "tangent1": {
        "x": -0.057639073580503467,
        "y": 0.005308913998305798,
        "z": 0.3684467077255249
    },
    "tangent2": {
        "x": -0.07635712623596192,
        "y": 0.7399523854255676,
        "z": 0.04317232966423035
    },
    "endPos": {
        "x": -0.5098901987075806,
        "y": 4.0,
        "z": 0.7919707298278809
    }
}