{
    "_horizontalLines": 16.0,
    "_verticalLines": 15.0,
    "_radius": 0.14182665944099427,
    "_petalColour": {
        "r": 0.364594042301178,
        "g": 0.48094111680984499,
        "b": 0.8430334329605103,
        "a": 1.0
    },
    "_cylinderVertexCount": 11.0,
    "_stemRadius": 0.11686137318611145,
    "_leafCount": 8.0,
    "_edgeRingCount": 39.0,
    "startPos": {
        "x": 0.0,
        "y": 0.0,
        "z": 0.0
    },
    "tangent1": {
        "x": 0.2372673749923706,
        "y": 0.520002543926239,
        "z": 0.05759591981768608
    },
    "tangent2": {
        "x": -0.07780030369758606,
        "y": 2.2556746006011965,
        "z": 0.11185445636510849
    },
    "endPos": {
        "x": -0.41332775354385378,
        "y": 4.0,
        "z": -0.6982974410057068
    }
}