{
    "_horizontalLines": 16.0,
    "_verticalLines": 15.0,
    "_radius": 0.12614965438842774,
    "_petalColour": {
        "r": 0.9949203729629517,
        "g": 0.7365057468414307,
        "b": 0.5170870423316956,
        "a": 1.0
    },
    "_cylinderVertexCount": 6.0,
    "_stemRadius": 0.09859674423933029,
    "_leafCount": 8.0,
    "_edgeRingCount": 56.0,
    "startPos": {
        "x": 0.0,
        "y": 0.0,
        "z": 0.0
    },
    "tangent1": {
        "x": -0.2443208247423172,
        "y": 1.6129192113876343,
        "z": 0.36311662197113039
    },
    "tangent2": {
        "x": -0.6993699669837952,
        "y": 1.6178065538406373,
        "z": -0.06983396410942078
    },
    "endPos": {
        "x": -1.1776442527770997,
        "y": 4.0,
        "z": -0.8734239339828491
    }
}