{
    "_horizontalLines": 18.0,
    "_verticalLines": 18.0,
    "_radius": 0.023058148100972177,
    "_petalColour": {
        "r": 0.06030404567718506,
        "g": 0.15327024459838868,
        "b": 0.16439533233642579,
        "a": 1.0
    },
    "_cylinderVertexCount": 9.0,
    "_stemRadius": 0.0009648084524087608,
    "_leafCount": 8.0,
    "_edgeRingCount": 8.0,
    "startPos": {
        "x": 0.0,
        "y": 0.0,
        "z": 0.0
    },
    "tangent1": {
        "x": 0.39459168910980227,
        "y": 1.992884635925293,
        "z": 0.20968922972679139
    },
    "tangent2": {
        "x": 0.7792336940765381,
        "y": 2.057055711746216,
        "z": 0.42213258147239687
    },
    "endPos": {
        "x": 0.9611346125602722,
        "y": 5.409979820251465,
        "z": -0.07717666029930115
    }
}