{
    "_horizontalLines": 15.0,
    "_verticalLines": 15.0,
    "_radius": 0.06602793186903,
    "_petalColour": {
        "r": 0.9978969097137451,
        "g": 0.7546155452728272,
        "b": 0.9485185146331787,
        "a": 1.0
    },
    "_cylinderVertexCount": 12.0,
    "_stemRadius": 0.02431979589164257,
    "_leafCount": 8.0,
    "_edgeRingCount": 61.0,
    "startPos": {
        "x": 0.0,
        "y": 0.0,
        "z": 0.0
    },
    "tangent1": {
        "x": 0.41091498732566836,
        "y": 1.4245270490646363,
        "z": 0.41842660307884219
    },
    "tangent2": {
        "x": 0.4652844965457916,
        "y": 2.870511293411255,
        "z": 0.06437671184539795
    },
    "endPos": {
        "x": -0.4072880446910858,
        "y": 4.0,
        "z": 0.8168203234672546
    }
}