{
    "_horizontalLines": 16.0,
    "_verticalLines": 16.0,
    "_radius": 0.0613100491464138,
    "_petalColour": {
        "r": 0.1054002046585083,
        "g": 0.06479477882385254,
        "b": 0.95301353931427,
        "a": 1.0
    },
    "_cylinderVertexCount": 13.0,
    "_stemRadius": 0.019294362515211107,
    "_leafCount": 8.0,
    "_edgeRingCount": 11.0,
    "startPos": {
        "x": 0.0,
        "y": 0.0,
        "z": 0.0
    },
    "tangent1": {
        "x": -0.03652448579668999,
        "y": 0.949093222618103,
        "z": 0.16518782079219819
    },
    "tangent2": {
        "x": -0.08450856059789658,
        "y": 1.3261828422546387,
        "z": 0.17913129925727845
    },
    "endPos": {
        "x": 0.18882107734680177,
        "y": 4.0,
        "z": -0.5562978982925415
    }
}