{
    "_horizontalLines": 19.0,
    "_verticalLines": 15.0,
    "_radius": 0.07045971602201462,
    "_petalColour": {
        "r": 0.5830394625663757,
        "g": 0.28094524145126345,
        "b": 0.730992317199707,
        "a": 1.0
    },
    "_cylinderVertexCount": 13.0,
    "_stemRadius": 0.03819949924945831,
    "_leafCount": 8.0,
    "_edgeRingCount": 42.0,
    "startPos": {
        "x": 0.0,
        "y": 0.0,
        "z": 0.0
    },
    "tangent1": {
        "x": 0.32059821486473086,
        "y": 1.8615909814834595,
        "z": 0.42476215958595278
    },
    "tangent2": {
        "x": -0.017059624195098878,
        "y": 2.1610608100891115,
        "z": 0.5721510648727417
    },
    "endPos": {
        "x": 0.6917473077774048,
        "y": 5.586665153503418,
        "z": 0.3168801963329315
    }
}