{
    "_horizontalLines": 14.0,
    "_verticalLines": 9.0,
    "_radius": 0.060613084584474567,
    "_petalColour": {
        "r": 0.6924706697463989,
        "g": 0.9995791912078857,
        "b": 0.9545190334320068,
        "a": 1.0
    },
    "_cylinderVertexCount": 13.0,
    "_stemRadius": 0.03791166841983795,
    "_leafCount": 8.0,
    "_edgeRingCount": 22.0,
    "startPos": {
        "x": -0.1163867935538292,
        "y": 0.13718119263648988,
        "z": 0.1955420970916748
    },
    "tangent1": {
        "x": -0.07981844246387482,
        "y": 2.017033815383911,
        "z": 0.24586038291454316
    },
    "tangent2": {
        "x": -0.1679370403289795,
        "y": 2.2491707801818849,
        "z": 0.22624072432518006
    },
    "endPos": {
        "x": -0.5668212175369263,
        "y": 4.47339391708374,
        "z": -0.155687153339386
    }
}