{
    "_horizontalLines": 11,
    "_verticalLines": 11,
    "_radius": 0.054155539721250537,
    "_petalColour": {
        "r": 0.3060944676399231,
        "g": 0.6221998333930969,
        "b": 0.16366851329803468,
        "a": 1.0
    },
    "_cylinderVertexCount": 8,
    "_stemRadius": 0.011566829867661,
    "_leafCount": 8,
    "_edgeRingCount": 7,
    "startPos": {
        "x": 0.0600186362862587,
        "y": 0.3719758093357086,
        "z": -0.1036381945014
    },
    "tangent1": {
        "x": -0.19791823625564576,
        "y": 1.6220741271972657,
        "z": -0.4359944462776184
    },
    "tangent2": {
        "x": -0.05988629162311554,
        "y": 3.3537354469299318,
        "z": -0.7215407490730286
    },
    "endPos": {
        "x": -0.7411751747131348,
        "y": 4.694863796234131,
        "z": 0.11578989028930664
    }
}