{
    "_horizontalLines": 19.0,
    "_verticalLines": 16.0,
    "_radius": 0.01892063207924366,
    "_petalColour": {
        "r": 0.07181906700134278,
        "g": 0.0604090690612793,
        "b": 0.8817086219787598,
        "a": 1.0
    },
    "_cylinderVertexCount": 7.0,
    "_stemRadius": 0.017627621069550515,
    "_leafCount": 8.0,
    "_edgeRingCount": 33.0,
    "startPos": {
        "x": 0.0,
        "y": 0.0,
        "z": 0.0
    },
    "tangent1": {
        "x": -0.36910971999168398,
        "y": 0.05116920545697212,
        "z": -0.10718603432178498
    },
    "tangent2": {
        "x": -0.1027129590511322,
        "y": 0.3062692880630493,
        "z": -0.2061479091644287
    },
    "endPos": {
        "x": -0.9528502225875855,
        "y": 4.0,
        "z": -0.03972963988780975
    }
}