{
    "_horizontalLines": 17.0,
    "_verticalLines": 17.0,
    "_radius": 0.06940879672765732,
    "_petalColour": {
        "r": 0.4706248641014099,
        "g": 0.39426714181900027,
        "b": 0.7919548749923706,
        "a": 1.0
    },
    "_cylinderVertexCount": 13.0,
    "_stemRadius": 0.04446515813469887,
    "_leafCount": 8.0,
    "_edgeRingCount": 18.0,
    "startPos": {
        "x": 0.0,
        "y": 0.0,
        "z": 0.0
    },
    "tangent1": {
        "x": -0.2006099671125412,
        "y": 0.5144006609916687,
        "z": -0.23864774405956269
    },
    "tangent2": {
        "x": -0.2158261239528656,
        "y": 2.3490827083587648,
        "z": -0.005200192332267761
    },
    "endPos": {
        "x": -0.9563268423080444,
        "y": 4.0,
        "z": 0.4308699369430542
    }
}