{
    "_horizontalLines": 16.0,
    "_verticalLines": 15.0,
    "_radius": 0.11430808901786804,
    "_petalColour": {
        "r": 0.33205968141555788,
        "g": 0.8266282081604004,
        "b": 0.6396554708480835,
        "a": 1.0
    },
    "_cylinderVertexCount": 7.0,
    "_stemRadius": 0.09552529454231262,
    "_leafCount": 8.0,
    "_edgeRingCount": 9.0,
    "startPos": {
        "x": 0.0,
        "y": 0.0,
        "z": 0.0
    },
    "tangent1": {
        "x": -0.016228627413511277,
        "y": 1.9010909795761109,
        "z": 0.35044869780540469
    },
    "tangent2": {
        "x": 0.22646202147006989,
        "y": 3.31052827835083,
        "z": 0.4683314561843872
    },
    "endPos": {
        "x": -0.6214218735694885,
        "y": 4.0,
        "z": 0.0059194862842559818
    }
}