{
    "_horizontalLines": 15.0,
    "_verticalLines": 18.0,
    "_radius": 0.09956392645835877,
    "_petalColour": {
        "r": 0.7023048400878906,
        "g": 0.07083630561828613,
        "b": 0.9502800703048706,
        "a": 1.0
    },
    "_cylinderVertexCount": 7.0,
    "_stemRadius": 0.06210324168205261,
    "_leafCount": 8.0,
    "_edgeRingCount": 14.0,
    "startPos": {
        "x": 0.0,
        "y": 0.0,
        "z": 0.0
    },
    "tangent1": {
        "x": -0.27404651045799258,
        "y": 0.9844821691513062,
        "z": -0.48541125655174258
    },
    "tangent2": {
        "x": 0.12558594346046449,
        "y": 2.6084070205688478,
        "z": -0.5383754372596741
    },
    "endPos": {
        "x": -0.10883413255214691,
        "y": 5.699559211730957,
        "z": -0.2627228796482086
    }
}