{
    "_horizontalLines": 17.0,
    "_verticalLines": 16.0,
    "_radius": 0.1060224175453186,
    "_petalColour": {
        "r": 0.1589198112487793,
        "g": 0.17648756504058839,
        "b": 0.3848457932472229,
        "a": 1.0
    },
    "_cylinderVertexCount": 9.0,
    "_stemRadius": 0.06388682126998902,
    "_leafCount": 8.0,
    "_edgeRingCount": 9.0,
    "startPos": {
        "x": 0.0,
        "y": 0.0,
        "z": 0.0
    },
    "tangent1": {
        "x": -0.4784582257270813,
        "y": 0.15995235741138459,
        "z": -0.05076022073626518
    },
    "tangent2": {
        "x": -0.28726741671562197,
        "y": 0.8878501653671265,
        "z": -0.22499752044677735
    },
    "endPos": {
        "x": 0.2121044099330902,
        "y": 4.0,
        "z": -1.0966904163360596
    }
}