{
    "_horizontalLines": 18.0,
    "_verticalLines": 15.0,
    "_radius": 0.09144873917102814,
    "_petalColour": {
        "r": 0.5020427107810974,
        "g": 0.1707777976989746,
        "b": 0.44461601972579958,
        "a": 1.0
    },
    "_cylinderVertexCount": 8.0,
    "_stemRadius": 0.041574716567993167,
    "_leafCount": 8.0,
    "_edgeRingCount": 13.0,
    "startPos": {
        "x": 0.0,
        "y": 0.0,
        "z": 0.0
    },
    "tangent1": {
        "x": 0.4332958161830902,
        "y": 0.9312652349472046,
        "z": 0.039508771151304248
    },
    "tangent2": {
        "x": 0.5865256190299988,
        "y": 1.8599915504455567,
        "z": 0.3704734146595001
    },
    "endPos": {
        "x": 0.8134299516677856,
        "y": 4.0,
        "z": 0.5668456554412842
    }
}