{
    "_horizontalLines": 17.0,
    "_verticalLines": 19.0,
    "_radius": 0.07387221604585648,
    "_petalColour": {
        "r": 0.9313290119171143,
        "g": 0.9164936542510986,
        "b": 0.4293830990791321,
        "a": 1.0
    },
    "_cylinderVertexCount": 13.0,
    "_stemRadius": 0.05152255296707153,
    "_leafCount": 8.0,
    "_edgeRingCount": 24.0,
    "startPos": {
        "x": 0.0,
        "y": 0.0,
        "z": 0.0
    },
    "tangent1": {
        "x": 0.26100945472717287,
        "y": 1.8957408666610718,
        "z": -0.4287453591823578
    },
    "tangent2": {
        "x": 0.08188696205615998,
        "y": 2.465252161026001,
        "z": -0.5299211740493774
    },
    "endPos": {
        "x": -0.333829402923584,
        "y": 5.435526371002197,
        "z": -1.391404390335083
    }
}