{
    "_horizontalLines": 18.0,
    "_verticalLines": 16.0,
    "_radius": 0.12078914046287537,
    "_petalColour": {
        "r": 0.5930699706077576,
        "g": 0.6126288771629334,
        "b": 0.9952630996704102,
        "a": 1.0
    },
    "_cylinderVertexCount": 9.0,
    "_stemRadius": 0.0777575895190239,
    "_leafCount": 8.0,
    "_edgeRingCount": 54.0,
    "startPos": {
        "x": 0.0,
        "y": 0.0,
        "z": 0.0
    },
    "tangent1": {
        "x": 0.1939302384853363,
        "y": 0.9093015789985657,
        "z": -0.28630900382995608
    },
    "tangent2": {
        "x": 0.16906513273715974,
        "y": 1.8008276224136353,
        "z": -0.3758673071861267
    },
    "endPos": {
        "x": -0.5920481085777283,
        "y": 4.0,
        "z": 0.3563191890716553
    }
}