{
    "_horizontalLines": 15.0,
    "_verticalLines": 15.0,
    "_radius": 0.053416576236486438,
    "_petalColour": {
        "r": 0.767707109451294,
        "g": 0.32913535833358767,
        "b": 0.6278955936431885,
        "a": 1.0
    },
    "_cylinderVertexCount": 13.0,
    "_stemRadius": 0.014109042473137379,
    "_leafCount": 8.0,
    "_edgeRingCount": 17.0,
    "startPos": {
        "x": 0.0,
        "y": 0.0,
        "z": 0.0
    },
    "tangent1": {
        "x": 0.4371316432952881,
        "y": 1.414925456047058,
        "z": 0.23415255546569825
    },
    "tangent2": {
        "x": 0.17265352606773377,
        "y": 2.7981081008911135,
        "z": 0.12357349693775177
    },
    "endPos": {
        "x": -0.10634827613830567,
        "y": 5.905211448669434,
        "z": 0.6185646057128906
    }
}