{
    "_horizontalLines": 18.0,
    "_verticalLines": 17.0,
    "_radius": 0.1560075283050537,
    "_petalColour": {
        "r": 0.8556866645812988,
        "g": 0.25326496362686159,
        "b": 0.48922163248062136,
        "a": 1.0
    },
    "_cylinderVertexCount": 13.0,
    "_stemRadius": 0.12012796103954315,
    "_leafCount": 8.0,
    "_edgeRingCount": 32.0,
    "startPos": {
        "x": 0.0,
        "y": 0.0,
        "z": 0.0
    },
    "tangent1": {
        "x": -0.2796051502227783,
        "y": 0.9781429171562195,
        "z": -0.4281010627746582
    },
    "tangent2": {
        "x": -0.5782305002212524,
        "y": 1.6211166381835938,
        "z": -0.767831563949585
    },
    "endPos": {
        "x": -0.053849995136260989,
        "y": 4.0,
        "z": -1.3734326362609864
    }
}