{
    "_horizontalLines": 7.0,
    "_verticalLines": 11.0,
    "_radius": 0.10886165499687195,
    "_petalColour": {
        "r": 0.7094727754592896,
        "g": 0.003133535385131836,
        "b": 0.4424141049385071,
        "a": 1.0
    },
    "_cylinderVertexCount": 11.0,
    "_stemRadius": 0.0802871510386467,
    "_leafCount": 8.0,
    "_edgeRingCount": 4.0,
    "startPos": {
        "x": -0.21877765655517579,
        "y": 0.029328251257538797,
        "z": -0.16583581268787385
    },
    "tangent1": {
        "x": -0.04719555377960205,
        "y": 1.470686435699463,
        "z": -0.312164306640625
    },
    "tangent2": {
        "x": 0.2910045385360718,
        "y": 2.955537796020508,
        "z": -0.705612063407898
    },
    "endPos": {
        "x": -0.2763933539390564,
        "y": 6.00214958190918,
        "z": -1.3692588806152344
    }
}