{
    "_horizontalLines": 19.0,
    "_verticalLines": 17.0,
    "_radius": 0.1155654713511467,
    "_petalColour": {
        "r": 0.9461662769317627,
        "g": 0.1322033405303955,
        "b": 0.6970367431640625,
        "a": 1.0
    },
    "_cylinderVertexCount": 14.0,
    "_stemRadius": 0.06861241906881333,
    "_leafCount": 8.0,
    "_edgeRingCount": 17.0,
    "startPos": {
        "x": 0.0,
        "y": 0.0,
        "z": 0.0
    },
    "tangent1": {
        "x": 0.39090967178344729,
        "y": 0.22789879143238069,
        "z": 0.4398551881313324
    },
    "tangent2": {
        "x": 0.022803694009780885,
        "y": 0.3432626724243164,
        "z": 0.8934866786003113
    },
    "endPos": {
        "x": 0.3946150243282318,
        "y": 4.0,
        "z": 1.7547740936279297
    }
}