{
    "_horizontalLines": 15.0,
    "_verticalLines": 15.0,
    "_radius": 0.08576324582099915,
    "_petalColour": {
        "r": 0.7335638999938965,
        "g": 0.3171023726463318,
        "b": 0.32150107622146609,
        "a": 1.0
    },
    "_cylinderVertexCount": 11.0,
    "_stemRadius": 0.07194948196411133,
    "_leafCount": 8.0,
    "_edgeRingCount": 59.0,
    "startPos": {
        "x": 0.0,
        "y": 0.0,
        "z": 0.0
    },
    "tangent1": {
        "x": -0.0006436824914999306,
        "y": 0.6486331820487976,
        "z": -0.29317617416381838
    },
    "tangent2": {
        "x": 0.37957558035850527,
        "y": 1.7610228061676026,
        "z": -0.4286826252937317
    },
    "endPos": {
        "x": 0.23850558698177339,
        "y": 4.0,
        "z": -0.08416309952735901
    }
}