{
    "_horizontalLines": 17.0,
    "_verticalLines": 17.0,
    "_radius": 0.12629851698875428,
    "_petalColour": {
        "r": 0.5201553702354431,
        "g": 0.23802220821380616,
        "b": 0.4954788088798523,
        "a": 1.0
    },
    "_cylinderVertexCount": 13.0,
    "_stemRadius": 0.08344793319702149,
    "_leafCount": 8.0,
    "_edgeRingCount": 4.0,
    "startPos": {
        "x": 0.0,
        "y": 0.0,
        "z": 0.0
    },
    "tangent1": {
        "x": 0.06111140176653862,
        "y": 0.6950061917304993,
        "z": 0.3287757635116577
    },
    "tangent2": {
        "x": -0.27944114804267886,
        "y": 2.1338064670562746,
        "z": 0.8286552429199219
    },
    "endPos": {
        "x": -0.5363388061523438,
        "y": 5.50416374206543,
        "z": 0.7354612946510315
    }
}