{
    "_horizontalLines": 17.0,
    "_verticalLines": 18.0,
    "_radius": 0.10158674418926239,
    "_petalColour": {
        "r": 0.6033250689506531,
        "g": 0.8392060995101929,
        "b": 0.4612824320793152,
        "a": 1.0
    },
    "_cylinderVertexCount": 8.0,
    "_stemRadius": 0.07649590820074082,
    "_leafCount": 8.0,
    "_edgeRingCount": 42.0,
    "startPos": {
        "x": 0.0,
        "y": 0.0,
        "z": 0.0
    },
    "tangent1": {
        "x": -0.31603601574897768,
        "y": 1.7060569524765015,
        "z": 0.24988722801208497
    },
    "tangent2": {
        "x": -0.05273464322090149,
        "y": 3.5920581817626955,
        "z": 0.737031102180481
    },
    "endPos": {
        "x": -0.10080409049987793,
        "y": 5.921367645263672,
        "z": 1.337911605834961
    }
}