{
    "_horizontalLines": 15,
    "_verticalLines": 4,
    "_radius": 0.13839611411094666,
    "_petalColour": {
        "r": 0.4411812424659729,
        "g": 0.15996873378753663,
        "b": 0.005164504051208496,
        "a": 1.0
    },
    "_cylinderVertexCount": 10,
    "_stemRadius": 0.10612938553094864,
    "_leafCount": 8,
    "_edgeRingCount": 37,
    "startPos": {
        "x": 0.13498973846435548,
        "y": 0.30341288447380068,
        "z": 0.0744444727897644
    },
    "tangent1": {
        "x": 0.04361872375011444,
        "y": 0.7989895343780518,
        "z": -0.2051476538181305
    },
    "tangent2": {
        "x": 0.2375812828540802,
        "y": 1.6144237518310547,
        "z": -0.433999240398407
    },
    "endPos": {
        "x": 0.7004842758178711,
        "y": 4.824591636657715,
        "z": -0.20924481749534608
    }
}