{
    "_horizontalLines": 19.0,
    "_verticalLines": 18.0,
    "_radius": 0.1028493195772171,
    "_petalColour": {
        "r": 0.18675076961517335,
        "g": 0.6868852376937866,
        "b": 0.6975911855697632,
        "a": 1.0
    },
    "_cylinderVertexCount": 9.0,
    "_stemRadius": 0.05989750102162361,
    "_leafCount": 8.0,
    "_edgeRingCount": 31.0,
    "startPos": {
        "x": 0.0,
        "y": 0.0,
        "z": 0.0
    },
    "tangent1": {
        "x": 0.15742596983909608,
        "y": 0.5795347094535828,
        "z": 0.3596158027648926
    },
    "tangent2": {
        "x": 0.014978542923927307,
        "y": 1.8099064826965333,
        "z": 0.33390289545059206
    },
    "endPos": {
        "x": 0.2675871253013611,
        "y": 4.0,
        "z": 0.3011990487575531
    }
}