{
    "_horizontalLines": 15.0,
    "_verticalLines": 15.0,
    "_radius": 0.134102463722229,
    "_petalColour": {
        "r": 0.731189489364624,
        "g": 0.005301713943481445,
        "b": 0.4210227131843567,
        "a": 1.0
    },
    "_cylinderVertexCount": 5.0,
    "_stemRadius": 0.09481813758611679,
    "_leafCount": 8.0,
    "_edgeRingCount": 56.0,
    "startPos": {
        "x": 0.0,
        "y": 0.0,
        "z": 0.0
    },
    "tangent1": {
        "x": 0.03876180574297905,
        "y": 1.3370574712753297,
        "z": 0.37125739455223086
    },
    "tangent2": {
        "x": 0.18247373402118684,
        "y": 3.173445463180542,
        "z": 0.0924484133720398
    },
    "endPos": {
        "x": 0.7969439029693604,
        "y": 4.057182788848877,
        "z": 0.6527935266494751
    }
}