{
    "_horizontalLines": 16.0,
    "_verticalLines": 18.0,
    "_radius": 0.10524234920740128,
    "_petalColour": {
        "r": 0.8905102014541626,
        "g": 0.899013876914978,
        "b": 0.2325359582901001,
        "a": 1.0
    },
    "_cylinderVertexCount": 14.0,
    "_stemRadius": 0.06285929679870606,
    "_leafCount": 8.0,
    "_edgeRingCount": 5.0,
    "startPos": {
        "x": 0.0,
        "y": 0.0,
        "z": 0.0
    },
    "tangent1": {
        "x": -0.09422354400157929,
        "y": 1.498199462890625,
        "z": -0.3084683418273926
    },
    "tangent2": {
        "x": -0.45021528005599978,
        "y": 3.2517189979553224,
        "z": -0.4443647265434265
    },
    "endPos": {
        "x": -0.9988810420036316,
        "y": 6.029480934143066,
        "z": 0.048163384199142459
    }
}