{
    "_horizontalLines": 17.0,
    "_verticalLines": 15.0,
    "_radius": 0.12967292964458466,
    "_petalColour": {
        "r": 0.20616984367370606,
        "g": 0.5662660002708435,
        "b": 0.47368699312210085,
        "a": 1.0
    },
    "_cylinderVertexCount": 9.0,
    "_stemRadius": 0.08074019104242325,
    "_leafCount": 8.0,
    "_edgeRingCount": 24.0,
    "startPos": {
        "x": 0.0,
        "y": 0.0,
        "z": 0.0
    },
    "tangent1": {
        "x": 0.4129451811313629,
        "y": 1.3646564483642579,
        "z": -0.33296850323677065
    },
    "tangent2": {
        "x": 0.052835285663604739,
        "y": 2.427145481109619,
        "z": -0.8016484975814819
    },
    "endPos": {
        "x": -0.1702890545129776,
        "y": 4.0,
        "z": -0.7937803864479065
    }
}