{
    "_horizontalLines": 14,
    "_verticalLines": 4,
    "_radius": 0.035148072987794879,
    "_petalColour": {
        "r": 0.713326096534729,
        "g": 0.02330470085144043,
        "b": 0.567768394947052,
        "a": 1.0
    },
    "_cylinderVertexCount": 6,
    "_stemRadius": 0.02186492644250393,
    "_leafCount": 8,
    "_edgeRingCount": 54,
    "startPos": {
        "x": -0.23191127181053163,
        "y": 0.6408271789550781,
        "z": 0.1733819842338562
    },
    "tangent1": {
        "x": 0.25374945998191836,
        "y": 1.88228178024292,
        "z": -0.02799282968044281
    },
    "tangent2": {
        "x": -0.22889062762260438,
        "y": 3.4339475631713869,
        "z": 0.21712253987789155
    },
    "endPos": {
        "x": -1.0445711612701417,
        "y": 6.810549736022949,
        "z": 0.33336007595062258
    }
}