{
    "_horizontalLines": 7.0,
    "_verticalLines": 6.0,
    "_radius": 0.07814210653305054,
    "_petalColour": {
        "r": 0.7818735837936401,
        "g": 0.5147503018379211,
        "b": 0.37954801321029665,
        "a": 1.0
    },
    "_cylinderVertexCount": 6.0,
    "_stemRadius": 0.06848350912332535,
    "_leafCount": 8.0,
    "_edgeRingCount": 54.0,
    "startPos": {
        "x": -0.0805341973900795,
        "y": 0.054270170629024509,
        "z": 0.13063758611679078
    },
    "tangent1": {
        "x": -0.4739828109741211,
        "y": 1.3507781028747559,
        "z": -0.06742344796657562
    },
    "tangent2": {
        "x": -0.2394556999206543,
        "y": 2.0254461765289308,
        "z": -0.07181254029273987
    },
    "endPos": {
        "x": -0.8847271800041199,
        "y": 4.5202765464782719,
        "z": 0.12958019971847535
    }
}