{
    "_horizontalLines": 18.0,
    "_verticalLines": 19.0,
    "_radius": 0.0359659418463707,
    "_petalColour": {
        "r": 0.016073107719421388,
        "g": 0.11432373523712158,
        "b": 0.03477895259857178,
        "a": 1.0
    },
    "_cylinderVertexCount": 9.0,
    "_stemRadius": 0.017153248190879823,
    "_leafCount": 8.0,
    "_edgeRingCount": 8.0,
    "startPos": {
        "x": 0.0,
        "y": 0.0,
        "z": 0.0
    },
    "tangent1": {
        "x": -0.06892223656177521,
        "y": 0.2246372252702713,
        "z": -0.33052539825439455
    },
    "tangent2": {
        "x": -0.42759770154953005,
        "y": 0.9746500849723816,
        "z": -0.27085918188095095
    },
    "endPos": {
        "x": 0.10924762487411499,
        "y": 4.0,
        "z": 0.10540041327476502
    }
}