{
    "_horizontalLines": 17.0,
    "_verticalLines": 15.0,
    "_radius": 0.06119944900274277,
    "_petalColour": {
        "r": 0.9969868659973145,
        "g": 0.5863874554634094,
        "b": 0.10405635833740235,
        "a": 1.0
    },
    "_cylinderVertexCount": 6.0,
    "_stemRadius": 0.05606763809919357,
    "_leafCount": 8.0,
    "_edgeRingCount": 61.0,
    "startPos": {
        "x": 0.0,
        "y": 0.0,
        "z": 0.0
    },
    "tangent1": {
        "x": 0.1118953675031662,
        "y": 0.19606952369213105,
        "z": -0.4847947061061859
    },
    "tangent2": {
        "x": -0.11268153786659241,
        "y": 1.3336999416351319,
        "z": -0.02522459626197815
    },
    "endPos": {
        "x": -0.6889538764953613,
        "y": 4.0,
        "z": 0.046053238213062289
    }
}