{
    "_horizontalLines": 16.0,
    "_verticalLines": 17.0,
    "_radius": 0.07087860256433487,
    "_petalColour": {
        "r": 0.3459351658821106,
        "g": 0.2831767201423645,
        "b": 0.4535045027732849,
        "a": 1.0
    },
    "_cylinderVertexCount": 5.0,
    "_stemRadius": 0.026786981150507928,
    "_leafCount": 8.0,
    "_edgeRingCount": 62.0,
    "startPos": {
        "x": 0.0,
        "y": 0.0,
        "z": 0.0
    },
    "tangent1": {
        "x": 0.054154206067323688,
        "y": 0.9522464871406555,
        "z": -0.1751522570848465
    },
    "tangent2": {
        "x": 0.5228605270385742,
        "y": 2.276594638824463,
        "z": -0.3150923252105713
    },
    "endPos": {
        "x": 0.24239256978034974,
        "y": 4.0,
        "z": 0.25905096530914309
    }
}