{
    "_horizontalLines": 16.0,
    "_verticalLines": 19.0,
    "_radius": 0.040753647685050967,
    "_petalColour": {
        "r": 0.39180654287338259,
        "g": 0.42041629552841189,
        "b": 0.8682619333267212,
        "a": 1.0
    },
    "_cylinderVertexCount": 9.0,
    "_stemRadius": 0.019127322360873224,
    "_leafCount": 8.0,
    "_edgeRingCount": 25.0,
    "startPos": {
        "x": 0.0,
        "y": 0.0,
        "z": 0.0
    },
    "tangent1": {
        "x": -0.43003520369529726,
        "y": 0.8289474248886108,
        "z": -0.08640341460704804
    },
    "tangent2": {
        "x": -0.5309399366378784,
        "y": 1.737148642539978,
        "z": 0.1564151793718338
    },
    "endPos": {
        "x": -0.9059513807296753,
        "y": 4.0,
        "z": -0.12278755009174347
    }
}