{
    "_horizontalLines": 17.0,
    "_verticalLines": 15.0,
    "_radius": 0.05517059564590454,
    "_petalColour": {
        "r": 0.30353134870529177,
        "g": 0.09200990200042725,
        "b": 0.3496171832084656,
        "a": 1.0
    },
    "_cylinderVertexCount": 7.0,
    "_stemRadius": 0.032960571348667148,
    "_leafCount": 8.0,
    "_edgeRingCount": 34.0,
    "startPos": {
        "x": 0.0,
        "y": 0.0,
        "z": 0.0
    },
    "tangent1": {
        "x": -0.3625117242336273,
        "y": 1.3562194108963013,
        "z": 0.14946231245994569
    },
    "tangent2": {
        "x": 0.09142503142356873,
        "y": 2.2499916553497316,
        "z": 0.25054317712783816
    },
    "endPos": {
        "x": 0.709065318107605,
        "y": 5.684567928314209,
        "z": -0.2470892071723938
    }
}