{
    "_horizontalLines": 16.0,
    "_verticalLines": 17.0,
    "_radius": 0.06280821561813355,
    "_petalColour": {
        "r": 0.2718356251716614,
        "g": 0.240586519241333,
        "b": 0.09477555751800537,
        "a": 1.0
    },
    "_cylinderVertexCount": 6.0,
    "_stemRadius": 0.03650074824690819,
    "_leafCount": 8.0,
    "_edgeRingCount": 57.0,
    "startPos": {
        "x": 0.0,
        "y": 0.0,
        "z": 0.0
    },
    "tangent1": {
        "x": -0.382023423910141,
        "y": 1.779578447341919,
        "z": -0.08166579902172089
    },
    "tangent2": {
        "x": -0.23962365090847016,
        "y": 2.0566320419311525,
        "z": 0.20573528110980988
    },
    "endPos": {
        "x": -0.9584754109382629,
        "y": 4.059204578399658,
        "z": -0.22499002516269685
    }
}