{
    "_horizontalLines": 16.0,
    "_verticalLines": 19.0,
    "_radius": 0.10152086615562439,
    "_petalColour": {
        "r": 0.268488347530365,
        "g": 0.25995951890945437,
        "b": 0.48015421628952029,
        "a": 1.0
    },
    "_cylinderVertexCount": 7.0,
    "_stemRadius": 0.09727147966623306,
    "_leafCount": 8.0,
    "_edgeRingCount": 37.0,
    "startPos": {
        "x": 0.0,
        "y": 0.0,
        "z": 0.0
    },
    "tangent1": {
        "x": -0.06300850212574005,
        "y": 1.4547916650772095,
        "z": -0.33934497833251955
    },
    "tangent2": {
        "x": -0.38824284076690676,
        "y": 2.101891279220581,
        "z": 0.0667625367641449
    },
    "endPos": {
        "x": -0.3584212362766266,
        "y": 4.0,
        "z": 0.1460854411125183
    }
}