{
    "_horizontalLines": 18.0,
    "_verticalLines": 18.0,
    "_radius": 0.0853339210152626,
    "_petalColour": {
        "r": 0.7497125864028931,
        "g": 0.9869740009307861,
        "b": 0.9983159303665161,
        "a": 1.0
    },
    "_cylinderVertexCount": 13.0,
    "_stemRadius": 0.045068323612213138,
    "_leafCount": 8.0,
    "_edgeRingCount": 61.0,
    "startPos": {
        "x": 0.0,
        "y": 0.0,
        "z": 0.0
    },
    "tangent1": {
        "x": -0.2349674254655838,
        "y": 0.2933061718940735,
        "z": 0.22248181700706483
    },
    "tangent2": {
        "x": -0.6382913589477539,
        "y": 1.5643870830535889,
        "z": 0.34307706356048586
    },
    "endPos": {
        "x": -0.7157551050186157,
        "y": 4.0,
        "z": 0.37418457865715029
    }
}