{
    "_horizontalLines": 17.0,
    "_verticalLines": 16.0,
    "_radius": 0.07780259102582932,
    "_petalColour": {
        "r": 0.560446560382843,
        "g": 0.5909733176231384,
        "b": 0.7056574821472168,
        "a": 1.0
    },
    "_cylinderVertexCount": 5.0,
    "_stemRadius": 0.05392095819115639,
    "_leafCount": 8.0,
    "_edgeRingCount": 22.0,
    "startPos": {
        "x": 0.0,
        "y": 0.0,
        "z": 0.0
    },
    "tangent1": {
        "x": -0.31105443835258486,
        "y": 0.43536967039108279,
        "z": -0.46864110231399538
    },
    "tangent2": {
        "x": 0.10526055097579956,
        "y": 0.8538068532943726,
        "z": -0.8331419229507446
    },
    "endPos": {
        "x": -0.3286348879337311,
        "y": 4.0,
        "z": -0.56166672706604
    }
}