{
    "_horizontalLines": 19.0,
    "_verticalLines": 16.0,
    "_radius": 0.09494468569755554,
    "_petalColour": {
        "r": 0.10467040538787842,
        "g": 0.11699998378753662,
        "b": 0.9233365058898926,
        "a": 1.0
    },
    "_cylinderVertexCount": 14.0,
    "_stemRadius": 0.06496132165193558,
    "_leafCount": 8.0,
    "_edgeRingCount": 52.0,
    "startPos": {
        "x": 0.0,
        "y": 0.0,
        "z": 0.0
    },
    "tangent1": {
        "x": -0.3090543746948242,
        "y": 0.13850955665111543,
        "z": 0.19835780560970307
    },
    "tangent2": {
        "x": -0.09018850326538086,
        "y": 0.6287819147109985,
        "z": -0.2652008533477783
    },
    "endPos": {
        "x": -0.5163410902023315,
        "y": 4.0,
        "z": -0.2882624566555023
    }
}