{
    "_horizontalLines": 18.0,
    "_verticalLines": 17.0,
    "_radius": 0.11438176035881043,
    "_petalColour": {
        "r": 0.9025701284408569,
        "g": 0.535721480846405,
        "b": 0.3894656300544739,
        "a": 1.0
    },
    "_cylinderVertexCount": 8.0,
    "_stemRadius": 0.09954620152711868,
    "_leafCount": 8.0,
    "_edgeRingCount": 29.0,
    "startPos": {
        "x": 0.0,
        "y": 0.0,
        "z": 0.0
    },
    "tangent1": {
        "x": -0.4251647889614105,
        "y": 0.5975416302680969,
        "z": 0.10913176834583283
    },
    "tangent2": {
        "x": -0.14585742354393006,
        "y": 0.6155681610107422,
        "z": 0.20780697464942933
    },
    "endPos": {
        "x": 0.31050044298171999,
        "y": 4.0,
        "z": 0.3754204511642456
    }
}