{
    "_horizontalLines": 19.0,
    "_verticalLines": 18.0,
    "_radius": 0.10073991864919663,
    "_petalColour": {
        "r": 0.4373531937599182,
        "g": 0.293800413608551,
        "b": 0.5237935185432434,
        "a": 1.0
    },
    "_cylinderVertexCount": 10.0,
    "_stemRadius": 0.09306932240724564,
    "_leafCount": 8.0,
    "_edgeRingCount": 45.0,
    "startPos": {
        "x": 0.0,
        "y": 0.0,
        "z": 0.0
    },
    "tangent1": {
        "x": -0.23766426742076875,
        "y": 0.2882959246635437,
        "z": -0.11391539871692658
    },
    "tangent2": {
        "x": -0.6792318820953369,
        "y": 0.8120819926261902,
        "z": 0.05506317317485809
    },
    "endPos": {
        "x": -1.0220884084701539,
        "y": 4.0,
        "z": 0.38551753759384158
    }
}