{
    "_horizontalLines": 17.0,
    "_verticalLines": 18.0,
    "_radius": 0.10110434889793396,
    "_petalColour": {
        "r": 0.97369384765625,
        "g": 0.9813251495361328,
        "b": 0.38845986127853396,
        "a": 1.0
    },
    "_cylinderVertexCount": 7.0,
    "_stemRadius": 0.07801925390958786,
    "_leafCount": 8.0,
    "_edgeRingCount": 19.0,
    "startPos": {
        "x": 0.0,
        "y": 0.0,
        "z": 0.0
    },
    "tangent1": {
        "x": -0.4930516183376312,
        "y": 1.699986219406128,
        "z": 0.2031024694442749
    },
    "tangent2": {
        "x": -0.7767144441604614,
        "y": 2.8942461013793947,
        "z": -0.21220123767852784
    },
    "endPos": {
        "x": -0.5159174203872681,
        "y": 4.625529766082764,
        "z": -0.6723568439483643
    }
}