{
    "_horizontalLines": 18.0,
    "_verticalLines": 17.0,
    "_radius": 0.13683739304542542,
    "_petalColour": {
        "r": 0.44546443223953249,
        "g": 0.3186569809913635,
        "b": 0.7487647533416748,
        "a": 1.0
    },
    "_cylinderVertexCount": 12.0,
    "_stemRadius": 0.09771966189146042,
    "_leafCount": 8.0,
    "_edgeRingCount": 31.0,
    "startPos": {
        "x": 0.0,
        "y": 0.0,
        "z": 0.0
    },
    "tangent1": {
        "x": -0.18035025894641877,
        "y": 0.35153883695602419,
        "z": -0.1006811112165451
    },
    "tangent2": {
        "x": 0.06085185706615448,
        "y": 2.118474245071411,
        "z": -0.37431007623672488
    },
    "endPos": {
        "x": -0.4964315891265869,
        "y": 4.0,
        "z": 0.3787662386894226
    }
}