{
    "_horizontalLines": 17.0,
    "_verticalLines": 17.0,
    "_radius": 0.07732874155044556,
    "_petalColour": {
        "r": 0.6112990975379944,
        "g": 0.5112138390541077,
        "b": 0.9465583562850952,
        "a": 1.0
    },
    "_cylinderVertexCount": 9.0,
    "_stemRadius": 0.05215048789978027,
    "_leafCount": 8.0,
    "_edgeRingCount": 56.0,
    "startPos": {
        "x": 0.0,
        "y": 0.0,
        "z": 0.0
    },
    "tangent1": {
        "x": 0.10436196625232697,
        "y": 0.9037343859672546,
        "z": 0.02800898626446724
    },
    "tangent2": {
        "x": 0.03319326043128967,
        "y": 2.6979966163635256,
        "z": -0.27178338170051577
    },
    "endPos": {
        "x": -0.8116271495819092,
        "y": 5.380241394042969,
        "z": -0.6355793476104736
    }
}