{
    "_horizontalLines": 12,
    "_verticalLines": 10,
    "_radius": 0.02810712158679962,
    "_petalColour": {
        "r": 0.2753376364707947,
        "g": 0.8467618227005005,
        "b": 0.979825496673584,
        "a": 1.0
    },
    "_cylinderVertexCount": 12,
    "_stemRadius": 0.018285177648067476,
    "_leafCount": 8,
    "_edgeRingCount": 10,
    "startPos": {
        "x": 0.196119487285614,
        "y": 0.39888930320739748,
        "z": -0.07190439850091934
    },
    "tangent1": {
        "x": -0.14240381121635438,
        "y": 1.0295701026916505,
        "z": -0.2280907928943634
    },
    "tangent2": {
        "x": 0.17398107051849366,
        "y": 2.1484665870666506,
        "z": -0.5448399782180786
    },
    "endPos": {
        "x": 0.6105564832687378,
        "y": 3.047184944152832,
        "z": -0.08662736415863037
    }
}