{
    "_horizontalLines": 5.0,
    "_verticalLines": 11.0,
    "_radius": 0.10253544896841049,
    "_petalColour": {
        "r": 0.3513646721839905,
        "g": 0.9978128671646118,
        "b": 0.18483877182006837,
        "a": 1.0
    },
    "_cylinderVertexCount": 5.0,
    "_stemRadius": 0.05511871352791786,
    "_leafCount": 8.0,
    "_edgeRingCount": 14.0,
    "startPos": {
        "x": -0.09748325496912003,
        "y": 0.964403510093689,
        "z": -0.20431002974510194
    },
    "tangent1": {
        "x": 0.17882156372070313,
        "y": 2.1364173889160158,
        "z": 0.18853235244750977
    },
    "tangent2": {
        "x": 0.43087077140808108,
        "y": 3.3751373291015627,
        "z": 0.29250568151474
    },
    "endPos": {
        "x": 0.16483798623085023,
        "y": 5.845446586608887,
        "z": -0.3245357275009155
    }
}