{
    "_horizontalLines": 12,
    "_verticalLines": 7,
    "_radius": 0.11069895327091217,
    "_petalColour": {
        "r": 0.40859824419021609,
        "g": 0.15280234813690186,
        "b": 0.16395306587219239,
        "a": 1.0
    },
    "_cylinderVertexCount": 6,
    "_stemRadius": 0.09427159279584885,
    "_leafCount": 8,
    "_edgeRingCount": 7,
    "startPos": {
        "x": -0.02687809430062771,
        "y": 0.4348793029785156,
        "z": 0.22270545363426209
    },
    "tangent1": {
        "x": -0.1190953478217125,
        "y": 2.0713706016540529,
        "z": 0.5009812116622925
    },
    "tangent2": {
        "x": -0.047564007341861728,
        "y": 3.585522174835205,
        "z": 0.810577392578125
    },
    "endPos": {
        "x": -0.15818345546722413,
        "y": 5.977662086486816,
        "z": 1.6829437017440797
    }
}