{
    "_horizontalLines": 19.0,
    "_verticalLines": 16.0,
    "_radius": 0.049555689096450809,
    "_petalColour": {
        "r": 0.13611435890197755,
        "g": 0.6869256496429443,
        "b": 0.9252837896347046,
        "a": 1.0
    },
    "_cylinderVertexCount": 8.0,
    "_stemRadius": 0.022175880149006845,
    "_leafCount": 8.0,
    "_edgeRingCount": 49.0,
    "startPos": {
        "x": 0.0,
        "y": 0.0,
        "z": 0.0
    },
    "tangent1": {
        "x": -0.23294620215892793,
        "y": 1.4904464483261109,
        "z": 0.35607290267944338
    },
    "tangent2": {
        "x": -0.0717562884092331,
        "y": 3.2812812328338625,
        "z": 0.7035014629364014
    },
    "endPos": {
        "x": 0.2536157965660095,
        "y": 6.300000190734863,
        "z": 0.13214242458343507
    }
}