{
    "_horizontalLines": 19.0,
    "_verticalLines": 16.0,
    "_radius": 0.06443503499031067,
    "_petalColour": {
        "r": 0.2017456293106079,
        "g": 0.3216323256492615,
        "b": 0.3057660460472107,
        "a": 1.0
    },
    "_cylinderVertexCount": 6.0,
    "_stemRadius": 0.04688112437725067,
    "_leafCount": 8.0,
    "_edgeRingCount": 16.0,
    "startPos": {
        "x": 0.0,
        "y": 0.0,
        "z": 0.0
    },
    "tangent1": {
        "x": 0.47354888916015627,
        "y": 0.001146507216617465,
        "z": 0.006992531009018421
    },
    "tangent2": {
        "x": 0.896178126335144,
        "y": 1.7167637348175049,
        "z": -0.4358813464641571
    },
    "endPos": {
        "x": 1.3042187690734864,
        "y": 4.083333969116211,
        "z": -0.541317343711853
    }
}