{
    "_horizontalLines": 18.0,
    "_verticalLines": 18.0,
    "_radius": 0.13297505676746369,
    "_petalColour": {
        "r": 0.3394022583961487,
        "g": 0.006206512451171875,
        "b": 0.8033009767532349,
        "a": 1.0
    },
    "_cylinderVertexCount": 11.0,
    "_stemRadius": 0.10626378655433655,
    "_leafCount": 8.0,
    "_edgeRingCount": 3.0,
    "startPos": {
        "x": 0.0,
        "y": 0.0,
        "z": 0.0
    },
    "tangent1": {
        "x": 0.2702072858810425,
        "y": 0.47566527128219607,
        "z": -0.3203115463256836
    },
    "tangent2": {
        "x": 0.5049362182617188,
        "y": 0.8192647695541382,
        "z": -0.22351785004138947
    },
    "endPos": {
        "x": 0.7953222990036011,
        "y": 4.0,
        "z": -0.947231650352478
    }
}