{
    "_horizontalLines": 15.0,
    "_verticalLines": 15.0,
    "_radius": 0.05519405007362366,
    "_petalColour": {
        "r": 0.9590927362442017,
        "g": 0.7993608713150024,
        "b": 0.35727065801620486,
        "a": 1.0
    },
    "_cylinderVertexCount": 12.0,
    "_stemRadius": 0.027356605976819993,
    "_leafCount": 8.0,
    "_edgeRingCount": 6.0,
    "startPos": {
        "x": 0.0,
        "y": 0.0,
        "z": 0.0
    },
    "tangent1": {
        "x": -0.2636212408542633,
        "y": 1.4433403015136719,
        "z": -0.49322882294654848
    },
    "tangent2": {
        "x": -0.2129935771226883,
        "y": 2.970879077911377,
        "z": -0.7982919812202454
    },
    "endPos": {
        "x": -0.03846988081932068,
        "y": 4.687171459197998,
        "z": -1.005786657333374
    }
}