{
    "_horizontalLines": 16.0,
    "_verticalLines": 18.0,
    "_radius": 0.05087989568710327,
    "_petalColour": {
        "r": 0.9105000495910645,
        "g": 0.5265379548072815,
        "b": 0.6393132209777832,
        "a": 1.0
    },
    "_cylinderVertexCount": 12.0,
    "_stemRadius": 0.002930945949628949,
    "_leafCount": 8.0,
    "_edgeRingCount": 17.0,
    "startPos": {
        "x": 0.0,
        "y": 0.0,
        "z": 0.0
    },
    "tangent1": {
        "x": 0.46071791648864748,
        "y": 0.3461906313896179,
        "z": 0.006538820452988148
    },
    "tangent2": {
        "x": 0.5993191003799439,
        "y": 2.298187255859375,
        "z": -0.17960166931152345
    },
    "endPos": {
        "x": 0.5392317175865173,
        "y": 5.087823867797852,
        "z": -0.5857187509536743
    }
}