{
    "_horizontalLines": 19.0,
    "_verticalLines": 16.0,
    "_radius": 0.14123208820819856,
    "_petalColour": {
        "r": 0.8091639280319214,
        "g": 0.059088945388793948,
        "b": 0.13122189044952393,
        "a": 1.0
    },
    "_cylinderVertexCount": 10.0,
    "_stemRadius": 0.1054004430770874,
    "_leafCount": 8.0,
    "_edgeRingCount": 58.0,
    "startPos": {
        "x": 0.0,
        "y": 0.0,
        "z": 0.0
    },
    "tangent1": {
        "x": 0.43117275834083559,
        "y": 0.09791545569896698,
        "z": -0.2060365229845047
    },
    "tangent2": {
        "x": 0.6899570226669312,
        "y": 0.8480332493782044,
        "z": -0.017630547285079957
    },
    "endPos": {
        "x": 0.6525053381919861,
        "y": 4.047950267791748,
        "z": 0.830101490020752
    }
}