{
    "_horizontalLines": 13.0,
    "_verticalLines": 8.0,
    "_radius": 0.07595030218362808,
    "_petalColour": {
        "r": 0.2951815724372864,
        "g": 0.7884581089019775,
        "b": 0.2889171242713928,
        "a": 1.0
    },
    "_cylinderVertexCount": 9.0,
    "_stemRadius": 0.0667072981595993,
    "_leafCount": 8.0,
    "_edgeRingCount": 20.0,
    "startPos": {
        "x": 0.11593407392501831,
        "y": 0.8071388006210327,
        "z": 0.20288829505443574
    },
    "tangent1": {
        "x": 0.44039779901504519,
        "y": 1.3969042301177979,
        "z": -0.17145757377147675
    },
    "tangent2": {
        "x": 0.6001848578453064,
        "y": 1.4454703330993653,
        "z": -0.6146499514579773
    },
    "endPos": {
        "x": 0.7814164161682129,
        "y": 3.4818854331970217,
        "z": -0.6697943806648254
    }
}