{
    "_horizontalLines": 17.0,
    "_verticalLines": 17.0,
    "_radius": 0.11831541359424591,
    "_petalColour": {
        "r": 0.9133627414703369,
        "g": 0.27117449045181277,
        "b": 0.920588493347168,
        "a": 1.0
    },
    "_cylinderVertexCount": 5.0,
    "_stemRadius": 0.0818571001291275,
    "_leafCount": 8.0,
    "_edgeRingCount": 36.0,
    "startPos": {
        "x": 0.0,
        "y": 0.0,
        "z": 0.0
    },
    "tangent1": {
        "x": 0.012809705920517445,
        "y": 0.5462934374809265,
        "z": -0.3250909745693207
    },
    "tangent2": {
        "x": 0.4891815483570099,
        "y": 1.6126024723052979,
        "z": -0.4897075891494751
    },
    "endPos": {
        "x": 0.16475272178649903,
        "y": 4.0,
        "z": -0.6461171507835388
    }
}