{
    "_horizontalLines": 18.0,
    "_verticalLines": 19.0,
    "_radius": 0.1135505884885788,
    "_petalColour": {
        "r": 0.09044289588928223,
        "g": 0.6842609643936157,
        "b": 0.2951909899711609,
        "a": 1.0
    },
    "_cylinderVertexCount": 5.0,
    "_stemRadius": 0.11091474443674088,
    "_leafCount": 8.0,
    "_edgeRingCount": 37.0,
    "startPos": {
        "x": 0.0,
        "y": 0.0,
        "z": 0.0
    },
    "tangent1": {
        "x": -0.2878952920436859,
        "y": 0.46513479948043826,
        "z": 0.17274892330169679
    },
    "tangent2": {
        "x": -0.6698777079582214,
        "y": 0.5084260702133179,
        "z": 0.6325634717941284
    },
    "endPos": {
        "x": -1.1145530939102173,
        "y": 4.0,
        "z": -0.10398143529891968
    }
}