{
    "_horizontalLines": 17.0,
    "_verticalLines": 17.0,
    "_radius": 0.13324949145317079,
    "_petalColour": {
        "r": 0.8721684217453003,
        "g": 0.04100358486175537,
        "b": 0.23589181900024415,
        "a": 1.0
    },
    "_cylinderVertexCount": 7.0,
    "_stemRadius": 0.09450314193964005,
    "_leafCount": 8.0,
    "_edgeRingCount": 59.0,
    "startPos": {
        "x": 0.0,
        "y": 0.0,
        "z": 0.0
    },
    "tangent1": {
        "x": -0.0710621327161789,
        "y": 1.7211265563964844,
        "z": 0.19630298018455506
    },
    "tangent2": {
        "x": -0.4528244137763977,
        "y": 2.0763680934906008,
        "z": 0.19991855323314668
    },
    "endPos": {
        "x": -0.9010051488876343,
        "y": 4.0,
        "z": 0.46202796697616579
    }
}