{
    "_horizontalLines": 16.0,
    "_verticalLines": 15.0,
    "_radius": 0.013895221054553986,
    "_petalColour": {
        "r": 0.5266799330711365,
        "g": 0.15778625011444093,
        "b": 0.002256035804748535,
        "a": 1.0
    },
    "_cylinderVertexCount": 10.0,
    "_stemRadius": 0.008403411135077477,
    "_leafCount": 8.0,
    "_edgeRingCount": 5.0,
    "startPos": {
        "x": 0.0,
        "y": 0.0,
        "z": 0.0
    },
    "tangent1": {
        "x": -0.08257241547107697,
        "y": 0.6111801266670227,
        "z": 0.2630099058151245
    },
    "tangent2": {
        "x": -0.14778843522071839,
        "y": 2.433875322341919,
        "z": 0.1757386475801468
    },
    "endPos": {
        "x": 0.456530898809433,
        "y": 5.217794895172119,
        "z": 0.6135013103485107
    }
}