{
    "_horizontalLines": 19.0,
    "_verticalLines": 16.0,
    "_radius": 0.1314292550086975,
    "_petalColour": {
        "r": 0.9736567735671997,
        "g": 0.6824856996536255,
        "b": 0.17416870594024659,
        "a": 1.0
    },
    "_cylinderVertexCount": 11.0,
    "_stemRadius": 0.08931326121091843,
    "_leafCount": 8.0,
    "_edgeRingCount": 54.0,
    "startPos": {
        "x": 0.0,
        "y": 0.0,
        "z": 0.0
    },
    "tangent1": {
        "x": 0.23636364936828614,
        "y": 1.2012310028076172,
        "z": 0.3964225947856903
    },
    "tangent2": {
        "x": 0.5392515659332275,
        "y": 2.431793212890625,
        "z": 0.6021068096160889
    },
    "endPos": {
        "x": 1.1433032751083375,
        "y": 5.281921863555908,
        "z": 0.05661386251449585
    }
}