{
    "_horizontalLines": 8,
    "_verticalLines": 11,
    "_radius": 0.07334741950035095,
    "_petalColour": {
        "r": 0.8556678295135498,
        "g": 0.6265623569488525,
        "b": 0.446161687374115,
        "a": 1.0
    },
    "_cylinderVertexCount": 12,
    "_stemRadius": 0.06315513700246811,
    "_leafCount": 8,
    "_edgeRingCount": 11,
    "startPos": {
        "x": 0.16263866424560548,
        "y": 0.7504417300224304,
        "z": 0.04412045329809189
    },
    "tangent1": {
        "x": 0.6379801034927368,
        "y": 1.2827056646347047,
        "z": -0.05459051579236984
    },
    "tangent2": {
        "x": 0.5002829432487488,
        "y": 3.0995893478393556,
        "z": -0.0407622866332531
    },
    "endPos": {
        "x": -0.3610726594924927,
        "y": 4.268377780914307,
        "z": -0.9039396047592163
    }
}