{
    "_horizontalLines": 18.0,
    "_verticalLines": 15.0,
    "_radius": 0.033342067152261737,
    "_petalColour": {
        "r": 0.7555739879608154,
        "g": 0.7122753858566284,
        "b": 0.10796487331390381,
        "a": 1.0
    },
    "_cylinderVertexCount": 12.0,
    "_stemRadius": 0.0213237963616848,
    "_leafCount": 8.0,
    "_edgeRingCount": 7.0,
    "startPos": {
        "x": 0.0,
        "y": 0.0,
        "z": 0.0
    },
    "tangent1": {
        "x": -0.23090048134326936,
        "y": 1.900238037109375,
        "z": 0.14126670360565186
    },
    "tangent2": {
        "x": -0.31012630462646487,
        "y": 2.9224743843078615,
        "z": -0.2967786192893982
    },
    "endPos": {
        "x": -0.22570714354515077,
        "y": 4.0,
        "z": -0.5185590386390686
    }
}