{
    "_horizontalLines": 16.0,
    "_verticalLines": 15.0,
    "_radius": 0.1505674123764038,
    "_petalColour": {
        "r": 0.28044408559799197,
        "g": 0.3316710591316223,
        "b": 0.40673619508743288,
        "a": 1.0
    },
    "_cylinderVertexCount": 11.0,
    "_stemRadius": 0.10116935521364212,
    "_leafCount": 8.0,
    "_edgeRingCount": 21.0,
    "startPos": {
        "x": 0.0,
        "y": 0.0,
        "z": 0.0
    },
    "tangent1": {
        "x": -0.45434293150901797,
        "y": 0.5318325161933899,
        "z": 0.17123030126094819
    },
    "tangent2": {
        "x": -0.6868158578872681,
        "y": 2.2365939617156984,
        "z": -0.22070322930812837
    },
    "endPos": {
        "x": 0.12415832281112671,
        "y": 4.0,
        "z": -1.0613389015197755
    }
}