{
    "_horizontalLines": 19.0,
    "_verticalLines": 16.0,
    "_radius": 0.12907421588897706,
    "_petalColour": {
        "r": 0.5122987627983093,
        "g": 0.8849749565124512,
        "b": 0.21787428855895997,
        "a": 1.0
    },
    "_cylinderVertexCount": 14.0,
    "_stemRadius": 0.08073801547288895,
    "_leafCount": 8.0,
    "_edgeRingCount": 28.0,
    "startPos": {
        "x": 0.0,
        "y": 0.0,
        "z": 0.0
    },
    "tangent1": {
        "x": -0.15680555999279023,
        "y": 0.2605789303779602,
        "z": -0.029024172574281694
    },
    "tangent2": {
        "x": -0.014681980013847351,
        "y": 1.7350773811340333,
        "z": -0.5195690393447876
    },
    "endPos": {
        "x": -0.15209925174713136,
        "y": 4.0,
        "z": 0.03231310844421387
    }
}