{
    "_horizontalLines": 15.0,
    "_verticalLines": 19.0,
    "_radius": 0.0006744248094037175,
    "_petalColour": {
        "r": 0.7713041305541992,
        "g": 0.2679268717765808,
        "b": 0.9598146677017212,
        "a": 1.0
    },
    "_cylinderVertexCount": 8.0,
    "_stemRadius": -0.0003228038549423218,
    "_leafCount": 8.0,
    "_edgeRingCount": 59.0,
    "startPos": {
        "x": 0.0,
        "y": 0.0,
        "z": 0.0
    },
    "tangent1": {
        "x": 0.02382974699139595,
        "y": 0.49239426851272585,
        "z": 0.290523886680603
    },
    "tangent2": {
        "x": 0.4480144679546356,
        "y": 1.7793519496917725,
        "z": 0.5735434293746948
    },
    "endPos": {
        "x": 0.12069004774093628,
        "y": 4.293593406677246,
        "z": 0.9797327518463135
    }
}