{
    "_horizontalLines": 15.0,
    "_verticalLines": 18.0,
    "_radius": 0.12904909253120423,
    "_petalColour": {
        "r": 0.3075057864189148,
        "g": 0.6503136157989502,
        "b": 0.28222793340682986,
        "a": 1.0
    },
    "_cylinderVertexCount": 11.0,
    "_stemRadius": 0.10040869563817978,
    "_leafCount": 8.0,
    "_edgeRingCount": 7.0,
    "startPos": {
        "x": 0.0,
        "y": 0.0,
        "z": 0.0
    },
    "tangent1": {
        "x": 0.07923512160778046,
        "y": 1.0725460052490235,
        "z": 0.46339845657348635
    },
    "tangent2": {
        "x": 0.3685523271560669,
        "y": 2.407412052154541,
        "z": 0.33194059133529665
    },
    "endPos": {
        "x": 1.052849292755127,
        "y": 4.0,
        "z": -0.1422072947025299
    }
}