{
    "_horizontalLines": 19.0,
    "_verticalLines": 19.0,
    "_radius": 0.05028952658176422,
    "_petalColour": {
        "r": 0.6875602006912231,
        "g": 0.786935567855835,
        "b": 0.855005145072937,
        "a": 1.0
    },
    "_cylinderVertexCount": 14.0,
    "_stemRadius": 0.03427162393927574,
    "_leafCount": 8.0,
    "_edgeRingCount": 14.0,
    "startPos": {
        "x": 0.0,
        "y": 0.0,
        "z": 0.0
    },
    "tangent1": {
        "x": 0.3594961166381836,
        "y": 1.5630768537521363,
        "z": 0.16183088719844819
    },
    "tangent2": {
        "x": 0.811394453048706,
        "y": 3.1132829189300539,
        "z": -0.07224589586257935
    },
    "endPos": {
        "x": 0.7189072966575623,
        "y": 4.0,
        "z": 0.5666874647140503
    }
}