{
    "_horizontalLines": 19.0,
    "_verticalLines": 15.0,
    "_radius": 0.1471077799797058,
    "_petalColour": {
        "r": 0.34695857763290408,
        "g": 0.21800100803375245,
        "b": 0.973586916923523,
        "a": 1.0
    },
    "_cylinderVertexCount": 13.0,
    "_stemRadius": 0.09797633439302445,
    "_leafCount": 8.0,
    "_edgeRingCount": 21.0,
    "startPos": {
        "x": 0.0,
        "y": 0.0,
        "z": 0.0
    },
    "tangent1": {
        "x": 0.04364662244915962,
        "y": 0.02225513383746147,
        "z": 0.09816260635852814
    },
    "tangent2": {
        "x": 0.5013299584388733,
        "y": 1.3232096433639527,
        "z": 0.39113789796829226
    },
    "endPos": {
        "x": 0.07634744048118592,
        "y": 4.0,
        "z": 1.0034050941467286
    }
}