{
    "_horizontalLines": 5.0,
    "_verticalLines": 8.0,
    "_radius": 0.04395448416471481,
    "_petalColour": {
        "r": 0.8149994611740112,
        "g": 0.8925929069519043,
        "b": 0.06452298164367676,
        "a": 1.0
    },
    "_cylinderVertexCount": 7.0,
    "_stemRadius": 0.018579715862870218,
    "_leafCount": 8.0,
    "_edgeRingCount": 9.0,
    "startPos": {
        "x": -0.22899441421031953,
        "y": 0.7187533974647522,
        "z": 0.028788352385163308
    },
    "tangent1": {
        "x": -0.6347161531448364,
        "y": 1.9373669624328614,
        "z": 0.2249763160943985
    },
    "tangent2": {
        "x": -0.5327224135398865,
        "y": 2.8929593563079836,
        "z": 0.5227274894714356
    },
    "endPos": {
        "x": -0.9970078468322754,
        "y": 4.916704177856445,
        "z": 1.1584813594818116
    }
}