{
    "_horizontalLines": 19.0,
    "_verticalLines": 17.0,
    "_radius": 0.11200784146785736,
    "_petalColour": {
        "r": 0.6803700923919678,
        "g": 0.5449234843254089,
        "b": 0.43089550733566286,
        "a": 1.0
    },
    "_cylinderVertexCount": 6.0,
    "_stemRadius": 0.09733341634273529,
    "_leafCount": 8.0,
    "_edgeRingCount": 42.0,
    "startPos": {
        "x": 0.0,
        "y": 0.0,
        "z": 0.0
    },
    "tangent1": {
        "x": -0.17294831573963166,
        "y": 0.6842830777168274,
        "z": -0.15827937424182893
    },
    "tangent2": {
        "x": -0.34469103813171389,
        "y": 1.5079450607299805,
        "z": 0.27572596073150637
    },
    "endPos": {
        "x": 0.37956637144088747,
        "y": 4.562575340270996,
        "z": 0.27581658959388735
    }
}