{
    "_horizontalLines": 18.0,
    "_verticalLines": 16.0,
    "_radius": 0.07445220649242401,
    "_petalColour": {
        "r": 0.3345109820365906,
        "g": 0.003000974655151367,
        "b": 0.899661660194397,
        "a": 1.0
    },
    "_cylinderVertexCount": 9.0,
    "_stemRadius": 0.062063541263341907,
    "_leafCount": 8.0,
    "_edgeRingCount": 41.0,
    "startPos": {
        "x": 0.0,
        "y": 0.0,
        "z": 0.0
    },
    "tangent1": {
        "x": 0.27238690853118899,
        "y": 0.40294569730758669,
        "z": -0.40091341733932497
    },
    "tangent2": {
        "x": -0.18882238864898683,
        "y": 0.7072747945785523,
        "z": -0.882732093334198
    },
    "endPos": {
        "x": -0.0528004914522171,
        "y": 4.0,
        "z": -0.04272538423538208
    }
}