{
    "_horizontalLines": 19.0,
    "_verticalLines": 19.0,
    "_radius": 0.06470607966184616,
    "_petalColour": {
        "r": 0.12497925758361817,
        "g": 0.047211527824401858,
        "b": 0.9663541316986084,
        "a": 1.0
    },
    "_cylinderVertexCount": 11.0,
    "_stemRadius": 0.05650397762656212,
    "_leafCount": 8.0,
    "_edgeRingCount": 15.0,
    "startPos": {
        "x": 0.0,
        "y": 0.0,
        "z": 0.0
    },
    "tangent1": {
        "x": 0.3485974073410034,
        "y": 1.0493669509887696,
        "z": -0.4073766767978668
    },
    "tangent2": {
        "x": 0.7330516576766968,
        "y": 1.4863431453704835,
        "z": -0.5786205530166626
    },
    "endPos": {
        "x": 0.6186486482620239,
        "y": 4.405357837677002,
        "z": -0.683127760887146
    }
}