{
    "_horizontalLines": 16.0,
    "_verticalLines": 16.0,
    "_radius": 0.10302478075027466,
    "_petalColour": {
        "r": 0.09598708152770996,
        "g": 0.9500842094421387,
        "b": 0.33812612295150759,
        "a": 1.0
    },
    "_cylinderVertexCount": 9.0,
    "_stemRadius": 0.06589791178703308,
    "_leafCount": 8.0,
    "_edgeRingCount": 9.0,
    "startPos": {
        "x": 0.0,
        "y": 0.0,
        "z": 0.0
    },
    "tangent1": {
        "x": 0.21562087535858155,
        "y": 0.6243732571601868,
        "z": 0.2839996814727783
    },
    "tangent2": {
        "x": -0.024574443697929384,
        "y": 2.184574842453003,
        "z": 0.7674045562744141
    },
    "endPos": {
        "x": 0.08195135742425919,
        "y": 4.863134860992432,
        "z": 0.5722331404685974
    }
}