{
    "_horizontalLines": 15.0,
    "_verticalLines": 18.0,
    "_radius": 0.07097536325454712,
    "_petalColour": {
        "r": 0.46305912733078005,
        "g": 0.005494952201843262,
        "b": 0.7939269542694092,
        "a": 1.0
    },
    "_cylinderVertexCount": 5.0,
    "_stemRadius": 0.05469144880771637,
    "_leafCount": 8.0,
    "_edgeRingCount": 54.0,
    "startPos": {
        "x": 0.0,
        "y": 0.0,
        "z": 0.0
    },
    "tangent1": {
        "x": -0.19553904235363007,
        "y": 1.5556572675704957,
        "z": 0.029761504381895067
    },
    "tangent2": {
        "x": -0.16777777671813966,
        "y": 1.8715686798095704,
        "z": 0.5030428171157837
    },
    "endPos": {
        "x": -0.794141411781311,
        "y": 4.0,
        "z": -0.1678612232208252
    }
}