{
    "_horizontalLines": 16.0,
    "_verticalLines": 19.0,
    "_radius": 0.1443081945180893,
    "_petalColour": {
        "r": 0.36796635389328005,
        "g": 0.0563274621963501,
        "b": 0.7733602523803711,
        "a": 1.0
    },
    "_cylinderVertexCount": 12.0,
    "_stemRadius": 0.10523299872875214,
    "_leafCount": 8.0,
    "_edgeRingCount": 19.0,
    "startPos": {
        "x": 0.0,
        "y": 0.0,
        "z": 0.0
    },
    "tangent1": {
        "x": -0.12067623436450958,
        "y": 1.7782665491104127,
        "z": -0.05569915845990181
    },
    "tangent2": {
        "x": -0.48497962951660159,
        "y": 2.0151114463806154,
        "z": -0.4569246470928192
    },
    "endPos": {
        "x": -0.8689711093902588,
        "y": 4.0,
        "z": -0.9224094152450562
    }
}