{
    "_horizontalLines": 16.0,
    "_verticalLines": 15.0,
    "_radius": 0.14363186061382295,
    "_petalColour": {
        "r": 0.28132814168930056,
        "g": 0.249153733253479,
        "b": 0.2868134379386902,
        "a": 1.0
    },
    "_cylinderVertexCount": 8.0,
    "_stemRadius": 0.09850236028432846,
    "_leafCount": 8.0,
    "_edgeRingCount": 12.0,
    "startPos": {
        "x": 0.0,
        "y": 0.0,
        "z": 0.0
    },
    "tangent1": {
        "x": 0.07819657027721405,
        "y": 1.5484458208084107,
        "z": 0.20900210738182069
    },
    "tangent2": {
        "x": 0.49399685859680178,
        "y": 2.537010669708252,
        "z": 0.44998225569725039
    },
    "endPos": {
        "x": 0.8824787139892578,
        "y": 5.657768249511719,
        "z": -0.35526713728904726
    }
}