{
    "_horizontalLines": 16.0,
    "_verticalLines": 17.0,
    "_radius": 0.09522009640932083,
    "_petalColour": {
        "r": 0.17313003540039063,
        "g": 0.8884521722793579,
        "b": 0.9639163017272949,
        "a": 1.0
    },
    "_cylinderVertexCount": 13.0,
    "_stemRadius": 0.05422695726156235,
    "_leafCount": 8.0,
    "_edgeRingCount": 27.0,
    "startPos": {
        "x": 0.0,
        "y": 0.0,
        "z": 0.0
    },
    "tangent1": {
        "x": 0.33390235900878909,
        "y": 1.5310600996017457,
        "z": 0.19156454503536225
    },
    "tangent2": {
        "x": 0.2356141060590744,
        "y": 3.1345982551574709,
        "z": -0.2904977798461914
    },
    "endPos": {
        "x": 0.11001995205879212,
        "y": 5.975386619567871,
        "z": 0.31607115268707278
    }
}