{
    "_horizontalLines": 6.0,
    "_verticalLines": 4.0,
    "_radius": 0.08301548659801483,
    "_petalColour": {
        "r": 0.22300589084625245,
        "g": 0.7473212480545044,
        "b": 0.4198780655860901,
        "a": 1.0
    },
    "_cylinderVertexCount": 11.0,
    "_stemRadius": 0.03458418324589729,
    "_leafCount": 8.0,
    "_edgeRingCount": 23.0,
    "startPos": {
        "x": 0.09055816382169724,
        "y": 0.44411706924438479,
        "z": -0.2099747657775879
    },
    "tangent1": {
        "x": -0.13527649641036988,
        "y": 2.0344581604003908,
        "z": 0.13456952571868897
    },
    "tangent2": {
        "x": 0.21257954835891725,
        "y": 3.6550216674804689,
        "z": 0.3568997085094452
    },
    "endPos": {
        "x": 0.39834776520729067,
        "y": 4.55354642868042,
        "z": 0.43716514110565188
    }
}