{
    "_horizontalLines": 15.0,
    "_verticalLines": 17.0,
    "_radius": 0.10657072067260742,
    "_petalColour": {
        "r": 0.7063350677490234,
        "g": 0.826586127281189,
        "b": 0.9154665470123291,
        "a": 1.0
    },
    "_cylinderVertexCount": 10.0,
    "_stemRadius": 0.0698060616850853,
    "_leafCount": 8.0,
    "_edgeRingCount": 59.0,
    "startPos": {
        "x": 0.0,
        "y": 0.0,
        "z": 0.0
    },
    "tangent1": {
        "x": -0.4165371060371399,
        "y": 1.4895758628845215,
        "z": -0.3619575500488281
    },
    "tangent2": {
        "x": -0.4335139989852905,
        "y": 3.1355228424072267,
        "z": -0.8421763181686401
    },
    "endPos": {
        "x": -1.172536849975586,
        "y": 4.825251579284668,
        "z": 0.010445833206176758
    }
}