{
    "_horizontalLines": 18.0,
    "_verticalLines": 17.0,
    "_radius": 0.032561615109443668,
    "_petalColour": {
        "r": 0.333560049533844,
        "g": 0.4909706711769104,
        "b": 0.44605201482772829,
        "a": 1.0
    },
    "_cylinderVertexCount": 10.0,
    "_stemRadius": 0.009287361986935139,
    "_leafCount": 8.0,
    "_edgeRingCount": 8.0,
    "startPos": {
        "x": 0.0,
        "y": 0.0,
        "z": 0.0
    },
    "tangent1": {
        "x": 0.2593640089035034,
        "y": 1.4552196264266968,
        "z": -0.07430930435657501
    },
    "tangent2": {
        "x": -0.004176348447799683,
        "y": 2.350841999053955,
        "z": -0.1361185610294342
    },
    "endPos": {
        "x": -0.291567862033844,
        "y": 4.725561618804932,
        "z": -0.3592303991317749
    }
}