{
    "_horizontalLines": 19.0,
    "_verticalLines": 18.0,
    "_radius": 0.11349216103553772,
    "_petalColour": {
        "r": 0.6907178163528442,
        "g": 0.3158338665962219,
        "b": 0.9899054765701294,
        "a": 1.0
    },
    "_cylinderVertexCount": 8.0,
    "_stemRadius": 0.07731372863054276,
    "_leafCount": 8.0,
    "_edgeRingCount": 33.0,
    "startPos": {
        "x": 0.0,
        "y": 0.0,
        "z": 0.0
    },
    "tangent1": {
        "x": -0.41174039244651797,
        "y": 1.56226646900177,
        "z": -0.2044970542192459
    },
    "tangent2": {
        "x": -0.4269433319568634,
        "y": 2.2843313217163088,
        "z": -0.36986494064331057
    },
    "endPos": {
        "x": -0.32539844512939455,
        "y": 4.8607892990112309,
        "z": -0.1074267327785492
    }
}