{
    "_horizontalLines": 16.0,
    "_verticalLines": 19.0,
    "_radius": 0.13299345970153809,
    "_petalColour": {
        "r": 0.9313937425613403,
        "g": 0.6401519775390625,
        "b": 0.7434966564178467,
        "a": 1.0
    },
    "_cylinderVertexCount": 9.0,
    "_stemRadius": 0.11899960786104202,
    "_leafCount": 8.0,
    "_edgeRingCount": 47.0,
    "startPos": {
        "x": 0.0,
        "y": 0.0,
        "z": 0.0
    },
    "tangent1": {
        "x": -0.42062339186668398,
        "y": 1.26857328414917,
        "z": -0.2587634027004242
    },
    "tangent2": {
        "x": -0.6383572220802307,
        "y": 1.904695987701416,
        "z": 0.18086320161819459
    },
    "endPos": {
        "x": -0.9718942642211914,
        "y": 4.0,
        "z": 0.021893098950386049
    }
}