{
    "_horizontalLines": 18.0,
    "_verticalLines": 18.0,
    "_radius": 0.11519493162631989,
    "_petalColour": {
        "r": 0.03237450122833252,
        "g": 0.21465253829956056,
        "b": 0.7654784917831421,
        "a": 1.0
    },
    "_cylinderVertexCount": 11.0,
    "_stemRadius": 0.1116802766919136,
    "_leafCount": 8.0,
    "_edgeRingCount": 8.0,
    "startPos": {
        "x": 0.0,
        "y": 0.0,
        "z": 0.0
    },
    "tangent1": {
        "x": 0.016484547406435014,
        "y": 0.40516775846481326,
        "z": 0.22394168376922608
    },
    "tangent2": {
        "x": -0.4431389570236206,
        "y": 1.067139983177185,
        "z": -0.10542786121368408
    },
    "endPos": {
        "x": -0.1613280475139618,
        "y": 4.0,
        "z": 0.23092034459114076
    }
}