{
    "_horizontalLines": 15.0,
    "_verticalLines": 19.0,
    "_radius": 0.040045157074928287,
    "_petalColour": {
        "r": 0.0865478515625,
        "g": 0.3507823348045349,
        "b": 0.7763321399688721,
        "a": 1.0
    },
    "_cylinderVertexCount": 10.0,
    "_stemRadius": 0.02674199268221855,
    "_leafCount": 8.0,
    "_edgeRingCount": 5.0,
    "startPos": {
        "x": 0.0,
        "y": 0.0,
        "z": 0.0
    },
    "tangent1": {
        "x": -0.3426419198513031,
        "y": 0.7074212431907654,
        "z": 0.07077403366565705
    },
    "tangent2": {
        "x": -0.07432565093040467,
        "y": 1.593464970588684,
        "z": -0.4069826602935791
    },
    "endPos": {
        "x": 0.7055423259735107,
        "y": 4.0,
        "z": -0.6587212085723877
    }
}