{
    "_horizontalLines": 16.0,
    "_verticalLines": 15.0,
    "_radius": 0.13864094018936158,
    "_petalColour": {
        "r": 0.9398415088653565,
        "g": 0.091452956199646,
        "b": 0.8966958522796631,
        "a": 1.0
    },
    "_cylinderVertexCount": 6.0,
    "_stemRadius": 0.09255808591842652,
    "_leafCount": 8.0,
    "_edgeRingCount": 36.0,
    "startPos": {
        "x": 0.0,
        "y": 0.0,
        "z": 0.0
    },
    "tangent1": {
        "x": 0.38385963439941409,
        "y": 1.5843791961669922,
        "z": 0.3493180274963379
    },
    "tangent2": {
        "x": 0.6070131063461304,
        "y": 1.906231164932251,
        "z": 0.5656183958053589
    },
    "endPos": {
        "x": 0.3714527487754822,
        "y": 5.114593029022217,
        "z": 0.09739923477172852
    }
}