{
    "_horizontalLines": 18.0,
    "_verticalLines": 15.0,
    "_radius": 0.05305488407611847,
    "_petalColour": {
        "r": 0.5477336049079895,
        "g": 0.014682888984680176,
        "b": 0.3459094166755676,
        "a": 1.0
    },
    "_cylinderVertexCount": 13.0,
    "_stemRadius": 0.043552279472351077,
    "_leafCount": 8.0,
    "_edgeRingCount": 5.0,
    "startPos": {
        "x": 0.0,
        "y": 0.0,
        "z": 0.0
    },
    "tangent1": {
        "x": 0.4005049765110016,
        "y": 0.39728623628616335,
        "z": -0.3695175349712372
    },
    "tangent2": {
        "x": 0.48132550716400149,
        "y": 1.2439510822296143,
        "z": -0.6713951230049133
    },
    "endPos": {
        "x": 1.224313735961914,
        "y": 4.389958381652832,
        "z": -0.01665884256362915
    }
}