{
    "_horizontalLines": 18.0,
    "_verticalLines": 16.0,
    "_radius": 0.11949582397937775,
    "_petalColour": {
        "r": 0.05068004131317139,
        "g": 0.3005930781364441,
        "b": 0.2333991527557373,
        "a": 1.0
    },
    "_cylinderVertexCount": 14.0,
    "_stemRadius": 0.09027883410453797,
    "_leafCount": 8.0,
    "_edgeRingCount": 35.0,
    "startPos": {
        "x": 0.0,
        "y": 0.0,
        "z": 0.0
    },
    "tangent1": {
        "x": -0.2939549386501312,
        "y": 0.2608488202095032,
        "z": 0.2716909348964691
    },
    "tangent2": {
        "x": -0.5949732065200806,
        "y": 1.536346197128296,
        "z": 0.6783065795898438
    },
    "endPos": {
        "x": 0.1389724612236023,
        "y": 4.0,
        "z": 1.0095040798187256
    }
}