{
    "_horizontalLines": 14.0,
    "_verticalLines": 11.0,
    "_radius": 0.10772515833377838,
    "_petalColour": {
        "r": 0.14472222328186036,
        "g": 0.14376461505889893,
        "b": 0.3439715504646301,
        "a": 1.0
    },
    "_cylinderVertexCount": 10.0,
    "_stemRadius": 0.07891727238893509,
    "_leafCount": 8.0,
    "_edgeRingCount": 28.0,
    "startPos": {
        "x": -0.1721067875623703,
        "y": 0.08914671093225479,
        "z": 0.11206930875778198
    },
    "tangent1": {
        "x": 0.2618798017501831,
        "y": 0.15524035692214967,
        "z": -0.26341715455055239
    },
    "tangent2": {
        "x": -0.027005881071090699,
        "y": 1.6107397079467774,
        "z": -0.3893968462944031
    },
    "endPos": {
        "x": 0.791170597076416,
        "y": 5.496100425720215,
        "z": 0.5522533655166626
    }
}