{
    "_horizontalLines": 18.0,
    "_verticalLines": 19.0,
    "_radius": 0.02242949977517128,
    "_petalColour": {
        "r": 0.4179489016532898,
        "g": 0.9200321435928345,
        "b": 0.7449036836624146,
        "a": 1.0
    },
    "_cylinderVertexCount": 12.0,
    "_stemRadius": 0.001055771135725081,
    "_leafCount": 8.0,
    "_edgeRingCount": 57.0,
    "startPos": {
        "x": 0.0,
        "y": 0.0,
        "z": 0.0
    },
    "tangent1": {
        "x": 0.3694697320461273,
        "y": 0.8733671307563782,
        "z": -0.0367157943546772
    },
    "tangent2": {
        "x": 0.4075961410999298,
        "y": 1.1445242166519166,
        "z": 0.2096739560365677
    },
    "endPos": {
        "x": 0.2732672095298767,
        "y": 4.0,
        "z": -0.4803360104560852
    }
}