{
    "_horizontalLines": 18.0,
    "_verticalLines": 16.0,
    "_radius": 0.05887985974550247,
    "_petalColour": {
        "r": 0.6559734344482422,
        "g": 0.5432760119438171,
        "b": 0.5500550866127014,
        "a": 1.0
    },
    "_cylinderVertexCount": 13.0,
    "_stemRadius": 0.0414937362074852,
    "_leafCount": 8.0,
    "_edgeRingCount": 18.0,
    "startPos": {
        "x": 0.0,
        "y": 0.0,
        "z": 0.0
    },
    "tangent1": {
        "x": -0.32475852966308596,
        "y": 1.8620262145996094,
        "z": 0.4821769595146179
    },
    "tangent2": {
        "x": -0.6414105892181397,
        "y": 2.87667179107666,
        "z": 0.65859055519104
    },
    "endPos": {
        "x": -0.7953285574913025,
        "y": 4.0,
        "z": 1.213550090789795
    }
}