{
    "_horizontalLines": 17.0,
    "_verticalLines": 17.0,
    "_radius": 0.10250794142484665,
    "_petalColour": {
        "r": 0.7068684101104736,
        "g": 0.9631162881851196,
        "b": 0.20480132102966309,
        "a": 1.0
    },
    "_cylinderVertexCount": 5.0,
    "_stemRadius": 0.05811658874154091,
    "_leafCount": 8.0,
    "_edgeRingCount": 27.0,
    "startPos": {
        "x": 0.0,
        "y": 0.0,
        "z": 0.0
    },
    "tangent1": {
        "x": 0.25895604491233828,
        "y": 0.5247038006782532,
        "z": -0.2717541754245758
    },
    "tangent2": {
        "x": 0.3596395254135132,
        "y": 1.3943946361541749,
        "z": -0.061288654804229739
    },
    "endPos": {
        "x": 0.8744816780090332,
        "y": 4.0,
        "z": -0.3465871512889862
    }
}