{
    "_horizontalLines": 18.0,
    "_verticalLines": 16.0,
    "_radius": 0.041440706700086597,
    "_petalColour": {
        "r": 0.5474233031272888,
        "g": 0.835728645324707,
        "b": 0.7017995119094849,
        "a": 1.0
    },
    "_cylinderVertexCount": 6.0,
    "_stemRadius": 0.014115115627646447,
    "_leafCount": 8.0,
    "_edgeRingCount": 36.0,
    "startPos": {
        "x": 0.0,
        "y": 0.0,
        "z": 0.0
    },
    "tangent1": {
        "x": -0.004355716519057751,
        "y": 1.0653327703475953,
        "z": 0.3607569634914398
    },
    "tangent2": {
        "x": 0.07746696472167969,
        "y": 1.2492963075637818,
        "z": 0.7191873788833618
    },
    "endPos": {
        "x": -0.071597620844841,
        "y": 4.0,
        "z": 0.4615764319896698
    }
}