{
    "_horizontalLines": 18.0,
    "_verticalLines": 15.0,
    "_radius": 0.11110809445381165,
    "_petalColour": {
        "r": 0.924065351486206,
        "g": 0.6820273399353027,
        "b": 0.6752510070800781,
        "a": 1.0
    },
    "_cylinderVertexCount": 12.0,
    "_stemRadius": 0.10871829837560654,
    "_leafCount": 8.0,
    "_edgeRingCount": 17.0,
    "startPos": {
        "x": 0.0,
        "y": 0.0,
        "z": 0.0
    },
    "tangent1": {
        "x": -0.2587616443634033,
        "y": 1.6828800439834595,
        "z": -0.29255715012550356
    },
    "tangent2": {
        "x": 0.008467912673950196,
        "y": 2.944666862487793,
        "z": -0.7401012182235718
    },
    "endPos": {
        "x": 0.03863874450325966,
        "y": 4.0,
        "z": -1.0457253456115723
    }
}