{
    "_horizontalLines": 18.0,
    "_verticalLines": 17.0,
    "_radius": 0.12069086730480194,
    "_petalColour": {
        "r": 0.5128456950187683,
        "g": 0.014105796813964844,
        "b": 0.27397817373275759,
        "a": 1.0
    },
    "_cylinderVertexCount": 14.0,
    "_stemRadius": 0.10975095629692078,
    "_leafCount": 8.0,
    "_edgeRingCount": 30.0,
    "startPos": {
        "x": 0.0,
        "y": 0.0,
        "z": 0.0
    },
    "tangent1": {
        "x": 0.2744464874267578,
        "y": 1.2443240880966187,
        "z": -0.08591265976428986
    },
    "tangent2": {
        "x": 0.17824669182300569,
        "y": 1.4477916955947877,
        "z": -0.0608767531812191
    },
    "endPos": {
        "x": 0.10423289984464646,
        "y": 4.0,
        "z": -0.6687744855880737
    }
}