{
    "_horizontalLines": 18.0,
    "_verticalLines": 18.0,
    "_radius": 0.02364201471209526,
    "_petalColour": {
        "r": 0.4070815443992615,
        "g": 0.06590521335601807,
        "b": 0.2634069323539734,
        "a": 1.0
    },
    "_cylinderVertexCount": 11.0,
    "_stemRadius": 0.02240588143467903,
    "_leafCount": 8.0,
    "_edgeRingCount": 61.0,
    "startPos": {
        "x": 0.0,
        "y": 0.0,
        "z": 0.0
    },
    "tangent1": {
        "x": -0.023799467831850053,
        "y": 0.12466983497142792,
        "z": 0.10777191817760468
    },
    "tangent2": {
        "x": -0.4945714473724365,
        "y": 1.960938811302185,
        "z": 0.03977784514427185
    },
    "endPos": {
        "x": -0.03868088126182556,
        "y": 4.0,
        "z": 0.2509987950325012
    }
}