{
    "_horizontalLines": 13.0,
    "_verticalLines": 7.0,
    "_radius": 0.08381668478250504,
    "_petalColour": {
        "r": 0.9193459749221802,
        "g": 0.6872034072875977,
        "b": 0.6347312927246094,
        "a": 1.0
    },
    "_cylinderVertexCount": 13.0,
    "_stemRadius": 0.06678890436887741,
    "_leafCount": 8.0,
    "_edgeRingCount": 27.0,
    "startPos": {
        "x": 0.14902865886688233,
        "y": 0.3807504177093506,
        "z": -0.10243680328130722
    },
    "tangent1": {
        "x": 0.2593298554420471,
        "y": 1.849261999130249,
        "z": 0.22829669713974
    },
    "tangent2": {
        "x": 0.6622400283813477,
        "y": 3.1442031860351564,
        "z": 0.019908323884010316
    },
    "endPos": {
        "x": 0.6394015550613403,
        "y": 3.429691791534424,
        "z": 0.0330374613404274
    }
}