{
    "_horizontalLines": 16.0,
    "_verticalLines": 17.0,
    "_radius": 0.12751366198062898,
    "_petalColour": {
        "r": 0.6371631622314453,
        "g": 0.2985462546348572,
        "b": 0.6061130166053772,
        "a": 1.0
    },
    "_cylinderVertexCount": 13.0,
    "_stemRadius": 0.10249517858028412,
    "_leafCount": 8.0,
    "_edgeRingCount": 56.0,
    "startPos": {
        "x": 0.0,
        "y": 0.0,
        "z": 0.0
    },
    "tangent1": {
        "x": -0.2405364066362381,
        "y": 1.8049389123916627,
        "z": 0.17186078429222108
    },
    "tangent2": {
        "x": -0.1876615583896637,
        "y": 2.894007921218872,
        "z": 0.38592371344566347
    },
    "endPos": {
        "x": 0.002560243010520935,
        "y": 5.519264221191406,
        "z": -0.1974215805530548
    }
}