{
    "_horizontalLines": 17.0,
    "_verticalLines": 17.0,
    "_radius": 0.10070080310106278,
    "_petalColour": {
        "r": 0.11736524105072022,
        "g": 0.6954038143157959,
        "b": 0.47992533445358279,
        "a": 1.0
    },
    "_cylinderVertexCount": 8.0,
    "_stemRadius": 0.06784719228744507,
    "_leafCount": 8.0,
    "_edgeRingCount": 34.0,
    "startPos": {
        "x": 0.0,
        "y": 0.0,
        "z": 0.0
    },
    "tangent1": {
        "x": -0.27100586891174319,
        "y": 1.9496158361434937,
        "z": -0.24240775406360627
    },
    "tangent2": {
        "x": 0.16583189368247987,
        "y": 3.9391276836395265,
        "z": -0.07272908091545105
    },
    "endPos": {
        "x": -0.04707469046115875,
        "y": 6.300000190734863,
        "z": -0.7157598733901978
    }
}