{
    "_horizontalLines": 17.0,
    "_verticalLines": 17.0,
    "_radius": 0.0983930379152298,
    "_petalColour": {
        "r": 0.04449880123138428,
        "g": 0.5394867062568665,
        "b": 0.43638700246810915,
        "a": 1.0
    },
    "_cylinderVertexCount": 7.0,
    "_stemRadius": 0.09112480282783508,
    "_leafCount": 8.0,
    "_edgeRingCount": 23.0,
    "startPos": {
        "x": 0.0,
        "y": 0.0,
        "z": 0.0
    },
    "tangent1": {
        "x": -0.08674483001232147,
        "y": 1.6751445531845093,
        "z": -0.23979739844799043
    },
    "tangent2": {
        "x": -0.5423765778541565,
        "y": 3.2350902557373049,
        "z": -0.150822252035141
    },
    "endPos": {
        "x": -0.3524322509765625,
        "y": 4.336918354034424,
        "z": -0.12913691997528077
    }
}