{
    "_horizontalLines": 19.0,
    "_verticalLines": 17.0,
    "_radius": 0.08505742251873017,
    "_petalColour": {
        "r": 0.09974205493927002,
        "g": 0.02073502540588379,
        "b": 0.3491052985191345,
        "a": 1.0
    },
    "_cylinderVertexCount": 7.0,
    "_stemRadius": 0.0403829850256443,
    "_leafCount": 8.0,
    "_edgeRingCount": 61.0,
    "startPos": {
        "x": 0.0,
        "y": 0.0,
        "z": 0.0
    },
    "tangent1": {
        "x": 0.0378534309566021,
        "y": 1.8340797424316407,
        "z": 0.047496844083070758
    },
    "tangent2": {
        "x": 0.38180118799209597,
        "y": 3.4802889823913576,
        "z": 0.3575059473514557
    },
    "endPos": {
        "x": -0.0453048050403595,
        "y": 4.0,
        "z": 0.3045116662979126
    }
}