{
    "_horizontalLines": 18.0,
    "_verticalLines": 18.0,
    "_radius": 0.08481457084417343,
    "_petalColour": {
        "r": 0.8589500188827515,
        "g": 0.26362961530685427,
        "b": 0.8307421207427979,
        "a": 1.0
    },
    "_cylinderVertexCount": 5.0,
    "_stemRadius": 0.041926585137844089,
    "_leafCount": 8.0,
    "_edgeRingCount": 30.0,
    "startPos": {
        "x": 0.0,
        "y": 0.0,
        "z": 0.0
    },
    "tangent1": {
        "x": -0.47377872467041018,
        "y": 0.5747568011283875,
        "z": -0.4888126254081726
    },
    "tangent2": {
        "x": -0.9291583895683289,
        "y": 1.2025823593139649,
        "z": -0.2531066834926605
    },
    "endPos": {
        "x": -0.06004786491394043,
        "y": 4.0,
        "z": -0.6672236323356628
    }
}