{
    "_horizontalLines": 7.0,
    "_verticalLines": 8.0,
    "_radius": 0.1063443049788475,
    "_petalColour": {
        "r": 0.9721074104309082,
        "g": 0.5916628241539002,
        "b": 0.07122671604156494,
        "a": 1.0
    },
    "_cylinderVertexCount": 10.0,
    "_stemRadius": 0.07220172137022019,
    "_leafCount": 8.0,
    "_edgeRingCount": 55.0,
    "startPos": {
        "x": 0.06954704970121384,
        "y": 0.811091423034668,
        "z": -0.20130276679992677
    },
    "tangent1": {
        "x": -0.02244766801595688,
        "y": 1.387655258178711,
        "z": -0.018327489495277406
    },
    "tangent2": {
        "x": -0.1960681676864624,
        "y": 1.8813750743865967,
        "z": 0.3658161163330078
    },
    "endPos": {
        "x": 0.43746834993362429,
        "y": 3.3895745277404787,
        "z": 1.1504557132720948
    }
}