{
    "_horizontalLines": 8,
    "_verticalLines": 13,
    "_radius": 0.1312418431043625,
    "_petalColour": {
        "r": 0.29927974939346316,
        "g": 0.7907562255859375,
        "b": 0.08236396312713623,
        "a": 1.0
    },
    "_cylinderVertexCount": 5,
    "_stemRadius": 0.09134121239185333,
    "_leafCount": 8,
    "_edgeRingCount": 38,
    "startPos": {
        "x": -0.06641767174005509,
        "y": 0.7616286873817444,
        "z": 0.08549875020980835
    },
    "tangent1": {
        "x": 0.38054898381233218,
        "y": 1.3855127096176148,
        "z": 0.5312888026237488
    },
    "tangent2": {
        "x": 0.5513921976089478,
        "y": 1.8315575122833253,
        "z": 0.6592543125152588
    },
    "endPos": {
        "x": 0.20502236485481263,
        "y": 5.220107078552246,
        "z": 1.213681697845459
    }
}