{
    "_horizontalLines": 16.0,
    "_verticalLines": 19.0,
    "_radius": 0.06444978713989258,
    "_petalColour": {
        "r": 0.32254117727279665,
        "g": 0.09315764904022217,
        "b": 0.3342854380607605,
        "a": 1.0
    },
    "_cylinderVertexCount": 8.0,
    "_stemRadius": 0.062083788216114047,
    "_leafCount": 8.0,
    "_edgeRingCount": 17.0,
    "startPos": {
        "x": 0.0,
        "y": 0.0,
        "z": 0.0
    },
    "tangent1": {
        "x": 0.4796038568019867,
        "y": 1.8430343866348267,
        "z": -0.14695529639720918
    },
    "tangent2": {
        "x": 0.5095587372779846,
        "y": 2.518714427947998,
        "z": -0.4840812683105469
    },
    "endPos": {
        "x": -0.12861305475234986,
        "y": 4.764218330383301,
        "z": -1.0526583194732667
    }
}