{
    "_horizontalLines": 17.0,
    "_verticalLines": 16.0,
    "_radius": 0.14539067447185517,
    "_petalColour": {
        "r": 0.4112817645072937,
        "g": 0.5124809145927429,
        "b": 0.9245407581329346,
        "a": 1.0
    },
    "_cylinderVertexCount": 6.0,
    "_stemRadius": 0.10436570644378662,
    "_leafCount": 8.0,
    "_edgeRingCount": 48.0,
    "startPos": {
        "x": 0.0,
        "y": 0.0,
        "z": 0.0
    },
    "tangent1": {
        "x": 0.3062056303024292,
        "y": 0.0914728194475174,
        "z": 0.19469712674617768
    },
    "tangent2": {
        "x": 0.5083693265914917,
        "y": 1.1299574375152588,
        "z": -0.03345829248428345
    },
    "endPos": {
        "x": 0.29682081937789919,
        "y": 4.0,
        "z": 0.03946443647146225
    }
}