{
    "_horizontalLines": 15.0,
    "_verticalLines": 18.0,
    "_radius": 0.07097139954566956,
    "_petalColour": {
        "r": 0.8257732391357422,
        "g": 0.771551251411438,
        "b": 0.14683139324188233,
        "a": 1.0
    },
    "_cylinderVertexCount": 5.0,
    "_stemRadius": 0.06776205450296402,
    "_leafCount": 8.0,
    "_edgeRingCount": 48.0,
    "startPos": {
        "x": 0.0,
        "y": 0.0,
        "z": 0.0
    },
    "tangent1": {
        "x": 0.362942099571228,
        "y": 1.4325385093688965,
        "z": -0.2332579642534256
    },
    "tangent2": {
        "x": 0.7791306972503662,
        "y": 2.4007420539855959,
        "z": -0.2238542139530182
    },
    "endPos": {
        "x": 1.214101791381836,
        "y": 5.05840539932251,
        "z": -0.30146747827529909
    }
}