{
    "_horizontalLines": 18.0,
    "_verticalLines": 15.0,
    "_radius": 0.052384041249752048,
    "_petalColour": {
        "r": 0.7495476007461548,
        "g": 0.1511937379837036,
        "b": 0.22181832790374757,
        "a": 1.0
    },
    "_cylinderVertexCount": 11.0,
    "_stemRadius": 0.03594665601849556,
    "_leafCount": 8.0,
    "_edgeRingCount": 9.0,
    "startPos": {
        "x": 0.0,
        "y": 0.0,
        "z": 0.0
    },
    "tangent1": {
        "x": -0.2153482884168625,
        "y": 1.7380443811416627,
        "z": 0.37174689769744875
    },
    "tangent2": {
        "x": -0.6215482354164124,
        "y": 3.2354953289031984,
        "z": 0.6959503889083862
    },
    "endPos": {
        "x": 0.19304466247558595,
        "y": 4.0,
        "z": 1.325627088546753
    }
}