{
    "_horizontalLines": 17.0,
    "_verticalLines": 17.0,
    "_radius": 0.089331716299057,
    "_petalColour": {
        "r": 0.012947440147399903,
        "g": 0.5185385346412659,
        "b": 0.4636058211326599,
        "a": 1.0
    },
    "_cylinderVertexCount": 13.0,
    "_stemRadius": 0.08152364939451218,
    "_leafCount": 8.0,
    "_edgeRingCount": 36.0,
    "startPos": {
        "x": 0.0,
        "y": 0.0,
        "z": 0.0
    },
    "tangent1": {
        "x": 0.1518094390630722,
        "y": 0.7556037306785584,
        "z": -0.0029383182991296055
    },
    "tangent2": {
        "x": 0.008070498704910279,
        "y": 0.980304479598999,
        "z": 0.38050585985183718
    },
    "endPos": {
        "x": 0.5810033082962036,
        "y": 4.0,
        "z": 0.6845160722732544
    }
}