{
    "_horizontalLines": 17.0,
    "_verticalLines": 15.0,
    "_radius": 0.08189409971237183,
    "_petalColour": {
        "r": 0.16648852825164796,
        "g": 0.4728009104728699,
        "b": 0.5917770266532898,
        "a": 1.0
    },
    "_cylinderVertexCount": 14.0,
    "_stemRadius": 0.06834720820188523,
    "_leafCount": 8.0,
    "_edgeRingCount": 28.0,
    "startPos": {
        "x": 0.0,
        "y": 0.0,
        "z": 0.0
    },
    "tangent1": {
        "x": 0.023114871233701707,
        "y": 1.472644329071045,
        "z": 0.046199847012758258
    },
    "tangent2": {
        "x": -0.09429192543029785,
        "y": 1.8148295879364014,
        "z": -0.14378809928894044
    },
    "endPos": {
        "x": -0.37027880549430849,
        "y": 4.0,
        "z": 0.03403814136981964
    }
}