{
    "_horizontalLines": 18.0,
    "_verticalLines": 17.0,
    "_radius": 0.08147341012954712,
    "_petalColour": {
        "r": 0.7070573568344116,
        "g": 0.8662400245666504,
        "b": 0.6503114700317383,
        "a": 1.0
    },
    "_cylinderVertexCount": 10.0,
    "_stemRadius": 0.042558882385492328,
    "_leafCount": 8.0,
    "_edgeRingCount": 20.0,
    "startPos": {
        "x": 0.0,
        "y": 0.0,
        "z": 0.0
    },
    "tangent1": {
        "x": 0.25953444838523867,
        "y": 0.12191124260425568,
        "z": -0.07469706237316132
    },
    "tangent2": {
        "x": 0.6869469881057739,
        "y": 1.3332679271697999,
        "z": 0.18598909676074983
    },
    "endPos": {
        "x": 0.7291829586029053,
        "y": 4.238534927368164,
        "z": 0.44120270013809206
    }
}