{
    "_horizontalLines": 17.0,
    "_verticalLines": 19.0,
    "_radius": 0.11330194771289826,
    "_petalColour": {
        "r": 0.2810216546058655,
        "g": 0.41669291257858279,
        "b": 0.14758610725402833,
        "a": 1.0
    },
    "_cylinderVertexCount": 6.0,
    "_stemRadius": 0.08558918535709381,
    "_leafCount": 8.0,
    "_edgeRingCount": 3.0,
    "startPos": {
        "x": 0.0,
        "y": 0.0,
        "z": 0.0
    },
    "tangent1": {
        "x": 0.044805336743593219,
        "y": 0.192210391163826,
        "z": 0.38864192366600039
    },
    "tangent2": {
        "x": 0.09467148780822754,
        "y": 0.9293391108512878,
        "z": -0.013936042785644532
    },
    "endPos": {
        "x": 0.04602852091193199,
        "y": 4.1194987297058109,
        "z": -0.18001635372638703
    }
}