{
    "_horizontalLines": 11,
    "_verticalLines": 4,
    "_radius": 0.08371552079916,
    "_petalColour": {
        "r": 0.23756122589111329,
        "g": 0.9991956949234009,
        "b": 0.7032457590103149,
        "a": 1.0
    },
    "_cylinderVertexCount": 8,
    "_stemRadius": 0.04985695332288742,
    "_leafCount": 8,
    "_edgeRingCount": 26,
    "startPos": {
        "x": -0.051311396062374118,
        "y": 0.35935378074645998,
        "z": 0.07663100957870484
    },
    "tangent1": {
        "x": -0.49652034044265749,
        "y": 1.0587677955627442,
        "z": 0.05625642463564873
    },
    "tangent2": {
        "x": -0.0946393609046936,
        "y": 2.4391989707946779,
        "z": -0.012200269848108292
    },
    "endPos": {
        "x": 0.12773451209068299,
        "y": 2.4779834747314455,
        "z": 0.20297211408615113
    }
}