{
    "_horizontalLines": 11.0,
    "_verticalLines": 7.0,
    "_radius": 0.10408845543861389,
    "_petalColour": {
        "r": 0.03730571269989014,
        "g": 0.018184542655944825,
        "b": 0.6069262623786926,
        "a": 1.0
    },
    "_cylinderVertexCount": 9.0,
    "_stemRadius": 0.07363256812095642,
    "_leafCount": 8.0,
    "_edgeRingCount": 61.0,
    "startPos": {
        "x": -0.08532068878412247,
        "y": 0.35198473930358889,
        "z": 0.1985762119293213
    },
    "tangent1": {
        "x": -0.11828449368476868,
        "y": 0.9921004176139832,
        "z": -0.08068990707397461
    },
    "tangent2": {
        "x": -0.2991325855255127,
        "y": 1.824941873550415,
        "z": 0.14454877376556397
    },
    "endPos": {
        "x": -0.6109417676925659,
        "y": 3.9742825031280519,
        "z": 0.15587785840034486
    }
}