{
    "_horizontalLines": 19.0,
    "_verticalLines": 16.0,
    "_radius": 0.09083423763513565,
    "_petalColour": {
        "r": 0.4250587821006775,
        "g": 0.8190141916275024,
        "b": 0.5093812346458435,
        "a": 1.0
    },
    "_cylinderVertexCount": 11.0,
    "_stemRadius": 0.0678851529955864,
    "_leafCount": 8.0,
    "_edgeRingCount": 47.0,
    "startPos": {
        "x": 0.0,
        "y": 0.0,
        "z": 0.0
    },
    "tangent1": {
        "x": 0.0416378490626812,
        "y": 0.4510766863822937,
        "z": -0.24785061180591584
    },
    "tangent2": {
        "x": -0.29653623700141909,
        "y": 1.010183334350586,
        "z": -0.2549171447753906
    },
    "endPos": {
        "x": 0.2523234784603119,
        "y": 4.0,
        "z": -0.4735199213027954
    }
}