{
    "_horizontalLines": 15.0,
    "_verticalLines": 18.0,
    "_radius": 0.07891350984573364,
    "_petalColour": {
        "r": 0.6543468236923218,
        "g": 0.5468754172325134,
        "b": 0.9566774368286133,
        "a": 1.0
    },
    "_cylinderVertexCount": 8.0,
    "_stemRadius": 0.03754503279924393,
    "_leafCount": 8.0,
    "_edgeRingCount": 36.0,
    "startPos": {
        "x": 0.0,
        "y": 0.0,
        "z": 0.0
    },
    "tangent1": {
        "x": -0.16707582771778108,
        "y": 0.4703596234321594,
        "z": 0.45838871598243716
    },
    "tangent2": {
        "x": -0.21396580338478089,
        "y": 1.9754095077514649,
        "z": 0.043586939573287967
    },
    "endPos": {
        "x": -0.00101567804813385,
        "y": 4.0,
        "z": 0.8002610206604004
    }
}