{
    "_horizontalLines": 19.0,
    "_verticalLines": 19.0,
    "_radius": 0.07507853209972382,
    "_petalColour": {
        "r": 0.03640115261077881,
        "g": 0.43094533681869509,
        "b": 0.23008298873901368,
        "a": 1.0
    },
    "_cylinderVertexCount": 11.0,
    "_stemRadius": 0.0688529759645462,
    "_leafCount": 8.0,
    "_edgeRingCount": 36.0,
    "startPos": {
        "x": 0.0,
        "y": 0.0,
        "z": 0.0
    },
    "tangent1": {
        "x": -0.36527135968208315,
        "y": 0.4437893033027649,
        "z": 0.3828340470790863
    },
    "tangent2": {
        "x": -0.7941438555717468,
        "y": 2.237189531326294,
        "z": 0.26810014247894289
    },
    "endPos": {
        "x": -1.5651822090148926,
        "y": 4.0,
        "z": -0.02351817488670349
    }
}