{
    "_horizontalLines": 19.0,
    "_verticalLines": 17.0,
    "_radius": 0.09885682165622711,
    "_petalColour": {
        "r": 0.9609924554824829,
        "g": 0.14017748832702638,
        "b": 0.22418832778930665,
        "a": 1.0
    },
    "_cylinderVertexCount": 6.0,
    "_stemRadius": 0.08954406529664993,
    "_leafCount": 8.0,
    "_edgeRingCount": 58.0,
    "startPos": {
        "x": 0.0,
        "y": 0.0,
        "z": 0.0
    },
    "tangent1": {
        "x": -0.09066314995288849,
        "y": 0.22778816521167756,
        "z": -0.1953750103712082
    },
    "tangent2": {
        "x": 0.09562399983406067,
        "y": 2.2112479209899904,
        "z": -0.49555927515029909
    },
    "endPos": {
        "x": 0.8356549739837647,
        "y": 4.0,
        "z": -0.8205947875976563
    }
}