{
    "_horizontalLines": 18.0,
    "_verticalLines": 19.0,
    "_radius": 0.1179121658205986,
    "_petalColour": {
        "r": 0.08585524559020996,
        "g": 0.18219542503356934,
        "b": 0.7325992584228516,
        "a": 1.0
    },
    "_cylinderVertexCount": 7.0,
    "_stemRadius": 0.10880233347415924,
    "_leafCount": 8.0,
    "_edgeRingCount": 41.0,
    "startPos": {
        "x": 0.0,
        "y": 0.0,
        "z": 0.0
    },
    "tangent1": {
        "x": -0.2598794996738434,
        "y": 0.7465364336967468,
        "z": 0.3245759904384613
    },
    "tangent2": {
        "x": -0.27568838000297549,
        "y": 1.7773935794830323,
        "z": 0.0366206169128418
    },
    "endPos": {
        "x": -0.012729108333587647,
        "y": 4.0,
        "z": 0.6746072769165039
    }
}