{
    "_horizontalLines": 18.0,
    "_verticalLines": 15.0,
    "_radius": 0.08284154534339905,
    "_petalColour": {
        "r": 0.12547850608825684,
        "g": 0.49670761823654177,
        "b": 0.8992339372634888,
        "a": 1.0
    },
    "_cylinderVertexCount": 10.0,
    "_stemRadius": 0.0704597607254982,
    "_leafCount": 8.0,
    "_edgeRingCount": 14.0,
    "startPos": {
        "x": 0.0,
        "y": 0.0,
        "z": 0.0
    },
    "tangent1": {
        "x": 0.2623806893825531,
        "y": 0.6742303967475891,
        "z": 0.35482919216156008
    },
    "tangent2": {
        "x": -0.0016431808471679688,
        "y": 1.8968303203582764,
        "z": 0.5069262981414795
    },
    "endPos": {
        "x": -0.34356555342674258,
        "y": 4.0,
        "z": 1.334764003753662
    }
}