{
    "_horizontalLines": 17.0,
    "_verticalLines": 17.0,
    "_radius": 0.0918489545583725,
    "_petalColour": {
        "r": 0.24573707580566407,
        "g": 0.030544161796569825,
        "b": 0.7918891906738281,
        "a": 1.0
    },
    "_cylinderVertexCount": 6.0,
    "_stemRadius": 0.09172021597623825,
    "_leafCount": 8.0,
    "_edgeRingCount": 59.0,
    "startPos": {
        "x": 0.0,
        "y": 0.0,
        "z": 0.0
    },
    "tangent1": {
        "x": 0.19476088881492616,
        "y": 1.2310279607772828,
        "z": 0.13064277172088624
    },
    "tangent2": {
        "x": -0.12386149168014527,
        "y": 3.1495580673217775,
        "z": 0.09969528019428253
    },
    "endPos": {
        "x": -0.7179991006851196,
        "y": 5.886116027832031,
        "z": 0.7343568205833435
    }
}