{
    "_horizontalLines": 9.0,
    "_verticalLines": 11.0,
    "_radius": 0.1683942675590515,
    "_petalColour": {
        "r": 0.16841650009155274,
        "g": 0.07971513271331787,
        "b": 0.736892580986023,
        "a": 1.0
    },
    "_cylinderVertexCount": 11.0,
    "_stemRadius": 0.11920465528964997,
    "_leafCount": 8.0,
    "_edgeRingCount": 13.0,
    "startPos": {
        "x": 0.2110588550567627,
        "y": 0.3536031246185303,
        "z": -0.04468653351068497
    },
    "tangent1": {
        "x": 0.3496163785457611,
        "y": 1.119929313659668,
        "z": 0.3767438232898712
    },
    "tangent2": {
        "x": 0.20385198295116425,
        "y": 1.6293182373046876,
        "z": 0.6445231437683106
    },
    "endPos": {
        "x": 0.21488989889621736,
        "y": 3.6187286376953127,
        "z": 0.6596976518630981
    }
}