{
    "_horizontalLines": 15,
    "_verticalLines": 4,
    "_radius": 0.040907420217990878,
    "_petalColour": {
        "r": 0.3379402756690979,
        "g": 0.5171464085578919,
        "b": 0.9308469295501709,
        "a": 1.0
    },
    "_cylinderVertexCount": 13,
    "_stemRadius": 0.038868825882673267,
    "_leafCount": 8,
    "_edgeRingCount": 19,
    "startPos": {
        "x": -0.04660513252019882,
        "y": 0.3895363509654999,
        "z": 0.12701666355133058
    },
    "tangent1": {
        "x": 0.4189353585243225,
        "y": 0.9720356464385986,
        "z": 0.43769800662994387
    },
    "tangent2": {
        "x": 0.32378649711608889,
        "y": 1.3586578369140626,
        "z": 0.7770646810531616
    },
    "endPos": {
        "x": -0.47535157203674319,
        "y": 1.7990630865097047,
        "z": 1.11530339717865
    }
}