{
    "_horizontalLines": 18.0,
    "_verticalLines": 19.0,
    "_radius": 0.061020344495773318,
    "_petalColour": {
        "r": 0.3574516177177429,
        "g": 0.4755095839500427,
        "b": 0.9217437505722046,
        "a": 1.0
    },
    "_cylinderVertexCount": 13.0,
    "_stemRadius": 0.050082433968782428,
    "_leafCount": 8.0,
    "_edgeRingCount": 8.0,
    "startPos": {
        "x": 0.0,
        "y": 0.0,
        "z": 0.0
    },
    "tangent1": {
        "x": -0.47643184661865237,
        "y": 0.569104015827179,
        "z": 0.21195468306541444
    },
    "tangent2": {
        "x": -0.6284393668174744,
        "y": 1.773529052734375,
        "z": 0.39528924226760867
    },
    "endPos": {
        "x": -1.30888032913208,
        "y": 5.028743743896484,
        "z": 1.0855872631072999
    }
}