{
    "_horizontalLines": 18.0,
    "_verticalLines": 19.0,
    "_radius": 0.06562168151140213,
    "_petalColour": {
        "r": 0.22313284873962403,
        "g": 0.9301369190216065,
        "b": 0.36036163568496706,
        "a": 1.0
    },
    "_cylinderVertexCount": 6.0,
    "_stemRadius": 0.024576516821980478,
    "_leafCount": 8.0,
    "_edgeRingCount": 52.0,
    "startPos": {
        "x": 0.0,
        "y": 0.0,
        "z": 0.0
    },
    "tangent1": {
        "x": 0.3993179500102997,
        "y": 0.47238272428512576,
        "z": 0.03941364213824272
    },
    "tangent2": {
        "x": 0.7754434943199158,
        "y": 0.8122901916503906,
        "z": 0.5304773449897766
    },
    "endPos": {
        "x": 0.9371340870857239,
        "y": 4.0,
        "z": 0.25209012627601626
    }
}