{
    "_horizontalLines": 16.0,
    "_verticalLines": 16.0,
    "_radius": 0.03898420184850693,
    "_petalColour": {
        "r": 0.7939028739929199,
        "g": 0.7374622821807861,
        "b": 0.7496520280838013,
        "a": 1.0
    },
    "_cylinderVertexCount": 5.0,
    "_stemRadius": 0.0340234711766243,
    "_leafCount": 8.0,
    "_edgeRingCount": 59.0,
    "startPos": {
        "x": 0.0,
        "y": 0.0,
        "z": 0.0
    },
    "tangent1": {
        "x": 0.15065181255340577,
        "y": 0.30401307344436648,
        "z": -0.26724138855934145
    },
    "tangent2": {
        "x": 0.30772221088409426,
        "y": 0.6119991540908814,
        "z": -0.49905192852020266
    },
    "endPos": {
        "x": -0.3401796221733093,
        "y": 4.005527973175049,
        "z": 0.03356403112411499
    }
}