{
    "_horizontalLines": 15.0,
    "_verticalLines": 18.0,
    "_radius": 0.14988592267036439,
    "_petalColour": {
        "r": 0.5153114199638367,
        "g": 0.44782501459121706,
        "b": 0.13099360466003419,
        "a": 1.0
    },
    "_cylinderVertexCount": 10.0,
    "_stemRadius": 0.11033888161182404,
    "_leafCount": 8.0,
    "_edgeRingCount": 16.0,
    "startPos": {
        "x": 0.0,
        "y": 0.0,
        "z": 0.0
    },
    "tangent1": {
        "x": 0.02251129224896431,
        "y": 0.6701601147651672,
        "z": -0.3133682310581207
    },
    "tangent2": {
        "x": 0.4211454689502716,
        "y": 1.0292606353759766,
        "z": -0.05757027864456177
    },
    "endPos": {
        "x": 0.5881456136703491,
        "y": 4.230215072631836,
        "z": -0.5331181287765503
    }
}