{
    "_horizontalLines": 17.0,
    "_verticalLines": 18.0,
    "_radius": 0.110715851187706,
    "_petalColour": {
        "r": 0.9670754671096802,
        "g": 0.11929142475128174,
        "b": 0.49283820390701296,
        "a": 1.0
    },
    "_cylinderVertexCount": 11.0,
    "_stemRadius": 0.09846694767475128,
    "_leafCount": 8.0,
    "_edgeRingCount": 59.0,
    "startPos": {
        "x": 0.0,
        "y": 0.0,
        "z": 0.0
    },
    "tangent1": {
        "x": -0.13499240577220918,
        "y": 0.11127357184886933,
        "z": 0.08205370604991913
    },
    "tangent2": {
        "x": -0.08515986800193787,
        "y": 0.6535825729370117,
        "z": 0.33945232629776
    },
    "endPos": {
        "x": 0.5546931028366089,
        "y": 4.0,
        "z": 0.9715918898582459
    }
}