{
    "_horizontalLines": 19.0,
    "_verticalLines": 16.0,
    "_radius": 0.08374982327222824,
    "_petalColour": {
        "r": 0.6260092258453369,
        "g": 0.6332418918609619,
        "b": 0.7473615407943726,
        "a": 1.0
    },
    "_cylinderVertexCount": 8.0,
    "_stemRadius": 0.053555928170681,
    "_leafCount": 8.0,
    "_edgeRingCount": 49.0,
    "startPos": {
        "x": 0.0,
        "y": 0.0,
        "z": 0.0
    },
    "tangent1": {
        "x": 0.07401065528392792,
        "y": 1.085988998413086,
        "z": -0.28303518891334536
    },
    "tangent2": {
        "x": -0.42431318759918215,
        "y": 1.9381554126739503,
        "z": -0.17105789482593537
    },
    "endPos": {
        "x": 0.13955318927764893,
        "y": 4.0,
        "z": -0.5690041780471802
    }
}