{
    "_horizontalLines": 18.0,
    "_verticalLines": 19.0,
    "_radius": 0.0788244679570198,
    "_petalColour": {
        "r": 0.6199713349342346,
        "g": 0.8267873525619507,
        "b": 0.2503599524497986,
        "a": 1.0
    },
    "_cylinderVertexCount": 14.0,
    "_stemRadius": 0.033122144639492038,
    "_leafCount": 8.0,
    "_edgeRingCount": 20.0,
    "startPos": {
        "x": 0.0,
        "y": 0.0,
        "z": 0.0
    },
    "tangent1": {
        "x": 0.2798478603363037,
        "y": 1.2143268585205079,
        "z": -0.4592159390449524
    },
    "tangent2": {
        "x": -0.011315345764160157,
        "y": 1.6825778484344483,
        "z": -0.7318428754806519
    },
    "endPos": {
        "x": -0.6314378380775452,
        "y": 4.357675075531006,
        "z": -0.6546645164489746
    }
}