{
    "_horizontalLines": 19.0,
    "_verticalLines": 18.0,
    "_radius": 0.06444540619850159,
    "_petalColour": {
        "r": 0.5434677004814148,
        "g": 0.2727033495903015,
        "b": 0.9047404527664185,
        "a": 1.0
    },
    "_cylinderVertexCount": 12.0,
    "_stemRadius": 0.04740619659423828,
    "_leafCount": 8.0,
    "_edgeRingCount": 45.0,
    "startPos": {
        "x": 0.0,
        "y": 0.0,
        "z": 0.0
    },
    "tangent1": {
        "x": -0.27249154448509219,
        "y": 1.8597297668457032,
        "z": -0.0026471137534826996
    },
    "tangent2": {
        "x": -0.28171828389167788,
        "y": 2.243023633956909,
        "z": 0.32574909925460818
    },
    "endPos": {
        "x": -0.5038821697235107,
        "y": 4.0,
        "z": 0.3720315396785736
    }
}