{
    "_horizontalLines": 13,
    "_verticalLines": 6,
    "_radius": 0.11784698814153671,
    "_petalColour": {
        "r": 0.43365830183029177,
        "g": 0.9616236686706543,
        "b": 0.3564055562019348,
        "a": 1.0
    },
    "_cylinderVertexCount": 14,
    "_stemRadius": 0.07492027431726456,
    "_leafCount": 8,
    "_edgeRingCount": 24,
    "startPos": {
        "x": -0.05519749969244003,
        "y": 0.5854719281196594,
        "z": 0.018490051850676538
    },
    "tangent1": {
        "x": -0.06285936385393143,
        "y": 1.4157917499542237,
        "z": 0.36355334520339968
    },
    "tangent2": {
        "x": -0.4416871964931488,
        "y": 2.606004238128662,
        "z": 0.4798682928085327
    },
    "endPos": {
        "x": -0.0011187493801116944,
        "y": 6.28145694732666,
        "z": 0.1852841079235077
    }
}