{
    "_horizontalLines": 19.0,
    "_verticalLines": 17.0,
    "_radius": 0.10010042041540146,
    "_petalColour": {
        "r": 0.5661503672599793,
        "g": 0.7334891557693481,
        "b": 0.22552382946014405,
        "a": 1.0
    },
    "_cylinderVertexCount": 7.0,
    "_stemRadius": 0.05768027901649475,
    "_leafCount": 8.0,
    "_edgeRingCount": 47.0,
    "startPos": {
        "x": 0.0,
        "y": 0.0,
        "z": 0.0
    },
    "tangent1": {
        "x": -0.28387346863746645,
        "y": 1.9564510583877564,
        "z": -0.07096000015735626
    },
    "tangent2": {
        "x": -0.19247685372829438,
        "y": 2.9067647457122804,
        "z": -0.5371655225753784
    },
    "endPos": {
        "x": 0.019514888525009157,
        "y": 5.474135398864746,
        "z": 0.2604079842567444
    }
}