{
    "_horizontalLines": 6.0,
    "_verticalLines": 8.0,
    "_radius": 0.0900844931602478,
    "_petalColour": {
        "r": 0.3656767010688782,
        "g": 0.3372970223426819,
        "b": 0.6075471043586731,
        "a": 1.0
    },
    "_cylinderVertexCount": 7.0,
    "_stemRadius": 0.06775664538145066,
    "_leafCount": 8.0,
    "_edgeRingCount": 19.0,
    "startPos": {
        "x": 0.04533960670232773,
        "y": 0.829581081867218,
        "z": -0.20553283393383027
    },
    "tangent1": {
        "x": 0.46821096539497378,
        "y": 2.385157823562622,
        "z": -0.5631287693977356
    },
    "tangent2": {
        "x": 0.017481595277786256,
        "y": 3.5354368686676027,
        "z": -0.8882086277008057
    },
    "endPos": {
        "x": -0.35794317722320559,
        "y": 6.919417381286621,
        "z": -0.6907685995101929
    }
}