{
    "_horizontalLines": 16.0,
    "_verticalLines": 15.0,
    "_radius": 0.10373794287443161,
    "_petalColour": {
        "r": 0.8673280477523804,
        "g": 0.716195821762085,
        "b": 0.44373446702957156,
        "a": 1.0
    },
    "_cylinderVertexCount": 13.0,
    "_stemRadius": 0.10206789523363114,
    "_leafCount": 8.0,
    "_edgeRingCount": 40.0,
    "startPos": {
        "x": 0.0,
        "y": 0.0,
        "z": 0.0
    },
    "tangent1": {
        "x": 0.2563049793243408,
        "y": 0.9165641665458679,
        "z": 0.3724607229232788
    },
    "tangent2": {
        "x": 0.3506634831428528,
        "y": 1.835089087486267,
        "z": 0.2534117102622986
    },
    "endPos": {
        "x": 0.005393475294113159,
        "y": 5.039922714233398,
        "z": -0.5928056240081787
    }
}