{
    "_horizontalLines": 19.0,
    "_verticalLines": 15.0,
    "_radius": 0.08675259351730347,
    "_petalColour": {
        "r": 0.3310249447822571,
        "g": 0.8608630895614624,
        "b": 0.21187496185302735,
        "a": 1.0
    },
    "_cylinderVertexCount": 6.0,
    "_stemRadius": 0.0537797249853611,
    "_leafCount": 8.0,
    "_edgeRingCount": 4.0,
    "startPos": {
        "x": 0.0,
        "y": 0.0,
        "z": 0.0
    },
    "tangent1": {
        "x": 0.3346582353115082,
        "y": 0.4531099200248718,
        "z": -0.06796450912952423
    },
    "tangent2": {
        "x": 0.18904413282871247,
        "y": 2.113172769546509,
        "z": 0.1167934238910675
    },
    "endPos": {
        "x": -0.08909215033054352,
        "y": 4.0,
        "z": -0.1179506927728653
    }
}