{
    "_horizontalLines": 18.0,
    "_verticalLines": 18.0,
    "_radius": 0.11242932826280594,
    "_petalColour": {
        "r": 0.36112862825393679,
        "g": 0.16096043586730958,
        "b": 0.09457170963287354,
        "a": 1.0
    },
    "_cylinderVertexCount": 7.0,
    "_stemRadius": 0.09565205127000809,
    "_leafCount": 8.0,
    "_edgeRingCount": 22.0,
    "startPos": {
        "x": 0.0,
        "y": 0.0,
        "z": 0.0
    },
    "tangent1": {
        "x": 0.28245246410369875,
        "y": 1.46856689453125,
        "z": 0.3210533857345581
    },
    "tangent2": {
        "x": 0.06515248119831085,
        "y": 3.424872875213623,
        "z": 0.15614111721515656
    },
    "endPos": {
        "x": 0.8639349341392517,
        "y": 4.46897554397583,
        "z": 0.5439885854721069
    }
}