{
    "_horizontalLines": 15.0,
    "_verticalLines": 17.0,
    "_radius": 0.06447870284318924,
    "_petalColour": {
        "r": 0.22353744506835938,
        "g": 0.5694270730018616,
        "b": 0.7155971527099609,
        "a": 1.0
    },
    "_cylinderVertexCount": 7.0,
    "_stemRadius": 0.059704817831516269,
    "_leafCount": 8.0,
    "_edgeRingCount": 63.0,
    "startPos": {
        "x": 0.0,
        "y": 0.0,
        "z": 0.0
    },
    "tangent1": {
        "x": 0.3463342487812042,
        "y": 0.6195868849754334,
        "z": -0.4641399383544922
    },
    "tangent2": {
        "x": 0.01865631341934204,
        "y": 2.2140302658081056,
        "z": -0.3565930724143982
    },
    "endPos": {
        "x": -0.2698446214199066,
        "y": 4.0,
        "z": -0.971656858921051
    }
}