{
    "_horizontalLines": 16.0,
    "_verticalLines": 19.0,
    "_radius": 0.12479569762945175,
    "_petalColour": {
        "r": 0.07939422130584717,
        "g": 0.6019704937934876,
        "b": 0.6975719928741455,
        "a": 1.0
    },
    "_cylinderVertexCount": 9.0,
    "_stemRadius": 0.08686109632253647,
    "_leafCount": 8.0,
    "_edgeRingCount": 5.0,
    "startPos": {
        "x": 0.0,
        "y": 0.0,
        "z": 0.0
    },
    "tangent1": {
        "x": 0.44424962997436526,
        "y": 0.29110318422317507,
        "z": -0.2865867614746094
    },
    "tangent2": {
        "x": 0.03431311249732971,
        "y": 0.4482666254043579,
        "z": 0.16007566452026368
    },
    "endPos": {
        "x": 0.034223489463329318,
        "y": 4.0,
        "z": 0.5013242959976196
    }
}