{
    "_horizontalLines": 19.0,
    "_verticalLines": 16.0,
    "_radius": 0.15308238565921784,
    "_petalColour": {
        "r": 0.9973433017730713,
        "g": 0.04836106300354004,
        "b": 0.8603566884994507,
        "a": 1.0
    },
    "_cylinderVertexCount": 6.0,
    "_stemRadius": 0.11092877388000488,
    "_leafCount": 8.0,
    "_edgeRingCount": 7.0,
    "startPos": {
        "x": 0.0,
        "y": 0.0,
        "z": 0.0
    },
    "tangent1": {
        "x": -0.029076050966978074,
        "y": 1.5623565912246705,
        "z": 0.4818713665008545
    },
    "tangent2": {
        "x": -0.32168278098106387,
        "y": 2.7586216926574709,
        "z": 0.04265683889389038
    },
    "endPos": {
        "x": -0.3309375047683716,
        "y": 4.779238700866699,
        "z": -0.010803494602441788
    }
}