{
    "_horizontalLines": 15.0,
    "_verticalLines": 18.0,
    "_radius": 0.1401975154876709,
    "_petalColour": {
        "r": 0.9437401294708252,
        "g": 0.6266907453536987,
        "b": 0.11964714527130127,
        "a": 1.0
    },
    "_cylinderVertexCount": 13.0,
    "_stemRadius": 0.10404704511165619,
    "_leafCount": 8.0,
    "_edgeRingCount": 61.0,
    "startPos": {
        "x": 0.0,
        "y": 0.0,
        "z": 0.0
    },
    "tangent1": {
        "x": 0.27615833282470705,
        "y": 1.8181190490722657,
        "z": -0.20534510910511018
    },
    "tangent2": {
        "x": 0.16120199859142304,
        "y": 2.0250871181488039,
        "z": -0.09969639778137207
    },
    "endPos": {
        "x": -0.6704466938972473,
        "y": 4.0,
        "z": -0.4813710153102875
    }
}