{
    "_horizontalLines": 18.0,
    "_verticalLines": 16.0,
    "_radius": 0.13362696766853333,
    "_petalColour": {
        "r": 0.6825544834136963,
        "g": 0.3814634680747986,
        "b": 0.17179489135742188,
        "a": 1.0
    },
    "_cylinderVertexCount": 10.0,
    "_stemRadius": 0.08550991117954254,
    "_leafCount": 8.0,
    "_edgeRingCount": 63.0,
    "startPos": {
        "x": 0.0,
        "y": 0.0,
        "z": 0.0
    },
    "tangent1": {
        "x": 0.12804687023162843,
        "y": 1.4534324407577515,
        "z": -0.36246633529663088
    },
    "tangent2": {
        "x": 0.34720051288604739,
        "y": 2.752840757369995,
        "z": -0.7237787246704102
    },
    "endPos": {
        "x": 1.2182384729385377,
        "y": 4.0,
        "z": -0.4760523736476898
    }
}