{
    "_horizontalLines": 4.0,
    "_verticalLines": 11.0,
    "_radius": 0.11637598276138306,
    "_petalColour": {
        "r": 0.8888016939163208,
        "g": 0.11372101306915283,
        "b": 0.1524103879928589,
        "a": 1.0
    },
    "_cylinderVertexCount": 12.0,
    "_stemRadius": 0.08487389236688614,
    "_leafCount": 8.0,
    "_edgeRingCount": 34.0,
    "startPos": {
        "x": -0.06513681262731552,
        "y": 0.9578554034233093,
        "z": 0.09934286773204804
    },
    "tangent1": {
        "x": -0.06616077572107315,
        "y": 2.3120310306549074,
        "z": -0.03405323624610901
    },
    "tangent2": {
        "x": 0.4211597442626953,
        "y": 2.4666714668273927,
        "z": -0.12516184151172639
    },
    "endPos": {
        "x": 0.24801072478294373,
        "y": 6.3925652503967289,
        "z": -0.1501024216413498
    }
}