{
    "_horizontalLines": 15.0,
    "_verticalLines": 19.0,
    "_radius": 0.04382652789354324,
    "_petalColour": {
        "r": 0.07727766036987305,
        "g": 0.4344952702522278,
        "b": 0.8078569173812866,
        "a": 1.0
    },
    "_cylinderVertexCount": 5.0,
    "_stemRadius": 0.037231627851724628,
    "_leafCount": 8.0,
    "_edgeRingCount": 63.0,
    "startPos": {
        "x": 0.0,
        "y": 0.0,
        "z": 0.0
    },
    "tangent1": {
        "x": -0.16927652060985566,
        "y": 0.49947088956832888,
        "z": -0.38239917159080508
    },
    "tangent2": {
        "x": 0.14290417730808259,
        "y": 2.0656840801239015,
        "z": -0.8379653692245483
    },
    "endPos": {
        "x": 0.6221165657043457,
        "y": 5.285468101501465,
        "z": -1.490885853767395
    }
}