{
    "_horizontalLines": 16.0,
    "_verticalLines": 15.0,
    "_radius": 0.08889958262443543,
    "_petalColour": {
        "r": 0.14765262603759767,
        "g": 0.6315816640853882,
        "b": 0.9814162254333496,
        "a": 1.0
    },
    "_cylinderVertexCount": 14.0,
    "_stemRadius": 0.06029600650072098,
    "_leafCount": 8.0,
    "_edgeRingCount": 6.0,
    "startPos": {
        "x": 0.0,
        "y": 0.0,
        "z": 0.0
    },
    "tangent1": {
        "x": 0.39038896560668948,
        "y": 1.9447433948516846,
        "z": 0.23278141021728517
    },
    "tangent2": {
        "x": 0.01148262619972229,
        "y": 2.92036509513855,
        "z": 0.045282408595085147
    },
    "endPos": {
        "x": -0.03796142712235451,
        "y": 4.210146903991699,
        "z": -0.16133913397789002
    }
}