{
    "_horizontalLines": 17.0,
    "_verticalLines": 18.0,
    "_radius": 0.0972326397895813,
    "_petalColour": {
        "r": 0.43353062868118288,
        "g": 0.4597572684288025,
        "b": 0.43500977754592898,
        "a": 1.0
    },
    "_cylinderVertexCount": 10.0,
    "_stemRadius": 0.06688429415225983,
    "_leafCount": 8.0,
    "_edgeRingCount": 49.0,
    "startPos": {
        "x": 0.0,
        "y": 0.0,
        "z": 0.0
    },
    "tangent1": {
        "x": -0.48390883207321169,
        "y": 1.5355606079101563,
        "z": 0.10333247482776642
    },
    "tangent2": {
        "x": -0.3830835819244385,
        "y": 1.5892717838287354,
        "z": 0.43969863653182986
    },
    "endPos": {
        "x": -0.28379568457603457,
        "y": 4.0,
        "z": 0.16430798172950746
    }
}