{
    "_horizontalLines": 16.0,
    "_verticalLines": 19.0,
    "_radius": 0.08008334040641785,
    "_petalColour": {
        "r": 0.3389376997947693,
        "g": 0.9299699068069458,
        "b": 0.7636064291000366,
        "a": 1.0
    },
    "_cylinderVertexCount": 10.0,
    "_stemRadius": 0.06750743091106415,
    "_leafCount": 8.0,
    "_edgeRingCount": 33.0,
    "startPos": {
        "x": 0.0,
        "y": 0.0,
        "z": 0.0
    },
    "tangent1": {
        "x": -0.029346894472837449,
        "y": 0.22726421058177949,
        "z": 0.2808856964111328
    },
    "tangent2": {
        "x": -0.5109379291534424,
        "y": 2.126403570175171,
        "z": -0.19087639451026917
    },
    "endPos": {
        "x": -1.313711404800415,
        "y": 5.409976959228516,
        "z": -0.03535430133342743
    }
}