{
    "_horizontalLines": 17.0,
    "_verticalLines": 18.0,
    "_radius": 0.1255182921886444,
    "_petalColour": {
        "r": 0.7855194807052612,
        "g": 0.8678491115570068,
        "b": 0.3412519097328186,
        "a": 1.0
    },
    "_cylinderVertexCount": 11.0,
    "_stemRadius": 0.11201457679271698,
    "_leafCount": 8.0,
    "_edgeRingCount": 19.0,
    "startPos": {
        "x": 0.0,
        "y": 0.0,
        "z": 0.0
    },
    "tangent1": {
        "x": 0.17725571990013123,
        "y": 1.0792226791381837,
        "z": -0.04093332216143608
    },
    "tangent2": {
        "x": -0.30322200059890749,
        "y": 1.3464815616607667,
        "z": 0.3246207535266876
    },
    "endPos": {
        "x": -0.3757195770740509,
        "y": 4.0,
        "z": 0.09438134729862213
    }
}