{
    "_horizontalLines": 16.0,
    "_verticalLines": 15.0,
    "_radius": 0.029373889788985254,
    "_petalColour": {
        "r": 0.7992234230041504,
        "g": 0.8754642009735107,
        "b": 0.1828598976135254,
        "a": 1.0
    },
    "_cylinderVertexCount": 10.0,
    "_stemRadius": 0.009486543014645577,
    "_leafCount": 8.0,
    "_edgeRingCount": 63.0,
    "startPos": {
        "x": 0.0,
        "y": 0.0,
        "z": 0.0
    },
    "tangent1": {
        "x": 0.4769010543823242,
        "y": 1.089646339416504,
        "z": 0.016424942761659623
    },
    "tangent2": {
        "x": 0.7862750291824341,
        "y": 3.014824867248535,
        "z": -0.39102762937545779
    },
    "endPos": {
        "x": 1.4142272472381592,
        "y": 4.994442462921143,
        "z": -1.101008653640747
    }
}