{
    "_horizontalLines": 18.0,
    "_verticalLines": 17.0,
    "_radius": 0.12264192849397659,
    "_petalColour": {
        "r": 0.7025356292724609,
        "g": 0.44974642992019656,
        "b": 0.7312817573547363,
        "a": 1.0
    },
    "_cylinderVertexCount": 8.0,
    "_stemRadius": 0.07785636931657791,
    "_leafCount": 8.0,
    "_edgeRingCount": 24.0,
    "startPos": {
        "x": 0.0,
        "y": 0.0,
        "z": 0.0
    },
    "tangent1": {
        "x": 0.24774226546287538,
        "y": 0.2718936800956726,
        "z": 0.17874787747859956
    },
    "tangent2": {
        "x": -0.1162257194519043,
        "y": 1.9128203392028809,
        "z": 0.26177385449409487
    },
    "endPos": {
        "x": 0.5703943967819214,
        "y": 4.944984436035156,
        "z": 0.8469738960266113
    }
}