{
    "_horizontalLines": 15.0,
    "_verticalLines": 16.0,
    "_radius": 0.07914048433303833,
    "_petalColour": {
        "r": 0.14147913455963136,
        "g": 0.20060014724731446,
        "b": 0.3326879143714905,
        "a": 1.0
    },
    "_cylinderVertexCount": 6.0,
    "_stemRadius": 0.03678245097398758,
    "_leafCount": 8.0,
    "_edgeRingCount": 47.0,
    "startPos": {
        "x": 0.0,
        "y": 0.0,
        "z": 0.0
    },
    "tangent1": {
        "x": 0.2399897575378418,
        "y": 1.3587058782577515,
        "z": 0.39410245418548586
    },
    "tangent2": {
        "x": 0.4945230484008789,
        "y": 3.142552137374878,
        "z": 0.27225273847579958
    },
    "endPos": {
        "x": 1.135697841644287,
        "y": 5.5267815589904789,
        "z": 0.4514995217323303
    }
}