{
    "_horizontalLines": 19.0,
    "_verticalLines": 17.0,
    "_radius": 0.09802623093128205,
    "_petalColour": {
        "r": 0.08070218563079834,
        "g": 0.006263375282287598,
        "b": 0.7745084762573242,
        "a": 1.0
    },
    "_cylinderVertexCount": 6.0,
    "_stemRadius": 0.050997406244277957,
    "_leafCount": 8.0,
    "_edgeRingCount": 9.0,
    "startPos": {
        "x": 0.0,
        "y": 0.0,
        "z": 0.0
    },
    "tangent1": {
        "x": -0.2649853229522705,
        "y": 1.3095725774765015,
        "z": -0.3601250648498535
    },
    "tangent2": {
        "x": 0.09133696556091309,
        "y": 2.7033257484436037,
        "z": -0.18481947481632234
    },
    "endPos": {
        "x": 0.9436862468719482,
        "y": 4.8199005126953129,
        "z": 0.19870607554912568
    }
}