{
    "_horizontalLines": 15.0,
    "_verticalLines": 15.0,
    "_radius": 0.04858112335205078,
    "_petalColour": {
        "r": 0.9113321304321289,
        "g": 0.24249529838562013,
        "b": 0.0011867284774780274,
        "a": 1.0
    },
    "_cylinderVertexCount": 9.0,
    "_stemRadius": 0.01984419859945774,
    "_leafCount": 8.0,
    "_edgeRingCount": 14.0,
    "startPos": {
        "x": 0.0,
        "y": 0.0,
        "z": 0.0
    },
    "tangent1": {
        "x": 0.15050338208675385,
        "y": 1.969251275062561,
        "z": -0.228716179728508
    },
    "tangent2": {
        "x": 0.07402294874191284,
        "y": 2.5704822540283205,
        "z": -0.08668023347854614
    },
    "endPos": {
        "x": -0.36913931369781496,
        "y": 4.664241790771484,
        "z": -0.12903735041618348
    }
}