{
    "_horizontalLines": 17.0,
    "_verticalLines": 19.0,
    "_radius": 0.13251154124736787,
    "_petalColour": {
        "r": 0.2697609066963196,
        "g": 0.02919936180114746,
        "b": 0.5253419280052185,
        "a": 1.0
    },
    "_cylinderVertexCount": 6.0,
    "_stemRadius": 0.10078531503677368,
    "_leafCount": 8.0,
    "_edgeRingCount": 36.0,
    "startPos": {
        "x": 0.0,
        "y": 0.0,
        "z": 0.0
    },
    "tangent1": {
        "x": -0.21475057303905488,
        "y": 0.41663914918899538,
        "z": -0.2309613674879074
    },
    "tangent2": {
        "x": -0.19893574714660645,
        "y": 2.0161871910095217,
        "z": 0.23116840422153474
    },
    "endPos": {
        "x": 0.5770044922828674,
        "y": 4.0,
        "z": -0.5378864407539368
    }
}