{
    "_horizontalLines": 17.0,
    "_verticalLines": 19.0,
    "_radius": 0.12762051820755006,
    "_petalColour": {
        "r": 0.5267470479011536,
        "g": 0.41200631856918337,
        "b": 0.8470076322555542,
        "a": 1.0
    },
    "_cylinderVertexCount": 13.0,
    "_stemRadius": 0.09824946522712708,
    "_leafCount": 8.0,
    "_edgeRingCount": 63.0,
    "startPos": {
        "x": 0.0,
        "y": 0.0,
        "z": 0.0
    },
    "tangent1": {
        "x": 0.413273423910141,
        "y": 0.6848754286766052,
        "z": 0.20928657054901124
    },
    "tangent2": {
        "x": -0.06506472826004029,
        "y": 1.5077688694000245,
        "z": -0.02698366343975067
    },
    "endPos": {
        "x": -0.6639050245285034,
        "y": 4.50369930267334,
        "z": -0.6509281992912293
    }
}