{
    "_horizontalLines": 16.0,
    "_verticalLines": 18.0,
    "_radius": 0.05251443758606911,
    "_petalColour": {
        "r": 0.5170055031776428,
        "g": 0.5818914771080017,
        "b": 0.44804471731185915,
        "a": 1.0
    },
    "_cylinderVertexCount": 8.0,
    "_stemRadius": 0.0429905503988266,
    "_leafCount": 8.0,
    "_edgeRingCount": 33.0,
    "startPos": {
        "x": 0.0,
        "y": 0.0,
        "z": 0.0
    },
    "tangent1": {
        "x": -0.4619975984096527,
        "y": 0.9273908734321594,
        "z": 0.2742699384689331
    },
    "tangent2": {
        "x": -0.43287935853004458,
        "y": 2.4463255405426027,
        "z": 0.04709799587726593
    },
    "endPos": {
        "x": 0.009943276643753052,
        "y": 5.666417598724365,
        "z": -0.40912532806396487
    }
}