{
    "_horizontalLines": 16.0,
    "_verticalLines": 18.0,
    "_radius": 0.07744612544775009,
    "_petalColour": {
        "r": 0.14721012115478517,
        "g": 0.05459415912628174,
        "b": 0.008958578109741211,
        "a": 1.0
    },
    "_cylinderVertexCount": 9.0,
    "_stemRadius": 0.03991095721721649,
    "_leafCount": 8.0,
    "_edgeRingCount": 28.0,
    "startPos": {
        "x": 0.0,
        "y": 0.0,
        "z": 0.0
    },
    "tangent1": {
        "x": 0.49058055877685549,
        "y": 0.16925735771656037,
        "z": -0.4012942314147949
    },
    "tangent2": {
        "x": 0.5501906275749207,
        "y": 1.9468716382980347,
        "z": -0.05026447772979736
    },
    "endPos": {
        "x": 1.164832353591919,
        "y": 5.386209964752197,
        "z": -0.354412704706192
    }
}