{
    "_horizontalLines": 8,
    "_verticalLines": 13,
    "_radius": 0.06468790769577027,
    "_petalColour": {
        "r": 0.5789844393730164,
        "g": 0.5496869683265686,
        "b": 0.1772688627243042,
        "a": 1.0
    },
    "_cylinderVertexCount": 14,
    "_stemRadius": 0.0645499899983406,
    "_leafCount": 8,
    "_edgeRingCount": 19,
    "startPos": {
        "x": 0.12638215720653535,
        "y": 0.7120651602745056,
        "z": 0.13237380981445313
    },
    "tangent1": {
        "x": -0.0930643081665039,
        "y": 1.5357344150543213,
        "z": 0.3244248330593109
    },
    "tangent2": {
        "x": -0.18376536667346955,
        "y": 2.5475502014160158,
        "z": 0.5682400465011597
    },
    "endPos": {
        "x": -1.100358009338379,
        "y": 5.972416877746582,
        "z": 0.9132288694381714
    }
}