{
    "_horizontalLines": 17.0,
    "_verticalLines": 15.0,
    "_radius": 0.07386578619480133,
    "_petalColour": {
        "r": 0.15639221668243409,
        "g": 0.47230976819992068,
        "b": 0.582118809223175,
        "a": 1.0
    },
    "_cylinderVertexCount": 9.0,
    "_stemRadius": 0.04967191815376282,
    "_leafCount": 8.0,
    "_edgeRingCount": 51.0,
    "startPos": {
        "x": 0.0,
        "y": 0.0,
        "z": 0.0
    },
    "tangent1": {
        "x": -0.06577558815479279,
        "y": 1.691551923751831,
        "z": -0.4251803457736969
    },
    "tangent2": {
        "x": 0.36930471658706667,
        "y": 1.7669315338134766,
        "z": -0.07205021381378174
    },
    "endPos": {
        "x": -0.2153087854385376,
        "y": 4.0,
        "z": 0.37404268980026247
    }
}