{
    "_horizontalLines": 18.0,
    "_verticalLines": 17.0,
    "_radius": 0.10216561704874039,
    "_petalColour": {
        "r": 0.6530709266662598,
        "g": 0.7316988706588745,
        "b": 0.1354808807373047,
        "a": 1.0
    },
    "_cylinderVertexCount": 11.0,
    "_stemRadius": 0.07417773455381394,
    "_leafCount": 8.0,
    "_edgeRingCount": 9.0,
    "startPos": {
        "x": 0.0,
        "y": 0.0,
        "z": 0.0
    },
    "tangent1": {
        "x": 0.104387566447258,
        "y": 0.8115930557250977,
        "z": 0.3245363235473633
    },
    "tangent2": {
        "x": 0.16692447662353517,
        "y": 2.496417999267578,
        "z": 0.020676225423812867
    },
    "endPos": {
        "x": 0.5429604053497315,
        "y": 4.787375450134277,
        "z": 0.08309119939804077
    }
}