{
    "_horizontalLines": 19.0,
    "_verticalLines": 16.0,
    "_radius": 0.07141558080911637,
    "_petalColour": {
        "r": 0.16313278675079347,
        "g": 0.04827415943145752,
        "b": 0.100669264793396,
        "a": 1.0
    },
    "_cylinderVertexCount": 6.0,
    "_stemRadius": 0.030263638123869897,
    "_leafCount": 8.0,
    "_edgeRingCount": 61.0,
    "startPos": {
        "x": 0.0,
        "y": 0.0,
        "z": 0.0
    },
    "tangent1": {
        "x": 0.4648981988430023,
        "y": 1.283223032951355,
        "z": -0.3948315680027008
    },
    "tangent2": {
        "x": 0.8041810989379883,
        "y": 1.9042928218841553,
        "z": -0.8796852231025696
    },
    "endPos": {
        "x": 0.20234841108322144,
        "y": 4.0,
        "z": -1.0719631910324097
    }
}