{
    "_horizontalLines": 19.0,
    "_verticalLines": 16.0,
    "_radius": 0.1132451593875885,
    "_petalColour": {
        "r": 0.5785807967185974,
        "g": 0.2661716341972351,
        "b": 0.1971827745437622,
        "a": 1.0
    },
    "_cylinderVertexCount": 14.0,
    "_stemRadius": 0.07369857281446457,
    "_leafCount": 8.0,
    "_edgeRingCount": 30.0,
    "startPos": {
        "x": 0.0,
        "y": 0.0,
        "z": 0.0
    },
    "tangent1": {
        "x": 0.08931012451648712,
        "y": 0.6795951724052429,
        "z": -0.03627295419573784
    },
    "tangent2": {
        "x": 0.37193042039871218,
        "y": 1.743098497390747,
        "z": 0.315572589635849
    },
    "endPos": {
        "x": 0.6652208566665649,
        "y": 4.0,
        "z": 1.1627365350723267
    }
}