{
    "_horizontalLines": 15.0,
    "_verticalLines": 15.0,
    "_radius": 0.06398468464612961,
    "_petalColour": {
        "r": 0.7195384502410889,
        "g": 0.8756053447723389,
        "b": 0.8983141183853149,
        "a": 1.0
    },
    "_cylinderVertexCount": 10.0,
    "_stemRadius": 0.02126360684633255,
    "_leafCount": 8.0,
    "_edgeRingCount": 25.0,
    "startPos": {
        "x": 0.0,
        "y": 0.0,
        "z": 0.0
    },
    "tangent1": {
        "x": -0.3573435842990875,
        "y": 1.199178695678711,
        "z": 0.4811791479587555
    },
    "tangent2": {
        "x": -0.5537935495376587,
        "y": 1.3113014698028565,
        "z": 0.17313003540039063
    },
    "endPos": {
        "x": -0.7261213660240173,
        "y": 4.0,
        "z": 1.0337724685668946
    }
}