{
    "_horizontalLines": 7,
    "_verticalLines": 8,
    "_radius": 0.04305083677172661,
    "_petalColour": {
        "r": 0.4053434729576111,
        "g": 0.19241225719451905,
        "b": 0.8125318288803101,
        "a": 1.0
    },
    "_cylinderVertexCount": 9,
    "_stemRadius": 0.03818506747484207,
    "_leafCount": 8,
    "_edgeRingCount": 12,
    "startPos": {
        "x": 0.07489627599716187,
        "y": 0.36321553587913515,
        "z": -0.18147321045398713
    },
    "tangent1": {
        "x": -0.41426339745521548,
        "y": 1.6236425638198853,
        "z": -0.07023158669471741
    },
    "tangent2": {
        "x": -0.49506253004074099,
        "y": 1.8895411491394044,
        "z": 0.4194721579551697
    },
    "endPos": {
        "x": 0.10556632280349732,
        "y": 2.8749303817749025,
        "z": 0.4971599876880646
    }
}