{
    "_horizontalLines": 15.0,
    "_verticalLines": 17.0,
    "_radius": 0.11967282742261887,
    "_petalColour": {
        "r": 0.7677303552627564,
        "g": 0.3333832621574402,
        "b": 0.4105427861213684,
        "a": 1.0
    },
    "_cylinderVertexCount": 12.0,
    "_stemRadius": 0.07265282422304154,
    "_leafCount": 8.0,
    "_edgeRingCount": 20.0,
    "startPos": {
        "x": 0.0,
        "y": 0.0,
        "z": 0.0
    },
    "tangent1": {
        "x": 0.050375889986753467,
        "y": 0.916965663433075,
        "z": 0.027232695370912553
    },
    "tangent2": {
        "x": 0.09313559532165528,
        "y": 2.8103506565093996,
        "z": -0.2617740035057068
    },
    "endPos": {
        "x": 0.8335999846458435,
        "y": 4.146969318389893,
        "z": -0.8090246915817261
    }
}