{
    "_horizontalLines": 8.0,
    "_verticalLines": 10.0,
    "_radius": 0.11894553154706955,
    "_petalColour": {
        "r": 0.3551653027534485,
        "g": 0.41025644540786745,
        "b": 0.3455166220664978,
        "a": 1.0
    },
    "_cylinderVertexCount": 5.0,
    "_stemRadius": 0.07793599367141724,
    "_leafCount": 8.0,
    "_edgeRingCount": 7.0,
    "startPos": {
        "x": -0.0919245257973671,
        "y": 0.17229261994361878,
        "z": -0.16165266931056977
    },
    "tangent1": {
        "x": -0.4219392240047455,
        "y": 2.004631280899048,
        "z": 0.31475889682769778
    },
    "tangent2": {
        "x": -0.11391112208366394,
        "y": 3.0509896278381349,
        "z": -0.07606342434883118
    },
    "endPos": {
        "x": -0.6568796634674072,
        "y": 5.357326984405518,
        "z": -0.609049916267395
    }
}