{
    "_horizontalLines": 15.0,
    "_verticalLines": 18.0,
    "_radius": 0.04349178448319435,
    "_petalColour": {
        "r": 0.34045571088790896,
        "g": 0.9944199323654175,
        "b": 0.16831350326538087,
        "a": 1.0
    },
    "_cylinderVertexCount": 5.0,
    "_stemRadius": 0.030634384602308275,
    "_leafCount": 8.0,
    "_edgeRingCount": 45.0,
    "startPos": {
        "x": 0.0,
        "y": 0.0,
        "z": 0.0
    },
    "tangent1": {
        "x": -0.052573394030332568,
        "y": 0.9419191479682922,
        "z": 0.038233090192079547
    },
    "tangent2": {
        "x": -0.29457974433898928,
        "y": 2.3038809299468996,
        "z": -0.3864670693874359
    },
    "endPos": {
        "x": -1.1129536628723145,
        "y": 5.213500022888184,
        "z": -0.31687861680984499
    }
}