{
    "_horizontalLines": 16.0,
    "_verticalLines": 17.0,
    "_radius": 0.057196926325559619,
    "_petalColour": {
        "r": 0.8921324014663696,
        "g": 0.7186317443847656,
        "b": 0.6610862016677856,
        "a": 1.0
    },
    "_cylinderVertexCount": 8.0,
    "_stemRadius": 0.03085005283355713,
    "_leafCount": 8.0,
    "_edgeRingCount": 55.0,
    "startPos": {
        "x": 0.0,
        "y": 0.0,
        "z": 0.0
    },
    "tangent1": {
        "x": -0.1901502162218094,
        "y": 1.6569023132324219,
        "z": -0.09968586266040802
    },
    "tangent2": {
        "x": -0.002699822187423706,
        "y": 2.5820257663726808,
        "z": 0.07706849277019501
    },
    "endPos": {
        "x": 0.490378201007843,
        "y": 4.0,
        "z": 0.9497714042663574
    }
}