{
    "_horizontalLines": 19.0,
    "_verticalLines": 18.0,
    "_radius": 0.05231361836194992,
    "_petalColour": {
        "r": 0.19417297840118409,
        "g": 0.36800724267959597,
        "b": 0.4836023449897766,
        "a": 1.0
    },
    "_cylinderVertexCount": 10.0,
    "_stemRadius": 0.04535851627588272,
    "_leafCount": 8.0,
    "_edgeRingCount": 44.0,
    "startPos": {
        "x": 0.0,
        "y": 0.0,
        "z": 0.0
    },
    "tangent1": {
        "x": 0.31749629974365237,
        "y": 0.6071130633354187,
        "z": 0.016722392290830613
    },
    "tangent2": {
        "x": 0.2190534621477127,
        "y": 0.8119567632675171,
        "z": 0.03316068649291992
    },
    "endPos": {
        "x": 0.5726980566978455,
        "y": 4.0,
        "z": 0.07271257042884827
    }
}