{
    "_horizontalLines": 16.0,
    "_verticalLines": 17.0,
    "_radius": 0.009967508725821972,
    "_petalColour": {
        "r": 0.6332039833068848,
        "g": 0.3681737780570984,
        "b": 0.5167226195335388,
        "a": 1.0
    },
    "_cylinderVertexCount": 5.0,
    "_stemRadius": 0.005760259926319122,
    "_leafCount": 8.0,
    "_edgeRingCount": 63.0,
    "startPos": {
        "x": 0.0,
        "y": 0.0,
        "z": 0.0
    },
    "tangent1": {
        "x": 0.11934156715869904,
        "y": 0.8238361477851868,
        "z": 0.4431811273097992
    },
    "tangent2": {
        "x": -0.145732119679451,
        "y": 1.663779854774475,
        "z": 0.15024051070213319
    },
    "endPos": {
        "x": -0.887269139289856,
        "y": 4.606857776641846,
        "z": 0.2046375274658203
    }
}