{
    "_horizontalLines": 18.0,
    "_verticalLines": 17.0,
    "_radius": 0.09135463088750839,
    "_petalColour": {
        "r": 0.8198844194412231,
        "g": 0.03245413303375244,
        "b": 0.7303005456924439,
        "a": 1.0
    },
    "_cylinderVertexCount": 7.0,
    "_stemRadius": 0.07606533914804459,
    "_leafCount": 8.0,
    "_edgeRingCount": 51.0,
    "startPos": {
        "x": 0.0,
        "y": 0.0,
        "z": 0.0
    },
    "tangent1": {
        "x": 0.23408079147338868,
        "y": 1.8216304779052735,
        "z": -0.28928717970848086
    },
    "tangent2": {
        "x": 0.07703705132007599,
        "y": 2.4230761528015138,
        "z": -0.6596277356147766
    },
    "endPos": {
        "x": 0.940259575843811,
        "y": 4.0,
        "z": -1.5154807567596436
    }
}