{
    "_horizontalLines": 17.0,
    "_verticalLines": 17.0,
    "_radius": 0.08255945146083832,
    "_petalColour": {
        "r": 0.9086189270019531,
        "g": 0.4407265782356262,
        "b": 0.6919238567352295,
        "a": 1.0
    },
    "_cylinderVertexCount": 12.0,
    "_stemRadius": 0.06753891706466675,
    "_leafCount": 8.0,
    "_edgeRingCount": 28.0,
    "startPos": {
        "x": 0.0,
        "y": 0.0,
        "z": 0.0
    },
    "tangent1": {
        "x": 0.33541277050971987,
        "y": 1.73040771484375,
        "z": -0.4105951189994812
    },
    "tangent2": {
        "x": -0.009902119636535645,
        "y": 3.2550697326660158,
        "z": -0.5520366430282593
    },
    "endPos": {
        "x": -0.7553357481956482,
        "y": 4.0,
        "z": -0.6504396200180054
    }
}