{
    "_horizontalLines": 12,
    "_verticalLines": 9,
    "_radius": 0.08682168275117874,
    "_petalColour": {
        "r": 0.6003687977790833,
        "g": 0.02213466167449951,
        "b": 0.13496005535125733,
        "a": 1.0
    },
    "_cylinderVertexCount": 12,
    "_stemRadius": 0.04605545476078987,
    "_leafCount": 8,
    "_edgeRingCount": 61,
    "startPos": {
        "x": -0.12979412078857423,
        "y": 0.672734260559082,
        "z": -0.21061134338378907
    },
    "tangent1": {
        "x": -0.09076376259326935,
        "y": 2.2823729515075685,
        "z": -0.4018339514732361
    },
    "tangent2": {
        "x": -0.39001506567001345,
        "y": 4.0504350662231449,
        "z": 0.01109844446182251
    },
    "endPos": {
        "x": -0.9213003516197205,
        "y": 7.714962959289551,
        "z": -0.3396797478199005
    }
}