{
    "_horizontalLines": 19.0,
    "_verticalLines": 16.0,
    "_radius": 0.0659477487206459,
    "_petalColour": {
        "r": 0.9895440340042114,
        "g": 0.45472627878189089,
        "b": 0.9861437082290649,
        "a": 1.0
    },
    "_cylinderVertexCount": 13.0,
    "_stemRadius": 0.03547445684671402,
    "_leafCount": 8.0,
    "_edgeRingCount": 19.0,
    "startPos": {
        "x": 0.0,
        "y": 0.0,
        "z": 0.0
    },
    "tangent1": {
        "x": -0.1525241881608963,
        "y": 1.3545631170272828,
        "z": -0.1648753136396408
    },
    "tangent2": {
        "x": -0.11718407273292542,
        "y": 1.6782679557800294,
        "z": -0.333146333694458
    },
    "endPos": {
        "x": 0.5523128509521484,
        "y": 4.0,
        "z": -0.9324180483818054
    }
}