{
    "_horizontalLines": 16.0,
    "_verticalLines": 16.0,
    "_radius": 0.1146969273686409,
    "_petalColour": {
        "r": 0.015451669692993164,
        "g": 0.7953124046325684,
        "b": 0.1070781946182251,
        "a": 1.0
    },
    "_cylinderVertexCount": 13.0,
    "_stemRadius": 0.08250969648361206,
    "_leafCount": 8.0,
    "_edgeRingCount": 8.0,
    "startPos": {
        "x": 0.0,
        "y": 0.0,
        "z": 0.0
    },
    "tangent1": {
        "x": 0.2667207717895508,
        "y": 0.7641820311546326,
        "z": 0.34530332684516909
    },
    "tangent2": {
        "x": -0.2133583128452301,
        "y": 0.9678189754486084,
        "z": 0.7405612468719482
    },
    "endPos": {
        "x": 0.011014699935913086,
        "y": 4.0,
        "z": 0.8814778327941895
    }
}