{
    "_horizontalLines": 15.0,
    "_verticalLines": 19.0,
    "_radius": 0.10247141122817993,
    "_petalColour": {
        "r": 0.9726029634475708,
        "g": 0.024615049362182618,
        "b": 0.30698806047439577,
        "a": 1.0
    },
    "_cylinderVertexCount": 7.0,
    "_stemRadius": 0.07890021055936814,
    "_leafCount": 8.0,
    "_edgeRingCount": 13.0,
    "startPos": {
        "x": 0.0,
        "y": 0.0,
        "z": 0.0
    },
    "tangent1": {
        "x": 0.4067308306694031,
        "y": 0.5287702679634094,
        "z": -0.15685434639453889
    },
    "tangent2": {
        "x": 0.7609760761260986,
        "y": 1.9307425022125245,
        "z": 0.3261334300041199
    },
    "endPos": {
        "x": 0.6157650351524353,
        "y": 5.167868614196777,
        "z": 0.9174993634223938
    }
}