{
    "_horizontalLines": 18.0,
    "_verticalLines": 17.0,
    "_radius": 0.09328731894493103,
    "_petalColour": {
        "r": 0.10180902481079102,
        "g": 0.3794483542442322,
        "b": 0.9762773513793945,
        "a": 1.0
    },
    "_cylinderVertexCount": 8.0,
    "_stemRadius": 0.09128796309232712,
    "_leafCount": 8.0,
    "_edgeRingCount": 49.0,
    "startPos": {
        "x": 0.0,
        "y": 0.0,
        "z": 0.0
    },
    "tangent1": {
        "x": 0.4086810052394867,
        "y": 1.8019851446151734,
        "z": -0.1934242695569992
    },
    "tangent2": {
        "x": 0.1485406756401062,
        "y": 2.4221127033233644,
        "z": -0.4098246991634369
    },
    "endPos": {
        "x": 0.015377655625343323,
        "y": 4.653332710266113,
        "z": -1.157792568206787
    }
}