{
    "_horizontalLines": 15.0,
    "_verticalLines": 19.0,
    "_radius": 0.14557433128356934,
    "_petalColour": {
        "r": 0.2157350778579712,
        "g": 0.828486442565918,
        "b": 0.9031616449356079,
        "a": 1.0
    },
    "_cylinderVertexCount": 10.0,
    "_stemRadius": 0.10596542060375214,
    "_leafCount": 8.0,
    "_edgeRingCount": 9.0,
    "startPos": {
        "x": 0.0,
        "y": 0.0,
        "z": 0.0
    },
    "tangent1": {
        "x": -0.3575553894042969,
        "y": 0.23189564049243928,
        "z": 0.20457467436790467
    },
    "tangent2": {
        "x": -0.7083989381790161,
        "y": 1.3132399320602418,
        "z": 0.5961027145385742
    },
    "endPos": {
        "x": 0.09161955118179321,
        "y": 4.0,
        "z": 0.911651611328125
    }
}