{
    "_horizontalLines": 13.0,
    "_verticalLines": 5.0,
    "_radius": 0.13023723661899568,
    "_petalColour": {
        "r": 0.833034873008728,
        "g": 0.8785043954849243,
        "b": 0.8772622346878052,
        "a": 1.0
    },
    "_cylinderVertexCount": 9.0,
    "_stemRadius": 0.081816665828228,
    "_leafCount": 8.0,
    "_edgeRingCount": 11.0,
    "startPos": {
        "x": -0.10353193432092667,
        "y": 0.9745720028877258,
        "z": 0.18450260162353517
    },
    "tangent1": {
        "x": -0.10200681537389755,
        "y": 2.0498087406158449,
        "z": 0.1156177967786789
    },
    "tangent2": {
        "x": -0.08396072685718537,
        "y": 3.24912428855896,
        "z": 0.23758888244628907
    },
    "endPos": {
        "x": 0.8715351223945618,
        "y": 4.964653015136719,
        "z": 0.9823579788208008
    }
}