{
    "_horizontalLines": 11,
    "_verticalLines": 12,
    "_radius": 0.11438001692295075,
    "_petalColour": {
        "r": 0.7878403663635254,
        "g": 0.6394979953765869,
        "b": 0.3495869040489197,
        "a": 1.0
    },
    "_cylinderVertexCount": 5,
    "_stemRadius": 0.08417895436286926,
    "_leafCount": 8,
    "_edgeRingCount": 32,
    "startPos": {
        "x": -0.09675230830907822,
        "y": 0.049843691289424899,
        "z": -0.17915606498718263
    },
    "tangent1": {
        "x": 0.13694089651107789,
        "y": 1.4507583379745484,
        "z": 0.2677180767059326
    },
    "tangent2": {
        "x": 0.3881298899650574,
        "y": 2.4390244483947756,
        "z": 0.7111020088195801
    },
    "endPos": {
        "x": -0.4046279191970825,
        "y": 4.782690525054932,
        "z": 0.3637290894985199
    }
}