{
    "_horizontalLines": 19.0,
    "_verticalLines": 18.0,
    "_radius": 0.12236076593399048,
    "_petalColour": {
        "r": 0.4834473729133606,
        "g": 0.8547171354293823,
        "b": 0.5537475943565369,
        "a": 1.0
    },
    "_cylinderVertexCount": 12.0,
    "_stemRadius": 0.07277996093034744,
    "_leafCount": 8.0,
    "_edgeRingCount": 39.0,
    "startPos": {
        "x": 0.0,
        "y": 0.0,
        "z": 0.0
    },
    "tangent1": {
        "x": -0.4595760405063629,
        "y": 0.6710013747215271,
        "z": -0.3994958698749542
    },
    "tangent2": {
        "x": -0.10204306244850159,
        "y": 0.9492074251174927,
        "z": -0.030432283878326417
    },
    "endPos": {
        "x": -0.7304394245147705,
        "y": 4.0,
        "z": 0.8326969146728516
    }
}