{
    "_horizontalLines": 18.0,
    "_verticalLines": 15.0,
    "_radius": 0.08756770938634873,
    "_petalColour": {
        "r": 0.4157993197441101,
        "g": 0.2760947346687317,
        "b": 0.7783584594726563,
        "a": 1.0
    },
    "_cylinderVertexCount": 14.0,
    "_stemRadius": 0.08606298267841339,
    "_leafCount": 8.0,
    "_edgeRingCount": 64.0,
    "startPos": {
        "x": 0.0,
        "y": 0.0,
        "z": 0.0
    },
    "tangent1": {
        "x": -0.2790558338165283,
        "y": 1.9668976068496705,
        "z": 0.07884402573108673
    },
    "tangent2": {
        "x": -0.39488106966018679,
        "y": 2.8891522884368898,
        "z": 0.5076001882553101
    },
    "endPos": {
        "x": -0.9836388826370239,
        "y": 4.0,
        "z": 0.2770550847053528
    }
}