{
    "_horizontalLines": 16.0,
    "_verticalLines": 15.0,
    "_radius": 0.10680196434259415,
    "_petalColour": {
        "r": 0.8287523984909058,
        "g": 0.8106858730316162,
        "b": 0.353860080242157,
        "a": 1.0
    },
    "_cylinderVertexCount": 6.0,
    "_stemRadius": 0.08477861434221268,
    "_leafCount": 8.0,
    "_edgeRingCount": 11.0,
    "startPos": {
        "x": 0.0,
        "y": 0.0,
        "z": 0.0
    },
    "tangent1": {
        "x": -0.2613503932952881,
        "y": 0.9721080660820007,
        "z": -0.18661265075206757
    },
    "tangent2": {
        "x": -0.17489580810070039,
        "y": 1.8024448156356812,
        "z": -0.38584622740745547
    },
    "endPos": {
        "x": -0.7538663744926453,
        "y": 4.0,
        "z": 0.2815620005130768
    }
}