{
    "_horizontalLines": 15.0,
    "_verticalLines": 16.0,
    "_radius": 0.05622116103768349,
    "_petalColour": {
        "r": 0.4273306727409363,
        "g": 0.1730259656906128,
        "b": 0.9601753950119019,
        "a": 1.0
    },
    "_cylinderVertexCount": 6.0,
    "_stemRadius": 0.04172281175851822,
    "_leafCount": 8.0,
    "_edgeRingCount": 41.0,
    "startPos": {
        "x": 0.0,
        "y": 0.0,
        "z": 0.0
    },
    "tangent1": {
        "x": -0.16462726891040803,
        "y": 1.2562531232833863,
        "z": -0.34507742524147036
    },
    "tangent2": {
        "x": -0.07484856247901917,
        "y": 1.5437991619110108,
        "z": -0.7229118347167969
    },
    "endPos": {
        "x": -0.12585347890853883,
        "y": 4.0,
        "z": -1.2003705501556397
    }
}