{
    "_horizontalLines": 18.0,
    "_verticalLines": 16.0,
    "_radius": 0.02887371927499771,
    "_petalColour": {
        "r": 0.6326923370361328,
        "g": 0.9576314687728882,
        "b": 0.530788004398346,
        "a": 1.0
    },
    "_cylinderVertexCount": 7.0,
    "_stemRadius": -0.003939904272556305,
    "_leafCount": 8.0,
    "_edgeRingCount": 36.0,
    "startPos": {
        "x": 0.0,
        "y": 0.0,
        "z": 0.0
    },
    "tangent1": {
        "x": -0.08968110382556915,
        "y": 1.00764799118042,
        "z": -0.31934377551078799
    },
    "tangent2": {
        "x": 0.14883558452129365,
        "y": 2.721700668334961,
        "z": -0.7710548639297485
    },
    "endPos": {
        "x": -0.5589102506637573,
        "y": 5.404041767120361,
        "z": -1.1918973922729493
    }
}