{
    "_horizontalLines": 12,
    "_verticalLines": 8,
    "_radius": 0.0877411887049675,
    "_petalColour": {
        "r": 0.9011876583099365,
        "g": 0.06884992122650147,
        "b": 0.35383015871047976,
        "a": 1.0
    },
    "_cylinderVertexCount": 9,
    "_stemRadius": 0.051285259425640109,
    "_leafCount": 8,
    "_edgeRingCount": 31,
    "startPos": {
        "x": 0.03574535995721817,
        "y": 0.03075542487204075,
        "z": 0.07667355239391327
    },
    "tangent1": {
        "x": -0.44230249524116518,
        "y": 0.5733994245529175,
        "z": 0.017567869275808336
    },
    "tangent2": {
        "x": -0.2973695397377014,
        "y": 2.3111467361450197,
        "z": -0.20292000472545625
    },
    "endPos": {
        "x": 0.010633111000061036,
        "y": 3.2932467460632326,
        "z": -0.35066789388656618
    }
}