{
    "_horizontalLines": 13.0,
    "_verticalLines": 11.0,
    "_radius": 0.05825422704219818,
    "_petalColour": {
        "r": 0.5553759932518005,
        "g": 0.5399382710456848,
        "b": 0.1691814661026001,
        "a": 1.0
    },
    "_cylinderVertexCount": 9.0,
    "_stemRadius": 0.04010061174631119,
    "_leafCount": 8.0,
    "_edgeRingCount": 11.0,
    "startPos": {
        "x": 0.12329620122909546,
        "y": 0.5087593197822571,
        "z": -0.05201242119073868
    },
    "tangent1": {
        "x": -0.2959878444671631,
        "y": 0.9403053522109985,
        "z": -0.23799389600753785
    },
    "tangent2": {
        "x": 0.12795090675354005,
        "y": 2.8448596000671388,
        "z": -0.16213224828243257
    },
    "endPos": {
        "x": 0.24032244086265565,
        "y": 4.869765758514404,
        "z": -0.3549876809120178
    }
}