{
    "_horizontalLines": 17.0,
    "_verticalLines": 17.0,
    "_radius": 0.04345749691128731,
    "_petalColour": {
        "r": 0.07668733596801758,
        "g": 0.28600913286209109,
        "b": 0.7501318454742432,
        "a": 1.0
    },
    "_cylinderVertexCount": 13.0,
    "_stemRadius": 0.03733836114406586,
    "_leafCount": 8.0,
    "_edgeRingCount": 29.0,
    "startPos": {
        "x": 0.0,
        "y": 0.0,
        "z": 0.0
    },
    "tangent1": {
        "x": -0.17755107581615449,
        "y": 0.23714561760425569,
        "z": -0.24916057288646699
    },
    "tangent2": {
        "x": 0.10985307395458222,
        "y": 1.8295929431915284,
        "z": -0.042484208941459659
    },
    "endPos": {
        "x": 0.8347396850585938,
        "y": 4.0,
        "z": -0.11600508540868759
    }
}