{
    "_horizontalLines": 18.0,
    "_verticalLines": 18.0,
    "_radius": 0.06509573012590409,
    "_petalColour": {
        "r": 0.618645966053009,
        "g": 0.5640725493431091,
        "b": 0.7483047246932983,
        "a": 1.0
    },
    "_cylinderVertexCount": 9.0,
    "_stemRadius": 0.06149980425834656,
    "_leafCount": 8.0,
    "_edgeRingCount": 31.0,
    "startPos": {
        "x": 0.0,
        "y": 0.0,
        "z": 0.0
    },
    "tangent1": {
        "x": 0.4044977128505707,
        "y": 0.15192051231861115,
        "z": -0.3416116535663605
    },
    "tangent2": {
        "x": -0.045535385608673099,
        "y": 1.7670843601226807,
        "z": -0.08846846222877503
    },
    "endPos": {
        "x": 0.6799354553222656,
        "y": 4.6510725021362309,
        "z": 0.0911698192358017
    }
}