{
    "_horizontalLines": 18.0,
    "_verticalLines": 16.0,
    "_radius": 0.05025365203619003,
    "_petalColour": {
        "r": 0.33853739500045779,
        "g": 0.38189011812210085,
        "b": 0.3811808228492737,
        "a": 1.0
    },
    "_cylinderVertexCount": 6.0,
    "_stemRadius": 0.046761490404605868,
    "_leafCount": 8.0,
    "_edgeRingCount": 45.0,
    "startPos": {
        "x": 0.0,
        "y": 0.0,
        "z": 0.0
    },
    "tangent1": {
        "x": 0.36043107509613039,
        "y": 0.8077432513237,
        "z": -0.38992786407470705
    },
    "tangent2": {
        "x": 0.8307440280914307,
        "y": 2.3751142024993898,
        "z": -0.6659681797027588
    },
    "endPos": {
        "x": 0.06220424175262451,
        "y": 4.0,
        "z": -0.9403810501098633
    }
}