{
    "_horizontalLines": 15.0,
    "_verticalLines": 17.0,
    "_radius": 0.10647222399711609,
    "_petalColour": {
        "r": 0.4778648018836975,
        "g": 0.5346512198448181,
        "b": 0.36379319429397585,
        "a": 1.0
    },
    "_cylinderVertexCount": 8.0,
    "_stemRadius": 0.09047157317399979,
    "_leafCount": 8.0,
    "_edgeRingCount": 48.0,
    "startPos": {
        "x": 0.0,
        "y": 0.0,
        "z": 0.0
    },
    "tangent1": {
        "x": -0.107998326420784,
        "y": 1.6210334300994874,
        "z": 0.36139509081840517
    },
    "tangent2": {
        "x": -0.06009221449494362,
        "y": 2.783947706222534,
        "z": 0.5596824884414673
    },
    "endPos": {
        "x": -0.6985387206077576,
        "y": 4.0,
        "z": 1.129486083984375
    }
}