{
    "_horizontalLines": 19.0,
    "_verticalLines": 15.0,
    "_radius": 0.13195551931858064,
    "_petalColour": {
        "r": 0.13546597957611085,
        "g": 0.3080412745475769,
        "b": 0.7040808200836182,
        "a": 1.0
    },
    "_cylinderVertexCount": 10.0,
    "_stemRadius": 0.10246174037456513,
    "_leafCount": 8.0,
    "_edgeRingCount": 58.0,
    "startPos": {
        "x": 0.0,
        "y": 0.0,
        "z": 0.0
    },
    "tangent1": {
        "x": -0.15512676537036897,
        "y": 0.7200374007225037,
        "z": 0.43422356247901919
    },
    "tangent2": {
        "x": -0.6291061639785767,
        "y": 2.690378427505493,
        "z": 0.6511799097061157
    },
    "endPos": {
        "x": -0.1293342113494873,
        "y": 4.34372615814209,
        "z": 0.6726973652839661
    }
}