{
    "_horizontalLines": 17.0,
    "_verticalLines": 19.0,
    "_radius": 0.0784364640712738,
    "_petalColour": {
        "r": 0.29331010580062868,
        "g": 0.2537079453468323,
        "b": 0.9203473329544067,
        "a": 1.0
    },
    "_cylinderVertexCount": 5.0,
    "_stemRadius": 0.03602670133113861,
    "_leafCount": 8.0,
    "_edgeRingCount": 10.0,
    "startPos": {
        "x": 0.0,
        "y": 0.0,
        "z": 0.0
    },
    "tangent1": {
        "x": -0.016345452517271043,
        "y": 1.9428809881210328,
        "z": -0.16968055069446565
    },
    "tangent2": {
        "x": -0.3519687056541443,
        "y": 2.697575807571411,
        "z": -0.2695319652557373
    },
    "endPos": {
        "x": 0.30047279596328738,
        "y": 5.100645542144775,
        "z": -0.7971815466880798
    }
}