{
    "_horizontalLines": 10,
    "_verticalLines": 7,
    "_radius": 0.11267845332622528,
    "_petalColour": {
        "r": 0.09021568298339844,
        "g": 0.7262841463088989,
        "b": 0.764984130859375,
        "a": 1.0
    },
    "_cylinderVertexCount": 14,
    "_stemRadius": 0.09634464979171753,
    "_leafCount": 8,
    "_edgeRingCount": 49,
    "startPos": {
        "x": -0.13854070007801057,
        "y": 0.4126463830471039,
        "z": -0.08763501793146134
    },
    "tangent1": {
        "x": 0.09164600074291229,
        "y": 0.42812851071357729,
        "z": -0.431704580783844
    },
    "tangent2": {
        "x": -0.20683665573596955,
        "y": 1.406130075454712,
        "z": -0.11031442880630493
    },
    "endPos": {
        "x": -1.1237298250198365,
        "y": 3.4850962162017824,
        "z": 0.36427223682403567
    }
}