{
    "_horizontalLines": 18.0,
    "_verticalLines": 19.0,
    "_radius": 0.13658787310123444,
    "_petalColour": {
        "r": 0.13238656520843507,
        "g": 0.13310444355010987,
        "b": 0.6368808746337891,
        "a": 1.0
    },
    "_cylinderVertexCount": 8.0,
    "_stemRadius": 0.09074320644140244,
    "_leafCount": 8.0,
    "_edgeRingCount": 32.0,
    "startPos": {
        "x": 0.0,
        "y": 0.0,
        "z": 0.0
    },
    "tangent1": {
        "x": -0.055559445172548297,
        "y": 0.877071738243103,
        "z": -0.4344175457954407
    },
    "tangent2": {
        "x": 0.15035100281238557,
        "y": 2.108128070831299,
        "z": -0.09129926562309265
    },
    "endPos": {
        "x": 0.48789918422698977,
        "y": 4.808213233947754,
        "z": 0.5382314920425415
    }
}