{
    "_horizontalLines": 15.0,
    "_verticalLines": 18.0,
    "_radius": 0.02607317827641964,
    "_petalColour": {
        "r": 0.551935613155365,
        "g": 0.7768856287002564,
        "b": 0.1613328456878662,
        "a": 1.0
    },
    "_cylinderVertexCount": 7.0,
    "_stemRadius": 0.0183419119566679,
    "_leafCount": 8.0,
    "_edgeRingCount": 16.0,
    "startPos": {
        "x": 0.0,
        "y": 0.0,
        "z": 0.0
    },
    "tangent1": {
        "x": 0.43730711936950686,
        "y": 1.0782012939453126,
        "z": -0.16985253989696504
    },
    "tangent2": {
        "x": 0.9158856868743897,
        "y": 2.4060115814208986,
        "z": -0.38940954208374026
    },
    "endPos": {
        "x": 1.2732609510421754,
        "y": 4.0,
        "z": -0.7892172336578369
    }
}