{
    "_horizontalLines": 15.0,
    "_verticalLines": 15.0,
    "_radius": 0.06714178621768952,
    "_petalColour": {
        "r": 0.3586464524269104,
        "g": 0.14303135871887208,
        "b": 0.2815398573875427,
        "a": 1.0
    },
    "_cylinderVertexCount": 6.0,
    "_stemRadius": 0.05130499228835106,
    "_leafCount": 8.0,
    "_edgeRingCount": 28.0,
    "startPos": {
        "x": 0.0,
        "y": 0.0,
        "z": 0.0
    },
    "tangent1": {
        "x": 0.17296741902828217,
        "y": 0.9142374992370606,
        "z": 0.4920216500759125
    },
    "tangent2": {
        "x": -0.14754639565944673,
        "y": 2.907212257385254,
        "z": 0.9195641279220581
    },
    "endPos": {
        "x": 0.14523546397686006,
        "y": 4.9637908935546879,
        "z": 0.6588867902755737
    }
}