{
    "_horizontalLines": 18.0,
    "_verticalLines": 17.0,
    "_radius": 0.10180071741342545,
    "_petalColour": {
        "r": 0.5056344866752625,
        "g": 0.1629164218902588,
        "b": 0.7634238004684448,
        "a": 1.0
    },
    "_cylinderVertexCount": 9.0,
    "_stemRadius": 0.08355327695608139,
    "_leafCount": 8.0,
    "_edgeRingCount": 6.0,
    "startPos": {
        "x": 0.0,
        "y": 0.0,
        "z": 0.0
    },
    "tangent1": {
        "x": 0.4218320846557617,
        "y": 0.91863614320755,
        "z": 0.07836075127124787
    },
    "tangent2": {
        "x": 0.9191908836364746,
        "y": 1.4483425617218018,
        "z": -0.25930994749069216
    },
    "endPos": {
        "x": 0.11773866415023804,
        "y": 4.0,
        "z": -0.4836505055427551
    }
}