{
    "_horizontalLines": 19.0,
    "_verticalLines": 16.0,
    "_radius": 0.13079091906547547,
    "_petalColour": {
        "r": 0.14564859867095948,
        "g": 0.974694013595581,
        "b": 0.6731613874435425,
        "a": 1.0
    },
    "_cylinderVertexCount": 5.0,
    "_stemRadius": 0.09645435959100723,
    "_leafCount": 8.0,
    "_edgeRingCount": 51.0,
    "startPos": {
        "x": 0.0,
        "y": 0.0,
        "z": 0.0
    },
    "tangent1": {
        "x": -0.10654310882091522,
        "y": 0.6551454663276672,
        "z": 0.196860671043396
    },
    "tangent2": {
        "x": 0.17040462791919709,
        "y": 1.5498225688934327,
        "z": 0.26439136266708376
    },
    "endPos": {
        "x": 0.3009246289730072,
        "y": 4.978792190551758,
        "z": 0.9589998126029968
    }
}