{
    "_horizontalLines": 16.0,
    "_verticalLines": 16.0,
    "_radius": 0.13978996872901917,
    "_petalColour": {
        "r": 0.9950748682022095,
        "g": 0.6137343049049377,
        "b": 0.8536262512207031,
        "a": 1.0
    },
    "_cylinderVertexCount": 12.0,
    "_stemRadius": 0.10325661301612854,
    "_leafCount": 8.0,
    "_edgeRingCount": 45.0,
    "startPos": {
        "x": 0.0,
        "y": 0.0,
        "z": 0.0
    },
    "tangent1": {
        "x": 0.28705620765686037,
        "y": 1.8250545263290406,
        "z": 0.46580713987350466
    },
    "tangent2": {
        "x": 0.05827741324901581,
        "y": 3.714754581451416,
        "z": 0.4417303800582886
    },
    "endPos": {
        "x": -0.7225658893585205,
        "y": 4.306700229644775,
        "z": -0.011159241199493409
    }
}