{
    "_horizontalLines": 16.0,
    "_verticalLines": 19.0,
    "_radius": 0.1026374027132988,
    "_petalColour": {
        "r": 0.6715644598007202,
        "g": 0.5947672724723816,
        "b": 0.22314560413360597,
        "a": 1.0
    },
    "_cylinderVertexCount": 14.0,
    "_stemRadius": 0.08654647320508957,
    "_leafCount": 8.0,
    "_edgeRingCount": 60.0,
    "startPos": {
        "x": 0.0,
        "y": 0.0,
        "z": 0.0
    },
    "tangent1": {
        "x": 0.11223892867565155,
        "y": 1.8818870782852173,
        "z": -0.1985636204481125
    },
    "tangent2": {
        "x": -0.35119950771331789,
        "y": 2.5698599815368654,
        "z": -0.09852790832519531
    },
    "endPos": {
        "x": -1.0497543811798096,
        "y": 4.660201072692871,
        "z": 0.22842255234718324
    }
}