{
    "_horizontalLines": 10,
    "_verticalLines": 15,
    "_radius": 0.03274580463767052,
    "_petalColour": {
        "r": 0.52361661195755,
        "g": 0.18298208713531495,
        "b": 0.439814031124115,
        "a": 1.0
    },
    "_cylinderVertexCount": 13,
    "_stemRadius": 0.016840938478708268,
    "_leafCount": 8,
    "_edgeRingCount": 13,
    "startPos": {
        "x": -0.16350217163562776,
        "y": 0.23202380537986756,
        "z": 0.15571928024291993
    },
    "tangent1": {
        "x": -0.4241247773170471,
        "y": 2.0302369594573976,
        "z": 0.6554044485092163
    },
    "tangent2": {
        "x": 0.041625529527664188,
        "y": 3.9397008419036867,
        "z": 0.6076621413230896
    },
    "endPos": {
        "x": 0.27082008123397829,
        "y": 5.196423053741455,
        "z": 0.6727972626686096
    }
}