{
    "_horizontalLines": 4.0,
    "_verticalLines": 13.0,
    "_radius": 0.08999403566122055,
    "_petalColour": {
        "r": 0.20978200435638429,
        "g": 0.9087270498275757,
        "b": 0.45552271604537966,
        "a": 1.0
    },
    "_cylinderVertexCount": 6.0,
    "_stemRadius": 0.05357174575328827,
    "_leafCount": 8.0,
    "_edgeRingCount": 59.0,
    "startPos": {
        "x": -0.032974980771541598,
        "y": 0.8016071319580078,
        "z": 0.1277657002210617
    },
    "tangent1": {
        "x": -0.311813622713089,
        "y": 1.0705382823944092,
        "z": 0.1699526309967041
    },
    "tangent2": {
        "x": -0.026299268007278444,
        "y": 1.4104299545288087,
        "z": -0.06328411400318146
    },
    "endPos": {
        "x": -0.30533283948898318,
        "y": 4.826222896575928,
        "z": 0.5580005645751953
    }
}