{
    "_horizontalLines": 15,
    "_verticalLines": 12,
    "_radius": 0.0439043752849102,
    "_petalColour": {
        "r": 0.08985793590545654,
        "g": 0.009381532669067383,
        "b": 0.43542414903640749,
        "a": 1.0
    },
    "_cylinderVertexCount": 6,
    "_stemRadius": 0.027724960818886758,
    "_leafCount": 8,
    "_edgeRingCount": 31,
    "startPos": {
        "x": -0.07644269615411759,
        "y": 0.7841493487358093,
        "z": 0.043619535863399509
    },
    "tangent1": {
        "x": 0.38928425312042239,
        "y": 1.1836519241333008,
        "z": 0.1695876121520996
    },
    "tangent2": {
        "x": 0.3004162907600403,
        "y": 2.4498438835144045,
        "z": 0.5644030570983887
    },
    "endPos": {
        "x": 0.18291637301445008,
        "y": 3.1010732650756838,
        "z": 0.04245728254318237
    }
}