{
    "_horizontalLines": 15.0,
    "_verticalLines": 15.0,
    "_radius": 0.1086917370557785,
    "_petalColour": {
        "r": 0.26744335889816286,
        "g": 0.5335267186164856,
        "b": 0.9055089950561523,
        "a": 1.0
    },
    "_cylinderVertexCount": 6.0,
    "_stemRadius": 0.09543139487504959,
    "_leafCount": 8.0,
    "_edgeRingCount": 22.0,
    "startPos": {
        "x": 0.0,
        "y": 0.0,
        "z": 0.0
    },
    "tangent1": {
        "x": 0.17288516461849214,
        "y": 1.635218620300293,
        "z": -0.4654731750488281
    },
    "tangent2": {
        "x": 0.03684157133102417,
        "y": 3.468172073364258,
        "z": -0.3467298150062561
    },
    "endPos": {
        "x": -0.35139861702919009,
        "y": 4.0,
        "z": -0.12180832028388977
    }
}