{
    "_horizontalLines": 18.0,
    "_verticalLines": 17.0,
    "_radius": 0.08063789457082749,
    "_petalColour": {
        "r": 0.13699579238891602,
        "g": 0.5408293604850769,
        "b": 0.5259985327720642,
        "a": 1.0
    },
    "_cylinderVertexCount": 9.0,
    "_stemRadius": 0.05785428732633591,
    "_leafCount": 8.0,
    "_edgeRingCount": 3.0,
    "startPos": {
        "x": 0.0,
        "y": 0.0,
        "z": 0.0
    },
    "tangent1": {
        "x": -0.34211960434913638,
        "y": 0.7637760043144226,
        "z": -0.42805251479148867
    },
    "tangent2": {
        "x": -0.1975119709968567,
        "y": 1.795485258102417,
        "z": -0.42343345284461977
    },
    "endPos": {
        "x": -0.7086297273635864,
        "y": 4.219810485839844,
        "z": -0.5923693180084229
    }
}