{
    "_horizontalLines": 19.0,
    "_verticalLines": 16.0,
    "_radius": 0.051736023277044299,
    "_petalColour": {
        "r": 0.03704392910003662,
        "g": 0.7358226776123047,
        "b": 0.9689474105834961,
        "a": 1.0
    },
    "_cylinderVertexCount": 7.0,
    "_stemRadius": 0.043397948145866397,
    "_leafCount": 8.0,
    "_edgeRingCount": 23.0,
    "startPos": {
        "x": 0.0,
        "y": 0.0,
        "z": 0.0
    },
    "tangent1": {
        "x": 0.23395657539367677,
        "y": 1.7653789520263672,
        "z": -0.23944048583507539
    },
    "tangent2": {
        "x": 0.4755479097366333,
        "y": 3.1573896408081056,
        "z": -0.09770375490188599
    },
    "endPos": {
        "x": 1.0446100234985352,
        "y": 6.083024978637695,
        "z": -0.8069653511047363
    }
}