{
    "_horizontalLines": 16.0,
    "_verticalLines": 15.0,
    "_radius": 0.10663419961929321,
    "_petalColour": {
        "r": 0.3145596385002136,
        "g": 0.7640155553817749,
        "b": 0.8104760646820068,
        "a": 1.0
    },
    "_cylinderVertexCount": 8.0,
    "_stemRadius": 0.08368153870105744,
    "_leafCount": 8.0,
    "_edgeRingCount": 38.0,
    "startPos": {
        "x": 0.0,
        "y": 0.0,
        "z": 0.0
    },
    "tangent1": {
        "x": -0.1354815512895584,
        "y": 0.9437427520751953,
        "z": 0.4119417071342468
    },
    "tangent2": {
        "x": -0.5695664286613464,
        "y": 1.1473424434661866,
        "z": 0.759932279586792
    },
    "endPos": {
        "x": -1.395837664604187,
        "y": 4.420459747314453,
        "z": 1.615964412689209
    }
}