{
    "_horizontalLines": 16.0,
    "_verticalLines": 16.0,
    "_radius": 0.07143520563840866,
    "_petalColour": {
        "r": 0.11510825157165528,
        "g": 0.96266770362854,
        "b": 0.09740936756134033,
        "a": 1.0
    },
    "_cylinderVertexCount": 6.0,
    "_stemRadius": 0.07077092677354813,
    "_leafCount": 8.0,
    "_edgeRingCount": 35.0,
    "startPos": {
        "x": 0.0,
        "y": 0.0,
        "z": 0.0
    },
    "tangent1": {
        "x": -0.37711355090141299,
        "y": 1.3272022008895875,
        "z": -0.40786266326904299
    },
    "tangent2": {
        "x": -0.45539921522140505,
        "y": 1.7792637348175049,
        "z": -0.04677772521972656
    },
    "endPos": {
        "x": -0.9214316606521606,
        "y": 4.9543938636779789,
        "z": 0.6680323481559753
    }
}