{
    "_horizontalLines": 15.0,
    "_verticalLines": 18.0,
    "_radius": 0.11388195306062699,
    "_petalColour": {
        "r": 0.4604669213294983,
        "g": 0.575020968914032,
        "b": 0.6435868740081787,
        "a": 1.0
    },
    "_cylinderVertexCount": 10.0,
    "_stemRadius": 0.07835108786821366,
    "_leafCount": 8.0,
    "_edgeRingCount": 59.0,
    "startPos": {
        "x": 0.0,
        "y": 0.0,
        "z": 0.0
    },
    "tangent1": {
        "x": -0.4617938995361328,
        "y": 0.012723731808364392,
        "z": -0.4673005938529968
    },
    "tangent2": {
        "x": -0.47020667791366579,
        "y": 0.9345264434814453,
        "z": -0.35677552223205569
    },
    "endPos": {
        "x": 0.35758280754089358,
        "y": 4.0,
        "z": 0.11576512455940247
    }
}