{
    "_horizontalLines": 18.0,
    "_verticalLines": 16.0,
    "_radius": 0.1292041391134262,
    "_petalColour": {
        "r": 0.4301266074180603,
        "g": 0.04976320266723633,
        "b": 0.8658722639083862,
        "a": 1.0
    },
    "_cylinderVertexCount": 13.0,
    "_stemRadius": 0.09396655112504959,
    "_leafCount": 8.0,
    "_edgeRingCount": 8.0,
    "startPos": {
        "x": 0.0,
        "y": 0.0,
        "z": 0.0
    },
    "tangent1": {
        "x": 0.03534131124615669,
        "y": 0.25149136781692507,
        "z": -0.22297053039073945
    },
    "tangent2": {
        "x": 0.10357427597045899,
        "y": 0.5263038873672485,
        "z": -0.03262583911418915
    },
    "endPos": {
        "x": 0.727638304233551,
        "y": 4.0,
        "z": -0.4904542565345764
    }
}