{
    "_horizontalLines": 16.0,
    "_verticalLines": 16.0,
    "_radius": 0.14608418941497804,
    "_petalColour": {
        "r": 0.4258432984352112,
        "g": 0.30848997831344607,
        "b": 0.38567250967025759,
        "a": 1.0
    },
    "_cylinderVertexCount": 11.0,
    "_stemRadius": 0.10532446950674057,
    "_leafCount": 8.0,
    "_edgeRingCount": 44.0,
    "startPos": {
        "x": 0.0,
        "y": 0.0,
        "z": 0.0
    },
    "tangent1": {
        "x": -0.1442236453294754,
        "y": 0.7557371258735657,
        "z": 0.10111884772777558
    },
    "tangent2": {
        "x": -0.06369605660438538,
        "y": 2.493100643157959,
        "z": 0.23732678592205048
    },
    "endPos": {
        "x": -0.6933683156967163,
        "y": 4.0,
        "z": 0.07663434743881226
    }
}