{
    "_horizontalLines": 16.0,
    "_verticalLines": 18.0,
    "_radius": 0.06364250928163529,
    "_petalColour": {
        "r": 0.3846190571784973,
        "g": 0.7746390104293823,
        "b": 0.013257741928100586,
        "a": 1.0
    },
    "_cylinderVertexCount": 13.0,
    "_stemRadius": 0.05702390894293785,
    "_leafCount": 8.0,
    "_edgeRingCount": 34.0,
    "startPos": {
        "x": 0.0,
        "y": 0.0,
        "z": 0.0
    },
    "tangent1": {
        "x": -0.04473371431231499,
        "y": 0.45301610231399538,
        "z": 0.33447369933128359
    },
    "tangent2": {
        "x": -0.24247398972511292,
        "y": 0.8387212753295898,
        "z": -0.15256109833717347
    },
    "endPos": {
        "x": -0.25251269340515139,
        "y": 4.0,
        "z": 0.25649866461753847
    }
}