{
    "_horizontalLines": 9.0,
    "_verticalLines": 11.0,
    "_radius": 0.12343648821115494,
    "_petalColour": {
        "r": 0.48054999113082888,
        "g": 0.8761676549911499,
        "b": 0.11057186126708985,
        "a": 1.0
    },
    "_cylinderVertexCount": 14.0,
    "_stemRadius": 0.09868307411670685,
    "_leafCount": 8.0,
    "_edgeRingCount": 53.0,
    "startPos": {
        "x": -0.034392453730106357,
        "y": 0.3419700562953949,
        "z": -0.14345240592956544
    },
    "tangent1": {
        "x": 0.39448434114456179,
        "y": 1.58984375,
        "z": 0.18563055992126466
    },
    "tangent2": {
        "x": -0.012941151857376099,
        "y": 2.243389844894409,
        "z": 0.6491342782974243
    },
    "endPos": {
        "x": -0.8760942220687866,
        "y": 4.938526153564453,
        "z": 0.2923867404460907
    }
}