{
    "_horizontalLines": 10,
    "_verticalLines": 4,
    "_radius": 0.10203299671411514,
    "_petalColour": {
        "r": 0.28065282106399538,
        "g": 0.44237619638442995,
        "b": 0.11005306243896485,
        "a": 1.0
    },
    "_cylinderVertexCount": 14,
    "_stemRadius": 0.08112329989671707,
    "_leafCount": 8,
    "_edgeRingCount": 58,
    "startPos": {
        "x": -0.018133973702788354,
        "y": 0.2198239266872406,
        "z": -0.03401603549718857
    },
    "tangent1": {
        "x": -0.21965660154819489,
        "y": 0.7784578800201416,
        "z": -0.029915187507867814
    },
    "tangent2": {
        "x": 0.26402658224105837,
        "y": 1.096442699432373,
        "z": -0.5115326642990112
    },
    "endPos": {
        "x": 0.47780928015708926,
        "y": 4.238592624664307,
        "z": -0.06378686428070069
    }
}