{
    "_horizontalLines": 15.0,
    "_verticalLines": 15.0,
    "_radius": 0.06842589378356934,
    "_petalColour": {
        "r": 0.2655588984489441,
        "g": 0.27600032091140749,
        "b": 0.9489302635192871,
        "a": 1.0
    },
    "_cylinderVertexCount": 9.0,
    "_stemRadius": 0.027149805799126626,
    "_leafCount": 8.0,
    "_edgeRingCount": 12.0,
    "startPos": {
        "x": 0.0,
        "y": 0.0,
        "z": 0.0
    },
    "tangent1": {
        "x": -0.156483456492424,
        "y": 1.6368522644042969,
        "z": 0.11652807891368866
    },
    "tangent2": {
        "x": 0.3370588421821594,
        "y": 2.2754125595092775,
        "z": 0.10751089453697205
    },
    "endPos": {
        "x": 0.35840287804603579,
        "y": 4.0,
        "z": 0.6736780405044556
    }
}