{
    "_horizontalLines": 16.0,
    "_verticalLines": 15.0,
    "_radius": 0.09559980034828186,
    "_petalColour": {
        "r": 0.9231579303741455,
        "g": 0.9985798597335815,
        "b": 0.17813944816589356,
        "a": 1.0
    },
    "_cylinderVertexCount": 13.0,
    "_stemRadius": 0.06050946190953255,
    "_leafCount": 8.0,
    "_edgeRingCount": 15.0,
    "startPos": {
        "x": 0.0,
        "y": 0.0,
        "z": 0.0
    },
    "tangent1": {
        "x": -0.3884848654270172,
        "y": 1.1999458074569703,
        "z": -0.1317768543958664
    },
    "tangent2": {
        "x": -0.23020903766155244,
        "y": 2.006889820098877,
        "z": 0.131449893116951
    },
    "endPos": {
        "x": -0.35591861605644228,
        "y": 4.186498165130615,
        "z": 0.6466227173805237
    }
}