{
    "_horizontalLines": 18.0,
    "_verticalLines": 16.0,
    "_radius": 0.0572071298956871,
    "_petalColour": {
        "r": 0.5566627383232117,
        "g": 0.2042912244796753,
        "b": 0.6923041343688965,
        "a": 1.0
    },
    "_cylinderVertexCount": 10.0,
    "_stemRadius": 0.014778627082705498,
    "_leafCount": 8.0,
    "_edgeRingCount": 47.0,
    "startPos": {
        "x": 0.0,
        "y": 0.0,
        "z": 0.0
    },
    "tangent1": {
        "x": -0.3511541187763214,
        "y": 1.5718964338302613,
        "z": 0.1617933213710785
    },
    "tangent2": {
        "x": 0.07654324173927307,
        "y": 2.6227314472198488,
        "z": 0.6412625312805176
    },
    "endPos": {
        "x": -0.5423245429992676,
        "y": 4.0,
        "z": 0.2996213734149933
    }
}