{
    "_horizontalLines": 16.0,
    "_verticalLines": 16.0,
    "_radius": 0.08884342014789581,
    "_petalColour": {
        "r": 0.8287136554718018,
        "g": 0.5577772259712219,
        "b": 0.389204204082489,
        "a": 1.0
    },
    "_cylinderVertexCount": 13.0,
    "_stemRadius": 0.08069968223571778,
    "_leafCount": 8.0,
    "_edgeRingCount": 17.0,
    "startPos": {
        "x": 0.0,
        "y": 0.0,
        "z": 0.0
    },
    "tangent1": {
        "x": 0.4849325120449066,
        "y": 0.6236646771430969,
        "z": 0.4317875802516937
    },
    "tangent2": {
        "x": 0.5314792394638062,
        "y": 0.8488346338272095,
        "z": 0.715233325958252
    },
    "endPos": {
        "x": 0.610732913017273,
        "y": 4.0,
        "z": 0.5280966758728027
    }
}