{
    "_horizontalLines": 17.0,
    "_verticalLines": 17.0,
    "_radius": 0.021231452003121377,
    "_petalColour": {
        "r": 0.5203438401222229,
        "g": 0.780035138130188,
        "b": 0.9001268148422241,
        "a": 1.0
    },
    "_cylinderVertexCount": 12.0,
    "_stemRadius": 0.00783014576882124,
    "_leafCount": 8.0,
    "_edgeRingCount": 50.0,
    "startPos": {
        "x": 0.0,
        "y": 0.0,
        "z": 0.0
    },
    "tangent1": {
        "x": 0.3846307694911957,
        "y": 1.6022189855575562,
        "z": 0.30550241470336916
    },
    "tangent2": {
        "x": 0.10346382856369019,
        "y": 1.644888997077942,
        "z": 0.44367265701293948
    },
    "endPos": {
        "x": 0.2819700241088867,
        "y": 4.0,
        "z": 1.151223063468933
    }
}