{
    "_horizontalLines": 5.0,
    "_verticalLines": 13.0,
    "_radius": 0.07409577071666718,
    "_petalColour": {
        "r": 0.3928377032279968,
        "g": 0.21858656406402589,
        "b": 0.8277032375335693,
        "a": 1.0
    },
    "_cylinderVertexCount": 7.0,
    "_stemRadius": 0.04034441336989403,
    "_leafCount": 8.0,
    "_edgeRingCount": 23.0,
    "startPos": {
        "x": -0.15854878723621369,
        "y": 0.34345316886901858,
        "z": -0.017609214410185815
    },
    "tangent1": {
        "x": -0.3536631166934967,
        "y": 1.386737585067749,
        "z": -0.24373973906040193
    },
    "tangent2": {
        "x": -0.04489579796791077,
        "y": 1.7587528228759766,
        "z": -0.3775462508201599
    },
    "endPos": {
        "x": -0.2764139771461487,
        "y": 5.601132392883301,
        "z": -0.0031180083751678468
    }
}