{
    "_horizontalLines": 9,
    "_verticalLines": 8,
    "_radius": 0.16266807913780213,
    "_petalColour": {
        "r": 0.3162378668785095,
        "g": 0.971786618232727,
        "b": 0.622520387172699,
        "a": 1.0
    },
    "_cylinderVertexCount": 9,
    "_stemRadius": 0.12742900848388673,
    "_leafCount": 8,
    "_edgeRingCount": 32,
    "startPos": {
        "x": 0.22781892120838166,
        "y": 0.8725101351737976,
        "z": -0.08067140728235245
    },
    "tangent1": {
        "x": -0.03696073591709137,
        "y": 1.9513161182403565,
        "z": -0.5007502436637878
    },
    "tangent2": {
        "x": -0.11549076437950134,
        "y": 3.01916241645813,
        "z": -0.43472182750701907
    },
    "endPos": {
        "x": -0.8052545785903931,
        "y": 5.620781898498535,
        "z": -0.8485760688781738
    }
}