{
    "_horizontalLines": 19.0,
    "_verticalLines": 15.0,
    "_radius": 0.09878446161746979,
    "_petalColour": {
        "r": 0.010434508323669434,
        "g": 0.282004177570343,
        "b": 0.1758875846862793,
        "a": 1.0
    },
    "_cylinderVertexCount": 6.0,
    "_stemRadius": 0.07238508760929108,
    "_leafCount": 8.0,
    "_edgeRingCount": 50.0,
    "startPos": {
        "x": 0.0,
        "y": 0.0,
        "z": 0.0
    },
    "tangent1": {
        "x": -0.4896465241909027,
        "y": 0.7928780913352966,
        "z": 0.457782506942749
    },
    "tangent2": {
        "x": -0.16659104824066163,
        "y": 0.8204795122146606,
        "z": 0.7621140480041504
    },
    "endPos": {
        "x": -0.4575282037258148,
        "y": 4.0,
        "z": 0.37413880228996279
    }
}