{
    "_horizontalLines": 19.0,
    "_verticalLines": 17.0,
    "_radius": 0.061130426824092868,
    "_petalColour": {
        "r": 0.5346313118934631,
        "g": 0.11096334457397461,
        "b": 0.07304751873016358,
        "a": 1.0
    },
    "_cylinderVertexCount": 14.0,
    "_stemRadius": 0.03174353390932083,
    "_leafCount": 8.0,
    "_edgeRingCount": 57.0,
    "startPos": {
        "x": 0.0,
        "y": 0.0,
        "z": 0.0
    },
    "tangent1": {
        "x": 0.12819646298885346,
        "y": 1.9202266931533814,
        "z": -0.2369195967912674
    },
    "tangent2": {
        "x": 0.40171730518341067,
        "y": 2.1263558864593508,
        "z": -0.16677403450012208
    },
    "endPos": {
        "x": 0.8045227527618408,
        "y": 5.004887104034424,
        "z": -0.31391406059265139
    }
}