{
    "_horizontalLines": 15.0,
    "_verticalLines": 19.0,
    "_radius": 0.015348036773502827,
    "_petalColour": {
        "r": 0.06286311149597168,
        "g": 0.3885878920555115,
        "b": 0.37792736291885378,
        "a": 1.0
    },
    "_cylinderVertexCount": 12.0,
    "_stemRadius": 0.014946377836167813,
    "_leafCount": 8.0,
    "_edgeRingCount": 24.0,
    "startPos": {
        "x": 0.0,
        "y": 0.0,
        "z": 0.0
    },
    "tangent1": {
        "x": -0.2729363441467285,
        "y": 1.4687072038650513,
        "z": 0.3481830358505249
    },
    "tangent2": {
        "x": 0.12135276198387146,
        "y": 2.3155956268310549,
        "z": -0.11411592364311218
    },
    "endPos": {
        "x": -0.13561081886291505,
        "y": 4.0,
        "z": 0.6154253482818604
    }
}