{
    "_horizontalLines": 16.0,
    "_verticalLines": 16.0,
    "_radius": 0.12286951392889023,
    "_petalColour": {
        "r": 0.11865830421447754,
        "g": 0.5525586009025574,
        "b": 0.5938572287559509,
        "a": 1.0
    },
    "_cylinderVertexCount": 10.0,
    "_stemRadius": 0.09951581060886383,
    "_leafCount": 8.0,
    "_edgeRingCount": 9.0,
    "startPos": {
        "x": 0.0,
        "y": 0.0,
        "z": 0.0
    },
    "tangent1": {
        "x": 0.4999442994594574,
        "y": 1.326545238494873,
        "z": -0.03734559938311577
    },
    "tangent2": {
        "x": 0.43169987201690676,
        "y": 1.4773437976837159,
        "z": -0.39922818541526797
    },
    "endPos": {
        "x": 0.7183742523193359,
        "y": 4.6112871170043949,
        "z": -0.37150150537490847
    }
}