{
    "_horizontalLines": 16.0,
    "_verticalLines": 19.0,
    "_radius": 0.06460361927747727,
    "_petalColour": {
        "r": 0.7137857675552368,
        "g": 0.9950250387191773,
        "b": 0.5304498076438904,
        "a": 1.0
    },
    "_cylinderVertexCount": 9.0,
    "_stemRadius": 0.06253021955490112,
    "_leafCount": 8.0,
    "_edgeRingCount": 55.0,
    "startPos": {
        "x": 0.0,
        "y": 0.0,
        "z": 0.0
    },
    "tangent1": {
        "x": -0.2304336577653885,
        "y": 1.2623820304870606,
        "z": 0.28897595405578616
    },
    "tangent2": {
        "x": -0.7299110293388367,
        "y": 1.6976311206817628,
        "z": 0.1195092648267746
    },
    "endPos": {
        "x": -0.8260438442230225,
        "y": 4.0,
        "z": -0.40867555141448977
    }
}