{
    "_horizontalLines": 18.0,
    "_verticalLines": 17.0,
    "_radius": 0.09724956005811691,
    "_petalColour": {
        "r": 0.586243212223053,
        "g": 0.3927542567253113,
        "b": 0.5260527729988098,
        "a": 1.0
    },
    "_cylinderVertexCount": 10.0,
    "_stemRadius": 0.08829033374786377,
    "_leafCount": 8.0,
    "_edgeRingCount": 26.0,
    "startPos": {
        "x": 0.0,
        "y": 0.0,
        "z": 0.0
    },
    "tangent1": {
        "x": -0.1384849101305008,
        "y": 1.3328800201416016,
        "z": -0.04171280935406685
    },
    "tangent2": {
        "x": -0.4054650664329529,
        "y": 3.255340099334717,
        "z": 0.1336173415184021
    },
    "endPos": {
        "x": -0.9858463406562805,
        "y": 4.0,
        "z": -0.0563531368970871
    }
}