{
    "_horizontalLines": 6.0,
    "_verticalLines": 15.0,
    "_radius": 0.15019266307353974,
    "_petalColour": {
        "r": 0.8484516143798828,
        "g": 0.32372957468032839,
        "b": 0.7583436965942383,
        "a": 1.0
    },
    "_cylinderVertexCount": 11.0,
    "_stemRadius": 0.1060742437839508,
    "_leafCount": 8.0,
    "_edgeRingCount": 57.0,
    "startPos": {
        "x": 0.13143324851989747,
        "y": 0.7541065216064453,
        "z": 0.11010842025279999
    },
    "tangent1": {
        "x": 0.6244775056838989,
        "y": 1.8259086608886719,
        "z": 0.21361789107322694
    },
    "tangent2": {
        "x": 0.3104804456233978,
        "y": 2.1169440746307375,
        "z": 0.09707988798618317
    },
    "endPos": {
        "x": 0.4269227385520935,
        "y": 2.90994930267334,
        "z": 0.5052739381790161
    }
}