{
    "_horizontalLines": 16.0,
    "_verticalLines": 19.0,
    "_radius": 0.08189083635807038,
    "_petalColour": {
        "r": 0.5742128491401672,
        "g": 0.23041307926177979,
        "b": 0.1929224729537964,
        "a": 1.0
    },
    "_cylinderVertexCount": 8.0,
    "_stemRadius": 0.05876842886209488,
    "_leafCount": 8.0,
    "_edgeRingCount": 47.0,
    "startPos": {
        "x": 0.0,
        "y": 0.0,
        "z": 0.0
    },
    "tangent1": {
        "x": -0.00775985699146986,
        "y": 0.3751060366630554,
        "z": -0.12587065994739533
    },
    "tangent2": {
        "x": 0.3867132067680359,
        "y": 1.0590667724609376,
        "z": -0.04219403862953186
    },
    "endPos": {
        "x": 0.8406221270561218,
        "y": 4.389361381530762,
        "z": -0.8109668493270874
    }
}