{
    "_horizontalLines": 17.0,
    "_verticalLines": 18.0,
    "_radius": 0.11044713854789734,
    "_petalColour": {
        "r": 0.4577673077583313,
        "g": 0.18829989433288575,
        "b": 0.0234072208404541,
        "a": 1.0
    },
    "_cylinderVertexCount": 10.0,
    "_stemRadius": 0.07977162301540375,
    "_leafCount": 8.0,
    "_edgeRingCount": 62.0,
    "startPos": {
        "x": 0.0,
        "y": 0.0,
        "z": 0.0
    },
    "tangent1": {
        "x": 0.4630594253540039,
        "y": 0.8765052556991577,
        "z": -0.15062923729419709
    },
    "tangent2": {
        "x": 0.320828378200531,
        "y": 2.140364170074463,
        "z": -0.6432739496231079
    },
    "endPos": {
        "x": 0.42060795426368716,
        "y": 4.0,
        "z": -0.05366802215576172
    }
}