{
    "_horizontalLines": 19.0,
    "_verticalLines": 19.0,
    "_radius": 0.06142835691571236,
    "_petalColour": {
        "r": 0.517185389995575,
        "g": 0.7267014980316162,
        "b": 0.8888393640518189,
        "a": 1.0
    },
    "_cylinderVertexCount": 7.0,
    "_stemRadius": 0.014496901072561741,
    "_leafCount": 8.0,
    "_edgeRingCount": 23.0,
    "startPos": {
        "x": 0.0,
        "y": 0.0,
        "z": 0.0
    },
    "tangent1": {
        "x": 0.40270280838012698,
        "y": 1.218680500984192,
        "z": 0.2030239999294281
    },
    "tangent2": {
        "x": 0.39450234174728396,
        "y": 2.6493797302246095,
        "z": -0.052354633808135989
    },
    "endPos": {
        "x": 1.126396894454956,
        "y": 4.0,
        "z": -0.5755198001861572
    }
}