{
    "_horizontalLines": 19.0,
    "_verticalLines": 19.0,
    "_radius": 0.0519082248210907,
    "_petalColour": {
        "r": 0.2791791558265686,
        "g": 0.4914410710334778,
        "b": 0.2396174669265747,
        "a": 1.0
    },
    "_cylinderVertexCount": 13.0,
    "_stemRadius": 0.03478977084159851,
    "_leafCount": 8.0,
    "_edgeRingCount": 39.0,
    "startPos": {
        "x": 0.0,
        "y": 0.0,
        "z": 0.0
    },
    "tangent1": {
        "x": 0.35802602767944338,
        "y": 0.1779777556657791,
        "z": 0.4551926553249359
    },
    "tangent2": {
        "x": 0.6996794939041138,
        "y": 1.4697978496551514,
        "z": 0.8483043909072876
    },
    "endPos": {
        "x": 0.9521522521972656,
        "y": 4.0,
        "z": 1.1850124597549439
    }
}