{
    "_horizontalLines": 19.0,
    "_verticalLines": 15.0,
    "_radius": 0.13001254200935365,
    "_petalColour": {
        "r": 0.3993467688560486,
        "g": 0.5473406910896301,
        "b": 0.7189197540283203,
        "a": 1.0
    },
    "_cylinderVertexCount": 8.0,
    "_stemRadius": 0.1038290485739708,
    "_leafCount": 8.0,
    "_edgeRingCount": 63.0,
    "startPos": {
        "x": 0.0,
        "y": 0.0,
        "z": 0.0
    },
    "tangent1": {
        "x": -0.36443987488746645,
        "y": 1.243350625038147,
        "z": -0.3206215798854828
    },
    "tangent2": {
        "x": -0.266135573387146,
        "y": 1.739006519317627,
        "z": 0.09771156311035156
    },
    "endPos": {
        "x": -0.5439466238021851,
        "y": 4.0,
        "z": 0.022969700396060945
    }
}