{
    "_horizontalLines": 17.0,
    "_verticalLines": 16.0,
    "_radius": 0.08443658798933029,
    "_petalColour": {
        "r": 0.02522897720336914,
        "g": 0.005495190620422363,
        "b": 0.06927549839019776,
        "a": 1.0
    },
    "_cylinderVertexCount": 5.0,
    "_stemRadius": 0.06669965386390686,
    "_leafCount": 8.0,
    "_edgeRingCount": 11.0,
    "startPos": {
        "x": 0.0,
        "y": 0.0,
        "z": 0.0
    },
    "tangent1": {
        "x": -0.4384317398071289,
        "y": 1.7304786443710328,
        "z": -0.45698633790016177
    },
    "tangent2": {
        "x": -0.6938931941986084,
        "y": 3.324476957321167,
        "z": -0.2786552309989929
    },
    "endPos": {
        "x": -1.3553102016448975,
        "y": 4.205390453338623,
        "z": -0.8011202812194824
    }
}