{
    "_horizontalLines": 8,
    "_verticalLines": 12,
    "_radius": 0.08507820218801499,
    "_petalColour": {
        "r": 0.6523317098617554,
        "g": 0.2502496838569641,
        "b": 0.7374625205993652,
        "a": 1.0
    },
    "_cylinderVertexCount": 9,
    "_stemRadius": 0.0816510021686554,
    "_leafCount": 8,
    "_edgeRingCount": 13,
    "startPos": {
        "x": -0.04852781444787979,
        "y": 0.5432648658752441,
        "z": 0.06554924696683884
    },
    "tangent1": {
        "x": -0.1605401635169983,
        "y": 0.8415396809577942,
        "z": -0.3311415910720825
    },
    "tangent2": {
        "x": -0.4715142846107483,
        "y": 1.5051779747009278,
        "z": -0.07742512226104737
    },
    "endPos": {
        "x": -0.07385644316673279,
        "y": 5.4899725914001469,
        "z": -0.18736907839775086
    }
}