{
    "_horizontalLines": 19.0,
    "_verticalLines": 15.0,
    "_radius": 0.10581906884908676,
    "_petalColour": {
        "r": 0.9632000923156738,
        "g": 0.08013749122619629,
        "b": 0.3065391182899475,
        "a": 1.0
    },
    "_cylinderVertexCount": 5.0,
    "_stemRadius": 0.10241289436817169,
    "_leafCount": 8.0,
    "_edgeRingCount": 39.0,
    "startPos": {
        "x": 0.0,
        "y": 0.0,
        "z": 0.0
    },
    "tangent1": {
        "x": -0.24525026977062226,
        "y": 1.1370716094970704,
        "z": -0.12297992408275604
    },
    "tangent2": {
        "x": 0.07654900848865509,
        "y": 1.5390326976776124,
        "z": -0.12016916275024414
    },
    "endPos": {
        "x": -0.5232314467430115,
        "y": 4.0,
        "z": -0.48455867171287539
    }
}