{
    "_horizontalLines": 16.0,
    "_verticalLines": 17.0,
    "_radius": 0.05771637707948685,
    "_petalColour": {
        "r": 0.804280161857605,
        "g": 0.6066465973854065,
        "b": 0.665900468826294,
        "a": 1.0
    },
    "_cylinderVertexCount": 12.0,
    "_stemRadius": 0.029021404683589937,
    "_leafCount": 8.0,
    "_edgeRingCount": 41.0,
    "startPos": {
        "x": 0.0,
        "y": 0.0,
        "z": 0.0
    },
    "tangent1": {
        "x": 0.20741355419158936,
        "y": 0.5613493919372559,
        "z": -0.07024388015270233
    },
    "tangent2": {
        "x": 0.6833322048187256,
        "y": 2.4712138175964357,
        "z": -0.18830975890159608
    },
    "endPos": {
        "x": 1.2810336351394654,
        "y": 4.0,
        "z": 0.2643280625343323
    }
}