{
    "_horizontalLines": 17.0,
    "_verticalLines": 18.0,
    "_radius": 0.036147017031908038,
    "_petalColour": {
        "r": 0.5789191126823425,
        "g": 0.2923460602760315,
        "b": 0.43025916814804079,
        "a": 1.0
    },
    "_cylinderVertexCount": 12.0,
    "_stemRadius": 0.027511755004525186,
    "_leafCount": 8.0,
    "_edgeRingCount": 19.0,
    "startPos": {
        "x": 0.0,
        "y": 0.0,
        "z": 0.0
    },
    "tangent1": {
        "x": -0.1383867710828781,
        "y": 0.3972166180610657,
        "z": 0.15733325481414796
    },
    "tangent2": {
        "x": -0.5191155076026917,
        "y": 0.7173420190811157,
        "z": 0.47680795192718508
    },
    "endPos": {
        "x": -0.27364328503608706,
        "y": 4.0,
        "z": 0.6939682364463806
    }
}