{
    "_horizontalLines": 17.0,
    "_verticalLines": 18.0,
    "_radius": 0.07422445714473725,
    "_petalColour": {
        "r": 0.9864500761032105,
        "g": 0.9310662746429443,
        "b": 0.13785076141357423,
        "a": 1.0
    },
    "_cylinderVertexCount": 14.0,
    "_stemRadius": 0.03796792030334473,
    "_leafCount": 8.0,
    "_edgeRingCount": 17.0,
    "startPos": {
        "x": 0.0,
        "y": 0.0,
        "z": 0.0
    },
    "tangent1": {
        "x": -0.1895494908094406,
        "y": 0.2200649231672287,
        "z": 0.12115649878978729
    },
    "tangent2": {
        "x": -0.11115559935569763,
        "y": 0.8193451166152954,
        "z": -0.027463197708129884
    },
    "endPos": {
        "x": -0.16762685775756837,
        "y": 4.0,
        "z": -0.4672876000404358
    }
}