{
    "_horizontalLines": 15.0,
    "_verticalLines": 17.0,
    "_radius": 0.006252184044569731,
    "_petalColour": {
        "r": 0.03086531162261963,
        "g": 0.319280207157135,
        "b": 0.9212512969970703,
        "a": 1.0
    },
    "_cylinderVertexCount": 5.0,
    "_stemRadius": 0.004125948064029217,
    "_leafCount": 8.0,
    "_edgeRingCount": 44.0,
    "startPos": {
        "x": 0.0,
        "y": 0.0,
        "z": 0.0
    },
    "tangent1": {
        "x": 0.31138741970062258,
        "y": 1.643762230873108,
        "z": 0.08176188170909882
    },
    "tangent2": {
        "x": 0.40264183282852175,
        "y": 2.3299927711486818,
        "z": 0.45389991998672488
    },
    "endPos": {
        "x": 0.38675495982170107,
        "y": 4.0,
        "z": 0.16414478421211244
    }
}