{
    "_horizontalLines": 16.0,
    "_verticalLines": 15.0,
    "_radius": 0.1157013550400734,
    "_petalColour": {
        "r": 0.34551066160202029,
        "g": 0.43286579847335818,
        "b": 0.7520689964294434,
        "a": 1.0
    },
    "_cylinderVertexCount": 8.0,
    "_stemRadius": 0.07770750671625138,
    "_leafCount": 8.0,
    "_edgeRingCount": 35.0,
    "startPos": {
        "x": 0.0,
        "y": 0.0,
        "z": 0.0
    },
    "tangent1": {
        "x": 0.3374059498310089,
        "y": 1.156869888305664,
        "z": -0.21465997397899629
    },
    "tangent2": {
        "x": 0.09763462841510773,
        "y": 2.1852564811706545,
        "z": -0.3108867108821869
    },
    "endPos": {
        "x": -0.5779155492782593,
        "y": 4.0,
        "z": -0.017766892910003663
    }
}