{
    "_horizontalLines": 16.0,
    "_verticalLines": 16.0,
    "_radius": 0.057920295745134357,
    "_petalColour": {
        "r": 0.5372233986854553,
        "g": 0.1949375867843628,
        "b": 0.4774400591850281,
        "a": 1.0
    },
    "_cylinderVertexCount": 10.0,
    "_stemRadius": 0.018593285232782365,
    "_leafCount": 8.0,
    "_edgeRingCount": 11.0,
    "startPos": {
        "x": 0.0,
        "y": 0.0,
        "z": 0.0
    },
    "tangent1": {
        "x": -0.3641013205051422,
        "y": 1.4379416704177857,
        "z": -0.4370979368686676
    },
    "tangent2": {
        "x": -0.30682775378227236,
        "y": 3.2509524822235109,
        "z": -0.8426116704940796
    },
    "endPos": {
        "x": -0.44901758432388308,
        "y": 6.300000190734863,
        "z": -0.35115766525268557
    }
}