{
    "_horizontalLines": 15.0,
    "_verticalLines": 15.0,
    "_radius": 0.08007322996854782,
    "_petalColour": {
        "r": 0.43448370695114138,
        "g": 0.4215288758277893,
        "b": 0.48004430532455447,
        "a": 1.0
    },
    "_cylinderVertexCount": 11.0,
    "_stemRadius": 0.049722395837306979,
    "_leafCount": 8.0,
    "_edgeRingCount": 44.0,
    "startPos": {
        "x": 0.0,
        "y": 0.0,
        "z": 0.0
    },
    "tangent1": {
        "x": -0.3705120086669922,
        "y": 0.48933523893356326,
        "z": 0.03188066557049751
    },
    "tangent2": {
        "x": -0.3967530131340027,
        "y": 0.5415439605712891,
        "z": -0.14767184853553773
    },
    "endPos": {
        "x": -0.39376553893089297,
        "y": 4.0,
        "z": 0.24463853240013123
    }
}