{
    "_horizontalLines": 17.0,
    "_verticalLines": 15.0,
    "_radius": 0.07459284365177155,
    "_petalColour": {
        "r": 0.7429348230361939,
        "g": 0.643865704536438,
        "b": 0.2500888705253601,
        "a": 1.0
    },
    "_cylinderVertexCount": 11.0,
    "_stemRadius": 0.039444975554943088,
    "_leafCount": 8.0,
    "_edgeRingCount": 15.0,
    "startPos": {
        "x": 0.0,
        "y": 0.0,
        "z": 0.0
    },
    "tangent1": {
        "x": -0.08567194640636444,
        "y": 1.6239490509033204,
        "z": 0.38376912474632265
    },
    "tangent2": {
        "x": -0.18984755873680116,
        "y": 3.0568017959594728,
        "z": 0.24704699218273164
    },
    "endPos": {
        "x": -0.08408278971910477,
        "y": 5.576943397521973,
        "z": 0.486522376537323
    }
}