{
    "_horizontalLines": 15.0,
    "_verticalLines": 16.0,
    "_radius": 0.1268814206123352,
    "_petalColour": {
        "r": 0.0038241147994995119,
        "g": 0.14342939853668214,
        "b": 0.8088375329971314,
        "a": 1.0
    },
    "_cylinderVertexCount": 6.0,
    "_stemRadius": 0.09503329545259476,
    "_leafCount": 8.0,
    "_edgeRingCount": 44.0,
    "startPos": {
        "x": 0.0,
        "y": 0.0,
        "z": 0.0
    },
    "tangent1": {
        "x": -0.3500804901123047,
        "y": 0.4617082476615906,
        "z": -0.29617413878440859
    },
    "tangent2": {
        "x": -0.019936352968215944,
        "y": 0.8683608770370483,
        "z": 0.07690668106079102
    },
    "endPos": {
        "x": -0.5972428321838379,
        "y": 4.0,
        "z": -0.09318073093891144
    }
}