{
    "_horizontalLines": 8,
    "_verticalLines": 13,
    "_radius": 0.0949193611741066,
    "_petalColour": {
        "r": 0.8874362707138062,
        "g": 0.6053487658500671,
        "b": 0.9611506462097168,
        "a": 1.0
    },
    "_cylinderVertexCount": 14,
    "_stemRadius": 0.08463119715452194,
    "_leafCount": 8,
    "_edgeRingCount": 39,
    "startPos": {
        "x": 0.10521773993968964,
        "y": 0.9904125332832336,
        "z": 0.16497574746608735
    },
    "tangent1": {
        "x": -0.23564158380031587,
        "y": 1.133082389831543,
        "z": 0.506172776222229
    },
    "tangent2": {
        "x": -0.05235779285430908,
        "y": 2.631462574005127,
        "z": 0.03948557376861572
    },
    "endPos": {
        "x": 0.5315914750099182,
        "y": 4.949871063232422,
        "z": 0.9645862579345703
    }
}