{
    "_horizontalLines": 18.0,
    "_verticalLines": 17.0,
    "_radius": 0.08114585280418396,
    "_petalColour": {
        "r": 0.7560900449752808,
        "g": 0.37898677587509158,
        "b": 0.6863644123077393,
        "a": 1.0
    },
    "_cylinderVertexCount": 6.0,
    "_stemRadius": 0.0665728971362114,
    "_leafCount": 8.0,
    "_edgeRingCount": 27.0,
    "startPos": {
        "x": 0.0,
        "y": 0.0,
        "z": 0.0
    },
    "tangent1": {
        "x": -0.3971754014492035,
        "y": 0.9081481695175171,
        "z": -0.2958293855190277
    },
    "tangent2": {
        "x": 0.07555007934570313,
        "y": 2.7255420684814455,
        "z": -0.6165637969970703
    },
    "endPos": {
        "x": -0.1587306410074234,
        "y": 6.028444290161133,
        "z": -1.2910126447677613
    }
}