{
    "_horizontalLines": 19.0,
    "_verticalLines": 18.0,
    "_radius": 0.08998126536607743,
    "_petalColour": {
        "r": 0.4863716959953308,
        "g": 0.47045785188674929,
        "b": 0.15974044799804688,
        "a": 1.0
    },
    "_cylinderVertexCount": 10.0,
    "_stemRadius": 0.05363065376877785,
    "_leafCount": 8.0,
    "_edgeRingCount": 18.0,
    "startPos": {
        "x": 0.0,
        "y": 0.0,
        "z": 0.0
    },
    "tangent1": {
        "x": 0.12974795699119569,
        "y": 0.9452665448188782,
        "z": 0.24674499034881593
    },
    "tangent2": {
        "x": 0.2938559651374817,
        "y": 1.1275253295898438,
        "z": 0.01847536861896515
    },
    "endPos": {
        "x": 0.41858506202697756,
        "y": 4.0,
        "z": 0.4563218355178833
    }
}