{
    "_horizontalLines": 17.0,
    "_verticalLines": 17.0,
    "_radius": 0.06204582378268242,
    "_petalColour": {
        "r": 0.787203311920166,
        "g": 0.9478187561035156,
        "b": 0.4886297583580017,
        "a": 1.0
    },
    "_cylinderVertexCount": 9.0,
    "_stemRadius": 0.018903428688645364,
    "_leafCount": 8.0,
    "_edgeRingCount": 12.0,
    "startPos": {
        "x": 0.0,
        "y": 0.0,
        "z": 0.0
    },
    "tangent1": {
        "x": 0.37425458431243899,
        "y": 0.4011867642402649,
        "z": 0.4784390926361084
    },
    "tangent2": {
        "x": 0.38213127851486208,
        "y": 0.875239372253418,
        "z": 0.6169648170471191
    },
    "endPos": {
        "x": -0.3235524296760559,
        "y": 4.04417610168457,
        "z": 1.1336617469787598
    }
}