{
    "_horizontalLines": 18.0,
    "_verticalLines": 17.0,
    "_radius": 0.11831630021333695,
    "_petalColour": {
        "r": 0.01804935932159424,
        "g": 0.9807018041610718,
        "b": 0.4418643116950989,
        "a": 1.0
    },
    "_cylinderVertexCount": 14.0,
    "_stemRadius": 0.09687390923500061,
    "_leafCount": 8.0,
    "_edgeRingCount": 35.0,
    "startPos": {
        "x": 0.0,
        "y": 0.0,
        "z": 0.0
    },
    "tangent1": {
        "x": -0.09451465308666229,
        "y": 1.2684745788574219,
        "z": 0.08281131088733673
    },
    "tangent2": {
        "x": -0.1881626546382904,
        "y": 2.0305490493774416,
        "z": 0.3884226679801941
    },
    "endPos": {
        "x": -0.7366031408309937,
        "y": 5.5061750411987309,
        "z": 1.2235682010650635
    }
}