{
    "_horizontalLines": 19.0,
    "_verticalLines": 18.0,
    "_radius": 0.14458651840686799,
    "_petalColour": {
        "r": 0.5136111378669739,
        "g": 0.12391293048858643,
        "b": 0.9617953300476074,
        "a": 1.0
    },
    "_cylinderVertexCount": 12.0,
    "_stemRadius": 0.09519915282726288,
    "_leafCount": 8.0,
    "_edgeRingCount": 41.0,
    "startPos": {
        "x": 0.0,
        "y": 0.0,
        "z": 0.0
    },
    "tangent1": {
        "x": 0.2900729179382324,
        "y": 1.912126898765564,
        "z": 0.385016530752182
    },
    "tangent2": {
        "x": 0.04052944481372833,
        "y": 2.1761629581451418,
        "z": 0.8413593769073486
    },
    "endPos": {
        "x": 0.20201045274734498,
        "y": 4.182648181915283,
        "z": 0.038311660289764407
    }
}