{
    "_horizontalLines": 15.0,
    "_verticalLines": 18.0,
    "_radius": -0.003920339979231358,
    "_petalColour": {
        "r": 0.8379625082015991,
        "g": 0.04846596717834473,
        "b": 0.49647384881973269,
        "a": 1.0
    },
    "_cylinderVertexCount": 13.0,
    "_stemRadius": -0.004730767570436001,
    "_leafCount": 8.0,
    "_edgeRingCount": 4.0,
    "startPos": {
        "x": 0.0,
        "y": 0.0,
        "z": 0.0
    },
    "tangent1": {
        "x": -0.47247838973999026,
        "y": 0.3107568621635437,
        "z": -0.4797971844673157
    },
    "tangent2": {
        "x": -0.7868372201919556,
        "y": 1.786013126373291,
        "z": -0.2909772992134094
    },
    "endPos": {
        "x": -0.3069213628768921,
        "y": 4.0,
        "z": -0.3461376130580902
    }
}