{
    "_horizontalLines": 16.0,
    "_verticalLines": 19.0,
    "_radius": 0.12405990064144135,
    "_petalColour": {
        "r": 0.039034247398376468,
        "g": 0.22110462188720704,
        "b": 0.26194506883621218,
        "a": 1.0
    },
    "_cylinderVertexCount": 13.0,
    "_stemRadius": 0.07814924418926239,
    "_leafCount": 8.0,
    "_edgeRingCount": 41.0,
    "startPos": {
        "x": 0.0,
        "y": 0.0,
        "z": 0.0
    },
    "tangent1": {
        "x": -0.48614224791526797,
        "y": 1.1743583679199219,
        "z": 0.07032088935375214
    },
    "tangent2": {
        "x": -0.9854710102081299,
        "y": 3.1170921325683595,
        "z": -0.39696377515792849
    },
    "endPos": {
        "x": -0.37992846965789797,
        "y": 6.300000190734863,
        "z": -0.09731200337409973
    }
}