{
    "_horizontalLines": 8.0,
    "_verticalLines": 15.0,
    "_radius": 0.07838097959756851,
    "_petalColour": {
        "r": 0.6764428615570068,
        "g": 0.9494675397872925,
        "b": 0.064980149269104,
        "a": 1.0
    },
    "_cylinderVertexCount": 14.0,
    "_stemRadius": 0.04546733945608139,
    "_leafCount": 8.0,
    "_edgeRingCount": 17.0,
    "startPos": {
        "x": -0.09920129925012589,
        "y": 0.5914387702941895,
        "z": -0.21672606468200684
    },
    "tangent1": {
        "x": -0.2321489453315735,
        "y": 0.7504485249519348,
        "z": 0.10823369026184082
    },
    "tangent2": {
        "x": -0.15370570123195649,
        "y": 1.454730749130249,
        "z": -0.27680733799934389
    },
    "endPos": {
        "x": 0.6069821119308472,
        "y": 2.5297603607177736,
        "z": 0.7012726068496704
    }
}