{
    "_horizontalLines": 18.0,
    "_verticalLines": 16.0,
    "_radius": 0.10383228212594986,
    "_petalColour": {
        "r": 0.07237839698791504,
        "g": 0.9878822565078735,
        "b": 0.390899121761322,
        "a": 1.0
    },
    "_cylinderVertexCount": 13.0,
    "_stemRadius": 0.0558193102478981,
    "_leafCount": 8.0,
    "_edgeRingCount": 46.0,
    "startPos": {
        "x": 0.0,
        "y": 0.0,
        "z": 0.0
    },
    "tangent1": {
        "x": -0.28692078590393069,
        "y": 0.9376192092895508,
        "z": -0.48135071992874148
    },
    "tangent2": {
        "x": -0.2983306050300598,
        "y": 1.5324335098266602,
        "z": -0.9769624471664429
    },
    "endPos": {
        "x": -0.050449877977371219,
        "y": 4.906614303588867,
        "z": -1.838118314743042
    }
}