{
    "_horizontalLines": 17.0,
    "_verticalLines": 19.0,
    "_radius": 0.07897862792015076,
    "_petalColour": {
        "r": 0.7945709228515625,
        "g": 0.18273627758026124,
        "b": 0.1572939157485962,
        "a": 1.0
    },
    "_cylinderVertexCount": 6.0,
    "_stemRadius": 0.062022123485803607,
    "_leafCount": 8.0,
    "_edgeRingCount": 32.0,
    "startPos": {
        "x": 0.0,
        "y": 0.0,
        "z": 0.0
    },
    "tangent1": {
        "x": -0.18317942321300507,
        "y": 0.4345857501029968,
        "z": 0.17364585399627686
    },
    "tangent2": {
        "x": -0.39019259810447695,
        "y": 2.2075343132019045,
        "z": 0.40585577487945559
    },
    "endPos": {
        "x": -0.3326150178909302,
        "y": 4.0,
        "z": 0.2257966548204422
    }
}