{
    "_horizontalLines": 15.0,
    "_verticalLines": 18.0,
    "_radius": 0.09196008741855622,
    "_petalColour": {
        "r": 0.3842232823371887,
        "g": 0.9799810647964478,
        "b": 0.814252495765686,
        "a": 1.0
    },
    "_cylinderVertexCount": 6.0,
    "_stemRadius": 0.05083716660737991,
    "_leafCount": 8.0,
    "_edgeRingCount": 10.0,
    "startPos": {
        "x": 0.0,
        "y": 0.0,
        "z": 0.0
    },
    "tangent1": {
        "x": 0.0137475011870265,
        "y": 0.27895528078079226,
        "z": -0.25183773040771487
    },
    "tangent2": {
        "x": 0.21158531308174134,
        "y": 1.6685144901275635,
        "z": -0.6012783050537109
    },
    "endPos": {
        "x": -0.09888440370559693,
        "y": 4.0,
        "z": 0.24217456579208375
    }
}