{
    "_horizontalLines": 15.0,
    "_verticalLines": 18.0,
    "_radius": 0.06372983753681183,
    "_petalColour": {
        "r": 0.9277352094650269,
        "g": 0.20262670516967774,
        "b": 0.994451642036438,
        "a": 1.0
    },
    "_cylinderVertexCount": 9.0,
    "_stemRadius": 0.03706962987780571,
    "_leafCount": 8.0,
    "_edgeRingCount": 50.0,
    "startPos": {
        "x": 0.0,
        "y": 0.0,
        "z": 0.0
    },
    "tangent1": {
        "x": -0.0967831164598465,
        "y": 1.6428050994873047,
        "z": 0.35983502864837649
    },
    "tangent2": {
        "x": -0.3485404849052429,
        "y": 3.6114249229431154,
        "z": 0.826899528503418
    },
    "endPos": {
        "x": 0.11432766914367676,
        "y": 5.821614742279053,
        "z": 1.6464736461639405
    }
}