{
    "_horizontalLines": 19.0,
    "_verticalLines": 19.0,
    "_radius": 0.06534725427627564,
    "_petalColour": {
        "r": 0.6127325892448425,
        "g": 0.2359304428100586,
        "b": 0.8606547117233276,
        "a": 1.0
    },
    "_cylinderVertexCount": 14.0,
    "_stemRadius": 0.01630670204758644,
    "_leafCount": 8.0,
    "_edgeRingCount": 59.0,
    "startPos": {
        "x": 0.0,
        "y": 0.0,
        "z": 0.0
    },
    "tangent1": {
        "x": 0.04622454568743706,
        "y": 0.06467457115650177,
        "z": -0.3382028639316559
    },
    "tangent2": {
        "x": -0.1941084861755371,
        "y": 0.19909954071044923,
        "z": -0.0300082266330719
    },
    "endPos": {
        "x": -0.09440819174051285,
        "y": 4.0,
        "z": 0.6712740659713745
    }
}