{
    "_horizontalLines": 18.0,
    "_verticalLines": 18.0,
    "_radius": 0.11746878176927567,
    "_petalColour": {
        "r": 0.11828994750976563,
        "g": 0.31731635332107546,
        "b": 0.9578195810317993,
        "a": 1.0
    },
    "_cylinderVertexCount": 6.0,
    "_stemRadius": 0.11507274955511093,
    "_leafCount": 8.0,
    "_edgeRingCount": 7.0,
    "startPos": {
        "x": 0.0,
        "y": 0.0,
        "z": 0.0
    },
    "tangent1": {
        "x": -0.46026936173439028,
        "y": 1.752526044845581,
        "z": 0.46409550309181216
    },
    "tangent2": {
        "x": -0.5044884085655212,
        "y": 3.4506232738494875,
        "z": 0.343891978263855
    },
    "endPos": {
        "x": 0.1297200322151184,
        "y": 4.220592021942139,
        "z": 0.05617395043373108
    }
}