{
    "_horizontalLines": 12.0,
    "_verticalLines": 10.0,
    "_radius": 0.1040363684296608,
    "_petalColour": {
        "r": 0.3124365210533142,
        "g": 0.6032008528709412,
        "b": 0.6302721500396729,
        "a": 1.0
    },
    "_cylinderVertexCount": 6.0,
    "_stemRadius": 0.06590110808610916,
    "_leafCount": 8.0,
    "_edgeRingCount": 17.0,
    "startPos": {
        "x": 0.18196873366832734,
        "y": 0.5033502578735352,
        "z": -0.14389002323150636
    },
    "tangent1": {
        "x": 0.607768177986145,
        "y": 1.1528047323226929,
        "z": 0.14670655131340028
    },
    "tangent2": {
        "x": 0.5139041543006897,
        "y": 1.504631519317627,
        "z": -0.05928991734981537
    },
    "endPos": {
        "x": 0.5738629698753357,
        "y": 2.976504325866699,
        "z": -0.9393827319145203
    }
}