{
    "_horizontalLines": 15.0,
    "_verticalLines": 18.0,
    "_radius": 0.10275660455226898,
    "_petalColour": {
        "r": 0.09588944911956787,
        "g": 0.6104055047035217,
        "b": 0.35098105669021609,
        "a": 1.0
    },
    "_cylinderVertexCount": 14.0,
    "_stemRadius": 0.07726740837097168,
    "_leafCount": 8.0,
    "_edgeRingCount": 20.0,
    "startPos": {
        "x": 0.0,
        "y": 0.0,
        "z": 0.0
    },
    "tangent1": {
        "x": 0.2110367715358734,
        "y": 0.7043159604072571,
        "z": -0.19745154678821565
    },
    "tangent2": {
        "x": 0.3432566523551941,
        "y": 1.4160114526748658,
        "z": -0.0673435777425766
    },
    "endPos": {
        "x": -0.365365207195282,
        "y": 4.0,
        "z": -0.3713929057121277
    }
}