{
    "_horizontalLines": 16.0,
    "_verticalLines": 15.0,
    "_radius": 0.09619691222906113,
    "_petalColour": {
        "r": 0.46528905630111697,
        "g": 0.7108014822006226,
        "b": 0.72618567943573,
        "a": 1.0
    },
    "_cylinderVertexCount": 7.0,
    "_stemRadius": 0.06489629298448563,
    "_leafCount": 8.0,
    "_edgeRingCount": 8.0,
    "startPos": {
        "x": 0.0,
        "y": 0.0,
        "z": 0.0
    },
    "tangent1": {
        "x": 0.46943068504333498,
        "y": 0.8585281372070313,
        "z": 0.034099530428647998
    },
    "tangent2": {
        "x": 0.017626136541366578,
        "y": 1.277808427810669,
        "z": 0.389756977558136
    },
    "endPos": {
        "x": 0.4280625581741333,
        "y": 4.627174377441406,
        "z": 0.4692079722881317
    }
}