{
    "_horizontalLines": 15.0,
    "_verticalLines": 15.0,
    "_radius": 0.06821597367525101,
    "_petalColour": {
        "r": 0.48510152101516726,
        "g": 0.6473170518875122,
        "b": 0.6728008985519409,
        "a": 1.0
    },
    "_cylinderVertexCount": 14.0,
    "_stemRadius": 0.047500625252723697,
    "_leafCount": 8.0,
    "_edgeRingCount": 17.0,
    "startPos": {
        "x": 0.0,
        "y": 0.0,
        "z": 0.0
    },
    "tangent1": {
        "x": 0.16729162633419038,
        "y": 1.551259994506836,
        "z": -0.2521452009677887
    },
    "tangent2": {
        "x": -0.31807440519332888,
        "y": 2.21327805519104,
        "z": 0.13657891750335694
    },
    "endPos": {
        "x": -1.1371402740478516,
        "y": 4.399798393249512,
        "z": 0.11770115047693253
    }
}