{
    "_horizontalLines": 19.0,
    "_verticalLines": 16.0,
    "_radius": 0.04780023917555809,
    "_petalColour": {
        "r": 0.5136863589286804,
        "g": 0.488677442073822,
        "b": 0.7262377738952637,
        "a": 1.0
    },
    "_cylinderVertexCount": 11.0,
    "_stemRadius": 0.024526936933398248,
    "_leafCount": 8.0,
    "_edgeRingCount": 62.0,
    "startPos": {
        "x": 0.0,
        "y": 0.0,
        "z": 0.0
    },
    "tangent1": {
        "x": -0.1270713359117508,
        "y": 0.9074759483337402,
        "z": 0.060946036130189899
    },
    "tangent2": {
        "x": -0.1929272711277008,
        "y": 0.9892832636833191,
        "z": 0.5120957493782044
    },
    "endPos": {
        "x": -0.07683558762073517,
        "y": 4.0,
        "z": 0.7306772470474243
    }
}