{
    "_horizontalLines": 18.0,
    "_verticalLines": 16.0,
    "_radius": 0.03132995218038559,
    "_petalColour": {
        "r": 0.8824087381362915,
        "g": 0.03634202480316162,
        "b": 0.5612276196479797,
        "a": 1.0
    },
    "_cylinderVertexCount": 10.0,
    "_stemRadius": 0.028965312987565995,
    "_leafCount": 8.0,
    "_edgeRingCount": 41.0,
    "startPos": {
        "x": 0.0,
        "y": 0.0,
        "z": 0.0
    },
    "tangent1": {
        "x": -0.11174778640270233,
        "y": 1.3232570886611939,
        "z": 0.14190052449703217
    },
    "tangent2": {
        "x": -0.12325820326805115,
        "y": 1.5441020727157593,
        "z": 0.11788800358772278
    },
    "endPos": {
        "x": -0.2930946946144104,
        "y": 4.0,
        "z": 0.5631491541862488
    }
}