{
    "_horizontalLines": 18.0,
    "_verticalLines": 17.0,
    "_radius": 0.1500200778245926,
    "_petalColour": {
        "r": 0.19669115543365479,
        "g": 0.29679399728775027,
        "b": 0.7099668979644775,
        "a": 1.0
    },
    "_cylinderVertexCount": 8.0,
    "_stemRadius": 0.11262469738721848,
    "_leafCount": 8.0,
    "_edgeRingCount": 43.0,
    "startPos": {
        "x": 0.0,
        "y": 0.0,
        "z": 0.0
    },
    "tangent1": {
        "x": 0.22637128829956056,
        "y": 1.0424470901489258,
        "z": 0.2478404939174652
    },
    "tangent2": {
        "x": 0.7095354795455933,
        "y": 2.4771323204040529,
        "z": 0.6445614695549011
    },
    "endPos": {
        "x": 1.0041643381118775,
        "y": 4.0,
        "z": 0.6478017568588257
    }
}