{
    "_horizontalLines": 15.0,
    "_verticalLines": 17.0,
    "_radius": 0.06770002841949463,
    "_petalColour": {
        "r": 0.7880791425704956,
        "g": 0.768104076385498,
        "b": 0.5860812067985535,
        "a": 1.0
    },
    "_cylinderVertexCount": 5.0,
    "_stemRadius": 0.04610319808125496,
    "_leafCount": 8.0,
    "_edgeRingCount": 22.0,
    "startPos": {
        "x": 0.0,
        "y": 0.0,
        "z": 0.0
    },
    "tangent1": {
        "x": 0.22630858421325684,
        "y": 1.5727920532226563,
        "z": -0.3288755416870117
    },
    "tangent2": {
        "x": 0.504813551902771,
        "y": 3.114436149597168,
        "z": 0.10258769989013672
    },
    "endPos": {
        "x": 0.07042977213859558,
        "y": 4.0,
        "z": 0.3160187602043152
    }
}