{
    "_horizontalLines": 15.0,
    "_verticalLines": 16.0,
    "_radius": 0.1509495973587036,
    "_petalColour": {
        "r": 0.36170870065689089,
        "g": 0.22256410121917725,
        "b": 0.7562453746795654,
        "a": 1.0
    },
    "_cylinderVertexCount": 14.0,
    "_stemRadius": 0.11149454861879349,
    "_leafCount": 8.0,
    "_edgeRingCount": 43.0,
    "startPos": {
        "x": 0.0,
        "y": 0.0,
        "z": 0.0
    },
    "tangent1": {
        "x": 0.3425520658493042,
        "y": 0.9704009890556336,
        "z": -0.49144354462623598
    },
    "tangent2": {
        "x": 0.7187055349349976,
        "y": 2.147641658782959,
        "z": -0.7361510992050171
    },
    "endPos": {
        "x": 0.3221173584461212,
        "y": 5.252168655395508,
        "z": -0.4979186952114105
    }
}