{
    "_horizontalLines": 9,
    "_verticalLines": 5,
    "_radius": 0.10771364718675614,
    "_petalColour": {
        "r": 0.04741382598876953,
        "g": 0.6559007167816162,
        "b": 0.504034698009491,
        "a": 1.0
    },
    "_cylinderVertexCount": 12,
    "_stemRadius": 0.09847285598516464,
    "_leafCount": 8,
    "_edgeRingCount": 25,
    "startPos": {
        "x": -0.14971387386322022,
        "y": 0.8685054779052734,
        "z": 0.0804513618350029
    },
    "tangent1": {
        "x": -0.4465894401073456,
        "y": 2.2708616256713869,
        "z": -0.02037089318037033
    },
    "tangent2": {
        "x": -0.6089880466461182,
        "y": 4.116666316986084,
        "z": -0.4643925130367279
    },
    "endPos": {
        "x": -0.0645744800567627,
        "y": 5.630311965942383,
        "z": -0.5957467555999756
    }
}