{
    "_horizontalLines": 17.0,
    "_verticalLines": 19.0,
    "_radius": 0.13700845837593079,
    "_petalColour": {
        "r": 0.1424543857574463,
        "g": 0.5515344738960266,
        "b": 0.1628093719482422,
        "a": 1.0
    },
    "_cylinderVertexCount": 11.0,
    "_stemRadius": 0.09245292097330094,
    "_leafCount": 8.0,
    "_edgeRingCount": 45.0,
    "startPos": {
        "x": 0.0,
        "y": 0.0,
        "z": 0.0
    },
    "tangent1": {
        "x": -0.24647541344165803,
        "y": 1.2245750427246094,
        "z": 0.4000692367553711
    },
    "tangent2": {
        "x": -0.5235339403152466,
        "y": 1.609790563583374,
        "z": 0.08103761076927185
    },
    "endPos": {
        "x": -1.0846836566925049,
        "y": 4.48426628112793,
        "z": 0.9085968732833862
    }
}