{
    "_horizontalLines": 19.0,
    "_verticalLines": 19.0,
    "_radius": 0.10073775798082352,
    "_petalColour": {
        "r": 0.7529304027557373,
        "g": 0.4232800602912903,
        "b": 0.681716799736023,
        "a": 1.0
    },
    "_cylinderVertexCount": 10.0,
    "_stemRadius": 0.06974473595619202,
    "_leafCount": 8.0,
    "_edgeRingCount": 41.0,
    "startPos": {
        "x": 0.0,
        "y": 0.0,
        "z": 0.0
    },
    "tangent1": {
        "x": 0.008938980288803578,
        "y": 1.5182819366455079,
        "z": 0.4505535066127777
    },
    "tangent2": {
        "x": -0.333408385515213,
        "y": 2.574263572692871,
        "z": 0.11442479491233826
    },
    "endPos": {
        "x": -0.839087963104248,
        "y": 5.122945785522461,
        "z": 0.6790021657943726
    }
}