{
    "_horizontalLines": 17.0,
    "_verticalLines": 18.0,
    "_radius": 0.09198247641324997,
    "_petalColour": {
        "r": 0.9174487590789795,
        "g": 0.4147788882255554,
        "b": 0.5354732871055603,
        "a": 1.0
    },
    "_cylinderVertexCount": 13.0,
    "_stemRadius": 0.0700361430644989,
    "_leafCount": 8.0,
    "_edgeRingCount": 10.0,
    "startPos": {
        "x": 0.0,
        "y": 0.0,
        "z": 0.0
    },
    "tangent1": {
        "x": 0.17053817212581635,
        "y": 0.5446156859397888,
        "z": 0.03482465818524361
    },
    "tangent2": {
        "x": 0.14466813206672669,
        "y": 0.90040123462677,
        "z": -0.13533201813697816
    },
    "endPos": {
        "x": -0.08527795970439911,
        "y": 4.0,
        "z": 0.5693982839584351
    }
}