{
    "_horizontalLines": 18.0,
    "_verticalLines": 18.0,
    "_radius": 0.09753376990556717,
    "_petalColour": {
        "r": 0.5315049290657044,
        "g": 0.1327371597290039,
        "b": 0.7587871551513672,
        "a": 1.0
    },
    "_cylinderVertexCount": 9.0,
    "_stemRadius": 0.07825083285570145,
    "_leafCount": 8.0,
    "_edgeRingCount": 41.0,
    "startPos": {
        "x": 0.0,
        "y": 0.0,
        "z": 0.0
    },
    "tangent1": {
        "x": -0.39548540115356448,
        "y": 0.7989150881767273,
        "z": -0.43460577726364138
    },
    "tangent2": {
        "x": -0.8412072062492371,
        "y": 0.8290805816650391,
        "z": -0.586215615272522
    },
    "endPos": {
        "x": -0.34846749901771548,
        "y": 4.0,
        "z": 0.07253479957580567
    }
}