{
    "_horizontalLines": 17.0,
    "_verticalLines": 18.0,
    "_radius": 0.08101869374513626,
    "_petalColour": {
        "r": 0.5263379216194153,
        "g": 0.5676239132881165,
        "b": 0.42469924688339236,
        "a": 1.0
    },
    "_cylinderVertexCount": 9.0,
    "_stemRadius": 0.06693826615810394,
    "_leafCount": 8.0,
    "_edgeRingCount": 42.0,
    "startPos": {
        "x": 0.0,
        "y": 0.0,
        "z": 0.0
    },
    "tangent1": {
        "x": 0.20817315578460694,
        "y": 0.23603840172290803,
        "z": -0.23066191375255586
    },
    "tangent2": {
        "x": 0.042560502886772159,
        "y": 1.4604452848434449,
        "z": -0.3950028419494629
    },
    "endPos": {
        "x": 0.4490368962287903,
        "y": 4.0,
        "z": -0.05898967385292053
    }
}