{
    "_horizontalLines": 17.0,
    "_verticalLines": 16.0,
    "_radius": 0.01924719102680683,
    "_petalColour": {
        "r": 0.31792765855789187,
        "g": 0.0035371780395507814,
        "b": 0.5452341437339783,
        "a": 1.0
    },
    "_cylinderVertexCount": 14.0,
    "_stemRadius": 0.01746830716729164,
    "_leafCount": 8.0,
    "_edgeRingCount": 16.0,
    "startPos": {
        "x": 0.0,
        "y": 0.0,
        "z": 0.0
    },
    "tangent1": {
        "x": -0.4487413465976715,
        "y": 1.8366668224334717,
        "z": 0.3122509717941284
    },
    "tangent2": {
        "x": -0.8371372222900391,
        "y": 2.5901687145233156,
        "z": 0.5534523725509644
    },
    "endPos": {
        "x": -0.422320693731308,
        "y": 4.725762367248535,
        "z": 0.4820164144039154
    }
}