{
    "_horizontalLines": 15.0,
    "_verticalLines": 18.0,
    "_radius": 0.04858189821243286,
    "_petalColour": {
        "r": 0.6778640747070313,
        "g": 0.30491143465042117,
        "b": 0.05049717426300049,
        "a": 1.0
    },
    "_cylinderVertexCount": 5.0,
    "_stemRadius": 0.019289257004857065,
    "_leafCount": 8.0,
    "_edgeRingCount": 20.0,
    "startPos": {
        "x": 0.0,
        "y": 0.0,
        "z": 0.0
    },
    "tangent1": {
        "x": 0.4050116539001465,
        "y": 0.8937515020370483,
        "z": 0.051069069653749469
    },
    "tangent2": {
        "x": -0.08065444231033325,
        "y": 1.9720834493637086,
        "z": 0.3947828412055969
    },
    "endPos": {
        "x": 0.6858223676681519,
        "y": 5.150703430175781,
        "z": -0.3429373502731323
    }
}