{
    "_horizontalLines": 19.0,
    "_verticalLines": 19.0,
    "_radius": 0.09864358603954315,
    "_petalColour": {
        "r": 0.634972095489502,
        "g": 0.5723094344139099,
        "b": 0.09299850463867188,
        "a": 1.0
    },
    "_cylinderVertexCount": 10.0,
    "_stemRadius": 0.05993589013814926,
    "_leafCount": 8.0,
    "_edgeRingCount": 26.0,
    "startPos": {
        "x": 0.0,
        "y": 0.0,
        "z": 0.0
    },
    "tangent1": {
        "x": -0.3982589542865753,
        "y": 0.2800571322441101,
        "z": 0.27655085921287539
    },
    "tangent2": {
        "x": -0.4163733422756195,
        "y": 0.4406089782714844,
        "z": 0.7615370750427246
    },
    "endPos": {
        "x": -0.6552680730819702,
        "y": 4.0,
        "z": 0.36672863364219668
    }
}