{
    "_horizontalLines": 15.0,
    "_verticalLines": 15.0,
    "_radius": 0.15011003613471986,
    "_petalColour": {
        "r": 0.25471431016921999,
        "g": 0.11605405807495117,
        "b": 0.5438548922538757,
        "a": 1.0
    },
    "_cylinderVertexCount": 13.0,
    "_stemRadius": 0.11206658184528351,
    "_leafCount": 8.0,
    "_edgeRingCount": 51.0,
    "startPos": {
        "x": 0.0,
        "y": 0.0,
        "z": 0.0
    },
    "tangent1": {
        "x": -0.05776219442486763,
        "y": 1.9727996587753297,
        "z": 0.1558280885219574
    },
    "tangent2": {
        "x": 0.37466806173324587,
        "y": 2.372859477996826,
        "z": -0.03654690086841583
    },
    "endPos": {
        "x": 0.7950141429901123,
        "y": 4.0,
        "z": 0.06625493615865708
    }
}