{
    "_horizontalLines": 16.0,
    "_verticalLines": 16.0,
    "_radius": 0.07587980479001999,
    "_petalColour": {
        "r": 0.844748854637146,
        "g": 0.5751659274101257,
        "b": 0.8649861812591553,
        "a": 1.0
    },
    "_cylinderVertexCount": 14.0,
    "_stemRadius": 0.04927000403404236,
    "_leafCount": 8.0,
    "_edgeRingCount": 39.0,
    "startPos": {
        "x": 0.0,
        "y": 0.0,
        "z": 0.0
    },
    "tangent1": {
        "x": 0.32719314098358157,
        "y": 0.9654580950737,
        "z": -0.31491002440452578
    },
    "tangent2": {
        "x": 0.5755243301391602,
        "y": 2.8697988986968996,
        "z": -0.41531211137771609
    },
    "endPos": {
        "x": 0.6535855531692505,
        "y": 4.0,
        "z": 0.32564878463745119
    }
}