{
    "_horizontalLines": 19.0,
    "_verticalLines": 15.0,
    "_radius": 0.11342637240886688,
    "_petalColour": {
        "r": 0.5515721440315247,
        "g": 0.22659432888031007,
        "b": 0.7630109786987305,
        "a": 1.0
    },
    "_cylinderVertexCount": 11.0,
    "_stemRadius": 0.07539230585098267,
    "_leafCount": 8.0,
    "_edgeRingCount": 58.0,
    "startPos": {
        "x": 0.0,
        "y": 0.0,
        "z": 0.0
    },
    "tangent1": {
        "x": 0.23132646083831788,
        "y": 1.1210476160049439,
        "z": -0.36547937989234927
    },
    "tangent2": {
        "x": 0.3259672522544861,
        "y": 2.28102445602417,
        "z": 0.06244644522666931
    },
    "endPos": {
        "x": 0.7921618223190308,
        "y": 4.924679756164551,
        "z": -0.6753735542297363
    }
}