{
    "_horizontalLines": 16.0,
    "_verticalLines": 18.0,
    "_radius": 0.1342751830816269,
    "_petalColour": {
        "r": 0.6808470487594605,
        "g": 0.6895430088043213,
        "b": 0.5195665955543518,
        "a": 1.0
    },
    "_cylinderVertexCount": 13.0,
    "_stemRadius": 0.11044985055923462,
    "_leafCount": 8.0,
    "_edgeRingCount": 43.0,
    "startPos": {
        "x": 0.0,
        "y": 0.0,
        "z": 0.0
    },
    "tangent1": {
        "x": -0.3512760102748871,
        "y": 0.9851654171943665,
        "z": -0.3859451115131378
    },
    "tangent2": {
        "x": -0.7333973050117493,
        "y": 1.7548786401748658,
        "z": -0.6992979049682617
    },
    "endPos": {
        "x": -1.225703239440918,
        "y": 4.161852836608887,
        "z": -0.6935923099517822
    }
}