{
    "_horizontalLines": 16.0,
    "_verticalLines": 17.0,
    "_radius": 0.039838243275880817,
    "_petalColour": {
        "r": 0.29818588495254519,
        "g": 0.11907672882080078,
        "b": 0.47415345907211306,
        "a": 1.0
    },
    "_cylinderVertexCount": 10.0,
    "_stemRadius": 0.029564043506979944,
    "_leafCount": 8.0,
    "_edgeRingCount": 44.0,
    "startPos": {
        "x": 0.0,
        "y": 0.0,
        "z": 0.0
    },
    "tangent1": {
        "x": 0.23108041286468507,
        "y": 0.7257327437400818,
        "z": 0.26530492305755618
    },
    "tangent2": {
        "x": 0.6904518604278565,
        "y": 1.2860472202301026,
        "z": 0.490409255027771
    },
    "endPos": {
        "x": 0.21084392070770265,
        "y": 4.0,
        "z": 0.2356642782688141
    }
}