{
    "_horizontalLines": 16.0,
    "_verticalLines": 17.0,
    "_radius": 0.02863501012325287,
    "_petalColour": {
        "r": 0.8445311784744263,
        "g": 0.4468364119529724,
        "b": 0.9119755029678345,
        "a": 1.0
    },
    "_cylinderVertexCount": 10.0,
    "_stemRadius": 0.025035656988620759,
    "_leafCount": 8.0,
    "_edgeRingCount": 50.0,
    "startPos": {
        "x": 0.0,
        "y": 0.0,
        "z": 0.0
    },
    "tangent1": {
        "x": 0.30404138565063479,
        "y": 0.2170150727033615,
        "z": -0.0588868148624897
    },
    "tangent2": {
        "x": 0.5978990793228149,
        "y": 0.5723361968994141,
        "z": 0.3331158459186554
    },
    "endPos": {
        "x": 0.22131970524787904,
        "y": 4.0,
        "z": 1.1710529327392579
    }
}