{
    "_horizontalLines": 15.0,
    "_verticalLines": 19.0,
    "_radius": 0.120915487408638,
    "_petalColour": {
        "r": 0.7607022523880005,
        "g": 0.37464290857315066,
        "b": 0.9746130704879761,
        "a": 1.0
    },
    "_cylinderVertexCount": 11.0,
    "_stemRadius": 0.1136077493429184,
    "_leafCount": 8.0,
    "_edgeRingCount": 48.0,
    "startPos": {
        "x": 0.0,
        "y": 0.0,
        "z": 0.0
    },
    "tangent1": {
        "x": -0.01737504079937935,
        "y": 1.1555991172790528,
        "z": -0.07556132972240448
    },
    "tangent2": {
        "x": 0.02111043781042099,
        "y": 2.011936902999878,
        "z": 0.05423791706562042
    },
    "endPos": {
        "x": -0.7136991620063782,
        "y": 4.0,
        "z": -0.18734729290008546
    }
}