{
    "_horizontalLines": 18.0,
    "_verticalLines": 18.0,
    "_radius": 0.08659541606903076,
    "_petalColour": {
        "r": 0.21279144287109376,
        "g": 0.6108751893043518,
        "b": 0.9486819505691528,
        "a": 1.0
    },
    "_cylinderVertexCount": 6.0,
    "_stemRadius": 0.07494669407606125,
    "_leafCount": 8.0,
    "_edgeRingCount": 38.0,
    "startPos": {
        "x": 0.0,
        "y": 0.0,
        "z": 0.0
    },
    "tangent1": {
        "x": -0.14975304901599885,
        "y": 1.183203101158142,
        "z": 0.23013567924499513
    },
    "tangent2": {
        "x": -0.5765024423599243,
        "y": 3.042318820953369,
        "z": 0.16150350868701936
    },
    "endPos": {
        "x": -1.0000922679901124,
        "y": 4.0,
        "z": 0.46596306562423708
    }
}