{
    "_horizontalLines": 4,
    "_verticalLines": 8,
    "_radius": 0.022807754576206209,
    "_petalColour": {
        "r": 0.07174885272979737,
        "g": 0.2622753977775574,
        "b": 0.13968753814697267,
        "a": 1.0
    },
    "_cylinderVertexCount": 14,
    "_stemRadius": 0.011258858256042004,
    "_leafCount": 8,
    "_edgeRingCount": 22,
    "startPos": {
        "x": -0.07320012897253037,
        "y": 0.14797267317771913,
        "z": 0.030888104811310769
    },
    "tangent1": {
        "x": 0.009592585265636444,
        "y": 0.6168340444564819,
        "z": 0.3127272427082062
    },
    "tangent2": {
        "x": -0.37971368432044985,
        "y": 1.4685626029968262,
        "z": 0.5130877494812012
    },
    "endPos": {
        "x": 0.3035376965999603,
        "y": 2.3683319091796877,
        "z": -0.00940006971359253
    }
}