{
    "_horizontalLines": 15.0,
    "_verticalLines": 18.0,
    "_radius": 0.0686238631606102,
    "_petalColour": {
        "r": 0.8762319087982178,
        "g": 0.7651588916778565,
        "b": 0.745559573173523,
        "a": 1.0
    },
    "_cylinderVertexCount": 8.0,
    "_stemRadius": 0.03779914230108261,
    "_leafCount": 8.0,
    "_edgeRingCount": 21.0,
    "startPos": {
        "x": 0.0,
        "y": 0.0,
        "z": 0.0
    },
    "tangent1": {
        "x": -0.002057027770206332,
        "y": 0.7092458605766296,
        "z": 0.0894133597612381
    },
    "tangent2": {
        "x": -0.14201569557189942,
        "y": 0.8607410192489624,
        "z": -0.12952956557273866
    },
    "endPos": {
        "x": -0.7237676382064819,
        "y": 4.178053855895996,
        "z": 0.7249104976654053
    }
}