{
    "_horizontalLines": 19.0,
    "_verticalLines": 18.0,
    "_radius": 0.0792645737528801,
    "_petalColour": {
        "r": 0.8727788925170898,
        "g": 0.49682706594467165,
        "b": 0.42119985818862917,
        "a": 1.0
    },
    "_cylinderVertexCount": 5.0,
    "_stemRadius": 0.06507410854101181,
    "_leafCount": 8.0,
    "_edgeRingCount": 6.0,
    "startPos": {
        "x": 0.0,
        "y": 0.0,
        "z": 0.0
    },
    "tangent1": {
        "x": 0.3894512355327606,
        "y": 0.30199259519577029,
        "z": -0.4470664858818054
    },
    "tangent2": {
        "x": 0.4659304618835449,
        "y": 0.6466255187988281,
        "z": -0.918709933757782
    },
    "endPos": {
        "x": 0.833667516708374,
        "y": 4.0,
        "z": -1.4653748273849488
    }
}