{
    "_horizontalLines": 19.0,
    "_verticalLines": 18.0,
    "_radius": 0.040038611739873889,
    "_petalColour": {
        "r": 0.48197633028030398,
        "g": 0.5219841599464417,
        "b": 0.30587106943130495,
        "a": 1.0
    },
    "_cylinderVertexCount": 12.0,
    "_stemRadius": 0.026607245206832887,
    "_leafCount": 8.0,
    "_edgeRingCount": 13.0,
    "startPos": {
        "x": 0.0,
        "y": 0.0,
        "z": 0.0
    },
    "tangent1": {
        "x": -0.35648536682128909,
        "y": 1.4058380126953126,
        "z": 0.26430630683898928
    },
    "tangent2": {
        "x": -0.14017796516418458,
        "y": 1.8107187747955323,
        "z": -0.07126441597938538
    },
    "endPos": {
        "x": -0.3410458564758301,
        "y": 4.0,
        "z": -0.21937327086925507
    }
}