{
    "_horizontalLines": 17.0,
    "_verticalLines": 18.0,
    "_radius": 0.014715160243213177,
    "_petalColour": {
        "r": 0.5404065251350403,
        "g": 0.8824782371520996,
        "b": 0.40165776014328005,
        "a": 1.0
    },
    "_cylinderVertexCount": 7.0,
    "_stemRadius": 0.011345547623932362,
    "_leafCount": 8.0,
    "_edgeRingCount": 49.0,
    "startPos": {
        "x": 0.0,
        "y": 0.0,
        "z": 0.0
    },
    "tangent1": {
        "x": 0.21670842170715333,
        "y": 0.6129902005195618,
        "z": -0.31266307830810549
    },
    "tangent2": {
        "x": 0.32621413469314577,
        "y": 2.2428836822509767,
        "z": -0.3238329291343689
    },
    "endPos": {
        "x": 0.5169658064842224,
        "y": 4.0,
        "z": -0.13354451954364777
    }
}