{
    "_horizontalLines": 19.0,
    "_verticalLines": 15.0,
    "_radius": 0.07440405339002609,
    "_petalColour": {
        "r": 0.5769979357719421,
        "g": 0.05500590801239014,
        "b": 0.8749747276306152,
        "a": 1.0
    },
    "_cylinderVertexCount": 10.0,
    "_stemRadius": 0.035517893731594089,
    "_leafCount": 8.0,
    "_edgeRingCount": 15.0,
    "startPos": {
        "x": 0.0,
        "y": 0.0,
        "z": 0.0
    },
    "tangent1": {
        "x": -0.32566335797309878,
        "y": 1.2508525848388672,
        "z": 0.09737782180309296
    },
    "tangent2": {
        "x": -0.7861573100090027,
        "y": 2.659355640411377,
        "z": 0.41779667139053347
    },
    "endPos": {
        "x": -0.7858552932739258,
        "y": 4.2103729248046879,
        "z": 1.1413853168487549
    }
}