{
    "_horizontalLines": 10,
    "_verticalLines": 8,
    "_radius": 0.1636905074119568,
    "_petalColour": {
        "r": 0.3827921748161316,
        "g": 0.8458619117736816,
        "b": 0.22124361991882325,
        "a": 1.0
    },
    "_cylinderVertexCount": 14,
    "_stemRadius": 0.12659913301467896,
    "_leafCount": 8,
    "_edgeRingCount": 14,
    "startPos": {
        "x": 0.21687249839305879,
        "y": 0.4475441873073578,
        "z": -0.24483752250671388
    },
    "tangent1": {
        "x": 0.6599043607711792,
        "y": 0.4567129909992218,
        "z": -0.20944099128246308
    },
    "tangent2": {
        "x": 0.5778242945671082,
        "y": 0.7616492509841919,
        "z": -0.08052892982959748
    },
    "endPos": {
        "x": -0.20317089557647706,
        "y": 4.665668487548828,
        "z": 0.33068400621414187
    }
}