{
    "_horizontalLines": 19.0,
    "_verticalLines": 19.0,
    "_radius": 0.1028585210442543,
    "_petalColour": {
        "r": 0.788226842880249,
        "g": 0.3739287257194519,
        "b": 0.9873971939086914,
        "a": 1.0
    },
    "_cylinderVertexCount": 11.0,
    "_stemRadius": 0.1027078703045845,
    "_leafCount": 8.0,
    "_edgeRingCount": 19.0,
    "startPos": {
        "x": 0.0,
        "y": 0.0,
        "z": 0.0
    },
    "tangent1": {
        "x": 0.022384215146303178,
        "y": 0.14749737083911897,
        "z": -0.31104639172554018
    },
    "tangent2": {
        "x": -0.003747224807739258,
        "y": 1.2214300632476807,
        "z": -0.0494648814201355
    },
    "endPos": {
        "x": 0.27903106808662417,
        "y": 4.603041172027588,
        "z": 0.30900126695632937
    }
}