{
    "_horizontalLines": 15.0,
    "_verticalLines": 15.0,
    "_radius": 0.108897365629673,
    "_petalColour": {
        "r": 0.7852984666824341,
        "g": 0.1258096694946289,
        "b": 0.016642093658447267,
        "a": 1.0
    },
    "_cylinderVertexCount": 13.0,
    "_stemRadius": 0.09925773739814758,
    "_leafCount": 8.0,
    "_edgeRingCount": 46.0,
    "startPos": {
        "x": 0.0,
        "y": 0.0,
        "z": 0.0
    },
    "tangent1": {
        "x": 0.18499049544334413,
        "y": 1.8254703283309937,
        "z": -0.4581300616264343
    },
    "tangent2": {
        "x": -0.1781720221042633,
        "y": 3.633793354034424,
        "z": -0.9471536874771118
    },
    "endPos": {
        "x": -0.3694014549255371,
        "y": 5.1732892990112309,
        "z": -1.0458543300628663
    }
}