{
    "_horizontalLines": 16.0,
    "_verticalLines": 17.0,
    "_radius": 0.027688179165124894,
    "_petalColour": {
        "r": 0.41045325994491579,
        "g": 0.4636172652244568,
        "b": 0.45391887426376345,
        "a": 1.0
    },
    "_cylinderVertexCount": 10.0,
    "_stemRadius": 0.008467258885502816,
    "_leafCount": 8.0,
    "_edgeRingCount": 52.0,
    "startPos": {
        "x": 0.0,
        "y": 0.0,
        "z": 0.0
    },
    "tangent1": {
        "x": -0.4649563729763031,
        "y": 0.5204641222953796,
        "z": 0.16543921828269959
    },
    "tangent2": {
        "x": -0.2786945104598999,
        "y": 2.1204378604888918,
        "z": -0.1724293828010559
    },
    "endPos": {
        "x": 0.46891897916793826,
        "y": 4.0,
        "z": -0.6648582220077515
    }
}