{
    "_horizontalLines": 16.0,
    "_verticalLines": 15.0,
    "_radius": 0.07676476985216141,
    "_petalColour": {
        "r": 0.703681468963623,
        "g": 0.31618791818618777,
        "b": 0.00824284553527832,
        "a": 1.0
    },
    "_cylinderVertexCount": 9.0,
    "_stemRadius": 0.07242628931999207,
    "_leafCount": 8.0,
    "_edgeRingCount": 19.0,
    "startPos": {
        "x": 0.0,
        "y": 0.0,
        "z": 0.0
    },
    "tangent1": {
        "x": 0.06764645874500275,
        "y": 0.9077991247177124,
        "z": -0.2984941005706787
    },
    "tangent2": {
        "x": 0.3823694586753845,
        "y": 2.8597335815429689,
        "z": -0.5030044913291931
    },
    "endPos": {
        "x": 0.7760137319564819,
        "y": 5.46057653427124,
        "z": -1.0593373775482178
    }
}