{
    "_horizontalLines": 15.0,
    "_verticalLines": 17.0,
    "_radius": 0.09307364374399185,
    "_petalColour": {
        "r": 0.39311665296554568,
        "g": 0.0002923011779785156,
        "b": 0.8412617444992065,
        "a": 1.0
    },
    "_cylinderVertexCount": 11.0,
    "_stemRadius": 0.059295497834682468,
    "_leafCount": 8.0,
    "_edgeRingCount": 18.0,
    "startPos": {
        "x": 0.0,
        "y": 0.0,
        "z": 0.0
    },
    "tangent1": {
        "x": 0.08070607483386994,
        "y": 0.0460025779902935,
        "z": -0.1586025208234787
    },
    "tangent2": {
        "x": -0.19455604255199433,
        "y": 0.6279891729354858,
        "z": 0.1838378757238388
    },
    "endPos": {
        "x": 0.3048372268676758,
        "y": 4.0,
        "z": -0.18644796311855317
    }
}