{
    "_horizontalLines": 18.0,
    "_verticalLines": 19.0,
    "_radius": 0.13068202137947083,
    "_petalColour": {
        "r": 0.025618791580200197,
        "g": 0.8199213743209839,
        "b": 0.86271071434021,
        "a": 1.0
    },
    "_cylinderVertexCount": 12.0,
    "_stemRadius": 0.09208694100379944,
    "_leafCount": 8.0,
    "_edgeRingCount": 23.0,
    "startPos": {
        "x": 0.0,
        "y": 0.0,
        "z": 0.0
    },
    "tangent1": {
        "x": -0.17376618087291718,
        "y": 0.5218394994735718,
        "z": 0.01095957774668932
    },
    "tangent2": {
        "x": -0.3386838436126709,
        "y": 2.2653141021728517,
        "z": 0.33928027749061587
    },
    "endPos": {
        "x": 0.28948891162872317,
        "y": 4.26011323928833,
        "z": 1.0817246437072755
    }
}