{
    "_horizontalLines": 18.0,
    "_verticalLines": 16.0,
    "_radius": 0.05703534930944443,
    "_petalColour": {
        "r": 0.5077452063560486,
        "g": 0.8428961038589478,
        "b": 0.6268900632858276,
        "a": 1.0
    },
    "_cylinderVertexCount": 9.0,
    "_stemRadius": 0.010660248808562756,
    "_leafCount": 8.0,
    "_edgeRingCount": 16.0,
    "startPos": {
        "x": 0.0,
        "y": 0.0,
        "z": 0.0
    },
    "tangent1": {
        "x": -0.4570980966091156,
        "y": 0.678440272808075,
        "z": -0.10539178550243378
    },
    "tangent2": {
        "x": -0.8513869047164917,
        "y": 2.0983846187591554,
        "z": -0.25085362792015078
    },
    "endPos": {
        "x": -1.296431303024292,
        "y": 4.0,
        "z": -0.07013235986232758
    }
}