{
    "_horizontalLines": 17.0,
    "_verticalLines": 19.0,
    "_radius": 0.07090776413679123,
    "_petalColour": {
        "r": 0.5622683167457581,
        "g": 0.6960835456848145,
        "b": 0.36598628759384158,
        "a": 1.0
    },
    "_cylinderVertexCount": 13.0,
    "_stemRadius": 0.04650700092315674,
    "_leafCount": 8.0,
    "_edgeRingCount": 24.0,
    "startPos": {
        "x": 0.0,
        "y": 0.0,
        "z": 0.0
    },
    "tangent1": {
        "x": 0.20972895622253419,
        "y": 0.5360974669456482,
        "z": 0.012630653567612172
    },
    "tangent2": {
        "x": 0.5602372884750366,
        "y": 2.18761944770813,
        "z": 0.4450065493583679
    },
    "endPos": {
        "x": 0.11573654413223267,
        "y": 4.0,
        "z": 0.9816344976425171
    }
}