{
    "_horizontalLines": 5.0,
    "_verticalLines": 13.0,
    "_radius": 0.14443185925483704,
    "_petalColour": {
        "r": 0.04368317127227783,
        "g": 0.21548402309417725,
        "b": 0.7465600967407227,
        "a": 1.0
    },
    "_cylinderVertexCount": 8.0,
    "_stemRadius": 0.11411456763744354,
    "_leafCount": 8.0,
    "_edgeRingCount": 64.0,
    "startPos": {
        "x": -0.0813286080956459,
        "y": 0.4714321196079254,
        "z": 0.21818561851978303
    },
    "tangent1": {
        "x": -0.23725932836532594,
        "y": 1.0320980548858643,
        "z": -0.11232759058475495
    },
    "tangent2": {
        "x": -0.613933801651001,
        "y": 1.5797172784805298,
        "z": 0.25784832239151
    },
    "endPos": {
        "x": 0.264715313911438,
        "y": 3.030426502227783,
        "z": -0.5528032779693604
    }
}