{
    "_horizontalLines": 5,
    "_verticalLines": 10,
    "_radius": 0.08843826502561569,
    "_petalColour": {
        "r": 0.8274190425872803,
        "g": 0.16633093357086183,
        "b": 0.5270410180091858,
        "a": 1.0
    },
    "_cylinderVertexCount": 10,
    "_stemRadius": 0.04364417493343353,
    "_leafCount": 8,
    "_edgeRingCount": 17,
    "startPos": {
        "x": 0.031852103769779208,
        "y": 0.09239158779382706,
        "z": -0.20531392097473145
    },
    "tangent1": {
        "x": -0.32842975854873659,
        "y": 1.7638667821884156,
        "z": -0.638724684715271
    },
    "tangent2": {
        "x": -0.3119553327560425,
        "y": 2.802346706390381,
        "z": -0.36901700496673586
    },
    "endPos": {
        "x": -0.12053802609443665,
        "y": 3.3260345458984377,
        "z": -0.10000383853912354
    }
}