{
    "_horizontalLines": 18.0,
    "_verticalLines": 19.0,
    "_radius": 0.09707948565483093,
    "_petalColour": {
        "r": 0.37159568071365359,
        "g": 0.5848894715309143,
        "b": 0.3949154019355774,
        "a": 1.0
    },
    "_cylinderVertexCount": 9.0,
    "_stemRadius": 0.07615750283002854,
    "_leafCount": 8.0,
    "_edgeRingCount": 36.0,
    "startPos": {
        "x": 0.0,
        "y": 0.0,
        "z": 0.0
    },
    "tangent1": {
        "x": 0.21658015251159669,
        "y": 0.5535547137260437,
        "z": 0.38452041149139407
    },
    "tangent2": {
        "x": 0.6409447193145752,
        "y": 2.342289447784424,
        "z": 0.3988425135612488
    },
    "endPos": {
        "x": 1.024321436882019,
        "y": 4.0,
        "z": 0.7954241037368774
    }
}