{
    "_horizontalLines": 15.0,
    "_verticalLines": 18.0,
    "_radius": 0.04393690079450607,
    "_petalColour": {
        "r": 0.676479697227478,
        "g": 0.3279992938041687,
        "b": 0.5095141530036926,
        "a": 1.0
    },
    "_cylinderVertexCount": 5.0,
    "_stemRadius": 0.020119601860642434,
    "_leafCount": 8.0,
    "_edgeRingCount": 12.0,
    "startPos": {
        "x": 0.0,
        "y": 0.0,
        "z": 0.0
    },
    "tangent1": {
        "x": 0.13722360134124757,
        "y": 1.1683998107910157,
        "z": 0.45561331510543826
    },
    "tangent2": {
        "x": 0.1949857920408249,
        "y": 2.7158141136169435,
        "z": 0.2507535219192505
    },
    "endPos": {
        "x": -0.5264484286308289,
        "y": 4.0,
        "z": 0.8546124696731567
    }
}