{
    "_horizontalLines": 17.0,
    "_verticalLines": 19.0,
    "_radius": 0.099138043820858,
    "_petalColour": {
        "r": 0.8037163019180298,
        "g": 0.3262212872505188,
        "b": 0.6711872816085815,
        "a": 1.0
    },
    "_cylinderVertexCount": 12.0,
    "_stemRadius": 0.06756623834371567,
    "_leafCount": 8.0,
    "_edgeRingCount": 23.0,
    "startPos": {
        "x": 0.0,
        "y": 0.0,
        "z": 0.0
    },
    "tangent1": {
        "x": -0.43034324049949648,
        "y": 0.9926822781562805,
        "z": 0.2567760944366455
    },
    "tangent2": {
        "x": -0.331703782081604,
        "y": 1.5996805429458619,
        "z": 0.638049840927124
    },
    "endPos": {
        "x": -0.7509478330612183,
        "y": 4.0,
        "z": 1.1702518463134766
    }
}