{
    "_horizontalLines": 16.0,
    "_verticalLines": 15.0,
    "_radius": 0.09440849721431732,
    "_petalColour": {
        "r": 0.0665438175201416,
        "g": 0.4601498246192932,
        "b": 0.7756408452987671,
        "a": 1.0
    },
    "_cylinderVertexCount": 7.0,
    "_stemRadius": 0.0741410031914711,
    "_leafCount": 8.0,
    "_edgeRingCount": 40.0,
    "startPos": {
        "x": 0.0,
        "y": 0.0,
        "z": 0.0
    },
    "tangent1": {
        "x": 0.158325657248497,
        "y": 1.9761005640029908,
        "z": 0.26297450065612795
    },
    "tangent2": {
        "x": -0.08777973055839539,
        "y": 3.4694948196411135,
        "z": -0.15639597177505494
    },
    "endPos": {
        "x": 0.2872089743614197,
        "y": 4.059189796447754,
        "z": 0.30513495206832888
    }
}