{
    "_horizontalLines": 19.0,
    "_verticalLines": 15.0,
    "_radius": 0.08621172606945038,
    "_petalColour": {
        "r": 0.8367375135421753,
        "g": 0.7093517780303955,
        "b": 0.1495598554611206,
        "a": 1.0
    },
    "_cylinderVertexCount": 8.0,
    "_stemRadius": 0.0777524933218956,
    "_leafCount": 8.0,
    "_edgeRingCount": 48.0,
    "startPos": {
        "x": 0.0,
        "y": 0.0,
        "z": 0.0
    },
    "tangent1": {
        "x": 0.24908599257469178,
        "y": 0.0588809959590435,
        "z": 0.3550295829772949
    },
    "tangent2": {
        "x": 0.2032240778207779,
        "y": 1.2284733057022095,
        "z": 0.429499089717865
    },
    "endPos": {
        "x": -0.1746726781129837,
        "y": 4.221963882446289,
        "z": 1.1181724071502686
    }
}