{
    "_horizontalLines": 17.0,
    "_verticalLines": 18.0,
    "_radius": 0.024857260286808015,
    "_petalColour": {
        "r": 0.4883994460105896,
        "g": 0.14524054527282716,
        "b": 0.09424948692321778,
        "a": 1.0
    },
    "_cylinderVertexCount": 11.0,
    "_stemRadius": 0.014144783839583397,
    "_leafCount": 8.0,
    "_edgeRingCount": 34.0,
    "startPos": {
        "x": 0.0,
        "y": 0.0,
        "z": 0.0
    },
    "tangent1": {
        "x": -0.49579963088035586,
        "y": 0.0990421324968338,
        "z": -0.4304201006889343
    },
    "tangent2": {
        "x": -0.3336677551269531,
        "y": 1.1316215991973878,
        "z": -0.42745304107666018
    },
    "endPos": {
        "x": 0.38238000869750979,
        "y": 4.0,
        "z": -0.3513793647289276
    }
}