{
    "_horizontalLines": 15.0,
    "_verticalLines": 16.0,
    "_radius": 0.1003960594534874,
    "_petalColour": {
        "r": 0.4685487151145935,
        "g": 0.8818581104278565,
        "b": 0.5101986527442932,
        "a": 1.0
    },
    "_cylinderVertexCount": 9.0,
    "_stemRadius": 0.07818824797868729,
    "_leafCount": 8.0,
    "_edgeRingCount": 30.0,
    "startPos": {
        "x": 0.0,
        "y": 0.0,
        "z": 0.0
    },
    "tangent1": {
        "x": 0.4872853755950928,
        "y": 1.201467514038086,
        "z": 0.2519851624965668
    },
    "tangent2": {
        "x": 0.8072235584259033,
        "y": 1.3316576480865479,
        "z": 0.5176715850830078
    },
    "endPos": {
        "x": 1.0157973766326905,
        "y": 4.0,
        "z": 1.0102484226226807
    }
}