{
    "_horizontalLines": 16.0,
    "_verticalLines": 15.0,
    "_radius": 0.07568898051977158,
    "_petalColour": {
        "r": 0.047675132751464847,
        "g": 0.6680876016616821,
        "b": 0.2750658392906189,
        "a": 1.0
    },
    "_cylinderVertexCount": 13.0,
    "_stemRadius": 0.0579959973692894,
    "_leafCount": 8.0,
    "_edgeRingCount": 26.0,
    "startPos": {
        "x": 0.0,
        "y": 0.0,
        "z": 0.0
    },
    "tangent1": {
        "x": 0.26903972029685976,
        "y": 0.6742908358573914,
        "z": -0.4985366761684418
    },
    "tangent2": {
        "x": -0.1164887547492981,
        "y": 2.52067494392395,
        "z": -0.8425086736679077
    },
    "endPos": {
        "x": 0.24188309907913209,
        "y": 4.0,
        "z": 0.01174253225326538
    }
}