{
    "_horizontalLines": 14.0,
    "_verticalLines": 14.0,
    "_radius": 0.11526992917060852,
    "_petalColour": {
        "r": 0.8886300325393677,
        "g": 0.7017406225204468,
        "b": 0.6623992919921875,
        "a": 1.0
    },
    "_cylinderVertexCount": 9.0,
    "_stemRadius": 0.09094160795211792,
    "_leafCount": 8.0,
    "_edgeRingCount": 61.0,
    "startPos": {
        "x": -0.1863325983285904,
        "y": 0.8556249737739563,
        "z": 0.20889508724212647
    },
    "tangent1": {
        "x": -0.27459749579429629,
        "y": 1.7020928859710694,
        "z": 0.24674303829669953
    },
    "tangent2": {
        "x": -0.4367169141769409,
        "y": 3.239473819732666,
        "z": -0.1506076604127884
    },
    "endPos": {
        "x": 0.0937226414680481,
        "y": 5.886476993560791,
        "z": 0.6661608219146729
    }
}