{
    "_horizontalLines": 19.0,
    "_verticalLines": 16.0,
    "_radius": 0.09356363117694855,
    "_petalColour": {
        "r": 0.8499264717102051,
        "g": 0.5144942402839661,
        "b": 0.34505289793014529,
        "a": 1.0
    },
    "_cylinderVertexCount": 13.0,
    "_stemRadius": 0.04419691115617752,
    "_leafCount": 8.0,
    "_edgeRingCount": 43.0,
    "startPos": {
        "x": 0.0,
        "y": 0.0,
        "z": 0.0
    },
    "tangent1": {
        "x": -0.10841865837574005,
        "y": 1.4621001482009888,
        "z": -0.05716567113995552
    },
    "tangent2": {
        "x": -0.3934694528579712,
        "y": 1.806410789489746,
        "z": -0.03192601352930069
    },
    "endPos": {
        "x": -0.31770679354667666,
        "y": 4.0,
        "z": -0.15617820620536805
    }
}