{
    "_horizontalLines": 17.0,
    "_verticalLines": 17.0,
    "_radius": 0.055014047771692279,
    "_petalColour": {
        "r": 0.6316875219345093,
        "g": 0.39591580629348757,
        "b": 0.151505708694458,
        "a": 1.0
    },
    "_cylinderVertexCount": 5.0,
    "_stemRadius": 0.011675596237182618,
    "_leafCount": 8.0,
    "_edgeRingCount": 63.0,
    "startPos": {
        "x": 0.0,
        "y": 0.0,
        "z": 0.0
    },
    "tangent1": {
        "x": 0.41823235154151919,
        "y": 0.18936462700366975,
        "z": 0.02509136125445366
    },
    "tangent2": {
        "x": 0.43411311507225039,
        "y": 1.1484886407852173,
        "z": -0.23902960121631623
    },
    "endPos": {
        "x": 0.5840069055557251,
        "y": 4.0,
        "z": 0.051183536648750308
    }
}