{
    "_horizontalLines": 19.0,
    "_verticalLines": 16.0,
    "_radius": 0.08562710881233216,
    "_petalColour": {
        "r": 0.2148653268814087,
        "g": 0.5820922255516052,
        "b": 0.9135538339614868,
        "a": 1.0
    },
    "_cylinderVertexCount": 7.0,
    "_stemRadius": 0.04434998333454132,
    "_leafCount": 8.0,
    "_edgeRingCount": 39.0,
    "startPos": {
        "x": 0.0,
        "y": 0.0,
        "z": 0.0
    },
    "tangent1": {
        "x": -0.1588478535413742,
        "y": 1.4505599737167359,
        "z": 0.21444988250732423
    },
    "tangent2": {
        "x": -0.22545775771141053,
        "y": 2.3215088844299318,
        "z": -0.03260736167430878
    },
    "endPos": {
        "x": -0.6495657563209534,
        "y": 4.426206588745117,
        "z": -0.8472353219985962
    }
}