{
    "_horizontalLines": 18.0,
    "_verticalLines": 16.0,
    "_radius": 0.0960250049829483,
    "_petalColour": {
        "r": 0.8150790929794312,
        "g": 0.40776246786117556,
        "b": 0.04384660720825195,
        "a": 1.0
    },
    "_cylinderVertexCount": 12.0,
    "_stemRadius": 0.0703926682472229,
    "_leafCount": 8.0,
    "_edgeRingCount": 60.0,
    "startPos": {
        "x": 0.0,
        "y": 0.0,
        "z": 0.0
    },
    "tangent1": {
        "x": 0.45181822776794436,
        "y": 1.160133719444275,
        "z": -0.10291238129138947
    },
    "tangent2": {
        "x": 0.5650767683982849,
        "y": 1.6916124820709229,
        "z": 0.21424420177936555
    },
    "endPos": {
        "x": 1.2867506742477418,
        "y": 4.047146797180176,
        "z": -0.07065309584140778
    }
}