{
    "_horizontalLines": 17.0,
    "_verticalLines": 19.0,
    "_radius": 0.09990198910236359,
    "_petalColour": {
        "r": 0.7961317300796509,
        "g": 0.5747600197792053,
        "b": 0.469857394695282,
        "a": 1.0
    },
    "_cylinderVertexCount": 8.0,
    "_stemRadius": 0.09135296195745468,
    "_leafCount": 8.0,
    "_edgeRingCount": 36.0,
    "startPos": {
        "x": 0.0,
        "y": 0.0,
        "z": 0.0
    },
    "tangent1": {
        "x": -0.27237406373023989,
        "y": 1.0000276565551758,
        "z": -0.1643114537000656
    },
    "tangent2": {
        "x": -0.49476873874664309,
        "y": 2.6754953861236574,
        "z": -0.2520774304866791
    },
    "endPos": {
        "x": -1.1709365844726563,
        "y": 5.103482246398926,
        "z": -0.7711659669876099
    }
}