{
    "_horizontalLines": 17.0,
    "_verticalLines": 16.0,
    "_radius": 0.018835579976439477,
    "_petalColour": {
        "r": 0.802657961845398,
        "g": 0.467723548412323,
        "b": 0.5708605647087097,
        "a": 1.0
    },
    "_cylinderVertexCount": 6.0,
    "_stemRadius": 0.01043587364256382,
    "_leafCount": 8.0,
    "_edgeRingCount": 36.0,
    "startPos": {
        "x": 0.0,
        "y": 0.0,
        "z": 0.0
    },
    "tangent1": {
        "x": 0.3708900213241577,
        "y": 0.368185818195343,
        "z": -0.08848528563976288
    },
    "tangent2": {
        "x": 0.7543150186538696,
        "y": 1.7547690868377686,
        "z": -0.22602367401123048
    },
    "endPos": {
        "x": 0.7830076217651367,
        "y": 4.016412734985352,
        "z": 0.1366141140460968
    }
}