{
    "_horizontalLines": 16.0,
    "_verticalLines": 15.0,
    "_radius": 0.13416951894760133,
    "_petalColour": {
        "r": 0.05597496032714844,
        "g": 0.4378284811973572,
        "b": 0.47820228338241579,
        "a": 1.0
    },
    "_cylinderVertexCount": 9.0,
    "_stemRadius": 0.09087151288986206,
    "_leafCount": 8.0,
    "_edgeRingCount": 3.0,
    "startPos": {
        "x": 0.0,
        "y": 0.0,
        "z": 0.0
    },
    "tangent1": {
        "x": -0.2223089188337326,
        "y": 1.703210473060608,
        "z": 0.1869940608739853
    },
    "tangent2": {
        "x": -0.1598057746887207,
        "y": 2.452908515930176,
        "z": -0.1288246363401413
    },
    "endPos": {
        "x": -0.9730470180511475,
        "y": 5.927211761474609,
        "z": 0.5204039216041565
    }
}