{
    "_horizontalLines": 18.0,
    "_verticalLines": 18.0,
    "_radius": 0.061444737017154697,
    "_petalColour": {
        "r": 0.7122728824615479,
        "g": 0.01999962329864502,
        "b": 0.20122766494750977,
        "a": 1.0
    },
    "_cylinderVertexCount": 11.0,
    "_stemRadius": 0.04269740357995033,
    "_leafCount": 8.0,
    "_edgeRingCount": 47.0,
    "startPos": {
        "x": 0.0,
        "y": 0.0,
        "z": 0.0
    },
    "tangent1": {
        "x": 0.3008154630661011,
        "y": 0.4257543683052063,
        "z": -0.3850538432598114
    },
    "tangent2": {
        "x": -0.06063148379325867,
        "y": 1.2316389083862305,
        "z": 0.0850326418876648
    },
    "endPos": {
        "x": -0.1936764270067215,
        "y": 4.0,
        "z": -0.05313633382320404
    }
}