{
    "_horizontalLines": 11,
    "_verticalLines": 12,
    "_radius": 0.10825148969888687,
    "_petalColour": {
        "r": 0.2740529179573059,
        "g": 0.11688876152038574,
        "b": 0.6851197481155396,
        "a": 1.0
    },
    "_cylinderVertexCount": 10,
    "_stemRadius": 0.09694357961416245,
    "_leafCount": 8,
    "_edgeRingCount": 54,
    "startPos": {
        "x": 0.21785597503185273,
        "y": 0.9265510439872742,
        "z": -0.1711747646331787
    },
    "tangent1": {
        "x": 0.216787189245224,
        "y": 2.8307909965515138,
        "z": 0.2247537076473236
    },
    "tangent2": {
        "x": 0.1606205850839615,
        "y": 4.4882612228393559,
        "z": 0.5265430808067322
    },
    "endPos": {
        "x": -0.6790728569030762,
        "y": 6.270785331726074,
        "z": -0.23370033502578736
    }
}