{
    "_horizontalLines": 4.0,
    "_verticalLines": 10.0,
    "_radius": 0.03471272438764572,
    "_petalColour": {
        "r": 0.9432423114776611,
        "g": 0.23969042301177979,
        "b": 0.5585519671440125,
        "a": 1.0
    },
    "_cylinderVertexCount": 12.0,
    "_stemRadius": 0.02813766896724701,
    "_leafCount": 8.0,
    "_edgeRingCount": 58.0,
    "startPos": {
        "x": 0.0806034728884697,
        "y": 0.9957461357116699,
        "z": 0.04161062091588974
    },
    "tangent1": {
        "x": 0.1118122786283493,
        "y": 2.4145383834838869,
        "z": 0.25699368119239809
    },
    "tangent2": {
        "x": 0.1953674554824829,
        "y": 3.9672837257385256,
        "z": 0.20651470124721528
    },
    "endPos": {
        "x": -0.10911652445793152,
        "y": 4.9406280517578129,
        "z": 0.42412447929382326
    }
}