{
    "_horizontalLines": 19.0,
    "_verticalLines": 16.0,
    "_radius": 0.0934484452009201,
    "_petalColour": {
        "r": 0.05812406539916992,
        "g": 0.4253920912742615,
        "b": 0.43508046865463259,
        "a": 1.0
    },
    "_cylinderVertexCount": 5.0,
    "_stemRadius": 0.08513662964105606,
    "_leafCount": 8.0,
    "_edgeRingCount": 54.0,
    "startPos": {
        "x": 0.0,
        "y": 0.0,
        "z": 0.0
    },
    "tangent1": {
        "x": 0.2616153657436371,
        "y": 0.6902492642402649,
        "z": 0.3214716911315918
    },
    "tangent2": {
        "x": 0.38395822048187258,
        "y": 2.530024290084839,
        "z": 0.5080949068069458
    },
    "endPos": {
        "x": -0.2821820378303528,
        "y": 4.0,
        "z": 0.03220242261886597
    }
}