{
    "_horizontalLines": 19.0,
    "_verticalLines": 16.0,
    "_radius": 0.05826448276638985,
    "_petalColour": {
        "r": 0.6509133577346802,
        "g": 0.21671783924102784,
        "b": 0.7332508563995361,
        "a": 1.0
    },
    "_cylinderVertexCount": 11.0,
    "_stemRadius": 0.04310225695371628,
    "_leafCount": 8.0,
    "_edgeRingCount": 32.0,
    "startPos": {
        "x": 0.0,
        "y": 0.0,
        "z": 0.0
    },
    "tangent1": {
        "x": 0.20538529753684998,
        "y": 1.768490195274353,
        "z": 0.043535757809877399
    },
    "tangent2": {
        "x": 0.23361290991306306,
        "y": 2.0094704627990724,
        "z": -0.2941665053367615
    },
    "endPos": {
        "x": 0.40043240785598757,
        "y": 4.047331809997559,
        "z": -0.5050296187400818
    }
}