{
    "_horizontalLines": 19.0,
    "_verticalLines": 19.0,
    "_radius": 0.07255222648382187,
    "_petalColour": {
        "r": 0.7022485733032227,
        "g": 0.7351055145263672,
        "b": 0.09140801429748535,
        "a": 1.0
    },
    "_cylinderVertexCount": 12.0,
    "_stemRadius": 0.055047210305929187,
    "_leafCount": 8.0,
    "_edgeRingCount": 5.0,
    "startPos": {
        "x": 0.0,
        "y": 0.0,
        "z": 0.0
    },
    "tangent1": {
        "x": 0.2719402313232422,
        "y": 0.5821111798286438,
        "z": -0.4089040756225586
    },
    "tangent2": {
        "x": 0.46555185317993166,
        "y": 1.9286506175994874,
        "z": -0.7118535041809082
    },
    "endPos": {
        "x": 0.4040420949459076,
        "y": 4.0,
        "z": -0.6462252736091614
    }
}