{
    "_horizontalLines": 19.0,
    "_verticalLines": 16.0,
    "_radius": 0.09033024311065674,
    "_petalColour": {
        "r": 0.6910486221313477,
        "g": 0.5068445801734924,
        "b": 0.22270190715789796,
        "a": 1.0
    },
    "_cylinderVertexCount": 14.0,
    "_stemRadius": 0.06776811927556992,
    "_leafCount": 8.0,
    "_edgeRingCount": 23.0,
    "startPos": {
        "x": 0.0,
        "y": 0.0,
        "z": 0.0
    },
    "tangent1": {
        "x": -0.3464103639125824,
        "y": 1.9124011993408204,
        "z": 0.4045638144016266
    },
    "tangent2": {
        "x": -0.7912184596061707,
        "y": 2.4131624698638918,
        "z": 0.19895263016223908
    },
    "endPos": {
        "x": -0.26829302310943606,
        "y": 5.504095554351807,
        "z": 0.17885278165340424
    }
}