{
    "_horizontalLines": 15.0,
    "_verticalLines": 18.0,
    "_radius": 0.04391855373978615,
    "_petalColour": {
        "r": 0.9566420316696167,
        "g": 0.9109244346618652,
        "b": 0.1165764331817627,
        "a": 1.0
    },
    "_cylinderVertexCount": 12.0,
    "_stemRadius": 0.02493150904774666,
    "_leafCount": 8.0,
    "_edgeRingCount": 29.0,
    "startPos": {
        "x": 0.0,
        "y": 0.0,
        "z": 0.0
    },
    "tangent1": {
        "x": -0.0733669251203537,
        "y": 1.501686930656433,
        "z": 0.24689984321594239
    },
    "tangent2": {
        "x": 0.3887273669242859,
        "y": 3.4994187355041506,
        "z": 0.2554073929786682
    },
    "endPos": {
        "x": 0.27062100172042849,
        "y": 6.117842674255371,
        "z": 0.20356115698814393
    }
}