{
    "_horizontalLines": 15.0,
    "_verticalLines": 17.0,
    "_radius": 0.08888410776853562,
    "_petalColour": {
        "r": 0.013308286666870118,
        "g": 0.06320309638977051,
        "b": 0.4562085270881653,
        "a": 1.0
    },
    "_cylinderVertexCount": 12.0,
    "_stemRadius": 0.046602338552474979,
    "_leafCount": 8.0,
    "_edgeRingCount": 33.0,
    "startPos": {
        "x": 0.0,
        "y": 0.0,
        "z": 0.0
    },
    "tangent1": {
        "x": -0.13051696121692658,
        "y": 1.7696151733398438,
        "z": 0.04294734075665474
    },
    "tangent2": {
        "x": 0.29736655950546267,
        "y": 2.4926114082336427,
        "z": -0.2927820384502411
    },
    "endPos": {
        "x": 0.12219657003879547,
        "y": 4.0,
        "z": 0.514063835144043
    }
}