{
    "_horizontalLines": 19.0,
    "_verticalLines": 15.0,
    "_radius": 0.11216504871845246,
    "_petalColour": {
        "r": 0.055083632469177249,
        "g": 0.3770679831504822,
        "b": 0.7172560691833496,
        "a": 1.0
    },
    "_cylinderVertexCount": 11.0,
    "_stemRadius": 0.08243439346551895,
    "_leafCount": 8.0,
    "_edgeRingCount": 57.0,
    "startPos": {
        "x": 0.0,
        "y": 0.0,
        "z": 0.0
    },
    "tangent1": {
        "x": -0.28249478340148928,
        "y": 1.0367012023925782,
        "z": -0.410736083984375
    },
    "tangent2": {
        "x": -0.50607830286026,
        "y": 2.793590545654297,
        "z": -0.2799781858921051
    },
    "endPos": {
        "x": -1.1671957969665528,
        "y": 4.652259826660156,
        "z": -0.37578028440475466
    }
}