{
    "_horizontalLines": 9.0,
    "_verticalLines": 12.0,
    "_radius": 0.07996302098035813,
    "_petalColour": {
        "r": 0.9154503345489502,
        "g": 0.16146337985992433,
        "b": 0.394162118434906,
        "a": 1.0
    },
    "_cylinderVertexCount": 10.0,
    "_stemRadius": 0.0712946429848671,
    "_leafCount": 8.0,
    "_edgeRingCount": 45.0,
    "startPos": {
        "x": -0.0486665740609169,
        "y": 0.0718594565987587,
        "z": 0.16375212371349336
    },
    "tangent1": {
        "x": 0.3186624348163605,
        "y": 0.5766028761863709,
        "z": 0.34774449467658999
    },
    "tangent2": {
        "x": -0.10638439655303955,
        "y": 2.4147307872772219,
        "z": -0.11861702799797058
    },
    "endPos": {
        "x": -0.7455577254295349,
        "y": 4.9362592697143559,
        "z": -0.9796591997146606
    }
}