{
    "_horizontalLines": 7,
    "_verticalLines": 6,
    "_radius": 0.14643678069114686,
    "_petalColour": {
        "r": 0.2994902729988098,
        "g": 0.1213829517364502,
        "b": 0.11031758785247803,
        "a": 1.0
    },
    "_cylinderVertexCount": 5,
    "_stemRadius": 0.1039537861943245,
    "_leafCount": 8,
    "_edgeRingCount": 12,
    "startPos": {
        "x": -0.21833792328834535,
        "y": 0.5207939147949219,
        "z": 0.22885461151599885
    },
    "tangent1": {
        "x": -0.20222707092761994,
        "y": 2.032069206237793,
        "z": 0.5269445776939392
    },
    "tangent2": {
        "x": -0.6727961897850037,
        "y": 2.6817657947540285,
        "z": 0.7465057373046875
    },
    "endPos": {
        "x": -1.6644668579101563,
        "y": 4.320178508758545,
        "z": 1.5672872066497803
    }
}