{
    "_horizontalLines": 16.0,
    "_verticalLines": 16.0,
    "_radius": 0.0670192688703537,
    "_petalColour": {
        "r": 0.14061236381530763,
        "g": 0.37190037965774538,
        "b": 0.40831929445266726,
        "a": 1.0
    },
    "_cylinderVertexCount": 11.0,
    "_stemRadius": 0.0547054223716259,
    "_leafCount": 8.0,
    "_edgeRingCount": 17.0,
    "startPos": {
        "x": 0.0,
        "y": 0.0,
        "z": 0.0
    },
    "tangent1": {
        "x": 0.45576056838035586,
        "y": 0.9670596122741699,
        "z": 0.25426673889160159
    },
    "tangent2": {
        "x": 0.7103791236877441,
        "y": 2.5121989250183107,
        "z": -0.14809495210647584
    },
    "endPos": {
        "x": 1.5268065929412842,
        "y": 4.0,
        "z": -0.9070801138877869
    }
}