{
    "_horizontalLines": 16.0,
    "_verticalLines": 16.0,
    "_radius": 0.08312010765075684,
    "_petalColour": {
        "r": 0.6087456345558167,
        "g": 0.38898056745529177,
        "b": 0.7754138708114624,
        "a": 1.0
    },
    "_cylinderVertexCount": 14.0,
    "_stemRadius": 0.03531697392463684,
    "_leafCount": 8.0,
    "_edgeRingCount": 59.0,
    "startPos": {
        "x": 0.0,
        "y": 0.0,
        "z": 0.0
    },
    "tangent1": {
        "x": -0.40301913022994997,
        "y": 1.241983413696289,
        "z": 0.33372485637664797
    },
    "tangent2": {
        "x": -0.11089783906936646,
        "y": 2.751479148864746,
        "z": 0.22511537373065949
    },
    "endPos": {
        "x": 0.34809422492980959,
        "y": 4.255391597747803,
        "z": 0.29939937591552737
    }
}