{
    "_horizontalLines": 15.0,
    "_verticalLines": 18.0,
    "_radius": 0.058401480317115787,
    "_petalColour": {
        "r": 0.9734668731689453,
        "g": 0.0067636966705322269,
        "b": 0.9538674354553223,
        "a": 1.0
    },
    "_cylinderVertexCount": 9.0,
    "_stemRadius": 0.022283488884568216,
    "_leafCount": 8.0,
    "_edgeRingCount": 63.0,
    "startPos": {
        "x": 0.0,
        "y": 0.0,
        "z": 0.0
    },
    "tangent1": {
        "x": -0.1909194439649582,
        "y": 0.02371807023882866,
        "z": 0.22201251983642579
    },
    "tangent2": {
        "x": -0.5312310457229614,
        "y": 1.9828146696090699,
        "z": 0.41616305708885195
    },
    "endPos": {
        "x": -0.27706512808799746,
        "y": 4.0,
        "z": 0.8291226625442505
    }
}