{
    "_horizontalLines": 11,
    "_verticalLines": 13,
    "_radius": 0.12750279903411866,
    "_petalColour": {
        "r": 0.20655691623687745,
        "g": 0.12591230869293214,
        "b": 0.23630833625793458,
        "a": 1.0
    },
    "_cylinderVertexCount": 10,
    "_stemRadius": 0.08956880122423172,
    "_leafCount": 8,
    "_edgeRingCount": 40,
    "startPos": {
        "x": 0.23969702422618867,
        "y": 0.6051757335662842,
        "z": -0.03862430900335312
    },
    "tangent1": {
        "x": -0.11398492753505707,
        "y": 2.490156888961792,
        "z": 0.013377930968999863
    },
    "tangent2": {
        "x": 0.23618699610233308,
        "y": 3.639141798019409,
        "z": 0.2234460413455963
    },
    "endPos": {
        "x": 0.2800837755203247,
        "y": 7.040700435638428,
        "z": 1.0495624542236329
    }
}