{
    "_horizontalLines": 16.0,
    "_verticalLines": 16.0,
    "_radius": 0.0668528601527214,
    "_petalColour": {
        "r": 0.33071571588516238,
        "g": 0.9743123054504395,
        "b": 0.5692650675773621,
        "a": 1.0
    },
    "_cylinderVertexCount": 10.0,
    "_stemRadius": 0.053066425025463107,
    "_leafCount": 8.0,
    "_edgeRingCount": 43.0,
    "startPos": {
        "x": 0.0,
        "y": 0.0,
        "z": 0.0
    },
    "tangent1": {
        "x": -0.2137310951948166,
        "y": 1.4324722290039063,
        "z": 0.2943507134914398
    },
    "tangent2": {
        "x": -0.12748751044273377,
        "y": 2.6524815559387209,
        "z": 0.657188892364502
    },
    "endPos": {
        "x": 0.17371219396591187,
        "y": 5.486821174621582,
        "z": 0.48677146434783938
    }
}