{
    "_horizontalLines": 12.0,
    "_verticalLines": 10.0,
    "_radius": 0.02307966724038124,
    "_petalColour": {
        "r": 0.6686937808990479,
        "g": 0.6849488019943237,
        "b": 0.5640156865119934,
        "a": 1.0
    },
    "_cylinderVertexCount": 12.0,
    "_stemRadius": 0.022513190284371377,
    "_leafCount": 8.0,
    "_edgeRingCount": 11.0,
    "startPos": {
        "x": -0.145452618598938,
        "y": 0.9454202651977539,
        "z": -0.19101329147815705
    },
    "tangent1": {
        "x": -0.050580814480781558,
        "y": 2.898668050765991,
        "z": 0.06279043853282929
    },
    "tangent2": {
        "x": -0.47126275300979617,
        "y": 2.9758052825927736,
        "z": -0.007455348968505859
    },
    "endPos": {
        "x": -0.7997668981552124,
        "y": 6.547358512878418,
        "z": -0.9140211939811707
    }
}