{
    "_horizontalLines": 16.0,
    "_verticalLines": 16.0,
    "_radius": 0.052652716636657718,
    "_petalColour": {
        "r": 0.9542737007141113,
        "g": 0.7208887338638306,
        "b": 0.694771409034729,
        "a": 1.0
    },
    "_cylinderVertexCount": 6.0,
    "_stemRadius": 0.029364503920078279,
    "_leafCount": 8.0,
    "_edgeRingCount": 37.0,
    "startPos": {
        "x": 0.0,
        "y": 0.0,
        "z": 0.0
    },
    "tangent1": {
        "x": -0.1508621722459793,
        "y": 1.5851584672927857,
        "z": -0.06726141273975373
    },
    "tangent2": {
        "x": 0.09585203230381012,
        "y": 1.7231382131576539,
        "z": -0.30498385429382326
    },
    "endPos": {
        "x": 0.6701922416687012,
        "y": 4.0,
        "z": 0.31828606128692629
    }
}