{
    "_horizontalLines": 19.0,
    "_verticalLines": 19.0,
    "_radius": 0.09769169241189957,
    "_petalColour": {
        "r": 0.03353071212768555,
        "g": 0.17560744285583497,
        "b": 0.9628657102584839,
        "a": 1.0
    },
    "_cylinderVertexCount": 5.0,
    "_stemRadius": 0.08213726431131363,
    "_leafCount": 8.0,
    "_edgeRingCount": 29.0,
    "startPos": {
        "x": 0.0,
        "y": 0.0,
        "z": 0.0
    },
    "tangent1": {
        "x": -0.20775194466114045,
        "y": 1.7908626794815064,
        "z": -0.47211161255836489
    },
    "tangent2": {
        "x": -0.32150426506996157,
        "y": 3.7272772789001467,
        "z": -0.4967140853404999
    },
    "endPos": {
        "x": -1.1131839752197266,
        "y": 4.339356899261475,
        "z": -0.603979229927063
    }
}