{
    "_horizontalLines": 17.0,
    "_verticalLines": 18.0,
    "_radius": 0.13341055810451508,
    "_petalColour": {
        "r": 0.5284965634346008,
        "g": 0.3385443091392517,
        "b": 0.9719899892807007,
        "a": 1.0
    },
    "_cylinderVertexCount": 6.0,
    "_stemRadius": 0.09353650361299515,
    "_leafCount": 8.0,
    "_edgeRingCount": 61.0,
    "startPos": {
        "x": 0.0,
        "y": 0.0,
        "z": 0.0
    },
    "tangent1": {
        "x": -0.14553947746753694,
        "y": 0.5112974047660828,
        "z": -0.23152561485767365
    },
    "tangent2": {
        "x": -0.4667966961860657,
        "y": 0.7855542898178101,
        "z": -0.6667425036430359
    },
    "endPos": {
        "x": -1.1613643169403077,
        "y": 4.0,
        "z": -1.1655704975128174
    }
}