{
    "_horizontalLines": 17.0,
    "_verticalLines": 18.0,
    "_radius": 0.0806794986128807,
    "_petalColour": {
        "r": 0.8330345153808594,
        "g": 0.7080005407333374,
        "b": 0.29412907361984255,
        "a": 1.0
    },
    "_cylinderVertexCount": 7.0,
    "_stemRadius": 0.03191761299967766,
    "_leafCount": 8.0,
    "_edgeRingCount": 34.0,
    "startPos": {
        "x": 0.0,
        "y": 0.0,
        "z": 0.0
    },
    "tangent1": {
        "x": -0.4916004240512848,
        "y": 1.0117597579956055,
        "z": -0.3024738132953644
    },
    "tangent2": {
        "x": -0.12849026918411256,
        "y": 1.0760185718536378,
        "z": 0.050240129232406619
    },
    "endPos": {
        "x": 0.3214438855648041,
        "y": 4.0,
        "z": -0.01205844059586525
    }
}