{
    "_horizontalLines": 15.0,
    "_verticalLines": 19.0,
    "_radius": 0.09384749829769135,
    "_petalColour": {
        "r": 0.5528915524482727,
        "g": 0.9061698913574219,
        "b": 0.07941579818725586,
        "a": 1.0
    },
    "_cylinderVertexCount": 6.0,
    "_stemRadius": 0.04820730909705162,
    "_leafCount": 8.0,
    "_edgeRingCount": 10.0,
    "startPos": {
        "x": 0.0,
        "y": 0.0,
        "z": 0.0
    },
    "tangent1": {
        "x": -0.25947245955467226,
        "y": 0.9991393089294434,
        "z": -0.05189209058880806
    },
    "tangent2": {
        "x": -0.16464237868785859,
        "y": 1.4852230548858643,
        "z": 0.3935934901237488
    },
    "endPos": {
        "x": 0.5658769607543945,
        "y": 4.0,
        "z": 0.590897798538208
    }
}