{
    "_horizontalLines": 16.0,
    "_verticalLines": 17.0,
    "_radius": 0.1216946542263031,
    "_petalColour": {
        "r": 0.9426062107086182,
        "g": 0.8828455209732056,
        "b": 0.117453932762146,
        "a": 1.0
    },
    "_cylinderVertexCount": 5.0,
    "_stemRadius": 0.09594427794218064,
    "_leafCount": 8.0,
    "_edgeRingCount": 39.0,
    "startPos": {
        "x": 0.0,
        "y": 0.0,
        "z": 0.0
    },
    "tangent1": {
        "x": 0.03490180894732475,
        "y": 1.1794376373291016,
        "z": 0.12758849561214448
    },
    "tangent2": {
        "x": 0.20426815748214723,
        "y": 1.9434531927108765,
        "z": -0.04923197627067566
    },
    "endPos": {
        "x": 0.867333710193634,
        "y": 4.280538558959961,
        "z": -0.49219563603401186
    }
}