{
    "_horizontalLines": 18.0,
    "_verticalLines": 16.0,
    "_radius": 0.08312112838029862,
    "_petalColour": {
        "r": 0.38217490911483767,
        "g": 0.6904038190841675,
        "b": 0.82811439037323,
        "a": 1.0
    },
    "_cylinderVertexCount": 6.0,
    "_stemRadius": 0.0508025586605072,
    "_leafCount": 8.0,
    "_edgeRingCount": 19.0,
    "startPos": {
        "x": 0.0,
        "y": 0.0,
        "z": 0.0
    },
    "tangent1": {
        "x": 0.4256362020969391,
        "y": 1.1992969512939454,
        "z": -0.40792742371559145
    },
    "tangent2": {
        "x": 0.40200087428092959,
        "y": 1.5232646465301514,
        "z": -0.2683451771736145
    },
    "endPos": {
        "x": 1.059726595878601,
        "y": 4.0,
        "z": -0.1346767395734787
    }
}