{
    "_horizontalLines": 5.0,
    "_verticalLines": 13.0,
    "_radius": 0.06652352213859558,
    "_petalColour": {
        "r": 0.8378938436508179,
        "g": 0.6566839218139648,
        "b": 0.5562815070152283,
        "a": 1.0
    },
    "_cylinderVertexCount": 11.0,
    "_stemRadius": 0.05517525225877762,
    "_leafCount": 8.0,
    "_edgeRingCount": 34.0,
    "startPos": {
        "x": 0.22615237534046174,
        "y": 0.706089437007904,
        "z": 0.11543893814086914
    },
    "tangent1": {
        "x": 0.625394880771637,
        "y": 1.9313616752624512,
        "z": 0.12813325226306916
    },
    "tangent2": {
        "x": 0.48896920680999758,
        "y": 3.4857378005981447,
        "z": -0.07319650053977967
    },
    "endPos": {
        "x": 1.3825888633728028,
        "y": 5.209595680236816,
        "z": -0.9615308046340942
    }
}