{
    "_horizontalLines": 15,
    "_verticalLines": 8,
    "_radius": 0.09264001995325089,
    "_petalColour": {
        "r": 0.953144907951355,
        "g": 0.03340482711791992,
        "b": 0.427645742893219,
        "a": 1.0
    },
    "_cylinderVertexCount": 14,
    "_stemRadius": 0.0767432376742363,
    "_leafCount": 8,
    "_edgeRingCount": 17,
    "startPos": {
        "x": -0.23714689910411836,
        "y": 0.8280864953994751,
        "z": -0.13578815758228303
    },
    "tangent1": {
        "x": -0.21569666266441346,
        "y": 2.5924854278564455,
        "z": -0.37793198227882388
    },
    "tangent2": {
        "x": -0.28797703981399538,
        "y": 3.9872241020202638,
        "z": -0.05209749937057495
    },
    "endPos": {
        "x": -1.069889783859253,
        "y": 5.593480587005615,
        "z": -0.6554018259048462
    }
}