{
    "_horizontalLines": 15.0,
    "_verticalLines": 16.0,
    "_radius": 0.08846874535083771,
    "_petalColour": {
        "r": 0.3769436478614807,
        "g": 0.6156859993934631,
        "b": 0.2367039918899536,
        "a": 1.0
    },
    "_cylinderVertexCount": 7.0,
    "_stemRadius": 0.07099443674087525,
    "_leafCount": 8.0,
    "_edgeRingCount": 42.0,
    "startPos": {
        "x": 0.0,
        "y": 0.0,
        "z": 0.0
    },
    "tangent1": {
        "x": -0.3820551931858063,
        "y": 0.9349725842475891,
        "z": 0.3608691990375519
    },
    "tangent2": {
        "x": -0.2102164477109909,
        "y": 2.470977544784546,
        "z": 0.2796059250831604
    },
    "endPos": {
        "x": 0.07587634027004242,
        "y": 4.912260055541992,
        "z": 1.0758581161499024
    }
}