{
    "_horizontalLines": 17.0,
    "_verticalLines": 19.0,
    "_radius": 0.07349731773138046,
    "_petalColour": {
        "r": 0.9659111499786377,
        "g": 0.44855207204818728,
        "b": 0.683625340461731,
        "a": 1.0
    },
    "_cylinderVertexCount": 13.0,
    "_stemRadius": 0.06078960746526718,
    "_leafCount": 8.0,
    "_edgeRingCount": 58.0,
    "startPos": {
        "x": 0.0,
        "y": 0.0,
        "z": 0.0
    },
    "tangent1": {
        "x": 0.07393260300159455,
        "y": 1.6759521961212159,
        "z": -0.2849268913269043
    },
    "tangent2": {
        "x": 0.06865182518959046,
        "y": 3.5777370929718019,
        "z": -0.2514234185218811
    },
    "endPos": {
        "x": 0.8319060802459717,
        "y": 4.348807334899902,
        "z": 0.10578852891921997
    }
}