{
    "_horizontalLines": 18.0,
    "_verticalLines": 15.0,
    "_radius": 0.13112123310565949,
    "_petalColour": {
        "r": 0.1374197006225586,
        "g": 0.7746391296386719,
        "b": 0.9721059799194336,
        "a": 1.0
    },
    "_cylinderVertexCount": 13.0,
    "_stemRadius": 0.09228813648223877,
    "_leafCount": 8.0,
    "_edgeRingCount": 31.0,
    "startPos": {
        "x": 0.0,
        "y": 0.0,
        "z": 0.0
    },
    "tangent1": {
        "x": -0.3594430983066559,
        "y": 1.989040732383728,
        "z": -0.1763017624616623
    },
    "tangent2": {
        "x": -0.4460296034812927,
        "y": 3.588103771209717,
        "z": 0.10787828266620636
    },
    "endPos": {
        "x": -0.1486164629459381,
        "y": 6.300000190734863,
        "z": -0.3620797395706177
    }
}