{
    "_horizontalLines": 16.0,
    "_verticalLines": 16.0,
    "_radius": 0.071469247341156,
    "_petalColour": {
        "r": 0.10002422332763672,
        "g": 0.5965988039970398,
        "b": 0.38029342889785769,
        "a": 1.0
    },
    "_cylinderVertexCount": 14.0,
    "_stemRadius": 0.03417029604315758,
    "_leafCount": 8.0,
    "_edgeRingCount": 21.0,
    "startPos": {
        "x": 0.0,
        "y": 0.0,
        "z": 0.0
    },
    "tangent1": {
        "x": -0.44146624207496645,
        "y": 0.7524619102478027,
        "z": 0.44574031233787539
    },
    "tangent2": {
        "x": -0.4874560534954071,
        "y": 1.2641191482543946,
        "z": 0.23831014335155488
    },
    "endPos": {
        "x": -0.7093727588653565,
        "y": 4.27250862121582,
        "z": -0.28772789239883425
    }
}