{
    "_horizontalLines": 18.0,
    "_verticalLines": 16.0,
    "_radius": 0.08319782465696335,
    "_petalColour": {
        "r": 0.6950517892837524,
        "g": 0.08508145809173584,
        "b": 0.09364926815032959,
        "a": 1.0
    },
    "_cylinderVertexCount": 8.0,
    "_stemRadius": 0.052624184638261798,
    "_leafCount": 8.0,
    "_edgeRingCount": 24.0,
    "startPos": {
        "x": 0.0,
        "y": 0.0,
        "z": 0.0
    },
    "tangent1": {
        "x": 0.16616033017635346,
        "y": 1.3073596954345704,
        "z": 0.36800917983055117
    },
    "tangent2": {
        "x": -0.2866300344467163,
        "y": 2.393313407897949,
        "z": 0.41319575905799868
    },
    "endPos": {
        "x": -0.11560691893100739,
        "y": 4.0,
        "z": 0.5807954668998718
    }
}