{
    "_horizontalLines": 17.0,
    "_verticalLines": 18.0,
    "_radius": 0.13922400772571565,
    "_petalColour": {
        "r": 0.4871310591697693,
        "g": 0.9117429256439209,
        "b": 0.16964435577392579,
        "a": 1.0
    },
    "_cylinderVertexCount": 11.0,
    "_stemRadius": 0.09323352575302124,
    "_leafCount": 8.0,
    "_edgeRingCount": 62.0,
    "startPos": {
        "x": 0.0,
        "y": 0.0,
        "z": 0.0
    },
    "tangent1": {
        "x": 0.396114706993103,
        "y": 1.2934287786483765,
        "z": -0.21807102859020234
    },
    "tangent2": {
        "x": 0.44365423917770388,
        "y": 1.52340567111969,
        "z": -0.07785792648792267
    },
    "endPos": {
        "x": -0.3420221209526062,
        "y": 4.0,
        "z": -0.7293816804885864
    }
}