{
    "_horizontalLines": 15.0,
    "_verticalLines": 15.0,
    "_radius": 0.11091473698616028,
    "_petalColour": {
        "r": 0.61665278673172,
        "g": 0.31180447340011599,
        "b": 0.3981662392616272,
        "a": 1.0
    },
    "_cylinderVertexCount": 13.0,
    "_stemRadius": 0.08560854941606522,
    "_leafCount": 8.0,
    "_edgeRingCount": 56.0,
    "startPos": {
        "x": 0.0,
        "y": 0.0,
        "z": 0.0
    },
    "tangent1": {
        "x": 0.4274958670139313,
        "y": 1.5450568199157715,
        "z": 0.34967851638793948
    },
    "tangent2": {
        "x": 0.6272544860839844,
        "y": 2.515503168106079,
        "z": -0.046830445528030398
    },
    "endPos": {
        "x": 0.8325858116149902,
        "y": 5.460419654846191,
        "z": -0.2818751335144043
    }
}