{
    "_horizontalLines": 19.0,
    "_verticalLines": 19.0,
    "_radius": 0.07613383233547211,
    "_petalColour": {
        "r": 0.44861310720443728,
        "g": 0.10694563388824463,
        "b": 0.3142135739326477,
        "a": 1.0
    },
    "_cylinderVertexCount": 10.0,
    "_stemRadius": 0.03984120115637779,
    "_leafCount": 8.0,
    "_edgeRingCount": 48.0,
    "startPos": {
        "x": 0.0,
        "y": 0.0,
        "z": 0.0
    },
    "tangent1": {
        "x": -0.20765109360218049,
        "y": 0.8017219305038452,
        "z": 0.4031766951084137
    },
    "tangent2": {
        "x": -0.2858637869358063,
        "y": 0.9444629549980164,
        "z": 0.6376444101333618
    },
    "endPos": {
        "x": 0.4250546991825104,
        "y": 4.0,
        "z": 1.1249077320098878
    }
}