{
    "_horizontalLines": 16.0,
    "_verticalLines": 18.0,
    "_radius": 0.09005021303892136,
    "_petalColour": {
        "r": 0.854153037071228,
        "g": 0.16705167293548585,
        "b": 0.7832397222518921,
        "a": 1.0
    },
    "_cylinderVertexCount": 12.0,
    "_stemRadius": 0.05661910027265549,
    "_leafCount": 8.0,
    "_edgeRingCount": 29.0,
    "startPos": {
        "x": 0.0,
        "y": 0.0,
        "z": 0.0
    },
    "tangent1": {
        "x": 0.1868971586227417,
        "y": 0.2642795443534851,
        "z": -0.1854505091905594
    },
    "tangent2": {
        "x": 0.5506883859634399,
        "y": 0.2877006530761719,
        "z": -0.47533267736434939
    },
    "endPos": {
        "x": 0.18624654412269593,
        "y": 4.0,
        "z": -0.9949603080749512
    }
}