{
    "_horizontalLines": 19.0,
    "_verticalLines": 19.0,
    "_radius": 0.057042188942432407,
    "_petalColour": {
        "r": 0.3746193051338196,
        "g": 0.9720075130462647,
        "b": 0.9744600057601929,
        "a": 1.0
    },
    "_cylinderVertexCount": 9.0,
    "_stemRadius": 0.021887511014938356,
    "_leafCount": 8.0,
    "_edgeRingCount": 24.0,
    "startPos": {
        "x": 0.0,
        "y": 0.0,
        "z": 0.0
    },
    "tangent1": {
        "x": 0.10906572639942169,
        "y": 0.4448316693305969,
        "z": 0.23801541328430177
    },
    "tangent2": {
        "x": 0.07229390740394592,
        "y": 1.3559110164642335,
        "z": 0.5534194707870483
    },
    "endPos": {
        "x": 0.09310971945524216,
        "y": 4.0,
        "z": 1.2913916110992432
    }
}