{
    "_horizontalLines": 10.0,
    "_verticalLines": 14.0,
    "_radius": 0.08322430402040482,
    "_petalColour": {
        "r": 0.26717478036880495,
        "g": 0.24554002285003663,
        "b": 0.9952753782272339,
        "a": 1.0
    },
    "_cylinderVertexCount": 14.0,
    "_stemRadius": 0.058587610721588138,
    "_leafCount": 8.0,
    "_edgeRingCount": 34.0,
    "startPos": {
        "x": 0.03343508392572403,
        "y": 0.198237806558609,
        "z": -0.072113536298275
    },
    "tangent1": {
        "x": -0.46570128202438357,
        "y": 1.3965190649032593,
        "z": 0.19971615076065064
    },
    "tangent2": {
        "x": -0.40242910385131838,
        "y": 3.2530055046081545,
        "z": 0.5432778596878052
    },
    "endPos": {
        "x": -1.2296602725982667,
        "y": 4.214674949645996,
        "z": 1.4502136707305909
    }
}