{
    "_horizontalLines": 8,
    "_verticalLines": 14,
    "_radius": 0.05566050857305527,
    "_petalColour": {
        "r": 0.537692129611969,
        "g": 0.08384239673614502,
        "b": 0.1836717128753662,
        "a": 1.0
    },
    "_cylinderVertexCount": 7,
    "_stemRadius": 0.01243611704558134,
    "_leafCount": 8,
    "_edgeRingCount": 15,
    "startPos": {
        "x": -0.12890899181365968,
        "y": 0.22819718718528748,
        "z": -0.06842777878046036
    },
    "tangent1": {
        "x": 0.16116344928741456,
        "y": 0.5623196363449097,
        "z": -0.18252375721931458
    },
    "tangent2": {
        "x": 0.43675482273101809,
        "y": 1.6956099271774293,
        "z": 0.3041146993637085
    },
    "endPos": {
        "x": 1.410632610321045,
        "y": 5.455795764923096,
        "z": -0.69203782081604
    }
}