{
    "_horizontalLines": 15.0,
    "_verticalLines": 18.0,
    "_radius": 0.07014474272727967,
    "_petalColour": {
        "r": 0.6259759664535523,
        "g": 0.936657190322876,
        "b": 0.8511987924575806,
        "a": 1.0
    },
    "_cylinderVertexCount": 13.0,
    "_stemRadius": 0.06716843694448471,
    "_leafCount": 8.0,
    "_edgeRingCount": 42.0,
    "startPos": {
        "x": 0.0,
        "y": 0.0,
        "z": 0.0
    },
    "tangent1": {
        "x": -0.15658168494701386,
        "y": 0.44830435514450076,
        "z": 0.17239722609519959
    },
    "tangent2": {
        "x": -0.4516989588737488,
        "y": 0.9744817018508911,
        "z": -0.01859627664089203
    },
    "endPos": {
        "x": 0.37742066383361819,
        "y": 4.0,
        "z": 0.28457319736480715
    }
}