{
    "_horizontalLines": 15.0,
    "_verticalLines": 18.0,
    "_radius": 0.08238935470581055,
    "_petalColour": {
        "r": 0.09990262985229492,
        "g": 0.10047757625579834,
        "b": 0.16032254695892335,
        "a": 1.0
    },
    "_cylinderVertexCount": 12.0,
    "_stemRadius": 0.06690582633018494,
    "_leafCount": 8.0,
    "_edgeRingCount": 48.0,
    "startPos": {
        "x": 0.0,
        "y": 0.0,
        "z": 0.0
    },
    "tangent1": {
        "x": -0.31580087542533877,
        "y": 0.5419999957084656,
        "z": -0.46037864685058596
    },
    "tangent2": {
        "x": 0.12831628322601319,
        "y": 2.320927619934082,
        "z": -0.650407612323761
    },
    "endPos": {
        "x": 0.3914332687854767,
        "y": 4.2140278816223148,
        "z": 0.14756309986114503
    }
}