{
    "_horizontalLines": 16.0,
    "_verticalLines": 18.0,
    "_radius": 0.08723468333482743,
    "_petalColour": {
        "r": 0.5559805035591126,
        "g": 0.6487659215927124,
        "b": 0.6470723152160645,
        "a": 1.0
    },
    "_cylinderVertexCount": 8.0,
    "_stemRadius": 0.07182532548904419,
    "_leafCount": 8.0,
    "_edgeRingCount": 63.0,
    "startPos": {
        "x": 0.0,
        "y": 0.0,
        "z": 0.0
    },
    "tangent1": {
        "x": -0.250657320022583,
        "y": 1.6623122692108155,
        "z": -0.16777653992176057
    },
    "tangent2": {
        "x": -0.520845890045166,
        "y": 2.1740610599517824,
        "z": -0.027813881635665895
    },
    "endPos": {
        "x": 0.15631848573684693,
        "y": 5.183443546295166,
        "z": -0.8030755519866943
    }
}