{
    "_horizontalLines": 17.0,
    "_verticalLines": 17.0,
    "_radius": 0.1117112934589386,
    "_petalColour": {
        "r": 0.014626860618591309,
        "g": 0.3130107522010803,
        "b": 0.8781759738922119,
        "a": 1.0
    },
    "_cylinderVertexCount": 5.0,
    "_stemRadius": 0.08497494459152222,
    "_leafCount": 8.0,
    "_edgeRingCount": 38.0,
    "startPos": {
        "x": 0.0,
        "y": 0.0,
        "z": 0.0
    },
    "tangent1": {
        "x": -0.365766316652298,
        "y": 1.3894100189208985,
        "z": 0.2772970199584961
    },
    "tangent2": {
        "x": -0.4387567639350891,
        "y": 2.1248137950897219,
        "z": 0.44570326805114748
    },
    "endPos": {
        "x": -1.207417368888855,
        "y": 4.0,
        "z": 1.0144262313842774
    }
}