{
    "_horizontalLines": 18.0,
    "_verticalLines": 17.0,
    "_radius": 0.15887349843978883,
    "_petalColour": {
        "r": 0.39251214265823367,
        "g": 0.9423261880874634,
        "b": 0.6370619535446167,
        "a": 1.0
    },
    "_cylinderVertexCount": 8.0,
    "_stemRadius": 0.11186779290437699,
    "_leafCount": 8.0,
    "_edgeRingCount": 5.0,
    "startPos": {
        "x": 0.0,
        "y": 0.0,
        "z": 0.0
    },
    "tangent1": {
        "x": -0.4815445840358734,
        "y": 0.2814027667045593,
        "z": 0.35952699184417727
    },
    "tangent2": {
        "x": -0.03359335660934448,
        "y": 0.3759641647338867,
        "z": 0.11235316097736359
    },
    "endPos": {
        "x": -0.6856864094734192,
        "y": 4.0,
        "z": -0.27498412132263186
    }
}