{
    "_horizontalLines": 16.0,
    "_verticalLines": 18.0,
    "_radius": 0.12123824656009674,
    "_petalColour": {
        "r": 0.24072778224945069,
        "g": 0.6019397377967835,
        "b": 0.08636009693145752,
        "a": 1.0
    },
    "_cylinderVertexCount": 5.0,
    "_stemRadius": 0.0881839320063591,
    "_leafCount": 8.0,
    "_edgeRingCount": 21.0,
    "startPos": {
        "x": 0.0,
        "y": 0.0,
        "z": 0.0
    },
    "tangent1": {
        "x": 0.046141814440488818,
        "y": 1.1508588790893555,
        "z": 0.4353652894496918
    },
    "tangent2": {
        "x": -0.3559713363647461,
        "y": 2.5647621154785158,
        "z": 0.4654114544391632
    },
    "endPos": {
        "x": -0.17568926513195039,
        "y": 4.0,
        "z": 1.1664496660232545
    }
}