{
    "_horizontalLines": 15.0,
    "_verticalLines": 5.0,
    "_radius": 0.11578921228647232,
    "_petalColour": {
        "r": 0.08088970184326172,
        "g": 0.5457524657249451,
        "b": 0.7978179454803467,
        "a": 1.0
    },
    "_cylinderVertexCount": 11.0,
    "_stemRadius": 0.09789416193962097,
    "_leafCount": 8.0,
    "_edgeRingCount": 34.0,
    "startPos": {
        "x": -0.1029381975531578,
        "y": 0.9858509302139282,
        "z": -0.03894767910242081
    },
    "tangent1": {
        "x": -0.09217498451471329,
        "y": 1.4086387157440186,
        "z": -0.17417660355567933
    },
    "tangent2": {
        "x": -0.4312613010406494,
        "y": 2.805027723312378,
        "z": -0.12297283113002777
    },
    "endPos": {
        "x": 0.4214339852333069,
        "y": 4.665606498718262,
        "z": 0.06973080337047577
    }
}