{
    "_horizontalLines": 18.0,
    "_verticalLines": 17.0,
    "_radius": 0.034854620695114139,
    "_petalColour": {
        "r": 0.23948538303375245,
        "g": 0.4868144392967224,
        "b": 0.2193145751953125,
        "a": 1.0
    },
    "_cylinderVertexCount": 13.0,
    "_stemRadius": 0.023724233731627466,
    "_leafCount": 8.0,
    "_edgeRingCount": 25.0,
    "startPos": {
        "x": 0.0,
        "y": 0.0,
        "z": 0.0
    },
    "tangent1": {
        "x": -0.24235539138317109,
        "y": 0.8753530383110046,
        "z": -0.09658308327198029
    },
    "tangent2": {
        "x": 0.1198781281709671,
        "y": 1.9120190143585206,
        "z": -0.3281055986881256
    },
    "endPos": {
        "x": 0.11446795612573624,
        "y": 4.8589582443237309,
        "z": -0.43378007411956789
    }
}