{
    "_horizontalLines": 18.0,
    "_verticalLines": 17.0,
    "_radius": 0.12545998394489289,
    "_petalColour": {
        "r": 0.33862417936325076,
        "g": 0.8413807153701782,
        "b": 0.3445557951927185,
        "a": 1.0
    },
    "_cylinderVertexCount": 12.0,
    "_stemRadius": 0.09339411556720734,
    "_leafCount": 8.0,
    "_edgeRingCount": 42.0,
    "startPos": {
        "x": 0.0,
        "y": 0.0,
        "z": 0.0
    },
    "tangent1": {
        "x": -0.21173052489757539,
        "y": 1.4580901861190797,
        "z": 0.2553980350494385
    },
    "tangent2": {
        "x": -0.3726881444454193,
        "y": 2.22015118598938,
        "z": 0.4272489547729492
    },
    "endPos": {
        "x": 0.08757314085960388,
        "y": 4.828324317932129,
        "z": 0.7333273887634277
    }
}