{
    "_horizontalLines": 18.0,
    "_verticalLines": 15.0,
    "_radius": 0.12596020102500916,
    "_petalColour": {
        "r": 0.02803802490234375,
        "g": 0.32563740015029909,
        "b": 0.06778335571289063,
        "a": 1.0
    },
    "_cylinderVertexCount": 14.0,
    "_stemRadius": 0.10003732144832611,
    "_leafCount": 8.0,
    "_edgeRingCount": 26.0,
    "startPos": {
        "x": 0.0,
        "y": 0.0,
        "z": 0.0
    },
    "tangent1": {
        "x": -0.29683446884155276,
        "y": 1.8383957147598267,
        "z": 0.4090127944946289
    },
    "tangent2": {
        "x": -0.549677848815918,
        "y": 2.433361530303955,
        "z": 0.053565770387649539
    },
    "endPos": {
        "x": -1.0649220943450928,
        "y": 5.539565086364746,
        "z": -0.06971301138401032
    }
}