{
    "_horizontalLines": 19.0,
    "_verticalLines": 15.0,
    "_radius": 0.12090417742729187,
    "_petalColour": {
        "r": 0.5710229277610779,
        "g": 0.2719328999519348,
        "b": 0.7195557355880737,
        "a": 1.0
    },
    "_cylinderVertexCount": 8.0,
    "_stemRadius": 0.09749841690063477,
    "_leafCount": 8.0,
    "_edgeRingCount": 18.0,
    "startPos": {
        "x": 0.0,
        "y": 0.0,
        "z": 0.0
    },
    "tangent1": {
        "x": 0.38583314418792727,
        "y": 1.1447229385375977,
        "z": -0.4263618588447571
    },
    "tangent2": {
        "x": 0.24704138934612275,
        "y": 1.813306212425232,
        "z": -0.5807286500930786
    },
    "endPos": {
        "x": 0.047260791063308719,
        "y": 4.0,
        "z": -0.5088010430335999
    }
}