{
    "_horizontalLines": 17.0,
    "_verticalLines": 15.0,
    "_radius": 0.10009606927633286,
    "_petalColour": {
        "r": 0.9966645240783691,
        "g": 0.044046640396118167,
        "b": 0.5438585877418518,
        "a": 1.0
    },
    "_cylinderVertexCount": 8.0,
    "_stemRadius": 0.05761396884918213,
    "_leafCount": 8.0,
    "_edgeRingCount": 20.0,
    "startPos": {
        "x": 0.0,
        "y": 0.0,
        "z": 0.0
    },
    "tangent1": {
        "x": -0.004617261700332165,
        "y": 1.042628288269043,
        "z": -0.13587646186351777
    },
    "tangent2": {
        "x": -0.07493281364440918,
        "y": 2.857926368713379,
        "z": 0.23981733620166779
    },
    "endPos": {
        "x": 0.08556659519672394,
        "y": 5.474275588989258,
        "z": -0.21576566994190217
    }
}