{
    "_horizontalLines": 15,
    "_verticalLines": 9,
    "_radius": 0.17233918607234956,
    "_petalColour": {
        "r": 0.42127448320388796,
        "g": 0.8251364231109619,
        "b": 0.20065093040466309,
        "a": 1.0
    },
    "_cylinderVertexCount": 12,
    "_stemRadius": 0.141073077917099,
    "_leafCount": 8,
    "_edgeRingCount": 12,
    "startPos": {
        "x": 0.04394211620092392,
        "y": 0.19022074341773988,
        "z": -0.20482273399829865
    },
    "tangent1": {
        "x": 0.1569613814353943,
        "y": 0.3703957796096802,
        "z": 0.28486794233322146
    },
    "tangent2": {
        "x": 0.5113491415977478,
        "y": 1.1954669952392579,
        "z": 0.04973982274532318
    },
    "endPos": {
        "x": 0.39690861105918887,
        "y": 2.853389263153076,
        "z": -0.3375644087791443
    }
}