{
    "_horizontalLines": 14.0,
    "_verticalLines": 12.0,
    "_radius": 0.06335687637329102,
    "_petalColour": {
        "r": 0.8074395656585693,
        "g": 0.0432124137878418,
        "b": 0.7239017486572266,
        "a": 1.0
    },
    "_cylinderVertexCount": 9.0,
    "_stemRadius": 0.04465420916676521,
    "_leafCount": 8.0,
    "_edgeRingCount": 13.0,
    "startPos": {
        "x": -0.04174385219812393,
        "y": 0.6544238924980164,
        "z": 0.10791605710983277
    },
    "tangent1": {
        "x": -0.28623801469802859,
        "y": 2.231877565383911,
        "z": -0.1473138928413391
    },
    "tangent2": {
        "x": -0.5383315682411194,
        "y": 3.721991777420044,
        "z": -0.034075990319252017
    },
    "endPos": {
        "x": 0.30554795265197756,
        "y": 6.714128494262695,
        "z": 0.31560128927230837
    }
}