{
    "_horizontalLines": 10.0,
    "_verticalLines": 13.0,
    "_radius": 0.07482843846082688,
    "_petalColour": {
        "r": 0.06083571910858154,
        "g": 0.2178710699081421,
        "b": 0.4819175601005554,
        "a": 1.0
    },
    "_cylinderVertexCount": 8.0,
    "_stemRadius": 0.051845937967300418,
    "_leafCount": 8.0,
    "_edgeRingCount": 60.0,
    "startPos": {
        "x": -0.0429367795586586,
        "y": 0.8735530972480774,
        "z": 0.20800530910491944
    },
    "tangent1": {
        "x": -0.3640197515487671,
        "y": 2.515017032623291,
        "z": 0.15002258121967317
    },
    "tangent2": {
        "x": -0.7890582084655762,
        "y": 3.5249271392822267,
        "z": 0.14550569653511048
    },
    "endPos": {
        "x": -1.2293342351913453,
        "y": 5.444025993347168,
        "z": -0.7466367483139038
    }
}