{
    "_horizontalLines": 12,
    "_verticalLines": 10,
    "_radius": 0.12135514616966248,
    "_petalColour": {
        "r": 0.6716265678405762,
        "g": 0.4321637749671936,
        "b": 0.2830243706703186,
        "a": 1.0
    },
    "_cylinderVertexCount": 11,
    "_stemRadius": 0.09280361235141754,
    "_leafCount": 8,
    "_edgeRingCount": 59,
    "startPos": {
        "x": -0.05884721130132675,
        "y": 0.07648859173059464,
        "z": 0.23390336334705354
    },
    "tangent1": {
        "x": -0.10135538876056671,
        "y": 0.3674795925617218,
        "z": 0.016714483499526979
    },
    "tangent2": {
        "x": 0.17665450274944306,
        "y": 1.105413556098938,
        "z": -0.10050906240940094
    },
    "endPos": {
        "x": 0.32985949516296389,
        "y": 1.671999454498291,
        "z": 0.587668240070343
    }
}