{
    "_horizontalLines": 16.0,
    "_verticalLines": 19.0,
    "_radius": 0.1184551939368248,
    "_petalColour": {
        "r": 0.7503335475921631,
        "g": 0.30518263578414919,
        "b": 0.5601608157157898,
        "a": 1.0
    },
    "_cylinderVertexCount": 11.0,
    "_stemRadius": 0.09292961657047272,
    "_leafCount": 8.0,
    "_edgeRingCount": 29.0,
    "startPos": {
        "x": 0.0,
        "y": 0.0,
        "z": 0.0
    },
    "tangent1": {
        "x": -0.2901144027709961,
        "y": 1.495156168937683,
        "z": -0.4716159701347351
    },
    "tangent2": {
        "x": -0.13548089563846589,
        "y": 2.9733898639678957,
        "z": 0.026805222034454347
    },
    "endPos": {
        "x": 0.6345200538635254,
        "y": 4.0,
        "z": 0.46388277411460879
    }
}