{
    "_horizontalLines": 17.0,
    "_verticalLines": 17.0,
    "_radius": 0.02455364726483822,
    "_petalColour": {
        "r": 0.13150835037231446,
        "g": 0.39297980070114138,
        "b": 0.7316076755523682,
        "a": 1.0
    },
    "_cylinderVertexCount": 12.0,
    "_stemRadius": 0.02366764098405838,
    "_leafCount": 8.0,
    "_edgeRingCount": 26.0,
    "startPos": {
        "x": 0.0,
        "y": 0.0,
        "z": 0.0
    },
    "tangent1": {
        "x": -0.158293679356575,
        "y": 0.27660924196243288,
        "z": -0.46146470308303835
    },
    "tangent2": {
        "x": 0.15182213485240937,
        "y": 2.247580051422119,
        "z": -0.3515208959579468
    },
    "endPos": {
        "x": 0.9156066179275513,
        "y": 5.097159385681152,
        "z": 0.28481459617614748
    }
}