{
    "_horizontalLines": 15.0,
    "_verticalLines": 18.0,
    "_radius": 0.056402675807476047,
    "_petalColour": {
        "r": 0.9655547142028809,
        "g": 0.5757221579551697,
        "b": 0.6044715046882629,
        "a": 1.0
    },
    "_cylinderVertexCount": 8.0,
    "_stemRadius": 0.01196004543453455,
    "_leafCount": 8.0,
    "_edgeRingCount": 15.0,
    "startPos": {
        "x": 0.0,
        "y": 0.0,
        "z": 0.0
    },
    "tangent1": {
        "x": 0.045348357409238818,
        "y": 1.8984203338623047,
        "z": -0.22916050255298615
    },
    "tangent2": {
        "x": -0.43711453676223757,
        "y": 2.8803675174713136,
        "z": -0.7060286402702332
    },
    "endPos": {
        "x": -0.5902389287948608,
        "y": 5.954195976257324,
        "z": -0.2423648238182068
    }
}