{
    "_horizontalLines": 16.0,
    "_verticalLines": 18.0,
    "_radius": 0.08118748664855957,
    "_petalColour": {
        "r": 0.5171921849250794,
        "g": 0.5378429293632507,
        "b": 0.952003002166748,
        "a": 1.0
    },
    "_cylinderVertexCount": 11.0,
    "_stemRadius": 0.03150923550128937,
    "_leafCount": 8.0,
    "_edgeRingCount": 63.0,
    "startPos": {
        "x": 0.0,
        "y": 0.0,
        "z": 0.0
    },
    "tangent1": {
        "x": 0.03586931154131889,
        "y": 1.5927985906600953,
        "z": 0.16369961202144624
    },
    "tangent2": {
        "x": 0.34946373105049136,
        "y": 2.4768450260162355,
        "z": -0.0794878602027893
    },
    "endPos": {
        "x": -0.44944992661476138,
        "y": 4.0,
        "z": -0.650503933429718
    }
}