{
    "_horizontalLines": 18.0,
    "_verticalLines": 17.0,
    "_radius": 0.15391837060451508,
    "_petalColour": {
        "r": 0.47859281301498415,
        "g": 0.0009421110153198242,
        "b": 0.09018826484680176,
        "a": 1.0
    },
    "_cylinderVertexCount": 8.0,
    "_stemRadius": 0.10979761928319931,
    "_leafCount": 8.0,
    "_edgeRingCount": 52.0,
    "startPos": {
        "x": 0.0,
        "y": 0.0,
        "z": 0.0
    },
    "tangent1": {
        "x": 0.19967946410179139,
        "y": 0.9680819511413574,
        "z": 0.43860888481140139
    },
    "tangent2": {
        "x": -0.06485921144485474,
        "y": 1.8489668369293213,
        "z": 0.04108747839927673
    },
    "endPos": {
        "x": -0.14273598790168763,
        "y": 4.0,
        "z": -0.527855634689331
    }
}