{
    "_horizontalLines": 16.0,
    "_verticalLines": 19.0,
    "_radius": 0.1158563420176506,
    "_petalColour": {
        "r": 0.8768268823623657,
        "g": 0.4906376004219055,
        "b": 0.5581846833229065,
        "a": 1.0
    },
    "_cylinderVertexCount": 12.0,
    "_stemRadius": 0.11366462707519531,
    "_leafCount": 8.0,
    "_edgeRingCount": 33.0,
    "startPos": {
        "x": 0.0,
        "y": 0.0,
        "z": 0.0
    },
    "tangent1": {
        "x": 0.4632244110107422,
        "y": 1.5656943321228028,
        "z": -0.13701362907886506
    },
    "tangent2": {
        "x": 0.6437324285507202,
        "y": 3.4222075939178469,
        "z": 0.3430495858192444
    },
    "endPos": {
        "x": 0.21562466025352479,
        "y": 4.0,
        "z": 1.170254111289978
    }
}