{
    "_horizontalLines": 16.0,
    "_verticalLines": 18.0,
    "_radius": 0.08405447751283646,
    "_petalColour": {
        "r": 0.4311296343803406,
        "g": 0.5395774245262146,
        "b": 0.20471906661987306,
        "a": 1.0
    },
    "_cylinderVertexCount": 6.0,
    "_stemRadius": 0.048447541892528537,
    "_leafCount": 8.0,
    "_edgeRingCount": 8.0,
    "startPos": {
        "x": 0.0,
        "y": 0.0,
        "z": 0.0
    },
    "tangent1": {
        "x": -0.415743350982666,
        "y": 1.0708580017089844,
        "z": -0.30914953351020815
    },
    "tangent2": {
        "x": -0.2687523365020752,
        "y": 1.4730260372161866,
        "z": -0.6954455971717835
    },
    "endPos": {
        "x": -1.0911719799041749,
        "y": 4.0,
        "z": -0.4962555170059204
    }
}