{
    "_horizontalLines": 15.0,
    "_verticalLines": 19.0,
    "_radius": 0.08862808346748352,
    "_petalColour": {
        "r": 0.08592140674591065,
        "g": 0.6785135269165039,
        "b": 0.0640571117401123,
        "a": 1.0
    },
    "_cylinderVertexCount": 7.0,
    "_stemRadius": 0.08450373262166977,
    "_leafCount": 8.0,
    "_edgeRingCount": 53.0,
    "startPos": {
        "x": 0.0,
        "y": 0.0,
        "z": 0.0
    },
    "tangent1": {
        "x": 0.32871758937835696,
        "y": 0.4383752942085266,
        "z": 0.3326910734176636
    },
    "tangent2": {
        "x": 0.7608671188354492,
        "y": 0.7843624353408814,
        "z": 0.5928021669387817
    },
    "endPos": {
        "x": 0.615897536277771,
        "y": 4.0,
        "z": 0.4007154703140259
    }
}