{
    "_horizontalLines": 11,
    "_verticalLines": 13,
    "_radius": 0.11565177142620087,
    "_petalColour": {
        "r": 0.14552676677703858,
        "g": 0.9431535005569458,
        "b": 0.6277364492416382,
        "a": 1.0
    },
    "_cylinderVertexCount": 12,
    "_stemRadius": 0.08834459632635117,
    "_leafCount": 8,
    "_edgeRingCount": 35,
    "startPos": {
        "x": 0.17908649146556855,
        "y": 0.15350636839866639,
        "z": -0.07906327396631241
    },
    "tangent1": {
        "x": 0.5901500582695007,
        "y": 1.3862299919128419,
        "z": -0.4823239743709564
    },
    "tangent2": {
        "x": 0.5051016807556152,
        "y": 1.5220353603363038,
        "z": -0.0055810511112213139
    },
    "endPos": {
        "x": 0.7835566401481628,
        "y": 4.49544620513916,
        "z": 0.7429351806640625
    }
}