{
    "_horizontalLines": 15.0,
    "_verticalLines": 8.0,
    "_radius": 0.09274204075336456,
    "_petalColour": {
        "r": 0.08299994468688965,
        "g": 0.5720078349113464,
        "b": 0.10643482208251953,
        "a": 1.0
    },
    "_cylinderVertexCount": 11.0,
    "_stemRadius": 0.05440192669630051,
    "_leafCount": 8.0,
    "_edgeRingCount": 20.0,
    "startPos": {
        "x": -0.013313556089997292,
        "y": 0.5757694244384766,
        "z": -0.0917213186621666
    },
    "tangent1": {
        "x": 0.38638707995414736,
        "y": 1.2128081321716309,
        "z": 0.40181443095207217
    },
    "tangent2": {
        "x": -0.06501063704490662,
        "y": 2.998979091644287,
        "z": 0.6902413368225098
    },
    "endPos": {
        "x": 0.8282716274261475,
        "y": 6.61732292175293,
        "z": 0.6812909841537476
    }
}