{
    "_horizontalLines": 18.0,
    "_verticalLines": 19.0,
    "_radius": 0.034377552568912509,
    "_petalColour": {
        "r": 0.8423943519592285,
        "g": 0.6644656658172607,
        "b": 0.1841599941253662,
        "a": 1.0
    },
    "_cylinderVertexCount": 12.0,
    "_stemRadius": 0.01149563305079937,
    "_leafCount": 8.0,
    "_edgeRingCount": 7.0,
    "startPos": {
        "x": 0.0,
        "y": 0.0,
        "z": 0.0
    },
    "tangent1": {
        "x": 0.36922571063041689,
        "y": 1.9211963415145875,
        "z": 0.400913804769516
    },
    "tangent2": {
        "x": 0.28615278005599978,
        "y": 2.9262776374816896,
        "z": 0.8574280738830566
    },
    "endPos": {
        "x": -0.33758580684661868,
        "y": 4.725746154785156,
        "z": 1.328744888305664
    }
}