{
    "_horizontalLines": 15.0,
    "_verticalLines": 17.0,
    "_radius": 0.08903977274894715,
    "_petalColour": {
        "r": 0.7426724433898926,
        "g": 0.6903706789016724,
        "b": 0.5051987767219544,
        "a": 1.0
    },
    "_cylinderVertexCount": 11.0,
    "_stemRadius": 0.053992897272109988,
    "_leafCount": 8.0,
    "_edgeRingCount": 45.0,
    "startPos": {
        "x": 0.0,
        "y": 0.0,
        "z": 0.0
    },
    "tangent1": {
        "x": -0.2570725381374359,
        "y": 0.6291730999946594,
        "z": -0.0570342056453228
    },
    "tangent2": {
        "x": -0.3309520483016968,
        "y": 1.9649369716644288,
        "z": -0.1723596155643463
    },
    "endPos": {
        "x": -0.5442153811454773,
        "y": 4.639327049255371,
        "z": -0.5573785305023193
    }
}