{
    "_horizontalLines": 16.0,
    "_verticalLines": 15.0,
    "_radius": 0.07604949176311493,
    "_petalColour": {
        "r": 0.865813136100769,
        "g": 0.9355432987213135,
        "b": 0.544449508190155,
        "a": 1.0
    },
    "_cylinderVertexCount": 13.0,
    "_stemRadius": 0.037948910146951678,
    "_leafCount": 8.0,
    "_edgeRingCount": 38.0,
    "startPos": {
        "x": 0.0,
        "y": 0.0,
        "z": 0.0
    },
    "tangent1": {
        "x": -0.4980219900608063,
        "y": 1.5808024406433106,
        "z": -0.047423649579286578
    },
    "tangent2": {
        "x": -0.873160719871521,
        "y": 3.338998794555664,
        "z": 0.19563837349414826
    },
    "endPos": {
        "x": -0.2017616629600525,
        "y": 4.600388526916504,
        "z": -0.5691630244255066
    }
}