{
    "_horizontalLines": 17.0,
    "_verticalLines": 19.0,
    "_radius": 0.0685824304819107,
    "_petalColour": {
        "r": 0.5789827704429627,
        "g": 0.7961804866790772,
        "b": 0.62492436170578,
        "a": 1.0
    },
    "_cylinderVertexCount": 8.0,
    "_stemRadius": 0.02275674045085907,
    "_leafCount": 8.0,
    "_edgeRingCount": 62.0,
    "startPos": {
        "x": 0.0,
        "y": 0.0,
        "z": 0.0
    },
    "tangent1": {
        "x": 0.19983088970184327,
        "y": 1.1206064224243165,
        "z": 0.3850374221801758
    },
    "tangent2": {
        "x": -0.04572479426860809,
        "y": 1.5432789325714112,
        "z": 0.173092320561409
    },
    "endPos": {
        "x": 0.16691017150878907,
        "y": 4.20416259765625,
        "z": 0.7142159342765808
    }
}