{
    "_horizontalLines": 19.0,
    "_verticalLines": 18.0,
    "_radius": 0.1401021033525467,
    "_petalColour": {
        "r": 0.24429738521575929,
        "g": 0.22895264625549317,
        "b": 0.24114775657653809,
        "a": 1.0
    },
    "_cylinderVertexCount": 10.0,
    "_stemRadius": 0.0913599506020546,
    "_leafCount": 8.0,
    "_edgeRingCount": 62.0,
    "startPos": {
        "x": 0.0,
        "y": 0.0,
        "z": 0.0
    },
    "tangent1": {
        "x": 0.026508759707212449,
        "y": 0.290208637714386,
        "z": 0.26175832748413088
    },
    "tangent2": {
        "x": -0.4173489212989807,
        "y": 1.548309087753296,
        "z": 0.7265863418579102
    },
    "endPos": {
        "x": -0.5913345217704773,
        "y": 4.555363655090332,
        "z": 0.7404192090034485
    }
}