{
    "_horizontalLines": 17.0,
    "_verticalLines": 16.0,
    "_radius": 0.056846752762794498,
    "_petalColour": {
        "r": 0.7327537536621094,
        "g": 0.25643450021743777,
        "b": 0.5667430758476257,
        "a": 1.0
    },
    "_cylinderVertexCount": 5.0,
    "_stemRadius": 0.02975882589817047,
    "_leafCount": 8.0,
    "_edgeRingCount": 58.0,
    "startPos": {
        "x": 0.0,
        "y": 0.0,
        "z": 0.0
    },
    "tangent1": {
        "x": 0.12275095283985138,
        "y": 1.787909746170044,
        "z": -0.42611226439476015
    },
    "tangent2": {
        "x": -0.3490685224533081,
        "y": 3.4968864917755129,
        "z": -0.5536206960678101
    },
    "endPos": {
        "x": 0.2774958610534668,
        "y": 4.445219039916992,
        "z": -1.0237412452697755
    }
}