{
    "_horizontalLines": 16.0,
    "_verticalLines": 19.0,
    "_radius": 0.08670810610055924,
    "_petalColour": {
        "r": 0.7215613126754761,
        "g": 0.8613835573196411,
        "b": 0.9304264783859253,
        "a": 1.0
    },
    "_cylinderVertexCount": 6.0,
    "_stemRadius": 0.03711637482047081,
    "_leafCount": 8.0,
    "_edgeRingCount": 58.0,
    "startPos": {
        "x": 0.0,
        "y": 0.0,
        "z": 0.0
    },
    "tangent1": {
        "x": -0.464303582906723,
        "y": 0.39233607053756716,
        "z": -0.03150291368365288
    },
    "tangent2": {
        "x": -0.41661062836647036,
        "y": 1.941053867340088,
        "z": -0.46872976422309878
    },
    "endPos": {
        "x": 0.4149748384952545,
        "y": 4.0,
        "z": 0.0779595673084259
    }
}