{
    "_horizontalLines": 15.0,
    "_verticalLines": 17.0,
    "_radius": 0.12694036960601808,
    "_petalColour": {
        "r": 0.28416746854782107,
        "g": 0.3621942400932312,
        "b": 0.5160219073295593,
        "a": 1.0
    },
    "_cylinderVertexCount": 6.0,
    "_stemRadius": 0.08246719092130661,
    "_leafCount": 8.0,
    "_edgeRingCount": 25.0,
    "startPos": {
        "x": 0.0,
        "y": 0.0,
        "z": 0.0
    },
    "tangent1": {
        "x": -0.37441596388816836,
        "y": 0.7802936434745789,
        "z": -0.310662180185318
    },
    "tangent2": {
        "x": -0.19300290942192079,
        "y": 2.050023317337036,
        "z": -0.43144887685775759
    },
    "endPos": {
        "x": -0.5885218977928162,
        "y": 4.6508026123046879,
        "z": -0.8928678035736084
    }
}