{
    "_horizontalLines": 15.0,
    "_verticalLines": 17.0,
    "_radius": 0.09091047197580338,
    "_petalColour": {
        "r": 0.8034745454788208,
        "g": 0.8575928211212158,
        "b": 0.5891445279121399,
        "a": 1.0
    },
    "_cylinderVertexCount": 8.0,
    "_stemRadius": 0.06580603867769242,
    "_leafCount": 8.0,
    "_edgeRingCount": 7.0,
    "startPos": {
        "x": 0.0,
        "y": 0.0,
        "z": 0.0
    },
    "tangent1": {
        "x": 0.2903083562850952,
        "y": 1.5061997175216675,
        "z": -0.25815844535827639
    },
    "tangent2": {
        "x": 0.20484010875225068,
        "y": 1.9894704818725587,
        "z": 0.06690165400505066
    },
    "endPos": {
        "x": 0.6975963115692139,
        "y": 4.0,
        "z": 0.4011169672012329
    }
}