{
    "_horizontalLines": 18.0,
    "_verticalLines": 15.0,
    "_radius": 0.10694853961467743,
    "_petalColour": {
        "r": 0.024585843086242677,
        "g": 0.7170628309249878,
        "b": 0.6602795124053955,
        "a": 1.0
    },
    "_cylinderVertexCount": 11.0,
    "_stemRadius": 0.09872474521398545,
    "_leafCount": 8.0,
    "_edgeRingCount": 26.0,
    "startPos": {
        "x": 0.0,
        "y": 0.0,
        "z": 0.0
    },
    "tangent1": {
        "x": -0.13605542480945588,
        "y": 1.9853321313858033,
        "z": 0.4524695873260498
    },
    "tangent2": {
        "x": 0.2867724895477295,
        "y": 3.270423173904419,
        "z": 0.4100937247276306
    },
    "endPos": {
        "x": 0.060574546456336978,
        "y": 5.255443572998047,
        "z": 0.7117903232574463
    }
}