{
    "_horizontalLines": 19.0,
    "_verticalLines": 18.0,
    "_radius": 0.06878466159105301,
    "_petalColour": {
        "r": 0.6913297176361084,
        "g": 0.9080777168273926,
        "b": 0.19247829914093018,
        "a": 1.0
    },
    "_cylinderVertexCount": 14.0,
    "_stemRadius": 0.034246183931827548,
    "_leafCount": 8.0,
    "_edgeRingCount": 15.0,
    "startPos": {
        "x": 0.0,
        "y": 0.0,
        "z": 0.0
    },
    "tangent1": {
        "x": 0.089664027094841,
        "y": 0.3398817181587219,
        "z": 0.004846143536269665
    },
    "tangent2": {
        "x": -0.06029915809631348,
        "y": 1.8630499839782715,
        "z": -0.3581828474998474
    },
    "endPos": {
        "x": 0.6480790376663208,
        "y": 4.0,
        "z": -0.9439687728881836
    }
}