{
    "_horizontalLines": 19.0,
    "_verticalLines": 15.0,
    "_radius": 0.06824622303247452,
    "_petalColour": {
        "r": 0.05565500259399414,
        "g": 0.33169037103652956,
        "b": 0.11244785785675049,
        "a": 1.0
    },
    "_cylinderVertexCount": 9.0,
    "_stemRadius": 0.05238983780145645,
    "_leafCount": 8.0,
    "_edgeRingCount": 22.0,
    "startPos": {
        "x": 0.0,
        "y": 0.0,
        "z": 0.0
    },
    "tangent1": {
        "x": -0.4151076376438141,
        "y": 0.6957706212997437,
        "z": 0.02190394327044487
    },
    "tangent2": {
        "x": -0.34708064794540408,
        "y": 0.7881770730018616,
        "z": -0.3443773686885834
    },
    "endPos": {
        "x": -0.13481326401233674,
        "y": 4.0,
        "z": 0.40684375166893008
    }
}