{
    "_horizontalLines": 16.0,
    "_verticalLines": 17.0,
    "_radius": 0.08940434455871582,
    "_petalColour": {
        "r": 0.3340429663658142,
        "g": 0.8023139238357544,
        "b": 0.6730207204818726,
        "a": 1.0
    },
    "_cylinderVertexCount": 10.0,
    "_stemRadius": 0.05822998657822609,
    "_leafCount": 8.0,
    "_edgeRingCount": 55.0,
    "startPos": {
        "x": 0.0,
        "y": 0.0,
        "z": 0.0
    },
    "tangent1": {
        "x": -0.4993351101875305,
        "y": 1.5143389701843262,
        "z": -0.08083195984363556
    },
    "tangent2": {
        "x": -0.5400688648223877,
        "y": 2.5039496421813967,
        "z": -0.3257817327976227
    },
    "endPos": {
        "x": -1.3129428625106812,
        "y": 4.219137191772461,
        "z": -0.8169770240783691
    }
}