{
    "_horizontalLines": 15.0,
    "_verticalLines": 17.0,
    "_radius": 0.11042672395706177,
    "_petalColour": {
        "r": 0.2700408101081848,
        "g": 0.02749800682067871,
        "b": 0.2021174430847168,
        "a": 1.0
    },
    "_cylinderVertexCount": 13.0,
    "_stemRadius": 0.06275863945484162,
    "_leafCount": 8.0,
    "_edgeRingCount": 42.0,
    "startPos": {
        "x": 0.0,
        "y": 0.0,
        "z": 0.0
    },
    "tangent1": {
        "x": -0.4343222677707672,
        "y": 1.9688231945037842,
        "z": -0.2279171496629715
    },
    "tangent2": {
        "x": -0.8906733989715576,
        "y": 2.2918992042541506,
        "z": -0.012480601668357849
    },
    "endPos": {
        "x": -0.17860770225524903,
        "y": 4.151826858520508,
        "z": 0.05381172150373459
    }
}