{
    "_horizontalLines": 18.0,
    "_verticalLines": 15.0,
    "_radius": 0.12251342087984085,
    "_petalColour": {
        "r": 0.10173153877258301,
        "g": 0.2348175048828125,
        "b": 0.6057727932929993,
        "a": 1.0
    },
    "_cylinderVertexCount": 13.0,
    "_stemRadius": 0.10550399124622345,
    "_leafCount": 8.0,
    "_edgeRingCount": 42.0,
    "startPos": {
        "x": 0.0,
        "y": 0.0,
        "z": 0.0
    },
    "tangent1": {
        "x": -0.33148422837257388,
        "y": 1.2442673444747925,
        "z": -0.22644834220409394
    },
    "tangent2": {
        "x": -0.5099982619285584,
        "y": 1.7358264923095704,
        "z": -0.08812780678272248
    },
    "endPos": {
        "x": -0.14167040586471559,
        "y": 4.0,
        "z": -0.7212430834770203
    }
}