{
    "_horizontalLines": 13.0,
    "_verticalLines": 13.0,
    "_radius": 0.10762647539377213,
    "_petalColour": {
        "r": 0.7165448665618897,
        "g": 0.014857888221740723,
        "b": 0.8816912174224854,
        "a": 1.0
    },
    "_cylinderVertexCount": 7.0,
    "_stemRadius": 0.07365629076957703,
    "_leafCount": 8.0,
    "_edgeRingCount": 16.0,
    "startPos": {
        "x": -0.05759856849908829,
        "y": 0.9569961428642273,
        "z": 0.16174755990505219
    },
    "tangent1": {
        "x": 0.23647168278694154,
        "y": 1.7343829870224,
        "z": -0.02343815565109253
    },
    "tangent2": {
        "x": 0.44584885239601138,
        "y": 2.8128256797790529,
        "z": -0.19214119017124177
    },
    "endPos": {
        "x": 0.4131617546081543,
        "y": 3.9421987533569338,
        "z": -0.06312249600887299
    }
}