{
    "_horizontalLines": 19.0,
    "_verticalLines": 15.0,
    "_radius": 0.04533474147319794,
    "_petalColour": {
        "r": 0.49486619234085085,
        "g": 0.835978627204895,
        "b": 0.9558418989181519,
        "a": 1.0
    },
    "_cylinderVertexCount": 12.0,
    "_stemRadius": 0.0422779805958271,
    "_leafCount": 8.0,
    "_edgeRingCount": 61.0,
    "startPos": {
        "x": 0.0,
        "y": 0.0,
        "z": 0.0
    },
    "tangent1": {
        "x": -0.38857385516166689,
        "y": 0.2310216873884201,
        "z": 0.19822047650814057
    },
    "tangent2": {
        "x": -0.13427814841270448,
        "y": 2.1048223972320558,
        "z": 0.38444826006889346
    },
    "endPos": {
        "x": -0.26563704013824465,
        "y": 5.2835307121276859,
        "z": 0.126611590385437
    }
}