{
    "_horizontalLines": 16.0,
    "_verticalLines": 16.0,
    "_radius": 0.06973690539598465,
    "_petalColour": {
        "r": 0.6665807962417603,
        "g": 0.3297279477119446,
        "b": 0.6898136138916016,
        "a": 1.0
    },
    "_cylinderVertexCount": 12.0,
    "_stemRadius": 0.05404554679989815,
    "_leafCount": 8.0,
    "_edgeRingCount": 19.0,
    "startPos": {
        "x": 0.0,
        "y": 0.0,
        "z": 0.0
    },
    "tangent1": {
        "x": -0.21410222351551057,
        "y": 0.9561874270439148,
        "z": -0.22619132697582246
    },
    "tangent2": {
        "x": -0.48696523904800417,
        "y": 2.0636839866638185,
        "z": -0.4241797924041748
    },
    "endPos": {
        "x": -0.37564796209335329,
        "y": 4.861927032470703,
        "z": -0.21462135016918183
    }
}