{
    "_horizontalLines": 19.0,
    "_verticalLines": 18.0,
    "_radius": 0.04496379569172859,
    "_petalColour": {
        "r": 0.5024648308753967,
        "g": 0.25482624769210818,
        "b": 0.28424733877182009,
        "a": 1.0
    },
    "_cylinderVertexCount": 9.0,
    "_stemRadius": 0.04162927716970444,
    "_leafCount": 8.0,
    "_edgeRingCount": 33.0,
    "startPos": {
        "x": 0.0,
        "y": 0.0,
        "z": 0.0
    },
    "tangent1": {
        "x": 0.21693143248558045,
        "y": 1.059303641319275,
        "z": -0.3292412757873535
    },
    "tangent2": {
        "x": 0.11501388251781464,
        "y": 1.3237383365631104,
        "z": -0.5271691679954529
    },
    "endPos": {
        "x": 0.10618031769990921,
        "y": 4.131861209869385,
        "z": -1.3929247856140137
    }
}