{
    "_horizontalLines": 18.0,
    "_verticalLines": 16.0,
    "_radius": 0.12838463485240937,
    "_petalColour": {
        "r": 0.5233214497566223,
        "g": 0.40597277879714968,
        "b": 0.15167534351348878,
        "a": 1.0
    },
    "_cylinderVertexCount": 9.0,
    "_stemRadius": 0.10452581942081452,
    "_leafCount": 8.0,
    "_edgeRingCount": 45.0,
    "startPos": {
        "x": 0.0,
        "y": 0.0,
        "z": 0.0
    },
    "tangent1": {
        "x": -0.05391125753521919,
        "y": 1.0579036474227906,
        "z": -0.18411283195018769
    },
    "tangent2": {
        "x": 0.23077492415905,
        "y": 1.4039359092712403,
        "z": -0.5879654884338379
    },
    "endPos": {
        "x": -0.1992441862821579,
        "y": 4.0,
        "z": -0.6893668174743652
    }
}