{
    "_horizontalLines": 17.0,
    "_verticalLines": 16.0,
    "_radius": 0.11585091054439545,
    "_petalColour": {
        "r": 0.27726393938064577,
        "g": 0.6761041879653931,
        "b": 0.22781574726104737,
        "a": 1.0
    },
    "_cylinderVertexCount": 8.0,
    "_stemRadius": 0.09519459307193756,
    "_leafCount": 8.0,
    "_edgeRingCount": 33.0,
    "startPos": {
        "x": 0.0,
        "y": 0.0,
        "z": 0.0
    },
    "tangent1": {
        "x": 0.2775106430053711,
        "y": 1.8022063970565797,
        "z": 0.21772775053977967
    },
    "tangent2": {
        "x": 0.6859680414199829,
        "y": 3.2758355140686037,
        "z": -0.15092629194259644
    },
    "endPos": {
        "x": 0.7503407001495361,
        "y": 4.0,
        "z": -0.44902440905570986
    }
}