{
    "_horizontalLines": 15.0,
    "_verticalLines": 16.0,
    "_radius": 0.11870360374450684,
    "_petalColour": {
        "r": 0.3299160599708557,
        "g": 0.8247067928314209,
        "b": 0.6875057220458984,
        "a": 1.0
    },
    "_cylinderVertexCount": 11.0,
    "_stemRadius": 0.07782704383134842,
    "_leafCount": 8.0,
    "_edgeRingCount": 45.0,
    "startPos": {
        "x": 0.0,
        "y": 0.0,
        "z": 0.0
    },
    "tangent1": {
        "x": 0.43704596161842348,
        "y": 0.29355698823928835,
        "z": 0.40017881989479067
    },
    "tangent2": {
        "x": 0.7059565782546997,
        "y": 1.2446918487548829,
        "z": 0.2756999731063843
    },
    "endPos": {
        "x": 0.636687159538269,
        "y": 4.384523391723633,
        "z": -0.5280430912971497
    }
}