{
    "_horizontalLines": 13.0,
    "_verticalLines": 11.0,
    "_radius": 0.0939919650554657,
    "_petalColour": {
        "r": 0.45351260900497439,
        "g": 0.7553448677062988,
        "b": 0.07927560806274414,
        "a": 1.0
    },
    "_cylinderVertexCount": 11.0,
    "_stemRadius": 0.0625123605132103,
    "_leafCount": 8.0,
    "_edgeRingCount": 25.0,
    "startPos": {
        "x": -0.13750414550304414,
        "y": 0.902918815612793,
        "z": 0.044146277010440829
    },
    "tangent1": {
        "x": -0.4348316788673401,
        "y": 1.1351935863494874,
        "z": -0.4178414046764374
    },
    "tangent2": {
        "x": -0.0016079545021057129,
        "y": 2.7876803874969484,
        "z": -0.8834195733070374
    },
    "endPos": {
        "x": 0.020552480593323709,
        "y": 3.3516225814819338,
        "z": -0.47216737270355227
    }
}