{
    "_horizontalLines": 15.0,
    "_verticalLines": 19.0,
    "_radius": 0.09224525839090347,
    "_petalColour": {
        "r": 0.5006049275398254,
        "g": 0.41307729482650759,
        "b": 0.329933226108551,
        "a": 1.0
    },
    "_cylinderVertexCount": 12.0,
    "_stemRadius": 0.06172706186771393,
    "_leafCount": 8.0,
    "_edgeRingCount": 31.0,
    "startPos": {
        "x": 0.0,
        "y": 0.0,
        "z": 0.0
    },
    "tangent1": {
        "x": -0.18876437842845918,
        "y": 0.0951501876115799,
        "z": -0.1553148776292801
    },
    "tangent2": {
        "x": 0.2656424641609192,
        "y": 1.2650988101959229,
        "z": -0.44285064935684206
    },
    "endPos": {
        "x": -0.4743926525115967,
        "y": 4.034343719482422,
        "z": -0.6356328725814819
    }
}