{
    "_horizontalLines": 19.0,
    "_verticalLines": 18.0,
    "_radius": 0.10402218997478485,
    "_petalColour": {
        "r": 0.09748291969299317,
        "g": 0.8037774562835693,
        "b": 0.5323825478553772,
        "a": 1.0
    },
    "_cylinderVertexCount": 7.0,
    "_stemRadius": 0.06879237294197083,
    "_leafCount": 8.0,
    "_edgeRingCount": 39.0,
    "startPos": {
        "x": 0.0,
        "y": 0.0,
        "z": 0.0
    },
    "tangent1": {
        "x": 0.03225297853350639,
        "y": 0.15855006873607636,
        "z": -0.35996484756469729
    },
    "tangent2": {
        "x": 0.30929476022720339,
        "y": 0.42406272888183596,
        "z": -0.6878372430801392
    },
    "endPos": {
        "x": -0.2785988450050354,
        "y": 4.0,
        "z": -0.5990785956382752
    }
}