{
    "_horizontalLines": 19.0,
    "_verticalLines": 18.0,
    "_radius": 0.09676934778690338,
    "_petalColour": {
        "r": 0.904140830039978,
        "g": 0.24029386043548585,
        "b": 0.47206777334213259,
        "a": 1.0
    },
    "_cylinderVertexCount": 10.0,
    "_stemRadius": 0.08451396226882935,
    "_leafCount": 8.0,
    "_edgeRingCount": 50.0,
    "startPos": {
        "x": 0.0,
        "y": 0.0,
        "z": 0.0
    },
    "tangent1": {
        "x": 0.0683555155992508,
        "y": 1.9478648900985718,
        "z": -0.24074916541576386
    },
    "tangent2": {
        "x": -0.07702860236167908,
        "y": 3.869133710861206,
        "z": 0.24206046760082246
    },
    "endPos": {
        "x": 0.5880422592163086,
        "y": 5.490962505340576,
        "z": 0.22464467585086823
    }
}