{
    "_horizontalLines": 16.0,
    "_verticalLines": 19.0,
    "_radius": 0.038863666355609897,
    "_petalColour": {
        "r": 0.12976610660552979,
        "g": 0.4101986289024353,
        "b": 0.5131004452705383,
        "a": 1.0
    },
    "_cylinderVertexCount": 7.0,
    "_stemRadius": 0.02651892974972725,
    "_leafCount": 8.0,
    "_edgeRingCount": 4.0,
    "startPos": {
        "x": 0.0,
        "y": 0.0,
        "z": 0.0
    },
    "tangent1": {
        "x": 0.13120877742767335,
        "y": 0.18297500908374787,
        "z": -0.22905616462230683
    },
    "tangent2": {
        "x": 0.22695176303386689,
        "y": 1.276867151260376,
        "z": 0.13171203434467317
    },
    "endPos": {
        "x": 0.9795566201210022,
        "y": 4.0,
        "z": -0.6700085997581482
    }
}