{
    "_horizontalLines": 16.0,
    "_verticalLines": 19.0,
    "_radius": 0.07281570881605149,
    "_petalColour": {
        "r": 0.9017480611801148,
        "g": 0.7547906637191773,
        "b": 0.7608640193939209,
        "a": 1.0
    },
    "_cylinderVertexCount": 12.0,
    "_stemRadius": 0.028252901509404184,
    "_leafCount": 8.0,
    "_edgeRingCount": 24.0,
    "startPos": {
        "x": 0.0,
        "y": 0.0,
        "z": 0.0
    },
    "tangent1": {
        "x": -0.04887504503130913,
        "y": 0.1940891295671463,
        "z": -0.31322145462036135
    },
    "tangent2": {
        "x": 0.3057197630405426,
        "y": 1.7835904359817505,
        "z": 0.020568370819091798
    },
    "endPos": {
        "x": -0.10498690605163574,
        "y": 4.0,
        "z": 0.5379860997200012
    }
}