{
    "_horizontalLines": 17.0,
    "_verticalLines": 15.0,
    "_radius": 0.07157266139984131,
    "_petalColour": {
        "r": 0.6353596448898315,
        "g": 0.8287254571914673,
        "b": 0.2447875738143921,
        "a": 1.0
    },
    "_cylinderVertexCount": 10.0,
    "_stemRadius": 0.05642985552549362,
    "_leafCount": 8.0,
    "_edgeRingCount": 3.0,
    "startPos": {
        "x": 0.0,
        "y": 0.0,
        "z": 0.0
    },
    "tangent1": {
        "x": -0.03976292535662651,
        "y": 0.8211450576782227,
        "z": 0.24660325050354005
    },
    "tangent2": {
        "x": -0.4192327857017517,
        "y": 1.6309387683868409,
        "z": 0.23681946098804475
    },
    "endPos": {
        "x": -0.46152713894844057,
        "y": 4.0,
        "z": 0.5773658752441406
    }
}