{
    "_horizontalLines": 16.0,
    "_verticalLines": 15.0,
    "_radius": 0.09093374758958817,
    "_petalColour": {
        "r": 0.2056065797805786,
        "g": 0.46744996309280398,
        "b": 0.8020272254943848,
        "a": 1.0
    },
    "_cylinderVertexCount": 6.0,
    "_stemRadius": 0.07148929685354233,
    "_leafCount": 8.0,
    "_edgeRingCount": 63.0,
    "startPos": {
        "x": 0.0,
        "y": 0.0,
        "z": 0.0
    },
    "tangent1": {
        "x": -0.47440585494041445,
        "y": 0.142567440867424,
        "z": -0.3875814378261566
    },
    "tangent2": {
        "x": -0.5219212174415588,
        "y": 0.19345474243164063,
        "z": -0.21038781106472016
    },
    "endPos": {
        "x": -0.8565294742584229,
        "y": 4.0,
        "z": -0.8990414142608643
    }
}