{
    "_horizontalLines": 17.0,
    "_verticalLines": 18.0,
    "_radius": 0.1359286606311798,
    "_petalColour": {
        "r": 0.291057288646698,
        "g": 0.4840938448905945,
        "b": 0.6819545030593872,
        "a": 1.0
    },
    "_cylinderVertexCount": 5.0,
    "_stemRadius": 0.08996812254190445,
    "_leafCount": 8.0,
    "_edgeRingCount": 3.0,
    "startPos": {
        "x": 0.0,
        "y": 0.0,
        "z": 0.0
    },
    "tangent1": {
        "x": -0.4071837365627289,
        "y": 0.7574447393417358,
        "z": 0.4035128653049469
    },
    "tangent2": {
        "x": -0.8697282671928406,
        "y": 2.4305782318115236,
        "z": 0.06708413362503052
    },
    "endPos": {
        "x": -0.7609319090843201,
        "y": 4.0,
        "z": 0.13554146885871888
    }
}