{
    "_horizontalLines": 16.0,
    "_verticalLines": 16.0,
    "_radius": 0.05896352231502533,
    "_petalColour": {
        "r": 0.4759846329689026,
        "g": 0.18492841720581056,
        "b": 0.04184389114379883,
        "a": 1.0
    },
    "_cylinderVertexCount": 6.0,
    "_stemRadius": 0.04901130497455597,
    "_leafCount": 8.0,
    "_edgeRingCount": 21.0,
    "startPos": {
        "x": 0.0,
        "y": 0.0,
        "z": 0.0
    },
    "tangent1": {
        "x": 0.2737845182418823,
        "y": 1.4128905534744263,
        "z": 0.16240404546260835
    },
    "tangent2": {
        "x": 0.7037336826324463,
        "y": 1.7137031555175782,
        "z": 0.0023293793201446535
    },
    "endPos": {
        "x": 1.502258539199829,
        "y": 4.0,
        "z": 0.6618671417236328
    }
}