{
    "_horizontalLines": 19.0,
    "_verticalLines": 17.0,
    "_radius": 0.1366328001022339,
    "_petalColour": {
        "r": 0.4978838562965393,
        "g": 0.6150532364845276,
        "b": 0.11126017570495606,
        "a": 1.0
    },
    "_cylinderVertexCount": 10.0,
    "_stemRadius": 0.1116153672337532,
    "_leafCount": 8.0,
    "_edgeRingCount": 62.0,
    "startPos": {
        "x": 0.0,
        "y": 0.0,
        "z": 0.0
    },
    "tangent1": {
        "x": 0.007828044705092907,
        "y": 0.19059772789478303,
        "z": -0.2251700907945633
    },
    "tangent2": {
        "x": 0.4110899567604065,
        "y": 1.963089942932129,
        "z": 0.1287776380777359
    },
    "endPos": {
        "x": 0.1476592719554901,
        "y": 4.445925235748291,
        "z": -0.7117853760719299
    }
}