{
    "_horizontalLines": 19.0,
    "_verticalLines": 16.0,
    "_radius": 0.15265877544879914,
    "_petalColour": {
        "r": 0.12180650234222412,
        "g": 0.6411043405532837,
        "b": 0.6392660140991211,
        "a": 1.0
    },
    "_cylinderVertexCount": 7.0,
    "_stemRadius": 0.11494116485118866,
    "_leafCount": 8.0,
    "_edgeRingCount": 32.0,
    "startPos": {
        "x": 0.0,
        "y": 0.0,
        "z": 0.0
    },
    "tangent1": {
        "x": -0.06398110091686249,
        "y": 1.623100996017456,
        "z": 0.08724693953990936
    },
    "tangent2": {
        "x": -0.309161901473999,
        "y": 1.6336250305175782,
        "z": 0.5063296556472778
    },
    "endPos": {
        "x": -0.9406293034553528,
        "y": 4.0,
        "z": -0.2957361340522766
    }
}