{
    "_horizontalLines": 18.0,
    "_verticalLines": 17.0,
    "_radius": 0.061113931238651279,
    "_petalColour": {
        "r": 0.2586342692375183,
        "g": 0.6427476406097412,
        "b": 0.20422089099884034,
        "a": 1.0
    },
    "_cylinderVertexCount": 6.0,
    "_stemRadius": 0.04048927500844002,
    "_leafCount": 8.0,
    "_edgeRingCount": 38.0,
    "startPos": {
        "x": 0.0,
        "y": 0.0,
        "z": 0.0
    },
    "tangent1": {
        "x": 0.3073180913925171,
        "y": 1.2897902727127076,
        "z": -0.23396281898021699
    },
    "tangent2": {
        "x": -0.09977418184280396,
        "y": 2.0696463584899904,
        "z": -0.02422209084033966
    },
    "endPos": {
        "x": 0.3041571080684662,
        "y": 4.3884968757629398,
        "z": -0.6216748356819153
    }
}