{
    "_horizontalLines": 16.0,
    "_verticalLines": 15.0,
    "_radius": 0.09966618567705155,
    "_petalColour": {
        "r": 0.581919252872467,
        "g": 0.946976900100708,
        "b": 0.5683082938194275,
        "a": 1.0
    },
    "_cylinderVertexCount": 11.0,
    "_stemRadius": 0.0514228530228138,
    "_leafCount": 8.0,
    "_edgeRingCount": 26.0,
    "startPos": {
        "x": 0.0,
        "y": 0.0,
        "z": 0.0
    },
    "tangent1": {
        "x": -0.01903681829571724,
        "y": 0.23356513679027558,
        "z": -0.13987259566783906
    },
    "tangent2": {
        "x": 0.04498576745390892,
        "y": 1.063079595565796,
        "z": 0.2589055895805359
    },
    "endPos": {
        "x": 0.2953135669231415,
        "y": 4.0,
        "z": 0.026792123913764955
    }
}