{
    "_horizontalLines": 15.0,
    "_verticalLines": 16.0,
    "_radius": 0.0467548705637455,
    "_petalColour": {
        "r": 0.337005078792572,
        "g": 0.8139207363128662,
        "b": 0.036710262298583987,
        "a": 1.0
    },
    "_cylinderVertexCount": 7.0,
    "_stemRadius": 0.04549635946750641,
    "_leafCount": 8.0,
    "_edgeRingCount": 44.0,
    "startPos": {
        "x": 0.0,
        "y": 0.0,
        "z": 0.0
    },
    "tangent1": {
        "x": 0.16344869136810304,
        "y": 1.6174945831298829,
        "z": 0.002089214278385043
    },
    "tangent2": {
        "x": 0.434444397687912,
        "y": 1.7156932353973389,
        "z": -0.08067354559898377
    },
    "endPos": {
        "x": 0.15270555019378663,
        "y": 4.0,
        "z": 0.5877406597137451
    }
}