{
    "_horizontalLines": 18.0,
    "_verticalLines": 16.0,
    "_radius": 0.12670782208442689,
    "_petalColour": {
        "r": 0.7605025768280029,
        "g": 0.16492390632629395,
        "b": 0.9743791818618774,
        "a": 1.0
    },
    "_cylinderVertexCount": 6.0,
    "_stemRadius": 0.08394245058298111,
    "_leafCount": 8.0,
    "_edgeRingCount": 55.0,
    "startPos": {
        "x": 0.0,
        "y": 0.0,
        "z": 0.0
    },
    "tangent1": {
        "x": 0.2302861213684082,
        "y": 1.0033092498779297,
        "z": 0.19765685498714448
    },
    "tangent2": {
        "x": -0.18224754929542542,
        "y": 1.6690878868103028,
        "z": 0.09399288892745972
    },
    "endPos": {
        "x": -0.2803657054901123,
        "y": 4.0,
        "z": -0.2593213617801666
    }
}