{
    "_horizontalLines": 15.0,
    "_verticalLines": 17.0,
    "_radius": 0.10301206260919571,
    "_petalColour": {
        "r": 0.8733258247375488,
        "g": 0.8655084371566773,
        "b": 0.2592460513114929,
        "a": 1.0
    },
    "_cylinderVertexCount": 6.0,
    "_stemRadius": 0.053223252296447757,
    "_leafCount": 8.0,
    "_edgeRingCount": 31.0,
    "startPos": {
        "x": 0.0,
        "y": 0.0,
        "z": 0.0
    },
    "tangent1": {
        "x": 0.002214145613834262,
        "y": 0.7199476361274719,
        "z": -0.45412197709083559
    },
    "tangent2": {
        "x": 0.14067964255809785,
        "y": 0.7704143524169922,
        "z": -0.3027464747428894
    },
    "endPos": {
        "x": 0.23528343439102174,
        "y": 4.0,
        "z": 0.16150078177452088
    }
}