{
    "_horizontalLines": 16.0,
    "_verticalLines": 19.0,
    "_radius": 0.10494190454483032,
    "_petalColour": {
        "r": 0.6445045471191406,
        "g": 0.5561787486076355,
        "b": 0.8924548625946045,
        "a": 1.0
    },
    "_cylinderVertexCount": 6.0,
    "_stemRadius": 0.10248836129903794,
    "_leafCount": 8.0,
    "_edgeRingCount": 27.0,
    "startPos": {
        "x": 0.0,
        "y": 0.0,
        "z": 0.0
    },
    "tangent1": {
        "x": -0.3976608216762543,
        "y": 0.9173715710639954,
        "z": 0.24420678615570069
    },
    "tangent2": {
        "x": -0.2728121876716614,
        "y": 1.8019739389419556,
        "z": 0.5818768739700317
    },
    "endPos": {
        "x": -0.560470700263977,
        "y": 4.415375709533691,
        "z": 0.9780963063240051
    }
}