{
    "_horizontalLines": 17.0,
    "_verticalLines": 16.0,
    "_radius": 0.07455538213253021,
    "_petalColour": {
        "r": 0.7658783197402954,
        "g": 0.9607093334197998,
        "b": 0.16995453834533692,
        "a": 1.0
    },
    "_cylinderVertexCount": 11.0,
    "_stemRadius": 0.06163672357797623,
    "_leafCount": 8.0,
    "_edgeRingCount": 36.0,
    "startPos": {
        "x": 0.0,
        "y": 0.0,
        "z": 0.0
    },
    "tangent1": {
        "x": -0.48081129789352419,
        "y": 1.7988094091415406,
        "z": -0.11167784035205841
    },
    "tangent2": {
        "x": -0.6567096710205078,
        "y": 2.627000331878662,
        "z": 0.2818390727043152
    },
    "endPos": {
        "x": -0.7910473346710205,
        "y": 4.986780166625977,
        "z": 0.839588463306427
    }
}