{
    "_horizontalLines": 15.0,
    "_verticalLines": 15.0,
    "_radius": 0.13650402426719666,
    "_petalColour": {
        "r": 0.5715388655662537,
        "g": 0.6275262832641602,
        "b": 0.5033174157142639,
        "a": 1.0
    },
    "_cylinderVertexCount": 5.0,
    "_stemRadius": 0.12348850816488266,
    "_leafCount": 8.0,
    "_edgeRingCount": 11.0,
    "startPos": {
        "x": 0.0,
        "y": 0.0,
        "z": 0.0
    },
    "tangent1": {
        "x": 0.1331559121608734,
        "y": 0.7407254576683044,
        "z": -0.30319681763648989
    },
    "tangent2": {
        "x": -0.1439897119998932,
        "y": 2.3520009517669679,
        "z": -0.6947639584541321
    },
    "endPos": {
        "x": -0.6420506238937378,
        "y": 4.0,
        "z": -1.0255224704742432
    }
}