{
    "_horizontalLines": 15.0,
    "_verticalLines": 19.0,
    "_radius": 0.08171627670526505,
    "_petalColour": {
        "r": 0.01699376106262207,
        "g": 0.4710295796394348,
        "b": 0.31680911779403689,
        "a": 1.0
    },
    "_cylinderVertexCount": 9.0,
    "_stemRadius": 0.07942353188991547,
    "_leafCount": 8.0,
    "_edgeRingCount": 61.0,
    "startPos": {
        "x": 0.0,
        "y": 0.0,
        "z": 0.0
    },
    "tangent1": {
        "x": 0.18349526822566987,
        "y": 0.11898727715015412,
        "z": 0.4109092652797699
    },
    "tangent2": {
        "x": 0.1318027377128601,
        "y": 1.5096518993377686,
        "z": 0.22744716703891755
    },
    "endPos": {
        "x": 0.15616711974143983,
        "y": 4.0,
        "z": 0.3967798054218292
    }
}