{
    "_horizontalLines": 18.0,
    "_verticalLines": 16.0,
    "_radius": 0.08292992413043976,
    "_petalColour": {
        "r": 0.08229482173919678,
        "g": 0.21740245819091798,
        "b": 0.5774734616279602,
        "a": 1.0
    },
    "_cylinderVertexCount": 7.0,
    "_stemRadius": 0.07732505351305008,
    "_leafCount": 8.0,
    "_edgeRingCount": 53.0,
    "startPos": {
        "x": 0.0,
        "y": 0.0,
        "z": 0.0
    },
    "tangent1": {
        "x": -0.10030408203601837,
        "y": 0.8603132367134094,
        "z": 0.34034213423728945
    },
    "tangent2": {
        "x": -0.025794506072998048,
        "y": 1.2249889373779297,
        "z": 0.18542851507663728
    },
    "endPos": {
        "x": -0.3130848705768585,
        "y": 4.0,
        "z": 0.4872574210166931
    }
}