{
    "_horizontalLines": 19.0,
    "_verticalLines": 15.0,
    "_radius": 0.06626370549201966,
    "_petalColour": {
        "r": 0.9070128202438355,
        "g": 0.7073739767074585,
        "b": 0.061434149742126468,
        "a": 1.0
    },
    "_cylinderVertexCount": 7.0,
    "_stemRadius": 0.03038128837943077,
    "_leafCount": 8.0,
    "_edgeRingCount": 28.0,
    "startPos": {
        "x": 0.0,
        "y": 0.0,
        "z": 0.0
    },
    "tangent1": {
        "x": 0.30689847469329836,
        "y": 0.7116116881370544,
        "z": 0.25258147716522219
    },
    "tangent2": {
        "x": 0.463008850812912,
        "y": 2.1460163593292238,
        "z": -0.19187575578689576
    },
    "endPos": {
        "x": 0.6836655735969544,
        "y": 4.975648403167725,
        "z": 0.38558298349380495
    }
}