{
    "_horizontalLines": 19.0,
    "_verticalLines": 18.0,
    "_radius": 0.08617298305034638,
    "_petalColour": {
        "r": 0.42524832487106326,
        "g": 0.826573371887207,
        "b": 0.841843843460083,
        "a": 1.0
    },
    "_cylinderVertexCount": 8.0,
    "_stemRadius": 0.07583820819854737,
    "_leafCount": 8.0,
    "_edgeRingCount": 20.0,
    "startPos": {
        "x": 0.0,
        "y": 0.0,
        "z": 0.0
    },
    "tangent1": {
        "x": -0.32340192794799807,
        "y": 1.3941264152526856,
        "z": 0.2676587998867035
    },
    "tangent2": {
        "x": -0.6755975484848023,
        "y": 1.4716894626617432,
        "z": 0.2557426989078522
    },
    "endPos": {
        "x": -0.3958917558193207,
        "y": 4.0,
        "z": -0.38617369532585146
    }
}