{
    "_horizontalLines": 18.0,
    "_verticalLines": 18.0,
    "_radius": 0.12494742125272751,
    "_petalColour": {
        "r": 0.04845583438873291,
        "g": 0.5517111420631409,
        "b": 0.9645223617553711,
        "a": 1.0
    },
    "_cylinderVertexCount": 9.0,
    "_stemRadius": 0.08359958231449127,
    "_leafCount": 8.0,
    "_edgeRingCount": 52.0,
    "startPos": {
        "x": 0.0,
        "y": 0.0,
        "z": 0.0
    },
    "tangent1": {
        "x": -0.35454675555229189,
        "y": 0.16618137061595918,
        "z": 0.09547729790210724
    },
    "tangent2": {
        "x": -0.29923394322395327,
        "y": 1.739222764968872,
        "z": -0.22076483070850373
    },
    "endPos": {
        "x": -0.44376713037490847,
        "y": 4.0,
        "z": 0.4032174348831177
    }
}