{
    "_horizontalLines": 17.0,
    "_verticalLines": 19.0,
    "_radius": 0.1178271695971489,
    "_petalColour": {
        "r": 0.7997570037841797,
        "g": 0.16873955726623536,
        "b": 0.6385079622268677,
        "a": 1.0
    },
    "_cylinderVertexCount": 12.0,
    "_stemRadius": 0.07143513113260269,
    "_leafCount": 8.0,
    "_edgeRingCount": 28.0,
    "startPos": {
        "x": 0.0,
        "y": 0.0,
        "z": 0.0
    },
    "tangent1": {
        "x": 0.0029141425620764496,
        "y": 0.15210895240306855,
        "z": 0.33477410674095156
    },
    "tangent2": {
        "x": -0.4775070250034332,
        "y": 1.4343445301055909,
        "z": 0.31435659527778628
    },
    "endPos": {
        "x": 0.1734885275363922,
        "y": 4.0,
        "z": 0.37271207571029665
    }
}