{
    "_horizontalLines": 18.0,
    "_verticalLines": 19.0,
    "_radius": 0.04408629238605499,
    "_petalColour": {
        "r": 0.29069167375564577,
        "g": 0.5953269600868225,
        "b": 0.20829999446868897,
        "a": 1.0
    },
    "_cylinderVertexCount": 11.0,
    "_stemRadius": 0.02982420101761818,
    "_leafCount": 8.0,
    "_edgeRingCount": 16.0,
    "startPos": {
        "x": 0.0,
        "y": 0.0,
        "z": 0.0
    },
    "tangent1": {
        "x": -0.04831724241375923,
        "y": 0.5917255282402039,
        "z": -0.225495383143425
    },
    "tangent2": {
        "x": -0.3238862156867981,
        "y": 1.2210103273391724,
        "z": -0.03698521852493286
    },
    "endPos": {
        "x": -1.0343446731567383,
        "y": 4.193645000457764,
        "z": -0.07790562510490418
    }
}