{
    "_horizontalLines": 11.0,
    "_verticalLines": 11.0,
    "_radius": 0.015340709127485752,
    "_petalColour": {
        "r": 0.534602701663971,
        "g": 0.5785353779792786,
        "b": 0.9380514621734619,
        "a": 1.0
    },
    "_cylinderVertexCount": 7.0,
    "_stemRadius": -0.000864648085553199,
    "_leafCount": 8.0,
    "_edgeRingCount": 6.0,
    "startPos": {
        "x": -0.24692344665527345,
        "y": 0.3610386550426483,
        "z": 0.09143608808517456
    },
    "tangent1": {
        "x": -0.5056654214859009,
        "y": 0.5317112803459168,
        "z": 0.13811220228672028
    },
    "tangent2": {
        "x": -0.7921580076217651,
        "y": 1.5035357475280762,
        "z": 0.07049521803855896
    },
    "endPos": {
        "x": -0.4801709055900574,
        "y": 1.678195834159851,
        "z": -0.7535173892974854
    }
}