{
    "_horizontalLines": 16.0,
    "_verticalLines": 17.0,
    "_radius": 0.07118700444698334,
    "_petalColour": {
        "r": 0.5672773718833923,
        "g": 0.08754658699035645,
        "b": 0.10396754741668701,
        "a": 1.0
    },
    "_cylinderVertexCount": 14.0,
    "_stemRadius": 0.024758152663707734,
    "_leafCount": 8.0,
    "_edgeRingCount": 63.0,
    "startPos": {
        "x": 0.0,
        "y": 0.0,
        "z": 0.0
    },
    "tangent1": {
        "x": -0.10023732483386994,
        "y": 0.6858104467391968,
        "z": -0.17569775879383088
    },
    "tangent2": {
        "x": -0.20728245377540589,
        "y": 2.1098148822784426,
        "z": 0.16466118395328523
    },
    "endPos": {
        "x": 0.5003117322921753,
        "y": 5.532570838928223,
        "z": -0.5403716564178467
    }
}