{
    "_horizontalLines": 19.0,
    "_verticalLines": 16.0,
    "_radius": 0.12611867487430573,
    "_petalColour": {
        "r": 0.697441577911377,
        "g": 0.05631613731384277,
        "b": 0.5131705403327942,
        "a": 1.0
    },
    "_cylinderVertexCount": 9.0,
    "_stemRadius": 0.08685961365699768,
    "_leafCount": 8.0,
    "_edgeRingCount": 28.0,
    "startPos": {
        "x": 0.0,
        "y": 0.0,
        "z": 0.0
    },
    "tangent1": {
        "x": 0.272251695394516,
        "y": 0.7205947637557983,
        "z": 0.22934412956237794
    },
    "tangent2": {
        "x": 0.2897090017795563,
        "y": 2.6576106548309328,
        "z": 0.10180015861988068
    },
    "endPos": {
        "x": 0.16346271336078645,
        "y": 4.0,
        "z": 0.5821937322616577
    }
}