{
    "_horizontalLines": 16.0,
    "_verticalLines": 19.0,
    "_radius": 0.09584411233663559,
    "_petalColour": {
        "r": 0.7987275123596191,
        "g": 0.017473936080932618,
        "b": 0.7124241590499878,
        "a": 1.0
    },
    "_cylinderVertexCount": 14.0,
    "_stemRadius": 0.08875197172164917,
    "_leafCount": 8.0,
    "_edgeRingCount": 40.0,
    "startPos": {
        "x": 0.0,
        "y": 0.0,
        "z": 0.0
    },
    "tangent1": {
        "x": -0.1960265189409256,
        "y": 0.22503165900707246,
        "z": -0.40972059965133669
    },
    "tangent2": {
        "x": 0.09075631201267243,
        "y": 0.6126686334609985,
        "z": -0.8728939294815064
    },
    "endPos": {
        "x": -0.2594314217567444,
        "y": 4.0,
        "z": -1.4700512886047364
    }
}