{
    "_horizontalLines": 16.0,
    "_verticalLines": 19.0,
    "_radius": 0.11215778440237045,
    "_petalColour": {
        "r": 0.3147912621498108,
        "g": 0.09782469272613526,
        "b": 0.8573071956634522,
        "a": 1.0
    },
    "_cylinderVertexCount": 12.0,
    "_stemRadius": 0.06687969714403153,
    "_leafCount": 8.0,
    "_edgeRingCount": 54.0,
    "startPos": {
        "x": 0.0,
        "y": 0.0,
        "z": 0.0
    },
    "tangent1": {
        "x": 0.32843121886253359,
        "y": 0.056792449206113818,
        "z": -0.3669472634792328
    },
    "tangent2": {
        "x": -0.1354469358921051,
        "y": 1.1491777896881104,
        "z": -0.3040364980697632
    },
    "endPos": {
        "x": -0.35667121410369875,
        "y": 4.0,
        "z": 0.5321220755577087
    }
}