{
    "_horizontalLines": 15.0,
    "_verticalLines": 18.0,
    "_radius": 0.07953638583421707,
    "_petalColour": {
        "r": 0.19002532958984376,
        "g": 0.4841920733451843,
        "b": 0.9114620685577393,
        "a": 1.0
    },
    "_cylinderVertexCount": 5.0,
    "_stemRadius": 0.038485895842313769,
    "_leafCount": 8.0,
    "_edgeRingCount": 48.0,
    "startPos": {
        "x": 0.0,
        "y": 0.0,
        "z": 0.0
    },
    "tangent1": {
        "x": 0.0870550125837326,
        "y": 1.060394287109375,
        "z": 0.13824042677879334
    },
    "tangent2": {
        "x": 0.10718664526939392,
        "y": 1.2393615245819092,
        "z": -0.12960290908813477
    },
    "endPos": {
        "x": 0.02855800837278366,
        "y": 4.0,
        "z": -0.5399256944656372
    }
}