{
    "_horizontalLines": 15.0,
    "_verticalLines": 17.0,
    "_radius": 0.10532159358263016,
    "_petalColour": {
        "r": 0.01111149787902832,
        "g": 0.06133687496185303,
        "b": 0.044350385665893558,
        "a": 1.0
    },
    "_cylinderVertexCount": 7.0,
    "_stemRadius": 0.103565514087677,
    "_leafCount": 8.0,
    "_edgeRingCount": 9.0,
    "startPos": {
        "x": 0.0,
        "y": 0.0,
        "z": 0.0
    },
    "tangent1": {
        "x": -0.07953433692455292,
        "y": 1.4545516967773438,
        "z": 0.17998084425926209
    },
    "tangent2": {
        "x": -0.42266303300857546,
        "y": 2.9240260124206545,
        "z": -0.10415592789649964
    },
    "endPos": {
        "x": -0.37741968035697939,
        "y": 5.715183734893799,
        "z": -0.3537101149559021
    }
}