{
    "_horizontalLines": 16.0,
    "_verticalLines": 19.0,
    "_radius": 0.03565535321831703,
    "_petalColour": {
        "r": 0.7967202663421631,
        "g": 0.7610746622085571,
        "b": 0.6010532975196838,
        "a": 1.0
    },
    "_cylinderVertexCount": 14.0,
    "_stemRadius": 0.026446692645549775,
    "_leafCount": 8.0,
    "_edgeRingCount": 37.0,
    "startPos": {
        "x": 0.0,
        "y": 0.0,
        "z": 0.0
    },
    "tangent1": {
        "x": 0.3547588288784027,
        "y": 1.4625858068466187,
        "z": 0.0030261992942541839
    },
    "tangent2": {
        "x": 0.3219321072101593,
        "y": 2.010467052459717,
        "z": -0.13651657104492188
    },
    "endPos": {
        "x": -0.21996483206748963,
        "y": 5.380234718322754,
        "z": -0.11473820358514786
    }
}