{
    "_horizontalLines": 11,
    "_verticalLines": 7,
    "_radius": 0.0767296552658081,
    "_petalColour": {
        "r": 0.766304612159729,
        "g": 0.9477540254592896,
        "b": 0.3168371319770813,
        "a": 1.0
    },
    "_cylinderVertexCount": 9,
    "_stemRadius": 0.03222100809216499,
    "_leafCount": 8,
    "_edgeRingCount": 62,
    "startPos": {
        "x": 0.23449420928955079,
        "y": 0.9183341860771179,
        "z": -0.17207007110118867
    },
    "tangent1": {
        "x": 0.34259384870529177,
        "y": 1.8892148733139039,
        "z": -0.2883208692073822
    },
    "tangent2": {
        "x": 0.48931244015693667,
        "y": 2.6313211917877199,
        "z": -0.31398358941078188
    },
    "endPos": {
        "x": 1.3003865480422974,
        "y": 4.6460466384887699,
        "z": 0.23402485251426698
    }
}