{
    "_horizontalLines": 11.0,
    "_verticalLines": 13.0,
    "_radius": 0.11959666013717652,
    "_petalColour": {
        "r": 0.6892313957214356,
        "g": 0.5349028706550598,
        "b": 0.7828320264816284,
        "a": 1.0
    },
    "_cylinderVertexCount": 8.0,
    "_stemRadius": 0.07292573153972626,
    "_leafCount": 8.0,
    "_edgeRingCount": 52.0,
    "startPos": {
        "x": -0.07240042835474014,
        "y": 0.6398210525512695,
        "z": -0.24636974930763246
    },
    "tangent1": {
        "x": 0.020495273172855378,
        "y": 1.0819814205169678,
        "z": -0.0525684654712677
    },
    "tangent2": {
        "x": -0.12752240896224976,
        "y": 1.6121792793273926,
        "z": -0.5046683549880981
    },
    "endPos": {
        "x": -0.5649222135543823,
        "y": 3.284790515899658,
        "z": 0.33539891242980959
    }
}