{
    "_horizontalLines": 16.0,
    "_verticalLines": 19.0,
    "_radius": 0.0864889845252037,
    "_petalColour": {
        "r": 0.9314838647842407,
        "g": 0.16392087936401368,
        "b": 0.29114848375320437,
        "a": 1.0
    },
    "_cylinderVertexCount": 10.0,
    "_stemRadius": 0.07592463493347168,
    "_leafCount": 8.0,
    "_edgeRingCount": 49.0,
    "startPos": {
        "x": 0.0,
        "y": 0.0,
        "z": 0.0
    },
    "tangent1": {
        "x": 0.3395857810974121,
        "y": 0.2461387664079666,
        "z": -0.11748810112476349
    },
    "tangent2": {
        "x": 0.7716673612594605,
        "y": 1.8285210132598878,
        "z": -0.42223280668258669
    },
    "endPos": {
        "x": 0.4863980710506439,
        "y": 4.779345512390137,
        "z": -0.5471475720405579
    }
}