{
    "_horizontalLines": 18.0,
    "_verticalLines": 18.0,
    "_radius": 0.05216609314084053,
    "_petalColour": {
        "r": 0.33111268281936648,
        "g": 0.12151312828063965,
        "b": 0.7272428274154663,
        "a": 1.0
    },
    "_cylinderVertexCount": 12.0,
    "_stemRadius": 0.04744264483451843,
    "_leafCount": 8.0,
    "_edgeRingCount": 8.0,
    "startPos": {
        "x": 0.0,
        "y": 0.0,
        "z": 0.0
    },
    "tangent1": {
        "x": 0.3282049894332886,
        "y": 1.2208476066589356,
        "z": 0.042460013180971149
    },
    "tangent2": {
        "x": -0.02150222659111023,
        "y": 2.5842905044555666,
        "z": 0.1767134964466095
    },
    "endPos": {
        "x": 0.740918755531311,
        "y": 4.0,
        "z": -0.23861777782440186
    }
}