{
    "_horizontalLines": 19.0,
    "_verticalLines": 15.0,
    "_radius": 0.0727337896823883,
    "_petalColour": {
        "r": 0.8770900964736939,
        "g": 0.8563762903213501,
        "b": 0.6057904362678528,
        "a": 1.0
    },
    "_cylinderVertexCount": 8.0,
    "_stemRadius": 0.0628579631447792,
    "_leafCount": 8.0,
    "_edgeRingCount": 11.0,
    "startPos": {
        "x": 0.0,
        "y": 0.0,
        "z": 0.0
    },
    "tangent1": {
        "x": -0.1748984307050705,
        "y": 1.5317249298095704,
        "z": -0.2930425703525543
    },
    "tangent2": {
        "x": -0.34655484557151797,
        "y": 2.9340524673461916,
        "z": 0.10789260268211365
    },
    "endPos": {
        "x": -0.8327245712280273,
        "y": 5.978992462158203,
        "z": -0.288496732711792
    }
}