{
    "_horizontalLines": 15.0,
    "_verticalLines": 17.0,
    "_radius": 0.06743365526199341,
    "_petalColour": {
        "r": 0.6640088558197022,
        "g": 0.3187355399131775,
        "b": 0.5679543614387512,
        "a": 1.0
    },
    "_cylinderVertexCount": 8.0,
    "_stemRadius": 0.026709383353590967,
    "_leafCount": 8.0,
    "_edgeRingCount": 22.0,
    "startPos": {
        "x": 0.0,
        "y": 0.0,
        "z": 0.0
    },
    "tangent1": {
        "x": -0.33253374695777895,
        "y": 0.38248807191848757,
        "z": -0.2610817849636078
    },
    "tangent2": {
        "x": -0.6126002073287964,
        "y": 2.0399045944213869,
        "z": -0.610070526599884
    },
    "endPos": {
        "x": -0.7344253659248352,
        "y": 4.0,
        "z": 0.013680040836334229
    }
}