{
    "_horizontalLines": 18.0,
    "_verticalLines": 17.0,
    "_radius": 0.05610072985291481,
    "_petalColour": {
        "r": 0.9345852136611939,
        "g": 0.3669167160987854,
        "b": 0.3556601405143738,
        "a": 1.0
    },
    "_cylinderVertexCount": 6.0,
    "_stemRadius": 0.04721245542168617,
    "_leafCount": 8.0,
    "_edgeRingCount": 56.0,
    "startPos": {
        "x": 0.0,
        "y": 0.0,
        "z": 0.0
    },
    "tangent1": {
        "x": 0.11698178946971894,
        "y": 0.7647656798362732,
        "z": 0.05097527429461479
    },
    "tangent2": {
        "x": 0.24600008130073548,
        "y": 1.4222604036331177,
        "z": -0.11946606636047363
    },
    "endPos": {
        "x": -0.43742743134498598,
        "y": 4.0,
        "z": 0.45642995834350588
    }
}