{
    "_horizontalLines": 19.0,
    "_verticalLines": 18.0,
    "_radius": 0.10782124847173691,
    "_petalColour": {
        "r": 0.415202796459198,
        "g": 0.2549956440925598,
        "b": 0.914311408996582,
        "a": 1.0
    },
    "_cylinderVertexCount": 9.0,
    "_stemRadius": 0.10509007424116135,
    "_leafCount": 8.0,
    "_edgeRingCount": 37.0,
    "startPos": {
        "x": 0.0,
        "y": 0.0,
        "z": 0.0
    },
    "tangent1": {
        "x": 0.0118246553465724,
        "y": 1.6320759057998658,
        "z": -0.3053288459777832
    },
    "tangent2": {
        "x": -0.08340182900428772,
        "y": 3.562276840209961,
        "z": 0.08890533447265625
    },
    "endPos": {
        "x": 0.6978803873062134,
        "y": 6.300000190734863,
        "z": -0.5816246867179871
    }
}